"sample","REF","ALT","read_count","REF_count","ALT_count","AAF"
"CJD1","C",TRUE,4617,4614,3,0.000649772579597141
"CJD2","C",TRUE,4444,4442,2,0.00045004500450045
"CJD3","C",TRUE,6167,6167,0,0
"CJD4","C",TRUE,2664,2663,1,0.000375375375375375
"CJD5","C",TRUE,7,7,0,0
"CJD6","C",TRUE,7362,7362,0,0
"CJD7","C",TRUE,4187,4186,1,0.000238834487700024
"CJD8","C",TRUE,55,55,0,0
"CJD11","C",TRUE,4827,4826,1,0.000207168013258753
"CJD12","C",TRUE,475,475,0,0
"CJD13","C",TRUE,4891,4889,2,0.000408914332447352
"CJD14","C",TRUE,15,15,0,0
"CJD15","C",TRUE,21,21,0,0
"CJD18","C",TRUE,13,13,0,0
"CJD19","C",TRUE,148,148,0,0
"CJD21","C",TRUE,3711,3711,0,0
"CJD22","C",TRUE,3993,3993,0,0
"CJD23","C",TRUE,7127,7127,0,0
"CJD24","C",TRUE,28,28,0,0
"CJD25","C",TRUE,4098,4096,2,0.000488042947779405
"CJD26","C",TRUE,158,158,0,0
"CJD27","C",TRUE,5064,5063,1,0.000197472353870458
"CJD28","C",TRUE,107,107,0,0
"CJD29","C",TRUE,289,289,0,0
"CJD30","C",TRUE,157,157,0,0
"CJD31","C",TRUE,15,15,0,0
"Ctrl1","C",TRUE,3334,3334,0,0
"Ctrl2","C",TRUE,476,476,0,0
"Ctrl3","C",TRUE,2704,2702,2,0.000739644970414201
"Ctrl4","C",TRUE,38,38,0,0
"Ctrl5","C",TRUE,5056,5056,0,0
"Ctrl7","C",TRUE,41,41,0,0
