"sample","REF","ALT","read_count","REF_count","ALT_count","AAF"
"CJD1","C",TRUE,4771,4760,11,0.0023055963110459
"CJD2","C",TRUE,4486,4478,8,0.00178332590280874
"CJD3","C",TRUE,6489,6479,10,0.00154106950223455
"CJD4","C",TRUE,2860,2856,4,0.0013986013986014
"CJD5","C",TRUE,11,11,0,0
"CJD6","C",TRUE,7346,7329,17,0.0023141845902532
"CJD7","C",TRUE,4261,4256,5,0.00117343346632246
"CJD8","C",TRUE,28,28,0,0
"CJD11","C",TRUE,4973,4967,6,0.00120651518198271
"CJD12","C",TRUE,534,533,1,0.00187265917602996
"CJD13","C",TRUE,4967,4961,6,0.0012079726192873
"CJD14","C",TRUE,10,10,0,0
"CJD15","C",TRUE,16,16,0,0
"CJD18","C",TRUE,19,19,0,0
"CJD19","C",TRUE,135,135,0,0
"CJD21","C",TRUE,3808,3803,5,0.00131302521008403
"CJD22","C",TRUE,4318,4310,8,0.00185270958777212
"CJD23","C",TRUE,7179,7163,16,0.00222872266332358
"CJD24","C",TRUE,15,15,0,0
"CJD25","C",TRUE,4252,4246,6,0.00141110065851364
"CJD26","C",TRUE,159,159,0,0
"CJD27","C",TRUE,5534,5522,12,0.00216841344416335
"CJD28","C",TRUE,132,132,0,0
"CJD29","C",TRUE,270,270,0,0
"CJD30","C",TRUE,171,171,0,0
"CJD31","C",TRUE,5,5,0,0
"Ctrl1","C",TRUE,3095,3092,3,0.000969305331179321
"Ctrl2","C",TRUE,514,514,0,0
"Ctrl3","C",TRUE,3008,3005,3,0.000997340425531915
"Ctrl4","C",TRUE,32,32,0,0
"Ctrl5","C",TRUE,4986,4980,6,0.00120336943441637
"Ctrl7","C",TRUE,44,44,0,0
