"sample","REF","ALT","read_count","REF_count","ALT_count","AAF"
"CJD1","G","A",4980,4977,3,0.000602409638554217
"CJD2","G","A",4862,4862,0,0
"CJD3","G","A",7062,7060,2,0.000283205890682526
"CJD4","G","A",3124,3124,0,0
"CJD5","G","A",16,16,0,0
"CJD6","G","A",7429,7428,1,0.000134607618791224
"CJD7","G","A",4613,4613,0,0
"CJD8","G","A",43,43,0,0
"CJD11","G","A",5399,5396,3,0.000555658455269494
"CJD12","G","A",646,645,1,0.00154798761609907
"CJD13","G","A",5506,5506,0,0
"CJD14","G","A",25,25,0,0
"CJD15","G","A",26,26,0,0
"CJD18","G","A",15,15,0,0
"CJD19","G","A",186,186,0,0
"CJD21","G","A",4061,4061,0,0
"CJD22","G","A",4005,4003,2,0.000499375780274657
"CJD23","G","A",7325,7324,1,0.000136518771331058
"CJD24","G","A",9,9,0,0
"CJD25","G","A",3672,3671,1,0.000272331154684096
"CJD26","G","A",180,180,0,0
"CJD27","G","A",5474,5474,0,0
"CJD28","G","A",132,132,0,0
"CJD29","G","A",226,226,0,0
"CJD30","G","A",176,176,0,0
"CJD31","G","A",11,11,0,0
"Ctrl1","G","A",2987,2986,1,0.00033478406427854
"Ctrl2","G","A",610,610,0,0
"Ctrl3","G","A",3262,3261,1,0.000306560392397302
"Ctrl4","G","A",38,38,0,0
"Ctrl5","G","A",5146,5146,0,0
"Ctrl7","G","A",81,81,0,0
