"sample","REF","ALT","read_count","REF_count","ALT_count","AAF"
"CJD1","G","A",5077,5076,1,0.000196966712625566
"CJD2","G","A",4999,4999,0,0
"CJD3","G","A",7045,7044,1,0.00014194464158978
"CJD4","G","A",2708,2708,0,0
"CJD5","G","A",17,17,0,0
"CJD6","G","A",7408,7407,1,0.000134989200863931
"CJD7","G","A",4733,4731,2,0.00042256496936404
"CJD8","G","A",50,50,0,0
"CJD11","G","A",5359,5355,4,0.000746407911923866
"CJD12","G","A",727,727,0,0
"CJD13","G","A",5473,5472,1,0.000182715147085693
"CJD14","G","A",17,17,0,0
"CJD15","G","A",16,16,0,0
"CJD18","G","A",31,31,0,0
"CJD19","G","A",201,201,0,0
"CJD21","G","A",4356,4354,2,0.000459136822773186
"CJD22","G","A",3827,3825,2,0.000522602560752548
"CJD23","G","A",7376,7375,1,0.000135574837310195
"CJD24","G","A",12,12,0,0
"CJD25","G","A",3741,3740,1,0.000267308206361935
"CJD26","G","A",252,252,0,0
"CJD27","G","A",4999,4997,2,0.000400080016003201
"CJD28","G","A",132,132,0,0
"CJD29","G","A",272,272,0,0
"CJD30","G","A",206,103,103,0.5
"CJD31","G","A",11,11,0,0
"Ctrl1","G","A",2648,2648,0,0
"Ctrl2","G","A",651,651,0,0
"Ctrl3","G","A",3253,3252,1,0.000307408545957578
"Ctrl4","G","A",44,44,0,0
"Ctrl5","G","A",4504,4504,0,0
"Ctrl7","G","A",70,70,0,0
