"sample","REF","ALT","read_count","REF_count","ALT_count","AAF"
"CJD1",TRUE,"C",5079,5078,1,0.000196889151407757
"CJD2",TRUE,"C",5018,5017,1,0.000199282582702272
"CJD3",TRUE,"C",7051,7051,0,0
"CJD4",TRUE,"C",2626,2626,0,0
"CJD5",TRUE,"C",15,15,0,0
"CJD6",TRUE,"C",7360,7360,0,0
"CJD7",TRUE,"C",4679,4676,3,0.000641162641590083
"CJD8",TRUE,"C",61,61,0,0
"CJD11",TRUE,"C",5344,5344,0,0
"CJD12",TRUE,"C",721,721,0,0
"CJD13",TRUE,"C",5485,5485,0,0
"CJD14",TRUE,"C",13,13,0,0
"CJD15",TRUE,"C",12,12,0,0
"CJD18",TRUE,"C",36,36,0,0
"CJD19",TRUE,"C",216,216,0,0
"CJD21",TRUE,"C",4348,4347,1,0.000229990800367985
"CJD22",TRUE,"C",3845,3844,1,0.000260078023407022
"CJD23",TRUE,"C",7371,7366,5,0.000678334011667345
"CJD24",TRUE,"C",15,15,0,0
"CJD25",TRUE,"C",3883,3882,1,0.000257532835436518
"CJD26",TRUE,"C",272,272,0,0
"CJD27",TRUE,"C",4870,4870,0,0
"CJD28",TRUE,"C",134,134,0,0
"CJD29",TRUE,"C",254,254,0,0
"CJD30",TRUE,"C",199,199,0,0
"CJD31",TRUE,"C",19,19,0,0
"Ctrl1",TRUE,"C",2677,2677,0,0
"Ctrl2",TRUE,"C",667,667,0,0
"Ctrl3",TRUE,"C",3240,3239,1,0.000308641975308642
"Ctrl4",TRUE,"C",37,37,0,0
"Ctrl5",TRUE,"C",4318,4318,0,0
"Ctrl7",TRUE,"C",80,80,0,0
