"sample","REF","ALT","read_count","REF_count","ALT_count","AAF"
"CJD1","G","A",4752,4752,0,0
"CJD2","G","A",4496,4496,0,0
"CJD3","G","A",6442,6442,0,0
"CJD4","G","A",2767,2767,0,0
"CJD5","G","A",9,9,0,0
"CJD6","G","A",7335,7333,2,0.00027266530334015
"CJD7","G","A",4264,4264,0,0
"CJD8","G","A",35,35,0,0
"CJD11","G","A",4975,4975,0,0
"CJD12","G","A",537,537,0,0
"CJD13","G","A",4947,4944,3,0.000606428138265616
"CJD14","G","A",19,19,0,0
"CJD15","G","A",22,22,0,0
"CJD18","G","A",23,23,0,0
"CJD19","G","A",173,173,0,0
"CJD21","G","A",3788,3788,0,0
"CJD22","G","A",4224,4224,0,0
"CJD23","G","A",7144,7141,3,0.00041993281075028
"CJD24","G","A",25,25,0,0
"CJD25","G","A",4308,4307,1,0.000232126276694522
"CJD26","G","A",163,163,0,0
"CJD27","G","A",5346,5344,2,0.000374111485222596
"CJD28","G","A",126,126,0,0
"CJD29","G","A",236,236,0,0
"CJD30","G","A",169,169,0,0
"CJD31","G","A",10,10,0,0
"Ctrl1","G","A",3057,3056,1,0.000327118089630357
"Ctrl2","G","A",504,504,0,0
"Ctrl3","G","A",3000,2999,1,0.000333333333333333
"Ctrl4","G","A",34,34,0,0
"Ctrl5","G","A",5008,5007,1,0.000199680511182109
"Ctrl7","G","A",52,52,0,0
