"sample","REF","ALT","read_count","REF_count","ALT_count","AAF"
"CJD1","C",TRUE,4474,4473,1,0.000223513634331694
"CJD2","C",TRUE,4346,4346,0,0
"CJD3","C",TRUE,5937,5936,1,0.000168435236651508
"CJD4","C",TRUE,2743,2743,0,0
"CJD5","C",TRUE,9,9,0,0
"CJD6","C",TRUE,7244,7241,3,0.00041413583655439
"CJD7","C",TRUE,4029,4029,0,0
"CJD8","C",TRUE,54,54,0,0
"CJD11","C",TRUE,4730,4730,0,0
"CJD12","C",TRUE,506,506,0,0
"CJD13","C",TRUE,4645,4645,0,0
"CJD14","C",TRUE,9,9,0,0
"CJD15","C",TRUE,19,19,0,0
"CJD18","C",TRUE,21,21,0,0
"CJD19","C",TRUE,156,156,0,0
"CJD21","C",TRUE,3485,3485,0,0
"CJD22","C",TRUE,4420,4420,0,0
"CJD23","C",TRUE,6930,6927,3,0.000432900432900433
"CJD24","C",TRUE,16,16,0,0
"CJD25","C",TRUE,4131,4129,2,0.000484144274993948
"CJD26","C",TRUE,166,166,0,0
"CJD27","C",TRUE,5315,5314,1,0.000188146754468485
"CJD28","C",TRUE,100,100,0,0
"CJD29","C",TRUE,258,257,1,0.00387596899224806
"CJD30","C",TRUE,162,162,0,0
"CJD31","C",TRUE,10,10,0,0
"Ctrl1","C",TRUE,3222,3219,3,0.000931098696461825
"Ctrl2","C",TRUE,546,546,0,0
"Ctrl3","C",TRUE,3009,3008,1,0.000332336324360253
"Ctrl4","C",TRUE,21,21,0,0
"Ctrl5","C",TRUE,4874,4874,0,0
"Ctrl7","C",TRUE,71,71,0,0
