"sample","REF","ALT","read_count","REF_count","ALT_count","AAF"
"CJD1","C",TRUE,4499,4497,2,0.000444543231829295
"CJD2","C",TRUE,4381,4379,2,0.000456516776991554
"CJD3","C",TRUE,5977,5976,1,0.000167308014053873
"CJD4","C",TRUE,2800,2800,0,0
"CJD5","C",TRUE,11,11,0,0
"CJD6","C",TRUE,7244,7243,1,0.000138045278851463
"CJD7","C",TRUE,4030,4030,0,0
"CJD8","C",TRUE,46,46,0,0
"CJD11","C",TRUE,4746,4743,3,0.000632111251580278
"CJD12","C",TRUE,532,532,0,0
"CJD13","C",TRUE,4694,4693,1,0.000213037920749893
"CJD14","C",TRUE,11,11,0,0
"CJD15","C",TRUE,19,19,0,0
"CJD18","C",TRUE,17,17,0,0
"CJD19","C",TRUE,130,130,0,0
"CJD21","C",TRUE,3560,3560,0,0
"CJD22","C",TRUE,4498,4497,1,0.000222321031569586
"CJD23","C",TRUE,6989,6989,0,0
"CJD24","C",TRUE,32,32,0,0
"CJD25","C",TRUE,4303,4303,0,0
"CJD26","C",TRUE,184,184,0,0
"CJD27","C",TRUE,5722,5720,2,0.00034952813701503
"CJD28","C",TRUE,111,111,0,0
"CJD29","C",TRUE,299,299,0,0
"CJD30","C",TRUE,179,179,0,0
"CJD31","C",TRUE,14,14,0,0
"Ctrl1","C",TRUE,3364,3364,0,0
"Ctrl2","C",TRUE,584,584,0,0
"Ctrl3","C",TRUE,3146,3146,0,0
"Ctrl4","C",TRUE,31,31,0,0
"Ctrl5","C",TRUE,4979,4978,1,0.000200843542880096
"Ctrl7","C",TRUE,50,50,0,0
