"sample","REF","ALT","read_count","REF_count","ALT_count","AAF"
"CJD1","C","A",4497,4497,0,0
"CJD2","C","A",4380,4379,1,0.000228310502283105
"CJD3","C","A",5977,5976,1,0.000167308014053873
"CJD4","C","A",2801,2800,1,0.000357015351660121
"CJD5","C","A",11,11,0,0
"CJD6","C","A",7247,7243,4,0.000551952532082241
"CJD7","C","A",4030,4030,0,0
"CJD8","C","A",46,46,0,0
"CJD11","C","A",4743,4743,0,0
"CJD12","C","A",532,532,0,0
"CJD13","C","A",4693,4693,0,0
"CJD14","C","A",11,11,0,0
"CJD15","C","A",19,19,0,0
"CJD18","C","A",17,17,0,0
"CJD19","C","A",130,130,0,0
"CJD21","C","A",3560,3560,0,0
"CJD22","C","A",4499,4497,2,0.000444543231829295
"CJD23","C","A",6990,6989,1,0.000143061516452074
"CJD24","C","A",32,32,0,0
"CJD25","C","A",4305,4303,2,0.000464576074332172
"CJD26","C","A",184,184,0,0
"CJD27","C","A",5721,5720,1,0.000174794616325817
"CJD28","C","A",111,111,0,0
"CJD29","C","A",299,299,0,0
"CJD30","C","A",179,179,0,0
"CJD31","C","A",14,14,0,0
"Ctrl1","C","A",3364,3364,0,0
"Ctrl2","C","A",584,584,0,0
"Ctrl3","C","A",3147,3146,1,0.000317762948840165
"Ctrl4","C","A",31,31,0,0
"Ctrl5","C","A",4979,4978,1,0.000200843542880096
"Ctrl7","C","A",50,50,0,0
