"sample","REF","ALT","read_count","REF_count","ALT_count","AAF"
"CJD1","G","A",5122,5121,1,0.000195236235845373
"CJD2","G","A",4990,4990,0,0
"CJD3","G","A",7093,7090,3,0.000422952206400677
"CJD4","G","A",2944,2944,0,0
"CJD5","G","A",5,5,0,0
"CJD6","G","A",7417,7415,2,0.000269650802211137
"CJD7","G","A",4830,4830,0,0
"CJD8","G","A",42,42,0,0
"CJD11","G","A",5382,5381,1,0.000185804533630621
"CJD12","G","A",594,594,0,0
"CJD13","G","A",5478,5477,1,0.00018254837531946
"CJD14","G","A",12,12,0,0
"CJD15","G","A",38,38,0,0
"CJD18","G","A",22,22,0,0
"CJD19","G","A",215,215,0,0
"CJD21","G","A",4359,4357,2,0.000458820830465703
"CJD22","G","A",3657,3656,1,0.000273448181569593
"CJD23","G","A",7384,7381,3,0.000406283856988082
"CJD24","G","A",5,5,0,0
"CJD25","G","A",3489,3489,0,0
"CJD26","G","A",217,217,0,0
"CJD27","G","A",5118,5117,1,0.000195388823759281
"CJD28","G","A",133,133,0,0
"CJD29","G","A",239,239,0,0
"CJD30","G","A",177,177,0,0
"CJD31","G","A",11,11,0,0
"Ctrl1","G","A",2950,2950,0,0
"Ctrl2","G","A",648,648,0,0
"Ctrl3","G","A",3152,3152,0,0
"Ctrl4","G","A",33,33,0,0
"Ctrl5","G","A",5121,5118,3,0.000585823081429408
"Ctrl7","G","A",70,70,0,0
