"sample","REF","ALT","read_count","REF_count","ALT_count","AAF"
"CJD1","C",TRUE,5122,5121,1,0.000195236235845373
"CJD2","C",TRUE,4989,4989,0,0
"CJD3","C",TRUE,7086,7084,2,0.000282246683601468
"CJD4","C",TRUE,2921,2920,1,0.000342348510783978
"CJD5","C",TRUE,3,3,0,0
"CJD6","C",TRUE,7418,7417,1,0.000134807225667296
"CJD7","C",TRUE,4829,4829,0,0
"CJD8","C",TRUE,39,39,0,0
"CJD11","C",TRUE,5387,5385,2,0.000371264154445888
"CJD12","C",TRUE,591,591,0,0
"CJD13","C",TRUE,5478,5476,2,0.000365096750638919
"CJD14","C",TRUE,8,8,0,0
"CJD15","C",TRUE,34,34,0,0
"CJD18","C",TRUE,20,20,0,0
"CJD19","C",TRUE,203,203,0,0
"CJD21","C",TRUE,4352,4352,0,0
"CJD22","C",TRUE,3662,3662,0,0
"CJD23","C",TRUE,7390,7389,1,0.00013531799729364
"CJD24","C",TRUE,9,9,0,0
"CJD25","C",TRUE,3507,3505,2,0.000570287995437696
"CJD26","C",TRUE,207,207,0,0
"CJD27","C",TRUE,5096,5095,1,0.000196232339089482
"CJD28","C",TRUE,122,122,0,0
"CJD29","C",TRUE,239,239,0,0
"CJD30","C",TRUE,178,178,0,0
"CJD31","C",TRUE,13,13,0,0
"Ctrl1","C",TRUE,2971,2971,0,0
"Ctrl2","C",TRUE,604,604,0,0
"Ctrl3","C",TRUE,3125,3124,1,0.00032
"Ctrl4","C",TRUE,31,31,0,0
"Ctrl5","C",TRUE,5073,5072,1,0.00019712201852947
"Ctrl7","C",TRUE,66,66,0,0
