"sample","REF","ALT","read_count","REF_count","ALT_count","AAF"
"CJD1","A","G",5017,5017,0,0
"CJD2","A","G",4979,4977,2,0.000401687085760193
"CJD3","A","G",7039,7038,1,0.000142065634323057
"CJD4","A","G",3165,3165,0,0
"CJD5","A","G",15,15,0,0
"CJD6","A","G",7405,7404,1,0.000135043889264011
"CJD7","A","G",4604,4603,1,0.000217202432667246
"CJD8","A","G",55,55,0,0
"CJD11","A","G",5422,5421,1,0.000184433788270011
"CJD12","A","G",674,674,0,0
"CJD13","A","G",5522,5519,3,0.000543281419775444
"CJD14","A","G",15,15,0,0
"CJD15","A","G",31,31,0,0
"CJD18","A","G",18,18,0,0
"CJD19","A","G",190,190,0,0
"CJD21","A","G",4118,4117,1,0.000242836328314716
"CJD22","A","G",3969,3967,2,0.000503905265810028
"CJD23","A","G",7343,7341,2,0.000272368241862999
"CJD24","A","G",14,14,0,0
"CJD25","A","G",3878,3877,1,0.000257864878803507
"CJD26","A","G",214,213,1,0.00467289719626168
"CJD27","A","G",5391,5391,0,0
"CJD28","A","G",133,133,0,0
"CJD29","A","G",300,300,0,0
"CJD30","A","G",191,191,0,0
"CJD31","A","G",26,26,0,0
"Ctrl1","A","G",3102,3102,0,0
"Ctrl2","A","G",672,672,0,0
"Ctrl3","A","G",3213,3212,1,0.000311235605353252
"Ctrl4","A","G",38,38,0,0
"Ctrl5","A","G",5052,5050,2,0.000395882818685669
"Ctrl7","A","G",70,70,0,0
