"sample","REF","ALT","read_count","REF_count","ALT_count","AAF"
"CJD1","G","A",5007,5003,4,0.000798881565807869
"CJD2","G","A",4919,4915,4,0.000813173409229518
"CJD3","G","A",7068,7066,2,0.000282965478211658
"CJD4","G","A",3219,3218,1,0.000310655483069276
"CJD5","G","A",17,17,0,0
"CJD6","G","A",7426,7426,0,0
"CJD7","G","A",4613,4613,0,0
"CJD8","G","A",57,57,0,0
"CJD11","G","A",5406,5403,3,0.000554938956714761
"CJD12","G","A",654,654,0,0
"CJD13","G","A",5522,5521,1,0.000181093806591815
"CJD14","G","A",29,29,0,0
"CJD15","G","A",33,33,0,0
"CJD18","G","A",16,16,0,0
"CJD19","G","A",184,184,0,0
"CJD21","G","A",4101,4101,0,0
"CJD22","G","A",4099,4097,2,0.000487923883874116
"CJD23","G","A",7325,7322,3,0.000409556313993174
"CJD24","G","A",6,6,0,0
"CJD25","G","A",3771,3767,4,0.00106072659771944
"CJD26","G","A",211,211,0,0
"CJD27","G","A",5601,5598,3,0.000535618639528656
"CJD28","G","A",115,115,0,0
"CJD29","G","A",207,207,0,0
"CJD30","G","A",190,190,0,0
"CJD31","G","A",15,15,0,0
"Ctrl1","G","A",3027,3026,1,0.000330360092500826
"Ctrl2","G","A",632,632,0,0
"Ctrl3","G","A",3367,3366,1,0.000297000297000297
"Ctrl4","G","A",33,33,0,0
"Ctrl5","G","A",5151,5149,2,0.0003882741215298
"Ctrl7","G","A",66,66,0,0
