"sample","REF","ALT","read_count","REF_count","ALT_count","AAF"
"CJD1","G","A",5154,5154,0,0
"CJD2","G","A",5030,5030,0,0
"CJD3","G","A",7103,7101,2,0.000281571167112488
"CJD4","G","A",3117,3117,0,0
"CJD5","G","A",14,14,0,0
"CJD6","G","A",7448,7447,1,0.000134264232008593
"CJD7","G","A",4895,4895,0,0
"CJD8","G","A",49,49,0,0
"CJD11","G","A",5438,5438,0,0
"CJD12","G","A",649,649,0,0
"CJD13","G","A",5481,5481,0,0
"CJD14","G","A",16,16,0,0
"CJD15","G","A",35,35,0,0
"CJD18","G","A",23,23,0,0
"CJD19","G","A",229,229,0,0
"CJD21","G","A",4380,4380,0,0
"CJD22","G","A",3819,3818,1,0.000261848651479445
"CJD23","G","A",7390,7389,1,0.00013531799729364
"CJD24","G","A",12,12,0,0
"CJD25","G","A",3638,3638,0,0
"CJD26","G","A",257,257,0,0
"CJD27","G","A",5443,5443,0,0
"CJD28","G","A",160,160,0,0
"CJD29","G","A",280,280,0,0
"CJD30","G","A",176,176,0,0
"CJD31","G","A",16,16,0,0
"Ctrl1","G","A",3061,3061,0,0
"Ctrl2","G","A",707,707,0,0
"Ctrl3","G","A",3349,3348,1,0.000298596595998806
"Ctrl4","G","A",48,48,0,0
"Ctrl5","G","A",5225,5224,1,0.000191387559808612
"Ctrl7","G","A",75,75,0,0
