"sample","REF","ALT","read_count","REF_count","ALT_count","AAF"
"CJD1","G","A",3306,3306,0,0
"CJD2","G","A",3573,3573,0,0
"CJD3","G","A",4141,4140,1,0.000241487563390485
"CJD4","G","A",1983,1983,0,0
"CJD5","G","A",16,16,0,0
"CJD6","G","A",3679,3676,3,0.000815438977983148
"CJD7","G","A",3264,3263,1,0.000306372549019608
"CJD8","G","A",31,31,0,0
"CJD11","G","A",3406,3403,3,0.000880798590722255
"CJD12","G","A",582,582,0,0
"CJD13","G","A",5200,5199,1,0.000192307692307692
"CJD14","G","A",16,16,0,0
"CJD15","G","A",14,14,0,0
"CJD18","G","A",26,26,0,0
"CJD19","G","A",138,138,0,0
"CJD21","G","A",4547,4545,2,0.000439850450846712
"CJD22","G","A",2437,2436,1,0.000410340582683627
"CJD23","G","A",5647,5647,0,0
"CJD24","G","A",7,7,0,0
"CJD25","G","A",1737,1735,2,0.00115141047783535
"CJD27","G","A",3349,3348,1,0.000298596595998806
"CJD28","G","A",97,97,0,0
"CJD29","G","A",176,176,0,0
"CJD31","G","A",13,13,0,0
"Ctrl1","G","A",1669,1669,0,0
"Ctrl2","G","A",525,525,0,0
"Ctrl3","G","A",2238,2237,1,0.000446827524575514
"Ctrl4","G","A",34,34,0,0
"Ctrl5","G","A",2778,2778,0,0
"Ctrl7","G","A",43,43,0,0
