"sample","REF","ALT","read_count","REF_count","ALT_count","AAF"
"A100_1to2","CA","TG,TA",5706,2977,2725,0.477567472835612
"NA99A1_1to5","CA","TG,TA",2332,2317,15,0.00643224699828473
"NA99A1_undil","CA","TG,TA",4237,4201,36,0.00849657776728818
"NA100_1to2","CA","TG,TA",3110,3110,0,0
"NA100_1to10","CA","TG,TA",5808,5807,0,0
"NA100_undil","CA","TG,TA",5139,5139,0,0
"NA995A05_undil","CA","TG,TA",6899,6800,99,0.0143499057834469
