"sample","REF","ALT","read_count","REF_count","ALT_count","AAF"
"A100_1to2","C",TRUE,5740,5729,11,0.00191637630662021
"NA99A1_1to5","C",TRUE,2635,2631,4,0.0015180265654649
"NA99A1_undil","C",TRUE,4364,4349,15,0.00343721356553621
"NA100_1to2","C",TRUE,3612,3607,5,0.00138427464008859
"NA100_1to10","C",TRUE,5904,5892,12,0.00203252032520325
"NA100_undil","C",TRUE,5281,5268,13,0.00246165498958531
"NA995A05_undil","C",TRUE,6954,6941,13,0.00186942766752948
