"sample","REF","ALT","read_count","REF_count","ALT_count","AAF"
"A100_1to2","G","A",6624,6623,1,0.000150966183574879
"NA99A1_1to5","G","A",2911,2911,0,0
"NA99A1_undil","G","A",4867,4864,3,0.000616396137250873
"NA100_1to2","G","A",3836,3836,0,0
"NA100_1to10","G","A",6738,6737,1,0.000148411991688928
"NA100_undil","G","A",5996,5996,0,0
"NA995A05_undil","G","A",7386,7385,1,0.000135391280801516
