"sample","REF","ALT","read_count","REF_count","ALT_count","AAF"
"A100_1to2","A","G",6714,6713,1,0.000148942508191838
"NA99A1_1to5","A","G",3190,3190,0,0
"NA99A1_undil","A","G",5093,5090,3,0.000589043785588062
"NA100_1to2","A","G",4189,4184,5,0.0011936022917164
"NA100_1to10","A","G",6841,6841,0,0
"NA100_undil","A","G",6243,6242,1,0.000160179400929041
"NA995A05_undil","A","G",7409,7408,1,0.000134970981239034
