"sample","REF","ALT","read_count","REF_count","ALT_count","AAF"
"A100_1to2","C",TRUE,5403,5401,2,0.000370164723301869
"NA99A1_1to5","C",TRUE,2509,2509,0,0
"NA99A1_undil","C",TRUE,4021,4021,0,0
"NA100_1to2","C",TRUE,3440,3439,1,0.000290697674418605
"NA100_1to10","C",TRUE,5362,5361,1,0.000186497575531518
"NA100_undil","C",TRUE,4816,4815,1,0.000207641196013289
"NA995A05_undil","C",TRUE,6483,6483,0,0
