"sample","REF","ALT","read_count","REF_count","ALT_count","AAF"
"A100_1to2","C","A",5449,5448,1,0.000183519911910442
"NA99A1_1to5","C","A",2663,2662,1,0.000375516334960571
"NA99A1_undil","C","A",4115,4114,1,0.000243013365735115
"NA100_1to2","C","A",3508,3508,0,0
"NA100_1to10","C","A",5473,5473,0,0
"NA100_undil","C","A",4926,4926,0,0
"NA995A05_undil","C","A",6608,6608,0,0
