"sample","REF","ALT","read_count","REF_count","ALT_count","AAF"
"A100_1to2","C",TRUE,5450,5448,2,0.00036697247706422
"NA99A1_1to5","C",TRUE,2662,2662,0,0
"NA99A1_undil","C",TRUE,4114,4114,0,0
"NA100_1to2","C",TRUE,3509,3508,1,0.000284981476204047
"NA100_1to10","C",TRUE,5474,5473,1,0.000182681768359518
"NA100_undil","C",TRUE,4926,4926,0,0
"NA995A05_undil","C",TRUE,6609,6608,1,0.000151308821304282
