"sample","REF","ALT","read_count","REF_count","ALT_count","AAF"
"A100_1to2","G","A",6676,6675,1,0.000149790293588975
"NA99A1_1to5","G","A",2792,2792,0,0
"NA99A1_undil","G","A",4911,4911,0,0
"NA100_1to2","G","A",3738,3738,0,0
"NA100_1to10","G","A",6739,6739,0,0
"NA100_undil","G","A",6058,6057,1,0.000165070980521624
"NA995A05_undil","G","A",7403,7402,1,0.000135080372821829
