"sample","REF","ALT","read_count","REF_count","ALT_count","AAF"
"A100_1to2","C",TRUE,6682,6679,3,0.000448967375037414
"NA99A1_1to5","C",TRUE,2761,2761,0,0
"NA99A1_undil","C",TRUE,4918,4916,2,0.000406669377795852
"NA100_1to2","C",TRUE,3666,3666,0,0
"NA100_1to10","C",TRUE,6741,6741,0,0
"NA100_undil","C",TRUE,6063,6061,2,0.00032986970146792
"NA995A05_undil","C",TRUE,7410,7406,4,0.000539811066126856
