"sample","REF","ALT","read_count","REF_count","ALT_count","AAF"
"A100_1to2","A","G",6528,6528,0,0
"NA99A1_1to5","A","G",2949,2949,0,0
"NA99A1_undil","A","G",4920,4917,3,0.000609756097560976
"NA100_1to2","A","G",3736,3736,0,0
"NA100_1to10","A","G",6648,6647,1,0.000150421179302046
"NA100_undil","A","G",5976,5975,1,0.000167336010709505
"NA995A05_undil","A","G",7375,7374,1,0.000135593220338983
