"sample","REF","ALT","read_count","REF_count","ALT_count","AAF"
"A100_1to2","G","A",6536,6533,3,0.000458996328029376
"NA99A1_1to5","G","A",2896,2895,1,0.000345303867403315
"NA99A1_undil","G","A",4865,4865,0,0
"NA100_1to2","G","A",3973,3972,1,0.000251698968034231
"NA100_1to10","G","A",6600,6600,0,0
"NA100_undil","G","A",5908,5907,1,0.00016926201760325
"NA995A05_undil","G","A",7368,7367,1,0.000135722041259501
