run_id,assay,well,sample,sample_type,sample_key,mean_max_posterior,median_max_posterior,mean_entropy,posterior_rowsum_min,posterior_rowsum_max,low_confidence_droplets
2020-10-12_SNV_D178N,D178N,A01,NTC_D178N,NTC,ntc,0.9980198347356867,0.9995379848717157,0.009927369882236853,0.9999999999999999,1.0000000000000002,22
2020-10-12_SNV_D178N,D178N,A07,CJD15-1_fr_D178N,biological_sample,15_1_fr,0.9960673434754196,0.999795359327626,0.014137047740836867,0.9999999999999999,1.0000000000000002,80
2020-10-12_SNV_D178N,D178N,B01,WT_D178N,WT_control,wt,0.9913859562598549,0.99972840908445,0.022374538277967936,0.9999999999999999,1.0000000000000002,229
2020-10-12_SNV_D178N,D178N,B04,CJD15-27_cb_D178N,biological_sample,15_27_cb,0.9953531485064177,0.9997274713519972,0.017109048481210868,0.9999999999999999,1.0000000000000002,76
2020-10-12_SNV_D178N,D178N,C01,Mut_D178N,positive_control,mut,0.9701506373349748,0.9998241955047288,0.06709311608804824,0.9999999999999999,1.0000000000000002,979
2020-10-12_SNV_D178N,D178N,C04,CJD15-27_fr_D178N,biological_sample,15_27_fr,0.9945372039863405,0.9993832596027836,0.019397654100424645,0.9999999999999999,1.0000000000000002,103
2020-10-15_SNV_D178N,D178N,A01,NTC_D178N,NTC,ntc,0.9990118987333262,0.9999472074056588,0.0028130870671344062,0.9999999999999999,1.0000000000000002,20
2020-10-15_SNV_D178N,D178N,A03,CJD18-6_bg_D178N,biological_sample,18_6_bg,0.992976595904362,0.9994041122486303,0.02554742704656547,0.9999999999999999,1.0000000000000002,106
2020-10-15_SNV_D178N,D178N,A05,CJD18-17_bg_D178N,biological_sample,18_17_bg,0.9776825299960883,0.9996455999627407,0.05874225132030126,0.9999999999999999,1.0000000000000002,481
2020-10-15_SNV_D178N,D178N,A07,CJD18-24_bg_D178N,biological_sample,18_24_bg,0.9619956892013994,0.9994804387306986,0.08958806496223486,0.9999999999999999,1.0000000000000002,1070
2020-10-15_SNV_D178N,D178N,A09,CJD18-31_bg_D178N,biological_sample,18_31_bg,0.9503821313561918,0.9994416276604161,0.11280627762745617,0.9999999999999999,1.0000000000000002,1365
2020-10-15_SNV_D178N,D178N,B01,WT_D178N,WT_control,wt,0.9879784174594339,0.9993956644703937,0.03675837866200868,0.9999999999999999,1.0000000000000002,184
2020-10-15_SNV_D178N,D178N,B03,CJD18-6_cb_D178N,biological_sample,18_6_cb,0.9765382070764413,0.9997259202871592,0.0565550864029203,0.9999999999999999,1.0000000000000002,703
2020-10-15_SNV_D178N,D178N,B05,CJD18-17_cb_D178N,biological_sample,18_17_cb,0.9778687491661815,0.9997646084191797,0.056885239696554235,0.9999999999999999,1.0000000000000002,509
2020-10-15_SNV_D178N,D178N,B07,CJD18-24_cb_D178N,biological_sample,18_24_cb,0.9761242544567457,0.9993674558980974,0.06426654984915399,0.9999999999999999,1.0000000000000002,571
2020-10-15_SNV_D178N,D178N,B09,CJD18-31_cb_D178N,biological_sample,18_31_cb,0.9609657727664616,0.999182420781696,0.09636438808125485,0.9999999999999999,1.0000000000000002,1155
2020-10-15_SNV_D178N,D178N,C01,Mut_D178N,positive_control,mut,0.9500471903428147,0.9997953993687664,0.1168525897386287,0.9999999999999999,1.0000000000000002,590
2020-10-15_SNV_D178N,D178N,C03,CJD18-6_fr_D178N,biological_sample,18_6_fr,0.9854397668013943,0.9997900367819013,0.03983591572144403,0.9999999999999999,1.0000000000000002,395
2020-10-15_SNV_D178N,D178N,C05,CJD18-17_fr_D178N,biological_sample,18_17_fr,0.9708299738770709,0.9994787915634786,0.0733234683921343,0.9999999999999999,1.0000000000000002,750
2020-10-15_SNV_D178N,D178N,C07,CJD18-24_fr_D178N,biological_sample,18_24_fr,0.9659086920104383,0.9996648695559144,0.08411713784526625,0.9999999999999999,1.0000000000000002,1002
2020-10-15_SNV_D178N,D178N,D03,CJD18-6_hc_D178N,biological_sample,18_6_hc,0.9984823818544353,0.9998150681806399,0.006585000501455225,0.9999999999999999,1.0000000000000002,18
2020-10-15_SNV_D178N,D178N,D05,CJD18-17_hc_D178N,biological_sample,18_17_hc,0.9926088119890173,0.9995064173636389,0.023985244765610057,0.9999999999999999,1.0000000000000002,149
2020-10-15_SNV_D178N,D178N,D07,CJD18-24_hc_D178N,biological_sample,18_24_hc,0.9835029834492635,0.99852186474501,0.05258475963117776,0.9999999999999999,1.0000000000000002,263
2020-10-15_SNV_D178N,D178N,D09,CJD18-31_hc_D178N,biological_sample,18_31_hc,0.9552092375583099,0.9963360213266594,0.11632106046212157,0.9999999999999999,1.0000000000000002,793
2020-10-15_SNV_D178N,D178N,E03,CJD18-6_sn_D178N,biological_sample,18_6_sn,0.9863670928770063,0.9998396584023919,0.03659040651540456,0.9999999999999999,1.0000000000000002,302
2020-10-15_SNV_D178N,D178N,E05,CJD18-17_sn_D178N,biological_sample,18_17_sn,0.9748587995360085,0.999490253208309,0.0652593973212943,0.9999999999999999,1.0000000000000002,607
2020-10-15_SNV_D178N,D178N,E07,CJD18-24_sn_D178N,biological_sample,18_24_sn,0.94148759155532,0.9915241207959573,0.15047081767911827,0.9999999999999999,1.0000000000000002,1193
2020-10-15_SNV_D178N,D178N,E09,CJD18-31_sn_D178N,biological_sample,18_31_sn,0.9387666966939963,0.9974163998845518,0.14386337608984967,0.9999999999999999,1.0000000000000002,1394
2020-10-15_SNV_D178N,D178N,F03,CJD18-6_th_D178N,biological_sample,18_6_th,0.9940444053586999,0.9997585695973756,0.01697698885741082,0.9999999999999999,1.0000000000000002,121
2020-10-15_SNV_D178N,D178N,F05,CJD18-17_th_D178N,biological_sample,18_17_th,0.9931566932964124,0.9988932226377643,0.028272228449560927,0.9999999999999999,1.0000000000000002,67
2020-10-22_SNV_D178N,D178N,A01,NTC_E200K,NTC,ntc,0.9992190007701959,0.9999099254715776,0.004568972766042218,0.9999999999999999,1.0000000000000002,4
2020-10-22_SNV_D178N,D178N,A03,CJD13-21_bg_D178N,biological_sample,13_21_bg,0.9601600165257235,0.999655998398238,0.09573013728030672,0.9999999999999999,1.0000000000000002,1083
2020-10-22_SNV_D178N,D178N,A05,CJD14-24_bg_D178N,biological_sample,14_24_bg,0.9830645969784382,0.9997470073295216,0.04446696945469784,0.9999999999999999,1.0000000000000002,424
2020-10-22_SNV_D178N,D178N,A07,CJD20-08_bg_D178N,biological_sample,20_08_bg,0.9943343649853578,0.9997656606045909,0.018224264809506605,0.9999999999999999,1.0000000000000002,119
2020-10-22_SNV_D178N,D178N,A09,CJD19-29_fr_D178N,biological_sample,19_29_fr,0.9539836098649217,0.9979708309146409,0.11481442046800198,0.9999999999999999,1.0000000000000002,1380
2020-10-22_SNV_D178N,D178N,B01,WT_D178N,WT_control,wt,0.9955665474638165,0.9997617274938614,0.016047534574657917,0.9999999999999999,1.0000000000000002,55
2020-10-22_SNV_D178N,D178N,B03,CJD13-21_cb_D178N,biological_sample,13_21_cb,0.9735259726527951,0.9998264991019503,0.06486457209117773,0.9999999999999999,1.0000000000000002,830
2020-10-22_SNV_D178N,D178N,B05,CJD14-24_cb_D178N,biological_sample,14_24_cb,0.9843824815157209,0.9997588431923405,0.04062373245344405,0.9999999999999999,1.0000000000000002,394
2020-10-22_SNV_D178N,D178N,B07,CJD20-08_cb_D178N,biological_sample,20_08_cb,0.964765081690402,0.9990171150404434,0.08706653161164273,0.9999999999999999,1.0000000000000002,946
2020-10-22_SNV_D178N,D178N,C01,D178N-mut,positive_control,,0.9809424879654397,0.9997817277293444,0.048064169014108406,0.9999999999999999,1.0000000000000002,575
2020-10-22_SNV_D178N,D178N,C03,CJD13-21_fr_D178N,biological_sample,13_21_fr,0.9893229576310529,0.9998460801844198,0.027448891356842878,0.9999999999999999,1.0000000000000002,255
2020-10-22_SNV_D178N,D178N,C05,CJD14-24_fr_D178N,biological_sample,14_24_fr,0.9705811643640895,0.9996744651316621,0.07299332027838812,0.9999999999999999,1.0000000000000002,860
2020-10-22_SNV_D178N,D178N,C07,CJD20-08_fr_D178N,biological_sample,20_08_fr,0.9991379589518851,0.9998753560153517,0.0037946585682173124,0.9999999999999999,1.0000000000000002,15
2020-10-22_SNV_D178N,D178N,D03,CJD13-21_sn_D178N,biological_sample,13_21_sn,0.9798604544046939,0.999873270934365,0.050327640509357924,0.9999999999999999,1.0000000000000002,574
2020-10-22_SNV_D178N,D178N,D05,CJD14-24_hc_D178N,biological_sample,14_24_hc,0.9990670468380426,0.9998963446564312,0.003328577416658638,0.9999999999999999,1.0000000000000002,17
2020-10-22_SNV_D178N,D178N,D07,CJD20-08_sn_D178N,biological_sample,20_08_sn,0.9925717763356136,0.9997461594026321,0.020957047658458725,0.9999999999999999,1.0000000000000002,189
2020-10-22_SNV_D178N,D178N,E03,CJD13-21_th_D178N,biological_sample,13_21_th,0.9841840091206289,0.9998582353527878,0.042604860021290346,0.9999999999999999,1.0000000000000002,417
2020-10-22_SNV_D178N,D178N,E05,CJD14-24_sn_D178N,biological_sample,14_24_sn,0.9973858503731657,0.9997407003877897,0.009718670976809042,0.9999999999999999,1.0000000000000002,51
2020-10-22_SNV_D178N,D178N,E07,CJD20-08_th_D178N,biological_sample,20_08_th,0.9981710249276863,0.9998825549952858,0.005931469167276512,0.9999999999999999,1.0000000000000002,43
2020-10-22_SNV_D178N,D178N,F05,CJD14-24_th_D178N,biological_sample,14_24_th,0.9557845215215488,0.9996137843791728,0.10213809958006242,0.9999999999999999,1.0000000000000002,1237
2020-10-29_SNV_D178N,D178N,A01,CJD17-20_bg,biological_sample,17_20_bg,0.9990764496469682,0.9997765571912455,0.004952594605525966,0.9999999999999999,1.0000000000000002,12
2020-10-29_SNV_D178N,D178N,A05,CJD17-31_bg,biological_sample,17_31_bg,0.9979861333860078,0.9998340471159196,0.006885610906315414,0.9999999999999999,1.0000000000000002,44
2020-10-29_SNV_D178N,D178N,A07,CJD17-32_bg,biological_sample,17_32_bg,0.99535787377557,0.9998408479828327,0.012850943226839833,0.9999999999999999,1.0000000000000002,76
2020-10-29_SNV_D178N,D178N,A09,CJD18-5_bg,biological_sample,18_5_bg,0.998133847432576,0.9998684269314542,0.005941938913970366,0.9999999999999999,1.0000000000000002,45
2020-10-29_SNV_D178N,D178N,B01,CJD17-20_cb,biological_sample,17_20_cb,0.9985508831972003,0.9997640132562492,0.005591553181076176,0.9999999999999999,1.0000000000000002,36
2020-10-29_SNV_D178N,D178N,B05,CJD17-31_hc,biological_sample,17_31_hc,0.9192564550000522,0.9971924723169289,0.19242275755488725,0.9999999999999999,1.0000000000000002,2130
2020-10-29_SNV_D178N,D178N,B07,CJD17-32_cb,biological_sample,17_32_cb,0.9990410360678645,0.9999027307722039,0.0031317475084979294,0.9999999999999999,1.0000000000000002,22
2020-10-29_SNV_D178N,D178N,B09,CJD18-5_cb,biological_sample,18_5_cb,0.9921707747290968,0.99835874443271,0.03052655863899977,0.9999999999999999,1.0000000000000002,88
2020-10-29_SNV_D178N,D178N,C01,CJD17-20_fr,biological_sample,17_20_fr,0.998789617274129,0.9998378051779528,0.004492498312836543,0.9999999999999999,1.0000000000000002,32
2020-10-29_SNV_D178N,D178N,C05,CJD17-31_sn,biological_sample,17_31_sn,0.9954195423294251,0.9998541574945812,0.013003668457841669,0.9999999999999999,1.0000000000000002,104
2020-10-29_SNV_D178N,D178N,C07,CJD17-32_fr,biological_sample,17_32_fr,0.9989514437443028,0.999896250426652,0.003455463373603423,0.9999999999999999,1.0000000000000002,27
2020-10-29_SNV_D178N,D178N,C09,CJD18-5_fr,biological_sample,18_5_fr,0.9930936705366047,0.9998490996187932,0.017326156727953103,0.9999999999999999,1.0000000000000002,192
2020-10-29_SNV_D178N,D178N,D01,CJD17-20_sn,biological_sample,17_20_sn,0.9965846767402705,0.9998259255274049,0.01041951497913151,0.9999999999999999,1.0000000000000002,101
2020-10-29_SNV_D178N,D178N,D05,CJD17-31_th,biological_sample,17_31_th,0.9980630468533392,0.9998587309489995,0.005894365997804405,0.9999999999999999,1.0000000000000002,51
2020-10-29_SNV_D178N,D178N,D07,CJD17-32_hc,biological_sample,17_32_hc,0.999176791584316,0.9999502027738383,0.0030344428123375696,0.9999999999999999,1.0000000000000002,16
2020-10-29_SNV_D178N,D178N,D09,CJD18-5_hc,biological_sample,18_5_hc,0.9979375870524847,0.9999156204507155,0.005877973482192805,0.9999999999999999,1.0000000000000002,47
2020-10-29_SNV_D178N,D178N,E01,CJD17-20_th,biological_sample,17_20_th,0.9975942906833415,0.9998944477654494,0.008221925984827554,0.9999999999999999,1.0000000000000002,48
2020-10-29_SNV_D178N,D178N,E03,CJD17-30_th,biological_sample,17_30_th,0.9986770644896243,0.9998545608179514,0.005008871840000809,0.9999999999999999,1.0000000000000002,31
2020-10-29_SNV_D178N,D178N,E05,CJD18-1_bg,biological_sample,18_1_bg,0.995346221121881,0.9999335644886873,0.012718209937666536,0.9999999999999999,1.0000000000000002,115
2020-10-29_SNV_D178N,D178N,E07,CJD17-32_sn,biological_sample,17_32_sn,0.9970288882553892,0.9998413407991337,0.008933266481742504,0.9999999999999999,1.0000000000000002,73
2020-10-29_SNV_D178N,D178N,E09,CJD18-5_sn,biological_sample,18_5_sn,0.9972123098590908,0.999912804722198,0.007122992537112561,0.9999999999999999,1.0000000000000002,77
2020-10-29_SNV_D178N,D178N,F01,NTC,NTC,ntc,0.9996391064746875,0.999933636129782,0.0014710890856837924,0.9999999999999999,1.0000000000000002,10
2020-10-29_SNV_D178N,D178N,F05,CJD18-1_cb,biological_sample,18_1_cb,0.9975600522177533,0.999856601079119,0.0072204243298699695,0.9999999999999999,1.0000000000000002,60
2020-10-29_SNV_D178N,D178N,F07,CJD17-32_th,biological_sample,17_32_th,0.9936960532258395,0.9986926461998931,0.024919431229706225,0.9999999999999999,1.0000000000000002,66
2020-10-29_SNV_D178N,D178N,G01,WT,WT_control,wt,0.9696838495288794,0.9972916718873064,0.0948114236322527,0.9999999999999999,1.0000000000000002,396
2020-10-29_SNV_D178N,D178N,G05,CJD18-1_fr,biological_sample,18_1_fr,0.9977614951094124,0.9998759152567323,0.006756683263169473,0.9999999999999999,1.0000000000000002,57
2020-10-29_SNV_D178N,D178N,H01,D178N-mut,positive_control,,0.9966600203820459,0.9999387212436421,0.010298230633519881,0.9999999999999999,1.0000000000000002,63
2020-10-29_SNV_D178N,D178N,H05,CJD18-1_hc,biological_sample,18_1_hc,0.9952226359857836,0.9996192040432336,0.015340174986669583,0.9999999999999999,1.0000000000000002,97
2020-11-05_SNV_D178N,D178N,A01,CJD17-15_th,biological_sample,17_15_th,0.9997695486374675,0.9999055595769601,0.001420172880034589,0.9999999999999999,1.0000000000000002,5
2020-11-05_SNV_D178N,D178N,A03,CJD17-13_bg,biological_sample,17_13_bg,0.9995788729988868,0.9998925057024168,0.001959288804916818,0.9999999999999999,1.0000000000000002,11
2020-11-05_SNV_D178N,D178N,A05,CJD17-11_bg,biological_sample,17_11_bg,0.9995292510674577,0.9998631040311289,0.0023284456097383438,0.9999999999999999,1.0000000000000002,11
2020-11-05_SNV_D178N,D178N,A07,CJD17-5_cb,biological_sample,17_5_cb,0.9995684823448587,0.9999019536126286,0.0020010383729967486,0.9999999999999999,1.0000000000000002,8
2020-11-05_SNV_D178N,D178N,A09,CJD17-34_bg,biological_sample,17_34_bg,0.9990392493100583,0.9996285895854627,0.006031751936680231,0.9999999999999999,1.0000000000000002,7
2020-11-05_SNV_D178N,D178N,B03,CJD17-13_cb,biological_sample,17_13_cb,0.9995562211404951,0.9999127512329342,0.001826928091465266,0.9999999999999999,1.0000000000000002,12
2020-11-05_SNV_D178N,D178N,B07,CJD17-5_fr,biological_sample,17_5_fr,0.9994151229359989,0.9999046474444033,0.0023339004152917843,0.9999999999999999,1.0000000000000002,13
2020-11-05_SNV_D178N,D178N,C03,CJD17-13_hc,biological_sample,17_13_hc,0.9995310052630437,0.9998645259439282,0.00252162279615529,0.9999999999999999,1.0000000000000002,10
2020-11-05_SNV_D178N,D178N,C05,CJD17-11_fr,biological_sample,17_11_fr,0.999634191309554,0.9998880101900499,0.002133774219531459,0.9999999999999999,1.0000000000000002,7
2020-11-05_SNV_D178N,D178N,C07,CJD17-5_th,biological_sample,17_5_th,0.9995635128327903,0.999853000960324,0.002429234472657414,0.9999999999999999,1.0000000000000002,7
2020-11-05_SNV_D178N,D178N,D03,CJD17-13_sn,biological_sample,17_13_sn,0.9993123786229666,0.9998779720686812,0.0028068044700825102,0.9999999999999999,1.0000000000000002,16
2020-11-05_SNV_D178N,D178N,D05,CJD17-11_hc,biological_sample,17_11_hc,0.9995731560977696,0.9998756298184661,0.002154659469431406,0.9999999999999999,1.0000000000000002,11
2020-11-05_SNV_D178N,D178N,D07,CJD17-8_bg,biological_sample,17_8_bg,0.9996978468579949,0.999895056977279,0.0016730296837328671,0.9999999999999999,1.0000000000000002,5
2020-11-05_SNV_D178N,D178N,E01,CJD17-15_th,biological_sample,17_15_th,0.9995021832950967,0.999883998880535,0.0022094947449650968,0.9999999999999999,1.0000000000000002,10
2020-11-05_SNV_D178N,D178N,E03,CJD17-13_th,biological_sample,17_13_th,0.9986135441648093,0.9998390887245994,0.004948074762999808,0.9999999999999999,1.0000000000000002,41
2020-11-05_SNV_D178N,D178N,E05,CJD17-12_bg,biological_sample,17_12_bg,0.9996900013371871,0.999897370371357,0.001660832072591347,0.9999999999999999,1.0000000000000002,6
2020-11-05_SNV_D178N,D178N,F01,NTC,NTC,ntc,0.9998932639917834,0.9999465367963125,7.226294107622266e-4,0.9999999999999999,1.0000000000000002,2
2020-11-05_SNV_D178N,D178N,F05,CJD17-12_fr,biological_sample,17_12_fr,0.9995968673101525,0.9998837935681284,0.0020155843147502805,0.9999999999999999,1.0000000000000002,9
2020-11-05_SNV_D178N,D178N,G01,WT,WT_control,wt,0.9995411746191086,0.9999047284529816,0.002072091926005894,0.9999999999999999,1.0000000000000002,12
2020-11-05_SNV_D178N,D178N,G05,CJD17-12_sn,biological_sample,17_12_sn,0.9995698227358526,0.9999066312101432,0.0019416947893217077,0.9999999999999999,1.0000000000000002,7
2020-11-05_SNV_D178N,D178N,H01,D178N-mut,positive_control,,0.996376953433117,0.999957787534421,0.012677218142434351,0.9999999999999999,1.0000000000000002,54
2020-11-24_SNV_D178N,D178N,A03,CJD17-32_bg_D178N,biological_sample,17_32_bg,0.9984910200640736,0.9997861436739791,0.005469392225777449,0.9999999999999999,1.0000000000000002,42
2020-11-24_SNV_D178N,D178N,B01,CJD17-30_fr_D178N,biological_sample,17_30_fr,0.9969507046841253,0.9997244744210221,0.010274192004952911,0.9999999999999999,1.0000000000000002,73
2020-11-24_SNV_D178N,D178N,B03,CJD17-32_th_D178N,biological_sample,17_32_th,0.9984827066128039,0.9998436121410744,0.005042331089548382,0.9999999999999999,1.0000000000000002,41
2020-11-24_SNV_D178N,D178N,B05,CJD17-15_cb_D178N,biological_sample,17_15_cb,0.9988319559346099,0.9997667954423732,0.004976984227594955,0.9999999999999999,1.0000000000000002,21
2020-11-24_SNV_D178N,D178N,B07,CJD18-5_cb_D178N,biological_sample,18_5_cb,0.9990708884503758,0.9997627022573993,0.00423701014337364,0.9999999999999999,1.0000000000000002,23
2020-11-24_SNV_D178N,D178N,C01,CJD17-30_hc_D178N,biological_sample,17_30_hc,0.9980385741177887,0.9998239051589571,0.006408150959469139,0.9999999999999999,1.0000000000000002,55
2020-11-24_SNV_D178N,D178N,C09,CJD17-34_fr_D178N,biological_sample,17_34_fr,0.9970908841028621,0.99972013458403,0.009901657318641278,0.9999999999999999,1.0000000000000002,85
2020-11-24_SNV_D178N,D178N,D01,CJD17-30_sn_D178N,biological_sample,17_30_sn,0.9983840219256787,0.9992767070196101,0.00996829767510705,0.9999999999999999,1.0000000000000002,8
2020-11-24_SNV_D178N,D178N,F01,NTC_D178N,NTC,ntc,0.9999149837841623,0.9999370325460084,7.914818866966389e-4,0.9999999999999999,1.0000000000000002,0
2020-11-24_SNV_D178N,D178N,G01,WT_D178N,WT_control,wt,0.9979684537564202,0.9997672611212453,0.006888641555519519,0.9999999999999999,1.0000000000000002,52
2020-11-24_SNV_D178N,D178N,H01,D178N_mut,positive_control,,0.9884001108563873,0.9999399971300292,0.03271145652293536,0.9999999999999999,1.0000000000000002,262
2021-01-26_SNV_D178N,D178N,A01,NTC,NTC,ntc,0.9997673724888086,0.9999173787240874,0.0013754558979652894,0.9999999999999999,1.0000000000000002,4
2021-01-26_SNV_D178N,D178N,A04,924486-th,biological_sample,924486_th,0.9915502840033399,0.99907016692451045,0.029461790138492597,0.9999999999999999,1.0000000000000002,162
2021-01-26_SNV_D178N,D178N,B01,D178N-mut,positive_control,,0.9856927525131747,0.9998048597400337,0.03884538903981123,0.9999999999999999,1.0000000000000002,379
2021-01-26_SNV_D178N,D178N,B04,953891-bg,biological_sample,953891_bg,0.9929511889863805,0.9995060402656197,0.02324784815692877,0.9999999999999999,1.0000000000000002,143
2021-01-26_SNV_D178N,D178N,B07,955427-cb,biological_sample,955427_cb,0.99776676274327325,0.9997997195626491,0.007643338194033422,0.9999999999999999,1.0000000000000002,59
2021-01-26_SNV_D178N,D178N,C01,WT,WT_control,wt,0.9929084027840251,0.999600509845702,0.020934178924142274,0.9999999999999999,1.0000000000000002,157
2021-01-26_SNV_D178N,D178N,C04,953891-cb,biological_sample,953891_cb,0.9945432941369614,0.9995225332007355,0.018173662170698577,0.9999999999999999,1.0000000000000002,116
2021-01-26_SNV_D178N,D178N,C07,955427-fr,biological_sample,955427_fr,0.9970825586872576,0.9997835329349207,0.009596675153642648,0.9999999999999999,1.0000000000000002,82
2021-01-26_SNV_D178N,D178N,D01,924486-bg,biological_sample,924486_bg,0.988583883526048,0.9990034311625057,0.03986026766397905,0.9999999999999999,1.0000000000000002,228
2021-01-26_SNV_D178N,D178N,D04,953891-fr,biological_sample,953891_fr,0.9920884316856154,0.9993958109048846,0.02813431613884668,0.9999999999999999,1.0000000000000002,173
2021-01-26_SNV_D178N,D178N,D07,955427-hc,biological_sample,955427_hc,0.9984437852199082,0.9998701284489095,0.005103196212638557,0.9999999999999999,1.0000000000000002,40
2021-01-26_SNV_D178N,D178N,E01,924486-cb,biological_sample,924486_cb,0.9897880259854407,0.9991591869090358,0.03685089135442196,0.9999999999999999,1.0000000000000002,185
2021-01-26_SNV_D178N,D178N,E04,953891-hc,biological_sample,953891_hc,0.9927390000003377,0.9995154299703005,0.025845174532183268,0.9999999999999999,1.0000000000000002,138
2021-01-26_SNV_D178N,D178N,E07,955427-sn,biological_sample,955427_sn,0.9980324638328193,0.9998237249030504,0.006669353969239951,0.9999999999999999,1.0000000000000002,50
2021-01-26_SNV_D178N,D178N,F01,924486-fr,biological_sample,924486_fr,0.9926982216808256,0.9994886809227932,0.02393933421826724,0.9999999999999999,1.0000000000000002,172
2021-01-26_SNV_D178N,D178N,F04,953891-sn,biological_sample,953891_sn,0.9950771456604878,0.9997268097131506,0.015081814149939587,0.9999999999999999,1.0000000000000002,115
2021-01-26_SNV_D178N,D178N,F07,955427-th,biological_sample,955427_th,0.9972578041001409,0.9996883631454558,0.009739729943501873,0.9999999999999999,1.0000000000000002,79
2021-01-26_SNV_D178N,D178N,G01,924486-hc,biological_sample,924486_hc,0.9881852930427959,0.9994033659279907,0.040531662684480226,0.9999999999999999,1.0000000000000002,218
2021-01-26_SNV_D178N,D178N,G04,953891-th,biological_sample,953891_th,0.992856350584626,0.9990212380520347,0.026236766657500826,0.9999999999999999,1.0000000000000002,151
2021-01-26_SNV_D178N,D178N,G07,929474-bg,biological_sample,929474_bg,0.9976449452318975,0.9998112359088565,0.007784750724801874,0.9999999999999999,1.0000000000000002,68
2021-01-26_SNV_D178N,D178N,H01,924486-sn,biological_sample,924486_sn,0.9835292901085845,0.9989533344461413,0.05681577815554169,0.9999999999999999,1.0000000000000002,269
2021-01-26_SNV_D178N,D178N,H04,18-5-th,biological_sample,18_5_th,0.9911355252461045,0.9995675654316177,0.026152914578540316,0.9999999999999999,1.0000000000000002,249
2021-01-26_SNV_D178N,D178N,H07,929474-cb,biological_sample,929474_cb,0.9966726971481169,0.9996638860718232,0.011497525561443274,0.9999999999999999,1.0000000000000002,78
2021-02-17_SNV_D178N,D178N,A01,NTC,NTC,ntc,0.9998871544799169,0.9999537599837625,6.898207299714638e-4,0.9999999999999999,1.0000000000000002,1
2021-02-17_SNV_D178N,D178N,A04,CJD-933892-hc,biological_sample,933892_hc,0.9986890123707709,0.9998779483236628,0.004358582578621358,0.9999999999999999,1.0000000000000002,37
2021-02-17_SNV_D178N,D178N,A07,D178N-mut,positive_control,,0.9726093057342012,0.9999168808329302,0.07107749009210634,0.9999999999999999,1.0000000000000002,1011
2021-02-17_SNV_D178N,D178N,B01,WT,WT_control,wt,0.9975295788160999,0.99989381812904,0.006957523533663839,0.9999999999999999,1.0000000000000002,66
2021-02-17_SNV_D178N,D178N,B04,CJD-933892-sn,biological_sample,933892_sn,0.9956569272149521,0.9998752994247468,0.011938602276076458,0.9999999999999999,1.0000000000000002,144
2021-02-17_SNV_D178N,D178N,B07,CJD-18-24-th,biological_sample,18_24_th,0.9989622871941415,0.9999042585982595,0.0033794685156855993,0.9999999999999999,1.0000000000000002,30
2021-02-17_SNV_D178N,D178N,C01,CJD-943497-hc,biological_sample,943497_hc,0.9987507697362112,0.9997802520194194,0.005196560590070441,0.9999999999999999,1.0000000000000002,29
2021-02-17_SNV_D178N,D178N,C04,CJD-933892-th,biological_sample,933892_th,0.9988624000611727,0.9999073395762508,0.0034757072973083973,0.9999999999999999,1.0000000000000002,38
2021-02-17_SNV_D178N,D178N,C07,CJD-955427-bg,biological_sample,955427_bg,0.9933263286925661,0.9998827559014609,0.018622348473847833,0.9999999999999999,1.0000000000000002,226
2021-02-17_SNV_D178N,D178N,D01,CJD-943497-sn,biological_sample,943497_sn,0.9991069469773508,0.9997734877836876,0.004232392699863741,0.9999999999999999,1.0000000000000002,16
2021-02-17_SNV_D178N,D178N,E01,CJD-943497-th,biological_sample,943497_th,0.9964624254714202,0.9998081156990976,0.010562909566945746,0.9999999999999999,1.0000000000000002,87
2021-02-17_SNV_D178N,D178N,E04,CJD-18-31-th,biological_sample,18_31_th,0.9925220815488712,0.9998761085518149,0.02003707583509954,0.9999999999999999,1.0000000000000002,247
2021-02-17_SNV_D178N,D178N,F04,CJD-17-30-bg,biological_sample,17_30_bg,0.999293587599184,0.9998722880279755,0.002928140426909483,0.9999999999999999,1.0000000000000002,15
2021-02-17_SNV_D178N,D178N,G01,CJD-933892-cb,biological_sample,933892_cb,0.997673277515046,0.9998280059771781,0.007434255549219697,0.9999999999999999,1.0000000000000002,51
2021-02-17_SNV_D178N,D178N,G04,CJD-17-30-cb,biological_sample,17_30_cb,0.9945684591509643,0.9998678753365162,0.0152921054584956,0.9999999999999999,1.0000000000000002,164
2021-02-17_SNV_D178N,D178N,H01,CJD-933892-fr,biological_sample,933892_fr,0.9991874011286042,0.9998152960135194,0.0037471242392302516,0.9999999999999999,1.0000000000000002,15
2021-02-17_SNV_D178N,D178N,H04,CJD-17-31-cb,biological_sample,17_31_cb,0.9953196976037069,0.999860640032561,0.013355925920041468,0.9999999999999999,1.0000000000000002,142
2021-03-29_SNV_D178N,D178N,A01,NTC,NTC,ntc,0.9896737678471634,0.9999555908275786,0.026517718384551026,0.9999999999999999,1.0000000000000002,258
2021-03-29_SNV_D178N,D178N,A04,17-11-sn,biological_sample,17_11_sn,0.9995413656555399,0.9998989524429975,0.0020452618403824824,0.9999999999999999,1.0000000000000002,14
2021-03-29_SNV_D178N,D178N,A07,17-8-sn,biological_sample,17_8_sn,0.9994727055397798,0.9998958072324305,0.002260321890038193,0.9999999999999999,1.0000000000000002,11
2021-03-29_SNV_D178N,D178N,B01,WT,WT_control,wt,0.9989888218593561,0.9999138549084918,0.0035496783573026333,0.9999999999999999,1.0000000000000002,24
2021-03-29_SNV_D178N,D178N,B04,17-11-th,biological_sample,17_11_th,0.999632680261583,0.9999097682157325,0.0017620939074515474,0.9999999999999999,1.0000000000000002,8
2021-03-29_SNV_D178N,D178N,C01,D178N,positive_control,d178n,0.9655739506352324,0.9995223031321527,0.09010507544777811,0.9999999999999999,1.0000000000000002,965
2021-03-29_SNV_D178N,D178N,C04,17-12-cb,biological_sample,17_12_cb,0.9994545905311385,0.9998992993873614,0.0023340204868083432,0.9999999999999999,1.0000000000000002,10
2021-03-29_SNV_D178N,D178N,C07,17-34-bg,biological_sample,17_34_bg,0.9995619598847567,0.9999139239912302,0.0018006510051109788,0.9999999999999999,1.0000000000000002,11
2021-03-29_SNV_D178N,D178N,D01,17-31-fr,biological_sample,17_31_fr,0.9992403944738579,0.9999155356895358,0.0025975844436012282,0.9999999999999999,1.0000000000000002,18
2021-03-29_SNV_D178N,D178N,D04,17-12-hc,biological_sample,17_12_hc,0.9993636545867319,0.9999151825422083,0.0022669873138087423,0.9999999999999999,1.0000000000000002,20
2021-03-29_SNV_D178N,D178N,D07,17-34-hc,biological_sample,17_34_hc,0.9996570492554492,0.9999137865530706,0.001524790935903704,0.9999999999999999,1.0000000000000002,10
2021-03-29_SNV_D178N,D178N,E01,18-1-sn,biological_sample,18_1_sn,0.9996950007505561,0.9999141948693931,0.0014997714210092362,0.9999999999999999,1.0000000000000002,7
2021-03-29_SNV_D178N,D178N,E04,17-5-bg,biological_sample,17_5_bg,0.9993806465710126,0.9999170623853595,0.002237535350681597,0.9999999999999999,1.0000000000000002,17
2021-03-29_SNV_D178N,D178N,E07,929474-th,biological_sample,929474_th,0.9997141628702898,0.9999160932181729,0.0014557060677969713,0.9999999999999999,1.0000000000000002,7
2021-03-29_SNV_D178N,D178N,F01,18-1-th,biological_sample,18_1_th,0.999557814557205,0.9999143322158155,0.0019122943009004874,0.9999999999999999,1.0000000000000002,10
2021-03-29_SNV_D178N,D178N,F04,17-5-hc,biological_sample,17_5_hc,0.9996213035748344,0.9999164744563527,0.0016805268818916215,0.9999999999999999,1.0000000000000002,9
2021-03-29_SNV_D178N,D178N,F07,14-2-bg,biological_sample,14_2_bg,0.9994992640066874,0.9999168461091523,0.0018310521797371391,0.9999999999999999,1.0000000000000002,12
2021-03-29_SNV_D178N,D178N,G01,17-13-fr,biological_sample,17_13_fr,0.9994054245721926,0.9999106342432715,0.0023377839492696203,0.9999999999999999,1.0000000000000002,15
2021-03-29_SNV_D178N,D178N,G04,17-5-sn,biological_sample,17_5_sn,0.9994108348055931,0.9999166248833273,0.002211567690154137,0.9999999999999999,1.0000000000000002,18
2021-03-29_SNV_D178N,D178N,G07,14-2-cb,biological_sample,14_2_cb,0.9993341029587343,0.9999169896552994,0.002393608962644629,0.9999999999999999,1.0000000000000002,16
2021-03-29_SNV_D178N,D178N,H01,17-13-th,biological_sample,17_13_th,0.9993031334146807,0.9999141739022154,0.002448308976647688,0.9999999999999999,1.0000000000000002,18
2021-03-29_SNV_D178N,D178N,H04,17-8-hc,biological_sample,17_8_hc,0.9996433537410498,0.9999166071787708,0.0016086932113446436,0.9999999999999999,1.0000000000000002,8
2021-03-29_SNV_D178N,D178N,H07,14-2-fr,biological_sample,14_2_fr,0.9993942675174461,0.9999165760592833,0.002137342751932226,0.9999999999999999,1.0000000000000002,19
2021-04-06_SNV_D178N,D178N,A01,NTC,NTC,ntc,0.9843887291470964,0.9999428279820695,0.04108047117404186,0.9999999999999999,1.0000000000000002,492
2021-04-06_SNV_D178N,D178N,A04,20-08-hc,biological_sample,20_08_hc,0.9994070610513961,0.999915759763141,0.002181369223486323,0.9999999999999999,1.0000000000000002,11
2021-04-06_SNV_D178N,D178N,A07,14-2-hc,biological_sample,14_2_hc,0.9995441496019892,0.9999165458574145,0.0019092189273377856,0.9999999999999999,1.0000000000000002,11
2021-04-06_SNV_D178N,D178N,B01,WT,WT_control,wt,0.9959584410850798,0.9998955349013368,0.011543959968338662,0.9999999999999999,1.0000000000000002,124
2021-04-06_SNV_D178N,D178N,B04,20-08-th,biological_sample,20_08_th,0.99939452203211665,0.9999160014967756,0.0022095222881992446,0.9999999999999999,1.0000000000000002,10
2021-04-06_SNV_D178N,D178N,B07,14-2-sn,biological_sample,14_2_sn,0.9994765552325579,0.9999125043788615,0.002123798746536073,0.9999999999999999,1.0000000000000002,11
2021-04-06_SNV_D178N,D178N,C01,D178N,positive_control,d178n,0.9529214622488119,0.999820163259855,0.12736873469790622,0.9999999999999999,1.0000000000000002,1260
2021-04-06_SNV_D178N,D178N,C04,15-27-bg,biological_sample,15_27_bg,0.9992516500972325,0.9999152070327966,0.002598981469590279,0.9999999999999999,1.0000000000000002,12
2021-04-06_SNV_D178N,D178N,C07,14-2-th,biological_sample,14_2_th,0.9994574929582586,0.9999143481974961,0.002165134421222326,0.9999999999999999,1.0000000000000002,16
2021-04-06_SNV_D178N,D178N,D01,17-20-hc,biological_sample,17_20_hc,0.9996851070997499,0.9998899466876799,0.0020151737374620115,0.9999999999999999,1.0000000000000002,2
2021-04-06_SNV_D178N,D178N,D04,15-27-cb,biological_sample,15_27_cb,0.9990409829852113,0.9999112337509353,0.0030361349135959383,0.9999999999999999,1.0000000000000002,22
2021-04-06_SNV_D178N,D178N,D07,15-6-bg,biological_sample,15_6_bg,0.9995791735211437,0.9999123328249447,0.0018588037658544261,0.9999999999999999,1.0000000000000002,10
2021-04-06_SNV_D178N,D178N,E01,15-6-th,biological_sample,15_6_th,0.9995263414605916,0.9998981630665805,0.0021809403443263198,0.9999999999999999,1.0000000000000002,9
2021-04-06_SNV_D178N,D178N,E04,15-27-pons,biological_sample,15_27_ps,0.9993425138872187,0.9999092652187267,0.002568582423912601,0.9999999999999999,1.0000000000000002,11
2021-04-06_SNV_D178N,D178N,E07,15-6-cb,biological_sample,15_6_cb,0.9995555035447297,0.9999134150212811,0.0018106313726293781,0.9999999999999999,1.0000000000000002,9
2021-04-06_SNV_D178N,D178N,F01,17-8-th,biological_sample,17_8_th,0.9992599123024346,0.9998568145007383,0.0031778915562003136,0.9999999999999999,1.0000000000000002,19
2021-04-06_SNV_D178N,D178N,F04,15-27-th,biological_sample,15_27_th,0.999034060286477,0.9999037772635778,0.0033240354761475354,0.9999999999999999,1.0000000000000002,22
2021-04-06_SNV_D178N,D178N,F07,15-6-fr,biological_sample,15_6_fr,0.9987250555511751,0.9999123246197252,0.003730821964021036,0.9999999999999999,1.0000000000000002,40
2021-04-06_SNV_D178N,D178N,G04,15-1-hc,biological_sample,15_1_hc,0.9991694130216768,0.9999070477219298,0.002956971183683589,0.9999999999999999,1.0000000000000002,16
2021-04-06_SNV_D178N,D178N,G07,15-6-hc,biological_sample,15_6_hc,0.9995690336705192,0.999910682671008,0.0018980154287028656,0.9999999999999999,1.0000000000000002,7
2021-04-06_SNV_D178N,D178N,H01,933892-bg,biological_sample,933892_bg,0.9995353083865892,0.999879856302395,0.0023486619032245457,0.9999999999999999,1.0000000000000002,8
2021-04-06_SNV_D178N,D178N,H04,15-1-sn,biological_sample,15_1_sn,0.9994597839015076,0.9998975357207106,0.0022970700516644904,0.9999999999999999,1.0000000000000002,9
2021-04-06_SNV_D178N,D178N,H07,15-6-sn,biological_sample,15_6_sn,0.999336556743966,0.9998999075181936,0.0026523464639107903,0.9999999999999999,1.0000000000000002,12
2021-05-10_SNV_D178N,D178N,A01,NTC,NTC,ntc,0.9833319752328754,0.9999478157758885,0.04262384194527137,0.9999999999999999,1.0000000000000002,463
2021-05-10_SNV_D178N,D178N,A04,09-100-th,biological_sample,09_100_th,0.9992335345703213,0.9999106487293496,0.0026900773145271915,0.9999999999999999,1.0000000000000002,22
2021-05-10_SNV_D178N,D178N,A07,03-132-ce,biological_sample,03_132_ce,0.9993596755520846,0.9999116068670518,0.0025246269515468954,0.9999999999999999,1.0000000000000002,12
2021-05-10_SNV_D178N,D178N,B01,WT,WT_control,wt,0.9956325819773354,0.9998483906702509,0.01312793903489963,0.9999999999999999,1.0000000000000002,118
2021-05-10_SNV_D178N,D178N,B04,03-112-cau,biological_sample,03_112_cau,0.9992634020530514,0.9998969021470645,0.0028279133889712177,0.9999999999999999,1.0000000000000002,20
2021-05-10_SNV_D178N,D178N,B07,03-132-fc,biological_sample,03_132_fc,0.9993880734876317,0.9998891604729352,0.002779875659114976,0.9999999999999999,1.0000000000000002,11
2021-05-10_SNV_D178N,D178N,C01,D178N,positive_control,d178n,0.9471084607265365,0.9997703472844721,0.1351387708875946,0.9999999999999999,1.0000000000000002,1296
2021-05-10_SNV_D178N,D178N,C04,03-112-ce,biological_sample,03_112_ce,0.9993495419753157,0.9998982558338139,0.0029652315939260854,0.9999999999999999,1.0000000000000002,13
2021-05-10_SNV_D178N,D178N,C07,03-132-hip,biological_sample,03_132_hip,0.9994068330030492,0.9998975103824562,0.0025933591415817,0.9999999999999999,1.0000000000000002,14
2021-05-10_SNV_D178N,D178N,D01,09-100-cau,biological_sample,09_100_cau,0.9993138699755619,0.9999045886055417,0.0030257475513918502,0.9999999999999999,1.0000000000000002,13
2021-05-10_SNV_D178N,D178N,D04,03-112-fc,biological_sample,03_112_fc,0.9993553705045225,0.9998739874995093,0.0028265784812631835,0.9999999999999999,1.0000000000000002,17
2021-05-10_SNV_D178N,D178N,D07,03-132-mdb,biological_sample,03_132_mdb,0.9994616630407581,0.9998937404265587,0.0024467274800863844,0.9999999999999999,1.0000000000000002,14
2021-05-10_SNV_D178N,D178N,E01,09-100-ce,biological_sample,09_100_ce,0.9990765807988398,0.9998946067173725,0.0035957798214442394,0.9999999999999999,1.0000000000000002,19
2021-05-10_SNV_D178N,D178N,E04,03-112-hip,biological_sample,03_112_hip,0.9994442485971309,0.9998918556428298,0.002429813237728956,0.9999999999999999,1.0000000000000002,14
2021-05-10_SNV_D178N,D178N,E07,03-132-th,biological_sample,03_132_th,0.9993829207358664,0.9998881015489188,0.0027552476501821756,0.9999999999999999,1.0000000000000002,11
2021-05-10_SNV_D178N,D178N,F01,09-100-fc,biological_sample,09_100_fc,0.9992642225856776,0.9998697682747477,0.003355123663419088,0.9999999999999999,1.0000000000000002,14
2021-05-10_SNV_D178N,D178N,F04,03-112-mdb,biological_sample,03_112_mdb,0.9993091557035751,0.9998668874670413,0.003005726596892261,0.9999999999999999,1.0000000000000002,14
2021-05-10_SNV_D178N,D178N,F07,04-045-cau,biological_sample,04_045_cau,0.9993666479819053,0.999860349428031,0.003020137922280603,0.9999999999999999,1.0000000000000002,12
2021-05-10_SNV_D178N,D178N,G01,09-100-hip,biological_sample,09_100_hip,0.9991225383391775,0.9998642892896763,0.003948893877616609,0.9999999999999999,1.0000000000000002,16
2021-05-10_SNV_D178N,D178N,G04,03-112-th,biological_sample,03_112_th,0.9992696885522458,0.9998944316724288,0.002668249528943886,0.9999999999999999,1.0000000000000002,21
2021-05-10_SNV_D178N,D178N,G07,04-045-ce,biological_sample,04_045_ce,0.9990075320058905,0.9998483356485444,0.004428172818103935,0.9999999999999999,1.0000000000000002,18
2021-05-10_SNV_D178N,D178N,H01,09-100-mdb,biological_sample,09_100_mdb,0.9991059804531525,0.9998354613824935,0.003845563604458353,0.9999999999999999,1.0000000000000002,20
2021-05-10_SNV_D178N,D178N,H04,03-132-cau,biological_sample,03_132_cau,0.9992886008884863,0.9999042642452487,0.0025234580142924653,0.9999999999999999,1.0000000000000002,20
2021-05-10_SNV_D178N,D178N,H07,04-045-fc,biological_sample,04_045_fc,0.9993250410209413,0.9998491268957347,0.00330359721738282,0.9999999999999999,1.0000000000000002,9
2021-05-20_SNV_D178N,D178N,A01,NTC,NTC,ntc,0.9838488308285758,0.9999419932019034,0.0417160293432884,0.9999999999999999,1.0000000000000002,416
2021-05-20_SNV_D178N,D178N,A04,04-045-hip,biological_sample,04_045_hip,0.9993724097606737,0.9998791374067615,0.002835813374631861,0.9999999999999999,1.0000000000000002,16
2021-05-20_SNV_D178N,D178N,A07,20-357-th,biological_sample,20_357_th,0.9994196982099894,0.9999061150034027,0.002402281775995222,0.9999999999999999,1.0000000000000002,14
2021-05-20_SNV_D178N,D178N,A10,929474-sn,biological_sample,929474_sn,0.9991889164378667,0.9998251040646031,0.0038557148848150087,0.9999999999999999,1.0000000000000002,18
2021-05-20_SNV_D178N,D178N,B01,WT,WT_control,wt,0.995427686646954,0.9998709254381475,0.01267921466509014,0.9999999999999999,1.0000000000000002,108
2021-05-20_SNV_D178N,D178N,B04,04-045-mdb,biological_sample,04_045_mdb,0.9993087930580975,0.9998552656514477,0.003317273098237821,0.9999999999999999,1.0000000000000002,13
2021-05-20_SNV_D178N,D178N,B07,20-169-cau,biological_sample,20_169_cau,0.9995697183764761,0.9999076648507903,0.0019306687635857504,0.9999999999999999,1.0000000000000002,9
2021-05-20_SNV_D178N,D178N,B10,17-13-bg,biological_sample,17_13_bg,0.9992002545469105,0.9998835709107914,0.0029539312331030372,0.9999999999999999,1.0000000000000002,22
2021-05-20_SNV_D178N,D178N,C01,D178,positive_control,d178,0.9483736610583574,0.9995020878577652,0.13332875123270438,0.9999999999999999,1.0000000000000002,1315
2021-05-20_SNV_D178N,D178N,C04,04-045-th,biological_sample,04_045_th,0.9993127619531076,0.9998496263115637,0.0032394851735508367,0.9999999999999999,1.0000000000000002,13
2021-05-20_SNV_D178N,D178N,C07,20-169-ce,biological_sample,20_169_ce,0.9993539187308034,0.999896558253552,0.002519748775545281,0.9999999999999999,1.0000000000000002,17
2021-05-20_SNV_D178N,D178N,C10,17-8-cb,biological_sample,17_8_cb,0.9992185314484927,0.9997811562258795,0.004300077825438574,0.9999999999999999,1.0000000000000002,11
2021-05-20_SNV_D178N,D178N,D01,19-082-ce,biological_sample,19_082_ce,0.9993702649826751,0.9998814738844916,0.002794944982610583,0.9999999999999999,1.0000000000000002,12
2021-05-20_SNV_D178N,D178N,D04,20-357-cau,biological_sample,20_357_cau,0.9987620850938256,0.9998810315152429,0.004215008546120379,0.9999999999999999,1.0000000000000002,36
2021-05-20_SNV_D178N,D178N,D07,20-169-fc,biological_sample,20_169_fc,0.9995271879214407,0.999898030838066,0.0020721358314430833,0.9999999999999999,1.0000000000000002,12
2021-05-20_SNV_D178N,D178N,D10,17-8-fr,biological_sample,17_8_fr,0.9993204244794923,0.9998453381272701,0.0032279816885435264,0.9999999999999999,1.0000000000000002,16
2021-05-20_SNV_D178N,D178N,E01,19-082-fc,biological_sample,19_082_fc,0.9992485724867339,0.9998587909883916,0.0033445522536447365,0.9999999999999999,1.0000000000000002,18
2021-05-20_SNV_D178N,D178N,E04,20-357-ce,biological_sample,20_357_ce,0.9992238958672279,0.9998797324302282,0.0030748124893783344,0.9999999999999999,1.0000000000000002,24
2021-05-20_SNV_D178N,D178N,E07,20-169-hip,biological_sample,20_169_hip,0.9994458732274882,0.9998917235845336,0.002705204932720699,0.9999999999999999,1.0000000000000002,5
2021-05-20_SNV_D178N,D178N,F01,19-082-hip,biological_sample,19_082_hip,0.9988723777496213,0.9998915768724672,0.004071716787760226,0.9999999999999999,1.0000000000000002,36
2021-05-20_SNV_D178N,D178N,F04,20-357-fc,biological_sample,20_357_fc,0.9994870026123734,0.9998778250679092,0.0025267823518565513,0.9999999999999999,1.0000000000000002,9
2021-05-20_SNV_D178N,D178N,F07,20-169-mdb,biological_sample,20_169_mdb,0.9991516966575994,0.9998819395973945,0.0035315469765991522,0.9999999999999999,1.0000000000000002,18
2021-05-20_SNV_D178N,D178N,G01,19-082-mdb,biological_sample,19_082_mdb,0.9992802754347796,0.9998574962816006,0.0032543273440780087,0.9999999999999999,1.0000000000000002,16
2021-05-20_SNV_D178N,D178N,G04,20-357-hip,biological_sample,20_357_hip,0.9993681455577511,0.9998882858839315,0.0026248081840824144,0.9999999999999999,1.0000000000000002,16
2021-05-20_SNV_D178N,D178N,G07,20-169-th,biological_sample,20_169_th,0.9982836171672539,0.9998971649956128,0.005210599454729174,0.9999999999999999,1.0000000000000002,50
2021-05-20_SNV_D178N,D178N,H01,19-082-th,biological_sample,19_082_th,0.9994517538259932,0.999867112653996,0.0026872747744057825,0.9999999999999999,1.0000000000000002,12
2021-05-20_SNV_D178N,D178N,H04,20-357-mdb,biological_sample,20_357_mdb,0.999426698870243,0.9998644438968144,0.0028933470367039503,0.9999999999999999,1.0000000000000002,10
2021-05-20_SNV_D178N,D178N,H07,19-082-cau,biological_sample,19_082_cau,0.9982834020206756,0.9998747785950957,0.005517595554401212,0.9999999999999999,1.0000000000000002,53
2021-10-14_SNV_D178N,D178N,A01,NTC,NTC,ntc,0.9964432169201854,0.999952307703158,0.009079680758580087,0.9999999999999999,1.0000000000000002,113
2021-10-14_SNV_D178N,D178N,B01,WT,WT_control,wt,0.9985651700102732,0.9998258973269577,0.0046053601334016675,0.9999999999999999,1.0000000000000002,41
2021-10-14_SNV_D178N,D178N,C01,D178N-mut,positive_control,,0.9172056605264187,0.9996996087778376,0.1775239877158554,0.9999999999999999,1.0000000000000002,2201
2021-10-14_SNV_D178N,D178N,D01,18-31-fr,biological_sample,18_31_fr,0.9982263172332563,0.9998382390881189,0.005443612594800902,0.9999999999999999,1.0000000000000002,47
2021-10-14_SNV_D178N,D178N,E01,238501-sn,biological_sample,238501_sn,0.9994336880195195,0.9998382737074817,0.0028354719298299383,0.9999999999999999,1.0000000000000002,6
2020-10-12_SNV_E200K,E200K,A02,NTC_E200K,NTC,ntc,0.999324422459199,0.9997473200581402,0.004036361265742183,0.9999999999999999,1.0000000000000002,6
2020-10-12_SNV_E200K,E200K,A08,CJD15-1_fr_E200K,biological_sample,15_1_fr,0.9966541640148401,0.9996062915699843,0.012120289355830911,0.9999999999999999,1.0000000000000002,81
2020-10-12_SNV_E200K,E200K,B02,WT_E200K,WT_control,wt,0.996533205752697,0.9980304382739242,0.019642047914577826,0.9999999999999999,1.0000000000000002,20
2020-10-12_SNV_E200K,E200K,B05,CJD15-27_cb_E200K,biological_sample,15_27_cb,0.998716610916114,0.99973801474723345,0.006561385658147127,0.9999999999999999,1.0000000000000002,15
2020-10-12_SNV_E200K,E200K,C02,Mut_E200K,positive_control,mut,0.9888420332558874,0.999944667273285,0.034311201603625364,0.9999999999999999,1.0000000000000002,203
2020-10-12_SNV_E200K,E200K,D05,CJD15-27_pons_E200K,biological_sample,15_27_ps,0.9965102537538146,0.9996790835501509,0.01244658835103741,0.9999999999999999,1.0000000000000002,66
2020-10-15_SNV_E200K,E200K,A02,NTC_E200K,NTC,ntc,0.9975563077230641,0.9999669273671259,0.006194637948446283,0.9999999999999999,1.0000000000000002,31
2020-10-15_SNV_E200K,E200K,A04,CJD18-6_bg_E200K,biological_sample,18_6_bg,0.9989970542944474,0.9996598366078732,0.005662325071375247,0.9999999999999999,1.0000000000000002,11
2020-10-15_SNV_E200K,E200K,A06,CJD18-17_bg_E200K,biological_sample,18_17_bg,0.9971126697148667,0.9995756532671836,0.012788247616467952,0.9999999999999999,1.0000000000000002,38
2020-10-15_SNV_E200K,E200K,A08,CJD18-24_bg_E200K,biological_sample,18_24_bg,0.99583488225077,0.9996303352316576,0.013424621538304267,0.9999999999999999,1.0000000000000002,80
2020-10-15_SNV_E200K,E200K,A10,CJD18-31_bg_E200K,biological_sample,18_31_bg,0.9963111740031921,0.9996505347962263,0.012612359063768643,0.9999999999999999,1.0000000000000002,87
2020-10-15_SNV_E200K,E200K,B02,WT_E200K,WT_control,wt,0.9975265259371937,0.9997203852478542,0.008380198594901984,0.9999999999999999,1.0000000000000002,47
2020-10-15_SNV_E200K,E200K,B04,CJD18-6_cb_E200K,biological_sample,18_6_cb,0.9983975915154693,0.9995899973393045,0.008114604810046567,0.9999999999999999,1.0000000000000002,20
2020-10-15_SNV_E200K,E200K,B06,CJD18-17_cb_E200K,biological_sample,18_17_cb,0.9984725435106475,0.999718854482899,0.006661972138607567,0.9999999999999999,1.0000000000000002,23
2020-10-15_SNV_E200K,E200K,B08,CJD18-24_cb_E200K,biological_sample,18_24_cb,0.9980761833665163,0.9997046243053774,0.007345269191998637,0.9999999999999999,1.0000000000000002,38
2020-10-15_SNV_E200K,E200K,B10,CJD18-31_cb_E200K,biological_sample,18_31_cb,0.9894019978949962,0.9996036382544603,0.03187672220364298,0.9999999999999999,1.0000000000000002,208
2020-10-15_SNV_E200K,E200K,C02,Mut_E200K,positive_control,mut,0.9853669374312817,0.9999676103799815,0.03208395602941245,0.9999999999999999,1.0000000000000002,384
2020-10-15_SNV_E200K,E200K,C04,CJD18-6_fr_E200K,biological_sample,18_6_fr,0.9981566681621803,0.99962691886643,0.007757550102546089,0.9999999999999999,1.0000000000000002,27
2020-10-15_SNV_E200K,E200K,C06,CJD18-17_fr_E200K,biological_sample,18_17_fr,0.9964112243879109,0.9996960921637132,0.013613259421160248,0.9999999999999999,1.0000000000000002,62
2020-10-15_SNV_E200K,E200K,C08,CJD18-24_fr_E200K,biological_sample,18_24_fr,0.9961967134567593,0.9996742161095671,0.013065858543433763,0.9999999999999999,1.0000000000000002,75
2020-10-15_SNV_E200K,E200K,C10,CJD18-31_fr_E200K,biological_sample,18_31_fr,0.9950918966879897,0.9996140537156784,0.01580711427520731,0.9999999999999999,1.0000000000000002,111
2020-10-15_SNV_E200K,E200K,D04,CJD18-6_hc_E200K,biological_sample,18_6_hc,0.9963695914250785,0.9995887828834671,0.012686372480189717,0.9999999999999999,1.0000000000000002,53
2020-10-15_SNV_E200K,E200K,D06,CJD18-17_hc_E200K,biological_sample,18_17_hc,0.9981019601034878,0.9997163634598283,0.006711245693087984,0.9999999999999999,1.0000000000000002,41
2020-10-15_SNV_E200K,E200K,D08,CJD18-24_hc_E200K,biological_sample,18_24_hc,0.9937983608999842,0.9996322995965881,0.019947103206162074,0.9999999999999999,1.0000000000000002,92
2020-10-15_SNV_E200K,E200K,E04,CJD18-6_sn_E200K,biological_sample,18_6_sn,0.9987682484529425,0.9996850801708572,0.005580245104926097,0.9999999999999999,1.0000000000000002,19
2020-10-15_SNV_E200K,E200K,E06,CJD18-17_sn_E200K,biological_sample,18_17_sn,0.9984288870869502,0.9997201677636538,0.00640452780227253,0.9999999999999999,1.0000000000000002,28
2020-10-15_SNV_E200K,E200K,E08,CJD18-24_sn_E200K,biological_sample,18_24_sn,0.9977659018768513,0.9997235222226155,0.007880858786522848,0.9999999999999999,1.0000000000000002,48
2020-10-15_SNV_E200K,E200K,E10,CJD18-31_sn_E200K,biological_sample,18_31_sn,0.9957655688040439,0.9997261346670829,0.012161262844538624,0.9999999999999999,1.0000000000000002,82
2020-10-15_SNV_E200K,E200K,F04,CJD18-6_th_E200K,biological_sample,18_6_th,0.9969827636981262,0.9997250497175557,0.010021655289644956,0.9999999999999999,1.0000000000000002,45
2020-10-15_SNV_E200K,E200K,F06,CJD18-17_th_E200K,biological_sample,18_17_th,0.997732232425412,0.9996350563906482,0.008952944406220643,0.9999999999999999,1.0000000000000002,31
2020-10-22_SNV_E200K,E200K,A02,NTC_E200K,NTC,ntc,0.998459976197087,0.9997073975839782,0.008873643295602729,0.9999999999999999,1.0000000000000002,5
2020-10-22_SNV_E200K,E200K,A04,CJD13-21_bg_E200K,biological_sample,13_21_bg,0.9962849329312952,0.9994480338382051,0.013898156684542261,0.9999999999999999,1.0000000000000002,85
2020-10-22_SNV_E200K,E200K,A06,CJD14-24_bg_E200K,biological_sample,14_24_bg,0.998670599458732,0.9996724700214081,0.006139732984560344,0.9999999999999999,1.0000000000000002,22
2020-10-22_SNV_E200K,E200K,A08,CJD20-08_bg_E200K,biological_sample,20_08_bg,0.9985028784547615,0.9996476306886335,0.006873878502181552,0.9999999999999999,1.0000000000000002,23
2020-10-22_SNV_E200K,E200K,A10,CJD19-29_fr_E200K,biological_sample,19_29_fr,0.9969330475155832,0.999743992276608,0.010104901080300401,0.9999999999999999,1.0000000000000002,78
2020-10-22_SNV_E200K,E200K,B02,WT_E200K,WT_control,wt,0.9993462342317203,0.9997382022202765,0.0033288809606403743,0.9999999999999999,1.0000000000000002,11
2020-10-22_SNV_E200K,E200K,B04,CJD13-21_cb_E200K,biological_sample,13_21_cb,0.9988658101656032,0.9996724930605623,0.005409084825948669,0.9999999999999999,1.0000000000000002,17
2020-10-22_SNV_E200K,E200K,B06,CJD14-24_cb_E200K,biological_sample,14_24_cb,0.9990010450043676,0.9997512882556091,0.004302696340681716,0.9999999999999999,1.0000000000000002,18
2020-10-22_SNV_E200K,E200K,B08,CJD20-08_cb_E200K,biological_sample,20_08_cb,0.9987444055131688,0.9997090970469851,0.005804682418820073,0.9999999999999999,1.0000000000000002,20
2020-10-22_SNV_E200K,E200K,C02,E200K-mut,positive_control,,0.9655511626239647,0.9999509118077766,0.07101350303437398,0.9999999999999999,1.0000000000000002,1264
2020-10-22_SNV_E200K,E200K,C04,CJD13-21_fr_E200K,biological_sample,13_21_fr,0.9989963023109822,0.9996840520215566,0.004936286211045598,0.9999999999999999,1.0000000000000002,14
2020-10-22_SNV_E200K,E200K,C06,CJD14-24_fr_E200K,biological_sample,14_24_fr,0.9983937618588823,0.9997327912324245,0.005902101193301311,0.9999999999999999,1.0000000000000002,42
2020-10-22_SNV_E200K,E200K,C08,CJD20-08_fr_E200K,biological_sample,20_08_fr,0.9987208270703891,0.9995640801157435,0.006362055941251576,0.9999999999999999,1.0000000000000002,21
2020-10-22_SNV_E200K,E200K,D04,CJD13-21_sn_E200K,biological_sample,13_21_sn,0.9974048029314818,0.999609152888185,0.009309747353170857,0.9999999999999999,1.0000000000000002,49
2020-10-22_SNV_E200K,E200K,D06,CJD14-24_hc_E200K,biological_sample,14_24_hc,0.997679503376326,0.9996893500347845,0.00860769407627768,0.9999999999999999,1.0000000000000002,53
2020-10-22_SNV_E200K,E200K,D08,CJD20-08_sn_E200K,biological_sample,20_08_sn,0.9966183891760465,0.9997244018232242,0.010570410093390627,0.9999999999999999,1.0000000000000002,86
2020-10-22_SNV_E200K,E200K,E04,CJD13-21_th_E200K,biological_sample,13_21_th,0.9988242963577518,0.9998611058288147,0.004698124341932066,0.9999999999999999,1.0000000000000002,26
2020-10-22_SNV_E200K,E200K,E06,CJD14-24_sn_E200K,biological_sample,14_24_sn,0.9983404192159775,0.9996771581071768,0.006893881387971961,0.9999999999999999,1.0000000000000002,32
2020-10-22_SNV_E200K,E200K,E08,CJD20-08_th_E200K,biological_sample,20_08_th,0.9985157603821642,0.9997619918088996,0.005259148629741779,0.9999999999999999,1.0000000000000002,37
2020-10-22_SNV_E200K,E200K,F06,CJD14-24_th_E200K,biological_sample,14_24_th,0.9985990611607197,0.9995998376772711,0.007516737739918516,0.9999999999999999,1.0000000000000002,13
2020-10-29_SNV_E200K,E200K,A02,CJD17-20_bg,biological_sample,17_20_bg,0.9974724408018592,0.9996059682293241,0.01074666937987579,0.9999999999999999,1.0000000000000002,31
2020-10-29_SNV_E200K,E200K,A06,CJD17-31_bg,biological_sample,17_31_bg,0.998817486835912,0.999682170032869,0.005836803204192484,0.9999999999999999,1.0000000000000002,17
2020-10-29_SNV_E200K,E200K,A08,CJD17-32_bg,biological_sample,17_32_bg,0.9959185615870197,0.9992107879922885,0.019375582717209645,0.9999999999999999,1.0000000000000002,24
2020-10-29_SNV_E200K,E200K,A10,CJD18-5_bg,biological_sample,18_5_bg,0.9980962563548501,0.9996501194696944,0.007142791855158048,0.9999999999999999,1.0000000000000002,29
2020-10-29_SNV_E200K,E200K,B02,CJD17-20_cb,biological_sample,17_20_cb,0.9971482314665457,0.999704146662223,0.009962366762683193,0.9999999999999999,1.0000000000000002,61
2020-10-29_SNV_E200K,E200K,B06,CJD17-31_hc mixed with CJD17-32_cb,biological_sample,17_31_hc_mixed_with_cjd17_32_cb,0.9990559710386899,0.9997077935001164,0.004426114194926001,0.9999999999999999,1.0000000000000002,15
2020-10-29_SNV_E200K,E200K,B10,CJD18-5_cb,biological_sample,18_5_cb,0.996400060899808,0.9993723156448474,0.015904386922746008,0.9999999999999999,1.0000000000000002,32
2020-10-29_SNV_E200K,E200K,C02,CJD17-20_fr,biological_sample,17_20_fr,0.9824224817363256,0.9991198682726002,0.050467340885877086,0.9999999999999999,1.0000000000000002,398
2020-10-29_SNV_E200K,E200K,C06,CJD17-31_sn,biological_sample,17_31_sn,0.9945522050601221,0.9996024202248772,0.016766530011202953,0.9999999999999999,1.0000000000000002,128
2020-10-29_SNV_E200K,E200K,C08,CJD17-32_fr,biological_sample,17_32_fr,0.9966595323834136,0.9996239733928756,0.011918398273644847,0.9999999999999999,1.0000000000000002,73
2020-10-29_SNV_E200K,E200K,C10,CJD18-5_fr,biological_sample,18_5_fr,0.9959284381372276,0.9993589632774149,0.01602628825309356,0.9999999999999999,1.0000000000000002,60
2020-10-29_SNV_E200K,E200K,D02,CJD17-20_sn,biological_sample,17_20_sn,0.9748463435056183,0.9990867507963707,0.06843079103384174,0.9999999999999999,1.0000000000000002,580
2020-10-29_SNV_E200K,E200K,D06,CJD17-31_th,biological_sample,17_31_th,0.9900087104451354,0.9993344070937267,0.032091099590606,0.9999999999999999,1.0000000000000002,195
2020-10-29_SNV_E200K,E200K,D08,CJD17-32_hc,biological_sample,17_32_hc,0.9983014394606533,0.9994885359624457,0.009245106368976774,0.9999999999999999,1.0000000000000002,13
2020-10-29_SNV_E200K,E200K,D10,CJD18-5_hc,biological_sample,18_5_hc,0.9971742369199388,0.9993821076352791,0.012953320452544142,0.9999999999999999,1.0000000000000002,35
2020-10-29_SNV_E200K,E200K,E02,CJD17-20_th,biological_sample,17_20_th,0.997682818249615,0.9996019225380519,0.00885880257551865,0.9999999999999999,1.0000000000000002,39
2020-10-29_SNV_E200K,E200K,E04,CJD17-30_th,biological_sample,17_30_th,0.9933152622813566,0.9988670139243403,0.027109128736764816,0.9999999999999999,1.0000000000000002,80
2020-10-29_SNV_E200K,E200K,E06,CJD18-1_bg,biological_sample,18_1_bg,0.993456460445149,0.998827726736061,0.026296065991346207,0.9999999999999999,1.0000000000000002,85
2020-10-29_SNV_E200K,E200K,E08,CJD17-32_sn,biological_sample,17_32_sn,0.9981153508911381,0.9996915183593841,0.007261753968436279,0.9999999999999999,1.0000000000000002,41
2020-10-29_SNV_E200K,E200K,E10,CJD18-5_sn,biological_sample,18_5_sn,0.9984011448824827,0.9996773071286966,0.006024019644204301,0.9999999999999999,1.0000000000000002,35
2020-10-29_SNV_E200K,E200K,F02,NTC,NTC,ntc,0.9978731627394253,0.9999727484783925,0.005325400873429407,0.9999999999999999,1.0000000000000002,62
2020-10-29_SNV_E200K,E200K,F06,CJD18-1_cb,biological_sample,18_1_cb,0.98242019663902,0.9994453741445544,0.049075752442125496,0.9999999999999999,1.0000000000000002,381
2020-10-29_SNV_E200K,E200K,F08,CJD17-32_th,biological_sample,17_32_th,0.9950106299386823,0.9993202335766458,0.018919726354565573,0.9999999999999999,1.0000000000000002,82
2020-10-29_SNV_E200K,E200K,G02,WT,WT_control,wt,0.9097275912188165,0.9876073912438604,0.20478473386521034,0.9999999999999999,1.0000000000000002,2210
2020-10-29_SNV_E200K,E200K,G06,CJD18-1_fr,biological_sample,18_1_fr,0.9922925937711563,0.999461300171034,0.02402466123795597,0.9999999999999999,1.0000000000000002,137
2020-10-29_SNV_E200K,E200K,H02,E200K-mut,positive_control,,0.9891707631083065,0.9999529912837563,0.02433702204541723,0.9999999999999999,1.0000000000000002,309
2020-10-29_SNV_E200K,E200K,H06,CJD18-1_hc,biological_sample,18_1_hc,0.9968525277453616,0.9993358882882735,0.014257039700288738,0.9999999999999999,1.0000000000000002,36
2020-11-05_SNV_E200K,E200K,A02,CJD17-15_fr,biological_sample,17_15_fr,0.9979944363282515,0.999390600125518,0.010645747970711966,0.9999999999999999,1.0000000000000002,21
2020-11-05_SNV_E200K,E200K,A06,CJD17-11_bg,biological_sample,17_11_bg,0.9991649277804329,0.9996746256833247,0.005026111417207231,0.9999999999999999,1.0000000000000002,9
2020-11-05_SNV_E200K,E200K,A08,CJD17-5_cb,biological_sample,17_5_cb,0.9986050102638003,0.999526663721496,0.008261925190615915,0.9999999999999999,1.0000000000000002,10
2020-11-05_SNV_E200K,E200K,A10,CJD17-34_bg,biological_sample,17_34_bg,0.998668380182544,0.999697177162042,0.0066316740224427765,0.9999999999999999,1.0000000000000002,19
2020-11-05_SNV_E200K,E200K,B04,CJD17-13_cb,biological_sample,17_13_cb,0.9882767912762298,0.997561752372821,0.046051661349891464,0.9999999999999999,1.0000000000000002,166
2020-11-05_SNV_E200K,E200K,B08,CJD17-5_fr,biological_sample,17_5_fr,0.9988089238460726,0.9994977383708137,0.007529189183933431,0.9999999999999999,1.0000000000000002,8
2020-11-05_SNV_E200K,E200K,C04,CJD17-13_hc,biological_sample,17_13_hc,0.9984801585419223,0.9994350945309928,0.009078451009783276,0.9999999999999999,1.0000000000000002,12
2020-11-05_SNV_E200K,E200K,C06,CJD17-11_fr,biological_sample,17_11_fr,0.9985565216572747,0.9993785523731165,0.009074086129563445,0.9999999999999999,1.0000000000000002,6
2020-11-05_SNV_E200K,E200K,C08,CJD17-5_th,biological_sample,17_5_th,0.9992251741665865,0.9996974088420236,0.004500521837469726,0.9999999999999999,1.0000000000000002,13
2020-11-05_SNV_E200K,E200K,C10,CJD17-34_fr,biological_sample,17_34_fr,0.9992215066914668,0.999683475475597,0.004729250618130461,0.9999999999999999,1.0000000000000002,7
2020-11-05_SNV_E200K,E200K,D04,CJD17-13_sn,biological_sample,17_13_sn,0.996950455662444,0.9995947608668977,0.011751757918094968,0.9999999999999999,1.0000000000000002,70
2020-11-05_SNV_E200K,E200K,D06,CJD17-11_hc,biological_sample,17_11_hc,0.9994147525883734,0.9996810815117408,0.004126479656737709,0.9999999999999999,1.0000000000000002,5
2020-11-05_SNV_E200K,E200K,D08,CJD17-8_bg,biological_sample,17_8_bg,0.9993435169124523,0.9997175066664253,0.003744744899278197,0.9999999999999999,1.0000000000000002,14
2020-11-05_SNV_E200K,E200K,E02,CJD17-15_th,biological_sample,17_15_th,0.9982845544166049,0.9992215356897584,0.009712073291573593,0.9999999999999999,1.0000000000000002,23
2020-11-05_SNV_E200K,E200K,E04,CJD17-13_th,biological_sample,17_13_th,0.9969497319261249,0.9996367884584203,0.010105366386095434,0.9999999999999999,1.0000000000000002,86
2020-11-05_SNV_E200K,E200K,E06,CJD17-12_bg,biological_sample,17_12_bg,0.998975490405019,0.999597765113458,0.006272196010417384,0.9999999999999999,1.0000000000000002,10
2020-11-05_SNV_E200K,E200K,F02,NTC,NTC,ntc,0.9999004309460278,0.9999761277300275,5.871943614641331e-4,0.9999999999999999,1.0000000000000002,1
2020-11-05_SNV_E200K,E200K,F06,CJD17-12_fr,biological_sample,17_12_fr,0.9985811685160868,0.9995719358895963,0.007589855867855389,0.9999999999999999,1.0000000000000002,16
2020-11-05_SNV_E200K,E200K,G02,WT,WT_control,wt,0.9992569951078201,0.9997386943906614,0.004011525489737135,0.9999999999999999,1.0000000000000002,12
2020-11-05_SNV_E200K,E200K,G06,CJD17-12_sn,biological_sample,17_12_sn,0.9964339620021511,0.9991530610728803,0.016887580315243338,0.9999999999999999,1.0000000000000002,41
2020-11-05_SNV_E200K,E200K,H02,E200K-mut,positive_control,,0.9652825521210108,0.9999696930091322,0.07555136354990119,0.9999999999999999,1.0000000000000002,1290
2020-11-24_SNV_E200K,E200K,A02,CJD17-30_bg_E200K,biological_sample,17_30_bg,0.9988237160080407,0.9994260668687446,0.007691703366946281,0.9999999999999999,1.0000000000000002,6
2020-11-24_SNV_E200K,E200K,A08,CJD18-5_bg_E200K,biological_sample,18_5_bg,0.9985805578646698,0.9996171807956407,0.006592240563403846,0.9999999999999999,1.0000000000000002,29
2020-11-24_SNV_E200K,E200K,B02,CJD17-30_fr_E200K,biological_sample,17_30_fr,0.9990162725209218,0.9996397064222875,0.005316425186369444,0.9999999999999999,1.0000000000000002,14
2020-11-24_SNV_E200K,E200K,B06,CJD17-15_cb_E200K,biological_sample,17_15_cb,0.9972964537572339,0.9995549868562944,0.010577023924310227,0.9999999999999999,1.0000000000000002,62
2020-11-24_SNV_E200K,E200K,C02,CJD17-30_hc_E200K,biological_sample,17_30_hc,0.9992551432414235,0.9996938119283172,0.00393419222138362,0.9999999999999999,1.0000000000000002,11
2020-11-24_SNV_E200K,E200K,D02,CJD17-30_sn_E200K,biological_sample,17_30_sn,0.9980853763225213,0.9992428773112837,0.011281642878675249,0.9999999999999999,1.0000000000000002,15
2020-11-24_SNV_E200K,E200K,D10,CJD17-34_sn_E200K,biological_sample,17_34_sn,0.9976169964788542,0.9995260270245703,0.009827036393488389,0.9999999999999999,1.0000000000000002,58
2020-11-24_SNV_E200K,E200K,F02,NTC_E200K,NTC,ntc,0.9995613072813623,0.9999801537820433,0.0012481412379793855,0.9999999999999999,1.0000000000000002,13
2020-11-24_SNV_E200K,E200K,G02,WT_E200K,WT_control,wt,0.9994531745939232,0.9997239781117169,0.003506443955306462,0.9999999999999999,1.0000000000000002,4
2020-11-24_SNV_E200K,E200K,H02,E200K_mut,positive_control,,0.9669668380393182,0.9999782132648865,0.07152972097176577,0.9999999999999999,1.0000000000000002,1083
2021-01-26_SNV_E200K,E200K,A02,NTC,NTC,ntc,0.9993320427410586,0.999906106184046,0.003388241164892639,0.9999999999999999,1.0000000000000002,5
2021-01-26_SNV_E200K,E200K,A05,924486-th,biological_sample,924486_th,0.9914874705147076,0.9992978162020111,0.026993707595619875,0.9999999999999999,1.0000000000000002,169
2021-01-26_SNV_E200K,E200K,B02,E200K-mut,positive_control,,0.9793757711275456,0.999883785728809,0.046259847690930014,0.9999999999999999,1.0000000000000002,579
2021-01-26_SNV_E200K,E200K,B05,953891-bg,biological_sample,953891_bg,0.9876562363582003,0.9991162983701852,0.036637220898994204,0.9999999999999999,1.0000000000000002,248
2021-01-26_SNV_E200K,E200K,B08,955427-cb,biological_sample,955427_cb,0.9951273206735003,0.9991520097204533,0.019442278162359126,0.9999999999999999,1.0000000000000002,66
2021-01-26_SNV_E200K,E200K,C02,WT,WT_control,wt,0.9729399996484991,0.9995356557377472,0.06652061313295399,0.9999999999999999,1.0000000000000002,654
2021-01-26_SNV_E200K,E200K,C05,953891-cb,biological_sample,953891_cb,0.9808489829846231,0.998933747222461,0.054011142672839185,0.9999999999999999,1.0000000000000002,473
2021-01-26_SNV_E200K,E200K,C08,955427-fr,biological_sample,955427_fr,0.9923948042106684,0.9993739120420582,0.026317251571784314,0.9999999999999999,1.0000000000000002,125
2021-01-26_SNV_E200K,E200K,D02,924486-bg,biological_sample,924486_bg,0.9559949783815395,0.999351073971338,0.10518356155719133,0.9999999999999999,1.0000000000000002,1081
2021-01-26_SNV_E200K,E200K,D05,953891-fr,biological_sample,953891_fr,0.9753612972579928,0.9989667050231711,0.06457904715005924,0.9999999999999999,1.0000000000000002,673
2021-01-26_SNV_E200K,E200K,D08,955427-hc,biological_sample,955427_hc,0.9685396318617963,0.9964339438893417,0.0909544223983844,0.9999999999999999,1.0000000000000002,688
2021-01-26_SNV_E200K,E200K,E02,924486-cb,biological_sample,924486_cb,0.9827406859013927,0.9995004685732639,0.046265753438003876,0.9999999999999999,1.0000000000000002,371
2021-01-26_SNV_E200K,E200K,E08,955427-sn,biological_sample,955427_sn,0.9882866936895692,0.9990058409068643,0.03669707157905143,0.9999999999999999,1.0000000000000002,252
2021-01-26_SNV_E200K,E200K,F02,924486-fr,biological_sample,924486_fr,0.97752361936602,0.9993996325909056,0.06017733663417272,0.9999999999999999,1.0000000000000002,516
2021-01-26_SNV_E200K,E200K,F05,953891-sn,biological_sample,953891_sn,0.9691521308810483,0.9993124951524867,0.07548665857099451,0.9999999999999999,1.0000000000000002,845
2021-01-26_SNV_E200K,E200K,F08,955427-th,biological_sample,955427_th,0.990800136039062,0.997984429186449,0.03482547251733379,0.9999999999999999,1.0000000000000002,146
2021-01-26_SNV_E200K,E200K,G02,924486-hc,biological_sample,924486_hc,0.9839491674532267,0.9993514268596629,0.04534692396335427,0.9999999999999999,1.0000000000000002,362
2021-01-26_SNV_E200K,E200K,G05,953891-th,biological_sample,953891_th,0.964133265347498,0.9985794976290567,0.09275939258473255,0.9999999999999999,1.0000000000000002,959
2021-01-26_SNV_E200K,E200K,G08,929474-bg,biological_sample,929474_bg,0.986284108177798,0.9990510558579732,0.04086971339062381,0.9999999999999999,1.0000000000000002,316
2021-01-26_SNV_E200K,E200K,H02,924486-sn,biological_sample,924486_sn,0.94053559925841,0.9983985237674853,0.1388977554383756,0.9999999999999999,1.0000000000000002,1638
2021-01-26_SNV_E200K,E200K,H05,18-5-th,biological_sample,18_5_th,0.9670345141627099,0.9991681524915865,0.0838579893978402,0.9999999999999999,1.0000000000000002,978
2021-01-26_SNV_E200K,E200K,H08,929474-cb,biological_sample,929474_cb,0.9560064099193154,0.9933877317115355,0.1199750811095684,0.9999999999999999,1.0000000000000002,981
2021-02-17_SNV_E200K,E200K,A02,NTC,NTC,ntc,0.9998997534030067,0.9999676348294656,6.180340738011687e-4,0.9999999999999999,1.0000000000000002,2
2021-02-17_SNV_E200K,E200K,A05,CJD-933892-hc,biological_sample,933892_hc,0.9992276885475424,0.9997368722643359,0.0038119400103756975,0.9999999999999999,1.0000000000000002,15
2021-02-17_SNV_E200K,E200K,A08,E200K-mut,positive_control,,0.9864446817609447,0.9997600296127259,0.036570870773811194,0.9999999999999999,1.0000000000000002,446
2021-02-17_SNV_E200K,E200K,B02,WT,WT_control,wt,0.9991408966002373,0.999622149167357,0.005940868740172537,0.9999999999999999,1.0000000000000002,2
2021-02-17_SNV_E200K,E200K,B05,CJD-933892-sn,biological_sample,933892_sn,0.9989856258997395,0.999734315895536,0.004235602143739724,0.9999999999999999,1.0000000000000002,24
2021-02-17_SNV_E200K,E200K,B08,CJD-18-24-th,biological_sample,18_24_th,0.9989216279753319,0.9996122576956848,0.005627490753145048,0.9999999999999999,1.0000000000000002,21
2021-02-17_SNV_E200K,E200K,C02,CJD-943497-hc,biological_sample,943497_hc,0.99942720975045,0.9997322501518132,0.003683512351891523,0.9999999999999999,1.0000000000000002,7
2021-02-17_SNV_E200K,E200K,C05,CJD-933892-th,biological_sample,933892_th,0.9994049050064798,0.9997280947921631,0.0036444612428866018,0.9999999999999999,1.0000000000000002,9
2021-02-17_SNV_E200K,E200K,C08,CJD-955427-bg,biological_sample,955427_bg,0.9802859444217469,0.9945449087477481,0.06686825178939454,0.9999999999999999,1.0000000000000002,405
2021-02-17_SNV_E200K,E200K,D02,CJD-943497-sn,biological_sample,943497_sn,0.9994015812264683,0.9997200184763769,0.00377110828138043,0.9999999999999999,1.0000000000000002,7
2021-02-17_SNV_E200K,E200K,D05,CJD-18-31-hc,biological_sample,18_31_hc,0.9985804541655046,0.9996936802058566,0.005723215181064793,0.9999999999999999,1.0000000000000002,34
2021-02-17_SNV_E200K,E200K,E05,CJD-18-31-th,biological_sample,18_31_th,0.9986038864660349,0.999726988972872,0.005264535151417881,0.9999999999999999,1.0000000000000002,40
2021-02-17_SNV_E200K,E200K,F05,CJD-17-32-cb,biological_sample,17_32_cb,0.9994747949610152,0.9997396027781433,0.003099585339396686,0.9999999999999999,1.0000000000000002,8
2021-02-17_SNV_E200K,E200K,G02,CJD-933892-cb,biological_sample,933892_cb,0.9993193280043207,0.9997445061536816,0.0036549394934344967,0.9999999999999999,1.0000000000000002,9
2021-02-17_SNV_E200K,E200K,G05,CJD-17-30-cb,biological_sample,17_30_cb,0.9990516528140784,0.9997416510987349,0.004300068497330046,0.9999999999999999,1.0000000000000002,17
2021-02-17_SNV_E200K,E200K,H02,CJD-933892-fr,biological_sample,933892_fr,0.999382693164711,0.9997328998501771,0.0035562109983701155,0.9999999999999999,1.0000000000000002,9
2021-02-17_SNV_E200K,E200K,H05,CJD-17-31-cb,biological_sample,17_31_cb,0.9988018235495275,0.9997061581403752,0.005355421532883612,0.9999999999999999,1.0000000000000002,22
2021-02-18_SNV_E200K,E200K,A02,NTC,NTC,ntc,0.999209053050937,0.9999792737636235,0.0022211419493946708,0.9999999999999999,1.0000000000000002,20
2021-02-18_SNV_E200K,E200K,A05,E200K-mut,positive_control,,0.9899609137525852,0.999958559981976,0.021012458737235243,0.9999999999999999,1.0000000000000002,445
2021-02-18_SNV_E200K,E200K,A08,CJD-238501-cb,biological_sample,238501_cb,0.9988729559184121,0.9996787781404309,0.0047790438995219415,0.9999999999999999,1.0000000000000002,26
2021-02-18_SNV_E200K,E200K,B02,WT,WT_control,wt,0.9985747240780349,0.9997322540162037,0.005242605174739553,0.9999999999999999,1.0000000000000002,35
2021-02-18_SNV_E200K,E200K,B08,CJD-238501-fr,biological_sample,238501_fr,0.9992947006188159,0.9995668782447668,0.004599146653709241,0.9999999999999999,1.0000000000000002,8
2021-02-18_SNV_E200K,E200K,C02,CJD-15-1-bg,biological_sample,15_1_bg,0.9991065870326923,0.9996835342770404,0.004318248690701928,0.9999999999999999,1.0000000000000002,18
2021-02-18_SNV_E200K,E200K,C05,CJD-953891-hc,biological_sample,953891_hc,0.998234173682293,0.9995294248985029,0.007136292322993854,0.9999999999999999,1.0000000000000002,45
2021-02-18_SNV_E200K,E200K,C08,CJD-238501-hc,biological_sample,238501_hc,0.9991671681433785,0.9994907502652668,0.005317467009954656,0.9999999999999999,1.0000000000000002,9
2021-02-18_SNV_E200K,E200K,D02,CJD-15-1-cb,biological_sample,15_1_cb,0.999075864927689,0.9996788307051485,0.004562281384743917,0.9999999999999999,1.0000000000000002,15
2021-02-18_SNV_E200K,E200K,D05,CJD-15-27-fr,biological_sample,15_27_fr,0.9983169596638595,0.999499545330024,0.007004625292330156,0.9999999999999999,1.0000000000000002,45
2021-02-18_SNV_E200K,E200K,D08,CJD-238501-sn,biological_sample,238501_sn,0.9983026401900901,0.9996492256754864,0.0071764063446601864,0.9999999999999999,1.0000000000000002,31
2021-02-18_SNV_E200K,E200K,E02,CJD-15-1-th,biological_sample,15_1_th,0.9990383189087644,0.9996680370773333,0.004542693355713307,0.9999999999999999,1.0000000000000002,23
2021-02-18_SNV_E200K,E200K,E05,CJD-929474-fr,biological_sample,929474_fr,0.9990269530409305,0.9994539651568839,0.005851121331980694,0.9999999999999999,1.0000000000000002,16
2021-02-18_SNV_E200K,E200K,E08,CJD-238501-th,biological_sample,238501_th,0.9990185145853661,0.9993787150797938,0.006349500288479285,0.9999999999999999,1.0000000000000002,11
2021-02-18_SNV_E200K,E200K,F05,CJD-929474-hc,biological_sample,929474_hc,0.9990509122944368,0.9994622709344061,0.00583486778813885,0.9999999999999999,1.0000000000000002,13
2021-02-18_SNV_E200K,E200K,F08,CJD-943497-bg,biological_sample,943497_bg,0.9987690524081034,0.9993030007608059,0.007269008637096977,0.9999999999999999,1.0000000000000002,11
2021-02-18_SNV_E200K,E200K,G08,CJD-943497-cb,biological_sample,943497_cb,0.9991344730910295,0.9995099534799001,0.005298652388764213,0.9999999999999999,1.0000000000000002,8
2021-02-18_SNV_E200K,E200K,H02,CJD-17-12-th,biological_sample,17_12_th,0.9995640087783805,0.9997308990910543,0.0031674347678613147,0.9999999999999999,1.0000000000000002,1
2021-02-18_SNV_E200K,E200K,H05,CJD-238501-bg,biological_sample,238501_bg,0.99926722606056,0.9995983409930371,0.004602533124018252,0.9999999999999999,1.0000000000000002,9
2021-02-18_SNV_E200K,E200K,H08,CJD-943497-fr,biological_sample,943497_fr,0.9990447935432794,0.9996479150735471,0.004606289009270605,0.9999999999999999,1.0000000000000002,14
2021-03-29_SNV_E200K,E200K,A02,NTC,NTC,ntc,0.9997581133801495,0.9999739708370206,8.914952074253221e-4,0.9999999999999999,1.0000000000000002,7
2021-03-29_SNV_E200K,E200K,A05,17-11-sn,biological_sample,17_11_sn,0.9993476016008552,0.9994875858955786,0.005108128885282255,0.9999999999999999,1.0000000000000002,2
2021-03-29_SNV_E200K,E200K,A08,17-8-sn,biological_sample,17_8_sn,0.999106419164358,0.9994866872505096,0.005685272335159612,0.9999999999999999,1.0000000000000002,9
2021-03-29_SNV_E200K,E200K,A11,14-2-hc,biological_sample,14_2_hc,0.7150800168620913,0.670961505315085,0.5264249311751575,0.9999999999999999,1.0000000000000002,11766
2021-03-29_SNV_E200K,E200K,B02,WT,WT_control,wt,0.9993475692354858,0.9996077300087176,0.004132084668218962,0.9999999999999999,1.0000000000000002,7
2021-03-29_SNV_E200K,E200K,B05,17-11-th,biological_sample,17_11_th,0.9992647544835939,0.9994478416851424,0.005532608473096124,0.9999999999999999,1.0000000000000002,3
2021-03-29_SNV_E200K,E200K,B08,17-8-th,biological_sample,17_8_th,0.9993438893249217,0.9995556005564096,0.0046175005672567096,0.9999999999999999,1.0000000000000002,6
2021-03-29_SNV_E200K,E200K,B11,14-2-sn,biological_sample,14_2_sn,0.7515272928363119,0.725350913781903,0.4826862084598891,0.9999999999999999,1.0000000000000002,11587
2021-03-29_SNV_E200K,E200K,C02,E200K,positive_control,e200k,0.9863394352430052,0.9999783234117883,0.02804017387445674,0.9999999999999999,1.0000000000000002,525
2021-03-29_SNV_E200K,E200K,C05,17-12-cb,biological_sample,17_12_cb,0.9993104886491183,0.9994758737242189,0.0051385052799419765,0.9999999999999999,1.0000000000000002,4
2021-03-29_SNV_E200K,E200K,C08,17-34-bg,biological_sample,17_34_bg,0.9990500325274649,0.9994279672248851,0.005994095896117941,0.9999999999999999,1.0000000000000002,10
2021-03-29_SNV_E200K,E200K,C11,14-2-th,biological_sample,14_2_th,0.687433076070708,0.6470339520287915,0.5677003134106029,0.9999999999999999,1.0000000000000002,14851
2021-03-29_SNV_E200K,E200K,D02,17-31-fr,biological_sample,17_31_fr,0.9993182842112188,0.9996271111639746,0.004244673761635429,0.9999999999999999,1.0000000000000002,11
2021-03-29_SNV_E200K,E200K,D05,17-12-hc,biological_sample,17_12_hc,0.9989624805810406,0.9993602749062067,0.006563443444400425,0.9999999999999999,1.0000000000000002,12
2021-03-29_SNV_E200K,E200K,D08,17-34-hc,biological_sample,17_34_hc,0.9989893865696331,0.9993559073536671,0.006615576919366974,0.9999999999999999,1.0000000000000002,11
2021-03-29_SNV_E200K,E200K,D11,15-6-bg,biological_sample,15_6_bg,0.9991695805179241,0.9994518213548603,0.005648131511633974,0.9999999999999999,1.0000000000000002,9
2021-03-29_SNV_E200K,E200K,E05,17-5-bg,biological_sample,17_5_bg,0.9988191700551016,0.9991964354724279,0.007766884123715703,0.9999999999999999,1.0000000000000002,9
2021-03-29_SNV_E200K,E200K,E08,929474-th,biological_sample,929474_th,0.9992284723266864,0.9994725407036064,0.005342131272183047,0.9999999999999999,1.0000000000000002,6
2021-03-29_SNV_E200K,E200K,E11,15-6-cb,biological_sample,15_6_cb,0.9991240387498728,0.9994117633884696,0.005976138335024172,0.9999999999999999,1.0000000000000002,10
2021-03-29_SNV_E200K,E200K,F02,18-1-th,biological_sample,18_1_th,0.9993748936639093,0.999616801914041,0.004122935417657015,0.9999999999999999,1.0000000000000002,8
2021-03-29_SNV_E200K,E200K,F05,17-5-hc,biological_sample,17_5_hc,0.9990058138547101,0.999285283968271,0.006884996059518047,0.9999999999999999,1.0000000000000002,7
2021-03-29_SNV_E200K,E200K,F08,14-2-bg,biological_sample,14_2_bg,0.7478547839510922,0.714985404399678,0.47836998970687317,0.9999999999999999,1.0000000000000002,10153
2021-03-29_SNV_E200K,E200K,F11,15-6-fr,biological_sample,15_6_fr,0.9981333263319196,0.9988148162766901,0.011632013787192712,0.9999999999999999,1.0000000000000002,16
2021-03-29_SNV_E200K,E200K,G02,17-13-fr,biological_sample,17_13_fr,0.999258356982599,0.9995264365522698,0.00499406685714661,0.9999999999999999,1.0000000000000002,9
2021-03-29_SNV_E200K,E200K,G05,17-5-sn,biological_sample,17_5_sn,0.9985262617687324,0.9990389408024412,0.009222137554047247,0.9999999999999999,1.0000000000000002,15
2021-03-29_SNV_E200K,E200K,G08,14-2-cb,biological_sample,14_2_cb,0.7883525158952212,0.7723439032290779,0.41576839453214626,0.9999999999999999,1.0000000000000002,8624
2021-03-29_SNV_E200K,E200K,G11,15-6-hc,biological_sample,15_6_hc,0.99912131157458,0.9994118601037427,0.005905692240622258,0.9999999999999999,1.0000000000000002,11
2021-03-29_SNV_E200K,E200K,H02,17-13-th,biological_sample,17_13_th,0.9990170546985866,0.9994939212098417,0.005719153892627152,0.9999999999999999,1.0000000000000002,16
2021-03-29_SNV_E200K,E200K,H05,17-8-hc,biological_sample,17_8_hc,0.9991892631467998,0.9993937263733628,0.005882080690269711,0.9999999999999999,1.0000000000000002,6
2021-03-29_SNV_E200K,E200K,H08,14-2-fr,biological_sample,14_2_fr,0.7329230956270757,0.6922896839830193,0.49387351519828016,0.9999999999999999,1.0000000000000002,10955
2021-03-29_SNV_E200K,E200K,H11,15-6-sn,biological_sample,15_6_sn,0.9993260144957017,0.9994814140111216,0.005060474465462057,0.9999999999999999,1.0000000000000002,1
2021-04-06_SNV_E200K,E200K,A02,NTC,NTC,ntc,0.9989629156024291,0.9999792180689301,0.002845060779052438,0.9999999999999999,1.0000000000000002,30
2021-04-06_SNV_E200K,E200K,A05,20-08-hc,biological_sample,20_08_hc,0.9993516439202221,0.9997349572858389,0.00379284328240852,0.9999999999999999,1.0000000000000002,8
2021-04-06_SNV_E200K,E200K,B02,WT,WT_control,wt,0.99910159693438,0.9997210878720266,0.004213964770068134,0.9999999999999999,1.0000000000000002,18
2021-04-06_SNV_E200K,E200K,B05,20-08-th,biological_sample,20_08_th,0.9994360334070189,0.9997405138702665,0.0036138751593246237,0.9999999999999999,1.0000000000000002,5
2021-04-06_SNV_E200K,E200K,C02,E200K,positive_control,e200k,0.8887796410678444,0.9996909961705618,0.2237073465705797,0.9999999999999999,1.0000000000000002,3799
2021-04-06_SNV_E200K,E200K,C05,15-27-bg,biological_sample,15_27_bg,0.9994557631673769,0.9997183640978552,0.003426144179185988,0.9999999999999999,1.0000000000000002,6
2021-04-06_SNV_E200K,E200K,D02,17-20-hc,biological_sample,17_20_hc,0.998993873525883,0.9995977194695345,0.005921029405006978,0.9999999999999999,1.0000000000000002,10
2021-04-06_SNV_E200K,E200K,D05,15-27-cb,biological_sample,15_27_cb,0.9992811936297177,0.9997153336975017,0.004310178513614928,0.9999999999999999,1.0000000000000002,8
2021-04-06_SNV_E200K,E200K,E02,15-6-th,biological_sample,15_6_th,0.9984470326895081,0.9995133777136208,0.007754489253332622,0.9999999999999999,1.0000000000000002,19
2021-04-06_SNV_E200K,E200K,E05,15-27-pons,biological_sample,15_27_ps,0.9973520233201809,0.9996868274060231,0.009232393848338818,0.9999999999999999,1.0000000000000002,67
2021-04-06_SNV_E200K,E200K,F02,18-1-sn,biological_sample,18_1_sn,0.9988884141820339,0.999497650376433,0.006845280369058246,0.9999999999999999,1.0000000000000002,9
2021-04-06_SNV_E200K,E200K,F05,15-27-th,biological_sample,15_27_th,0.9992682554916755,0.9996914100779005,0.004170131267712787,0.9999999999999999,1.0000000000000002,10
2021-04-06_SNV_E200K,E200K,G02,943497-th,biological_sample,943497_th,0.9986483928164067,0.9996905017487179,0.005405344235262757,0.9999999999999999,1.0000000000000002,31
2021-04-06_SNV_E200K,E200K,G05,15-1-hc,biological_sample,15_1_hc,0.9992176807339368,0.9996968903927665,0.0040664234948956865,0.9999999999999999,1.0000000000000002,13
2021-04-06_SNV_E200K,E200K,H02,933892-bg,biological_sample,933892_bg,0.9990886827633768,0.9996325784921353,0.005133277777904403,0.9999999999999999,1.0000000000000002,15
2021-04-06_SNV_E200K,E200K,H05,15-1-sn,biological_sample,15_1_sn,0.9993824882534078,0.9996996797128848,0.0038683865470262872,0.9999999999999999,1.0000000000000002,6
2021-05-10_SNV_E200K,E200K,A02,NTC,NTC,ntc,0.9997588044581772,0.9999379042163274,0.0011796716121727042,0.9999999999999999,1.0000000000000002,6
2021-05-10_SNV_E200K,E200K,A05,09-100-th,biological_sample,09_100_th,0.9970031975754924,0.9976822388755962,0.018919294815993176,0.9999999999999999,1.0000000000000002,8
2021-05-10_SNV_E200K,E200K,A08,03-132-ce,biological_sample,03_132_ce,0.9976160409475007,0.9983256105821442,0.014802368126405126,0.9999999999999999,1.0000000000000002,12
2021-05-10_SNV_E200K,E200K,A11,15-27-bg,biological_sample,15_27_bg,0.9971913041304894,0.9980408767750751,0.01717591340145773,0.9999999999999999,1.0000000000000002,14
2021-05-10_SNV_E200K,E200K,A12,943497-bg,biological_sample,943497_bg,0.9974079123448757,0.998165537259518,0.016000645756711795,0.9999999999999999,1.0000000000000002,13
2021-05-10_SNV_E200K,E200K,B02,WT,WT_control,wt,0.9984436222530549,0.9988730809709676,0.009636827513529964,0.9999999999999999,1.0000000000000002,10
2021-05-10_SNV_E200K,E200K,B05,03-112-cau,biological_sample,03_112_cau,0.9969174347803038,0.9976840392144274,0.019020315522346908,0.9999999999999999,1.0000000000000002,12
2021-05-10_SNV_E200K,E200K,B08,03-132-fc,biological_sample,03_132_fc,0.9979020523125888,0.9983882049257355,0.013734313410494987,0.9999999999999999,1.0000000000000002,11
2021-05-10_SNV_E200K,E200K,B11,15-27-cb,biological_sample,15_27_cb,0.9977489116278028,0.9983060776080994,0.01454363883031973,0.9999999999999999,1.0000000000000002,13
2021-05-10_SNV_E200K,E200K,B12,943497-cb,biological_sample,943497_cb,0.9980596000684316,0.9985653769983158,0.012697500816236962,0.9999999999999999,1.0000000000000002,9
2021-05-10_SNV_E200K,E200K,C02,E200K,positive_control,e200k,0.871022417280772,0.9977119305084773,0.23910692797585106,0.9999999999999999,1.0000000000000002,5377
2021-05-10_SNV_E200K,E200K,C05,03-112-ce,biological_sample,03_112_ce,0.9975961978140917,0.9980411839478963,0.01570905754622623,0.9999999999999999,1.0000000000000002,9
2021-05-10_SNV_E200K,E200K,C08,03-132-hip,biological_sample,03_132_hip,0.9974954536878265,0.9978698181995376,0.016681527911558705,0.9999999999999999,1.0000000000000002,4
2021-05-10_SNV_E200K,E200K,C11,15-27-fr,biological_sample,15_27_fr,0.9974805919634024,0.9982035436487093,0.015083471988403055,0.9999999999999999,1.0000000000000002,17
2021-05-10_SNV_E200K,E200K,C12,943497-fr,biological_sample,943497_fr,0.9964700093560963,0.9978260645844302,0.019619548562768513,0.9999999999999999,1.0000000000000002,23
2021-05-10_SNV_E200K,E200K,D02,09-100-cau,biological_sample,09_100_cau,0.9975816798954749,0.9981259064499048,0.01546409366113962,0.9999999999999999,1.0000000000000002,9
2021-05-10_SNV_E200K,E200K,D05,03-112-fc,biological_sample,03_112_fc,0.9969280622025233,0.9974836631869731,0.01962107014685411,0.9999999999999999,1.0000000000000002,8
2021-05-10_SNV_E200K,E200K,D08,03-132-mdb,biological_sample,03_132_mdb,0.9971030294915076,0.9976612729980435,0.01856136290619094,0.9999999999999999,1.0000000000000002,10
2021-05-10_SNV_E200K,E200K,D11,15-27-pons,biological_sample,15_27_ps,0.9974139293352254,0.998200944034837,0.015580275098339065,0.9999999999999999,1.0000000000000002,20
2021-05-10_SNV_E200K,E200K,D12,943497-hc,biological_sample,943497_hc,0.9969697444978397,0.9984788635647868,0.01568143486939394,0.9999999999999999,1.0000000000000002,34
2021-05-10_SNV_E200K,E200K,E02,09-100-ce,biological_sample,09_100_ce,0.9958885852609919,0.9971069845914808,0.023098860687239216,0.9999999999999999,1.0000000000000002,30
2021-05-10_SNV_E200K,E200K,E05,03-112-hip,biological_sample,03_112_hip,0.996712498637375,0.9974248723710918,0.020217104049126397,0.9999999999999999,1.0000000000000002,14
2021-05-10_SNV_E200K,E200K,E08,03-132-th,biological_sample,03_132_th,0.9972302087919912,0.9977897688471508,0.017584194936102065,0.9999999999999999,1.0000000000000002,11
2021-05-10_SNV_E200K,E200K,E11,15-27-th,biological_sample,15_27_th,0.9977948068597426,0.9982555885087379,0.014396178912068023,0.9999999999999999,1.0000000000000002,10
2021-05-10_SNV_E200K,E200K,E12,943497-sn,biological_sample,943497_sn,0.9964213148536636,0.9974418240851418,0.021001171081223565,0.9999999999999999,1.0000000000000002,19
2021-05-10_SNV_E200K,E200K,F02,09-100-fc,biological_sample,09_100_fc,0.9972650536864709,0.9978681207313428,0.017303934725083032,0.9999999999999999,1.0000000000000002,14
2021-05-10_SNV_E200K,E200K,F05,03-112-mdb,biological_sample,03_112_mdb,0.9973583048979787,0.9979389378117627,0.016682425811167453,0.9999999999999999,1.0000000000000002,14
2021-05-10_SNV_E200K,E200K,F08,04-045-cau,biological_sample,04_045_cau,0.9972400603641907,0.9980087178346466,0.016669310738132163,0.9999999999999999,1.0000000000000002,20
2021-05-10_SNV_E200K,E200K,F12,943497-th,biological_sample,943497_th,0.9970351853238688,0.9978580067595684,0.017600167719033888,0.9999999999999999,1.0000000000000002,20
2021-05-10_SNV_E200K,E200K,G02,09-100-hip,biological_sample,09_100_hip,0.9975170554958199,0.99801519793565,0.0161237406891907,0.9999999999999999,1.0000000000000002,11
2021-05-10_SNV_E200K,E200K,G05,03-112-th,biological_sample,03_112_th,0.9971672476207354,0.9978597954430558,0.017565453407687854,0.9999999999999999,1.0000000000000002,16
2021-05-10_SNV_E200K,E200K,G08,04-045-ce,biological_sample,04_045_ce,0.9976767032645214,0.9982409225986164,0.014796591011889883,0.9999999999999999,1.0000000000000002,13
2021-05-10_SNV_E200K,E200K,H02,09-100-mdb,biological_sample,09_100_mdb,0.996957424152794,0.997648100651948,0.018809638273962762,0.9999999999999999,1.0000000000000002,15
2021-05-10_SNV_E200K,E200K,H05,03-132-cau,biological_sample,03_132_cau,0.9972157547988378,0.9980432685134764,0.0167116053142808,0.9999999999999999,1.0000000000000002,25
2021-05-10_SNV_E200K,E200K,H08,04-045-fc,biological_sample,04_045_fc,0.9977939365804346,0.9983645228553031,0.013949844847790776,0.9999999999999999,1.0000000000000002,16
2021-05-20_SNV_E200K,E200K,A02,NTC,NTC,ntc,0.999406260754504,0.9999306637390329,0.002679273814080615,0.9999999999999999,1.0000000000000002,11
2021-05-20_SNV_E200K,E200K,A05,04-045-hip,biological_sample,04_045_hip,0.998347985176113,0.9993459906500761,0.009881913299983568,0.9999999999999999,1.0000000000000002,12
2021-05-20_SNV_E200K,E200K,A08,20-357-th,biological_sample,20_357_th,0.9989198254159687,0.999560766230668,0.006721159659758955,0.9999999999999999,1.0000000000000002,8
2021-05-20_SNV_E200K,E200K,A11,929474-sn,biological_sample,929474_sn,0.9981077881656837,0.9993201475651303,0.010623406001021105,0.9999999999999999,1.0000000000000002,17
2021-05-20_SNV_E200K,E200K,B02,WT,WT_control,wt,0.9954876888260606,0.9987969823510766,0.021560310777679847,0.9999999999999999,1.0000000000000002,37
2021-05-20_SNV_E200K,E200K,B05,04-045-mdb,biological_sample,04_045_mdb,0.9982316194673843,0.9992807379296526,0.01066563955845059,0.9999999999999999,1.0000000000000002,11
2021-05-20_SNV_E200K,E200K,B08,20-169-cau,biological_sample,20_169_cau,0.9989326407099922,0.9995195539628003,0.0069397274121151984,0.9999999999999999,1.0000000000000002,7
2021-05-20_SNV_E200K,E200K,B11,17-13-bg,biological_sample,17_13_bg,0.9972448028167474,0.9990113233866424,0.015211915474742665,0.9999999999999999,1.0000000000000002,14
2021-05-20_SNV_E200K,E200K,C02,E200K,positive_control,e200k,0.8992869301532581,0.9990232505647163,0.19189786532561828,0.9999999999999999,1.0000000000000002,4481
2021-05-20_SNV_E200K,E200K,C05,04-045-th,biological_sample,04_045_th,0.9984094143872847,0.9993294407951829,0.009776320199353096,0.9999999999999999,1.0000000000000002,10
2021-05-20_SNV_E200K,E200K,C08,20-169-ce,biological_sample,20_169_ce,0.9979242666336807,0.9991981002865378,0.012198120814757343,0.9999999999999999,1.0000000000000002,10
2021-05-20_SNV_E200K,E200K,C11,17-8-cb,biological_sample,17_8_cb,0.9935676579520815,0.9981154123081896,0.029195102531413046,0.9999999999999999,1.0000000000000002,64
2021-05-20_SNV_E200K,E200K,D02,19-082-ce,biological_sample,19_082_ce,0.9965793033741788,0.9986780851813644,0.018704786969073208,0.9999999999999999,1.0000000000000002,20
2021-05-20_SNV_E200K,E200K,D05,20-357-cau,biological_sample,20_357_cau,0.9991180184980133,0.9996028700897306,0.004986674482648198,0.9999999999999999,1.0000000000000002,15
2021-05-20_SNV_E200K,E200K,D08,20-169-fc,biological_sample,20_169_fc,0.9987425985293281,0.9994760002459726,0.007642799355220205,0.9999999999999999,1.0000000000000002,9
2021-05-20_SNV_E200K,E200K,D11,17-8-fr,biological_sample,17_8_fr,0.9960954389304072,0.9985907857831642,0.02024858659192419,0.9999999999999999,1.0000000000000002,31
2021-05-20_SNV_E200K,E200K,E02,19-082-fc,biological_sample,19_082_fc,0.9979514349302159,0.9990880158966218,0.012425470161743953,0.9999999999999999,1.0000000000000002,10
2021-05-20_SNV_E200K,E200K,E05,20-357-ce,biological_sample,20_357_ce,0.9990439637738301,0.999537006921958,0.006026220222816506,0.9999999999999999,1.0000000000000002,8
2021-05-20_SNV_E200K,E200K,E08,20-169-hip,biological_sample,20_169_hip,0.9984135145190645,0.9992844524902392,0.009581840841929984,0.9999999999999999,1.0000000000000002,10
2021-05-20_SNV_E200K,E200K,F02,19-082-hip,biological_sample,19_082_hip,0.9983099090044606,0.9992615539088247,0.010019247160914228,0.9999999999999999,1.0000000000000002,13
2021-05-20_SNV_E200K,E200K,F05,20-357-fc,biological_sample,20_357_fc,0.9987400182028124,0.9993803854661804,0.007947624608981048,0.9999999999999999,1.0000000000000002,9
2021-05-20_SNV_E200K,E200K,F08,20-169-mdb,biological_sample,20_169_mdb,0.9966189449161856,0.9991473293669134,0.015346417295912185,0.9999999999999999,1.0000000000000002,42
2021-05-20_SNV_E200K,E200K,F11,17-34-th,biological_sample,17_34_th,0.9940647353414683,0.9982309768859383,0.027382358642653915,0.9999999999999999,1.0000000000000002,56
2021-05-20_SNV_E200K,E200K,G02,19-082-mdb,biological_sample,19_082_mdb,0.9970141588159263,0.9987659527797862,0.016784302325378146,0.9999999999999999,1.0000000000000002,15
2021-05-20_SNV_E200K,E200K,G05,20-357-hip,biological_sample,20_357_hip,0.9989185993956925,0.9995048606835506,0.006402371075991077,0.9999999999999999,1.0000000000000002,17
2021-05-20_SNV_E200K,E200K,G08,20-169-th,biological_sample,20_169_th,0.9961442379126163,0.9993817937174162,0.014145738655239404,0.9999999999999999,1.0000000000000002,80
2021-05-20_SNV_E200K,E200K,G11,17-31-hc,biological_sample,17_31_hc,0.9983268190657788,0.9993837412054253,0.009091419090225376,0.9999999999999999,1.0000000000000002,18
2021-05-20_SNV_E200K,E200K,H02,19-082-th,biological_sample,19_082_th,0.9969609247202743,0.9987712205607233,0.016902454128371446,0.9999999999999999,1.0000000000000002,20
2021-05-20_SNV_E200K,E200K,H05,20-357-mdb,biological_sample,20_357_mdb,0.998357706983004,0.999300914834248,0.009702558415739386,0.9999999999999999,1.0000000000000002,17
2021-05-20_SNV_E200K,E200K,H08,19-082-cau,biological_sample,19_082_cau,0.9944632463059527,0.998732631641664,0.02269246150604421,0.9999999999999999,1.0000000000000002,78
2021-05-20_SNV_E200K,E200K,H11,17-32-cb,biological_sample,17_32_cb,0.9989497897454689,0.9995324743574585,0.006160788307586288,0.9999999999999999,1.0000000000000002,14
2021-05-20_SNV_E200K,E200K,H12,17-11-cb,biological_sample,17_11_cb,0.9981224605415738,0.9995536222947375,0.007646358766186835,0.9999999999999999,1.0000000000000002,43
2021-10-25_SNV_E200K,E200K,A01,NTC,NTC,ntc,0.9976929508412952,0.9999760139765359,0.006789856681712985,0.9999999999999999,1.0000000000000002,41
2021-10-25_SNV_E200K,E200K,B01,WT,WT_control,wt,0.997331461975534,0.9996920197639643,0.00940304485677107,0.9999999999999999,1.0000000000000002,24
2021-10-25_SNV_E200K,E200K,C01,E200K-mut,positive_control,,0.9210021652899207,0.9997013947144894,0.16489760798299935,0.9999999999999999,1.0000000000000002,1275
2021-10-25_SNV_E200K,E200K,D01,17-34-cb,biological_sample,17_34_cb,0.9985497160333955,0.9996859842264175,0.006645488653034262,0.9999999999999999,1.0000000000000002,23
2020-12-01_SNV_P102L,P102L,A01,17-34_bg,biological_sample,17_34_bg,0.9757396024569324,0.9998249818947046,0.05972148518573064,0.9999999999999999,1.0000000000000002,718
2020-12-01_SNV_P102L,P102L,A04,17-13_bg,biological_sample,17_13_bg,0.9940997399360642,0.9998504639089003,0.01699081463110007,0.9999999999999999,1.0000000000000002,133
2020-12-01_SNV_P102L,P102L,A05,18-5_bg,biological_sample,18_5_bg,0.9945303032287925,0.9999281453656131,0.014982499577834558,0.9999999999999999,1.0000000000000002,125
2020-12-01_SNV_P102L,P102L,A06,18-1_bg,biological_sample,18_1_bg,0.9971871932016584,0.9998811594217589,0.009410424081878192,0.9999999999999999,1.0000000000000002,62
2020-12-01_SNV_P102L,P102L,A08,17-30_bg,biological_sample,17_30_bg,0.9935578897377303,0.9997800437941866,0.020561296926712335,0.9999999999999999,1.0000000000000002,140
2020-12-01_SNV_P102L,P102L,A09,17-20_bg,biological_sample,17_20_bg,0.9954094348245087,0.9997843183442968,0.015730863982963174,0.9999999999999999,1.0000000000000002,114
2020-12-01_SNV_P102L,P102L,A10,18-31_sn,biological_sample,18_31_sn,0.9985859080881233,0.9999094014050327,0.004904419805666207,0.9999999999999999,1.0000000000000002,40
2020-12-01_SNV_P102L,P102L,A11,17-8_bg,biological_sample,17_8_bg,0.9989034589519236,0.9999223461475202,0.0037087041265549204,0.9999999999999999,1.0000000000000002,30
2020-12-01_SNV_P102L,P102L,A12,NTC,NTC,ntc,0.9999410644913644,0.9999747318524697,4.015401465358564e-4,0.9999999999999999,1.0000000000000002,1
2020-12-01_SNV_P102L,P102L,B04,17-13_cb,biological_sample,17_13_cb,0.9915391882324205,0.999892978481798,0.022083677451432786,0.9999999999999999,1.0000000000000002,233
2020-12-01_SNV_P102L,P102L,B05,18-5_cb,biological_sample,18_5_cb,0.9950534985253768,0.9997357522406346,0.017759801934204508,0.9999999999999999,1.0000000000000002,81
2020-12-01_SNV_P102L,P102L,B06,18-1_cb,biological_sample,18_1_cb,0.983950920745795,0.9998092984143163,0.04126279565294794,0.9999999999999999,1.0000000000000002,466
2020-12-01_SNV_P102L,P102L,B08,17-30_fr,biological_sample,17_30_fr,0.9950596233567297,0.9999106385478813,0.012978609208392984,0.9999999999999999,1.0000000000000002,139
2020-12-01_SNV_P102L,P102L,B09,17-20_cb,biological_sample,17_20_cb,0.99347286794899,0.9996923574068017,0.02135823800126197,0.9999999999999999,1.0000000000000002,161
2020-12-01_SNV_P102L,P102L,B10,18-31_th,biological_sample,18_31_th,0.9985845061039549,0.9999088126320343,0.004812930100484698,0.9999999999999999,1.0000000000000002,34
2020-12-01_SNV_P102L,P102L,B11,17-8_cb,biological_sample,17_8_cb,0.9987695051627788,0.9999252815019797,0.003812538205367006,0.9999999999999999,1.0000000000000002,37
2020-12-01_SNV_P102L,P102L,B12,WT,WT_control,wt,0.9943586867519101,0.9998198753169306,0.01594650040676941,0.9999999999999999,1.0000000000000002,157
2020-12-01_SNV_P102L,P102L,C01,17-34_fr,biological_sample,17_34_fr,0.9788875208619664,0.9997389016474519,0.054303184966225264,0.9999999999999999,1.0000000000000002,529
2020-12-01_SNV_P102L,P102L,C04,17-13_hc,biological_sample,17_13_hc,0.9920918470854577,0.9999072859366456,0.020194325080910694,0.9999999999999999,1.0000000000000002,224
2020-12-01_SNV_P102L,P102L,C05,18-5_fr,biological_sample,18_5_fr,0.9949603337537779,0.9999090689629322,0.013294680863785657,0.9999999999999999,1.0000000000000002,152
2020-12-01_SNV_P102L,P102L,C06,18-1_fr,biological_sample,18_1_fr,0.9848452426156244,0.9998766826783616,0.03836981214952547,0.9999999999999999,1.0000000000000002,445
2020-12-01_SNV_P102L,P102L,C08,17-30_hc,biological_sample,17_30_hc,0.9965989143324502,0.9998910479101583,0.010829195666925997,0.9999999999999999,1.0000000000000002,78
2020-12-01_SNV_P102L,P102L,C09,17-20_fr,biological_sample,17_20_fr,0.9900323135576409,0.9995598894634163,0.03111307069196364,0.9999999999999999,1.0000000000000002,236
2020-12-01_SNV_P102L,P102L,C12,P102L-mut,positive_control,,0.9597871865473728,0.9999790520215186,0.07223047556190246,0.9999999999999999,1.0000000000000002,1816
2020-12-01_SNV_P102L,P102L,D01,17-34_sn,biological_sample,17_34_sn,0.9869848474977799,0.999801038168902,0.03538083364666668,0.9999999999999999,1.0000000000000002,331
2020-12-01_SNV_P102L,P102L,D02,17-5_cb,biological_sample,17_5_cb,0.96325186597524,0.9998208285055775,0.08731733546883402,0.9999999999999999,1.0000000000000002,1098
2020-12-01_SNV_P102L,P102L,D04,17-13_sn,biological_sample,17_13_sn,0.9885275435788995,0.9998901679435446,0.029222800668905858,0.9999999999999999,1.0000000000000002,259
2020-12-01_SNV_P102L,P102L,D05,18-5_hc,biological_sample,18_5_hc,0.9953744863129257,0.9999002202297925,0.012921375845778401,0.9999999999999999,1.0000000000000002,116
2020-12-01_SNV_P102L,P102L,D06,18-1_hc,biological_sample,18_1_hc,0.9950445876940567,0.999877755321269,0.0150745033536815,0.9999999999999999,1.0000000000000002,104
2020-12-01_SNV_P102L,P102L,D07,17-32_hc,biological_sample,17_32_hc,0.9969902341492486,0.9998829970893106,0.009737946057859888,0.9999999999999999,1.0000000000000002,71
2020-12-01_SNV_P102L,P102L,D08,17-30_sn,biological_sample,17_30_sn,0.993613407918176,0.9998607044805663,0.019102660947833357,0.9999999999999999,1.0000000000000002,160
2020-12-01_SNV_P102L,P102L,D09,17-20_sn,biological_sample,17_20_sn,0.9865365894977257,0.9995349473905809,0.03884783208284049,0.9999999999999999,1.0000000000000002,379
2020-12-01_SNV_P102L,P102L,E01,17-34-th,biological_sample,17_34_th,0.95416032899191106,0.9992918574402581,0.10858084116662646,0.9999999999999999,1.0000000000000002,1152
2020-12-01_SNV_P102L,P102L,E02,17-5_fr,biological_sample,17_5_fr,0.9696164280988772,0.9998047421828475,0.07352878624733158,0.9999999999999999,1.0000000000000002,891
2020-12-01_SNV_P102L,P102L,E04,17-13_th,biological_sample,17_13_th,0.9924540786552488,0.999906343460411,0.019608609423611242,0.9999999999999999,1.0000000000000002,209
2020-12-01_SNV_P102L,P102L,E05,18-5_sn,biological_sample,18_5_sn,0.9955705512989448,0.9999080528443227,0.012102566509491628,0.9999999999999999,1.0000000000000002,126
2020-12-01_SNV_P102L,P102L,E06,17-31_bg,biological_sample,17_31_bg,0.9875553249595848,0.9996422162030314,0.035615968785684904,0.9999999999999999,1.0000000000000002,287
2020-12-01_SNV_P102L,P102L,E07,17-32_sn,biological_sample,17_32_sn,0.9930928460032052,0.9998313334191092,0.019041677372004195,0.9999999999999999,1.0000000000000002,177
2020-12-01_SNV_P102L,P102L,E08,17-30_th,biological_sample,17_30_th,0.9949356692869622,0.9998732540100013,0.014896803923659146,0.9999999999999999,1.0000000000000002,143
2020-12-01_SNV_P102L,P102L,E09,17-20_th,biological_sample,17_20_th,0.9967597309323599,0.9998389929812219,0.011508876943732756,0.9999999999999999,1.0000000000000002,77
2020-12-01_SNV_P102L,P102L,F02,17-5_th,biological_sample,17_5_th,0.9859641987325363,0.9998202249707371,0.03751992753442187,0.9999999999999999,1.0000000000000002,350
2020-12-01_SNV_P102L,P102L,F04,17-15_cb,biological_sample,17_15_cb,0.9837830262169451,0.9998358223875584,0.041055996365991304,0.9999999999999999,1.0000000000000002,418
2020-12-01_SNV_P102L,P102L,F05,18-5_th,biological_sample,18_5_th,0.9877910227751872,0.9998937593017885,0.030967641213343177,0.9999999999999999,1.0000000000000002,378
2020-12-01_SNV_P102L,P102L,F06,17-31_hc,biological_sample,17_31_hc,0.9969099980941772,0.999859942929317,0.010514263150845934,0.9999999999999999,1.0000000000000002,69
2020-12-01_SNV_P102L,P102L,F07,17-32_th,biological_sample,17_32_th,0.9969065627957413,0.9998490264272426,0.01078061436240509,0.9999999999999999,1.0000000000000002,64
2020-12-01_SNV_P102L,P102L,G06,17-31_sn,biological_sample,17_31_sn,0.9704006837238249,0.9987948320328894,0.07753425379442658,0.9999999999999999,1.0000000000000002,670
2020-12-01_SNV_P102L,P102L,H06,17-31_th,biological_sample,17_31_th,0.9949698113727017,0.9998688376611164,0.013819894904038883,0.9999999999999999,1.0000000000000002,134
2021-01-26_SNV_P102L,P102L,A03,NTC,NTC,ntc,0.9917585584921883,0.9999879683889743,0.020765512122042227,0.9999999999999999,1.0000000000000002,232
2021-01-26_SNV_P102L,P102L,A06,924486-th,biological_sample,924486_th,0.9815358017997112,0.9997222099598335,0.04827505119079345,0.9999999999999999,1.0000000000000002,500
2021-01-26_SNV_P102L,P102L,A09,955427-bg,biological_sample,955427_bg,0.953638378803344,0.9975716821887896,0.11528047288416703,0.9999999999999999,1.0000000000000002,1308
2021-01-26_SNV_P102L,P102L,B03,P102L-mut,positive_control,,0.9678730267886443,0.9999690590976784,0.07035453659029339,0.9999999999999999,1.0000000000000002,1114
2021-01-26_SNV_P102L,P102L,B06,953891-bg,biological_sample,953891_bg,0.9740308322022221,0.9997742856182236,0.06401646986192686,0.9999999999999999,1.0000000000000002,789
2021-01-26_SNV_P102L,P102L,B09,955427-cb,biological_sample,955427_cb,0.907241433083375,0.9776075228495782,0.21644331217338303,0.9999999999999999,1.0000000000000002,2545
2021-01-26_SNV_P102L,P102L,C03,WT,WT_control,wt,0.974885116090141,0.9998581661911745,0.061233651590985344,0.9999999999999999,1.0000000000000002,798
2021-01-26_SNV_P102L,P102L,C06,953891-cb,biological_sample,953891_cb,0.9736987051706779,0.9995980424968032,0.067001684761852,0.9999999999999999,1.0000000000000002,743
2021-01-26_SNV_P102L,P102L,C09,955427-fr,biological_sample,955427_fr,0.9018259186086787,0.9747518264723258,0.22649324812592017,0.9999999999999999,1.0000000000000002,3023
2021-01-26_SNV_P102L,P102L,D03,924486-bg,biological_sample,924486_bg,0.98030018343232,0.9998707886202772,0.04909774527001307,0.9999999999999999,1.0000000000000002,596
2021-01-26_SNV_P102L,P102L,D06,953891-fr,biological_sample,953891_fr,0.9775790741535644,0.9998039638689687,0.05690817630273245,0.9999999999999999,1.0000000000000002,602
2021-01-26_SNV_P102L,P102L,D09,955427-hc,biological_sample,955427_hc,0.9327026497567853,0.9895997682090248,0.16711979852841055,0.9999999999999999,1.0000000000000002,1919
2021-01-26_SNV_P102L,P102L,E03,924486-cb,biological_sample,924486_cb,0.9598492145125306,0.999713184901033,0.09554224867194597,0.9999999999999999,1.0000000000000002,1274
2021-01-26_SNV_P102L,P102L,E06,953891-hc,biological_sample,953891_hc,0.975517094808886,0.9998635750903955,0.06004833953748956,0.9999999999999999,1.0000000000000002,785
2021-01-26_SNV_P102L,P102L,E09,955427-sn,biological_sample,955427_sn,0.8928768883088369,0.9629192381778371,0.24825856070540742,0.9999999999999999,1.0000000000000002,3096
2021-01-26_SNV_P102L,P102L,F03,924486-fr,biological_sample,924486_fr,0.971391848941534,0.9998543108205485,0.0692774320968285,0.9999999999999999,1.0000000000000002,883
2021-01-26_SNV_P102L,P102L,F06,953891-sn,biological_sample,953891_sn,0.975922709821654,0.999713386690567,0.06052991914743515,0.9999999999999999,1.0000000000000002,701
2021-01-26_SNV_P102L,P102L,F09,955427-th,biological_sample,955427_th,0.917457552591172,0.9849634975677082,0.1955537725501108,0.9999999999999999,1.0000000000000002,2543
2021-01-26_SNV_P102L,P102L,G03,924486-hc,biological_sample,924486_hc,0.9717852492993199,0.999864640342476,0.0671013077699168,0.9999999999999999,1.0000000000000002,898
2021-01-26_SNV_P102L,P102L,G06,953891-th,biological_sample,953891_th,0.979029273463256,0.9998940251023458,0.05098986622285673,0.9999999999999999,1.0000000000000002,576
2021-01-26_SNV_P102L,P102L,G09,929474-bg,biological_sample,929474_bg,0.8981823822854331,0.971975305897067,0.23225587325283,0.9999999999999999,1.0000000000000002,3023
2021-01-26_SNV_P102L,P102L,H03,924486-sn,biological_sample,924486_sn,0.9747121723524697,0.9998587124358174,0.06002827115548456,0.9999999999999999,1.0000000000000002,778
2021-01-26_SNV_P102L,P102L,H06,18-5-th,biological_sample,18_5_th,0.9677844905575035,0.9998235191506878,0.07782512779283993,0.9999999999999999,1.0000000000000002,945
2021-01-26_SNV_P102L,P102L,H09,929474-cb,biological_sample,929474_cb,0.8851825713883449,0.9537011315628375,0.26289477667832606,0.9999999999999999,1.0000000000000002,3482
2021-01-28_SNV_P102L,P102L,A03,NTC,NTC,ntc,0.999990400986377,0.999993551375347,1.1236492099959206e-4,0.9999999999999999,1.0000000000000002,0
2021-01-28_SNV_P102L,P102L,A06,933892-th,biological_sample,933892_th,0.999153454490938,0.9999146138630414,0.0034934420817092533,0.9999999999999999,1.0000000000000002,14
2021-01-28_SNV_P102L,P102L,A09,238501-cb,biological_sample,238501_cb,0.9991505725203089,0.9999264477048381,0.003588111095643938,0.9999999999999999,1.0000000000000002,15
2021-01-28_SNV_P102L,P102L,B03,WT,WT_control,wt,0.9992353077447342,0.9999258699484286,0.0028376133515558948,0.9999999999999999,1.0000000000000002,16
2021-01-28_SNV_P102L,P102L,B06,943497-bg,biological_sample,943497_bg,0.9983904556783414,0.9999055551259477,0.005636736047164121,0.9999999999999999,1.0000000000000002,33
2021-01-28_SNV_P102L,P102L,B09,238501-fr,biological_sample,238501_fr,0.9993879826897315,0.9999149827168066,0.0029178262885350653,0.9999999999999999,1.0000000000000002,9
2021-01-28_SNV_P102L,P102L,C03,P102L-mut,positive_control,,0.9359879713671412,0.9999883954990039,0.1408475787663721,0.9999999999999999,1.0000000000000002,2599
2021-01-28_SNV_P102L,P102L,C06,943497-cb,biological_sample,943497_cb,0.9994382766749466,0.9999209137359654,0.002458847263522001,0.9999999999999999,1.0000000000000002,10
2021-01-28_SNV_P102L,P102L,C09,238501-hc,biological_sample,238501_hc,0.9993927079760921,0.9999216676569607,0.0026794146511558634,0.9999999999999999,1.0000000000000002,12
2021-01-28_SNV_P102L,P102L,D03,933892-bg,biological_sample,933892_bg,0.9992660329129516,0.9999248200411116,0.0027109953422792613,0.9999999999999999,1.0000000000000002,20
2021-01-28_SNV_P102L,P102L,D06,943497-fr,biological_sample,943497_fr,0.9995236957423771,0.9999264804650702,0.0021709692813095083,0.9999999999999999,1.0000000000000002,8
2021-01-28_SNV_P102L,P102L,E03,933892-cb,biological_sample,933892_cb,0.9994494503702452,0.9999190943183572,0.0026836178693406226,0.9999999999999999,1.0000000000000002,8
2021-01-28_SNV_P102L,P102L,E06,943497-hc,biological_sample,943497_hc,0.9995029374802181,0.9999185409914797,0.0024591806909033884,0.9999999999999999,1.0000000000000002,7
2021-01-28_SNV_P102L,P102L,E09,238501-th,biological_sample,238501_th,0.9989145601894461,0.9999108773607387,0.004362629656393988,0.9999999999999999,1.0000000000000002,20
2021-01-28_SNV_P102L,P102L,F03,933892-fr,biological_sample,933892_fr,0.9991998318250241,0.9999125355364027,0.0033782382299553464,0.9999999999999999,1.0000000000000002,14
2021-01-28_SNV_P102L,P102L,F06,943497-sn,biological_sample,943497_sn,0.999408130731076,0.9999211856148702,0.002573405970208872,0.9999999999999999,1.0000000000000002,11
2021-01-28_SNV_P102L,P102L,F09,929474-fr,biological_sample,929474_fr,0.9994240983757958,0.9999237121878295,0.0025018314923747204,0.9999999999999999,1.0000000000000002,11
2021-01-28_SNV_P102L,P102L,G03,933892-hc,biological_sample,933892_hc,0.9993816353091985,0.9999227640264332,0.0024377541824940094,0.9999999999999999,1.0000000000000002,12
2021-01-28_SNV_P102L,P102L,G06,943497-th,biological_sample,943497_th,0.9993449485569789,0.9999279240999286,0.002471278571432531,0.9999999999999999,1.0000000000000002,14
2021-01-28_SNV_P102L,P102L,G09,929474-hc,biological_sample,929474_hc,0.9995744187104643,0.9999236495721581,0.0021034956457313798,0.9999999999999999,1.0000000000000002,6
2021-01-28_SNV_P102L,P102L,H03,933892-sn,biological_sample,933892_sn,0.9992524920197607,0.9999283767705657,0.0025743228117993387,0.9999999999999999,1.0000000000000002,19
2021-01-28_SNV_P102L,P102L,H06,238501-bg,biological_sample,238501_bg,0.9994869445258259,0.999917916973552,0.002570519621158419,0.9999999999999999,1.0000000000000002,6
2021-02-02_SNV_P102L,P102L,A01,NTC,NTC,ntc,0.9999704143054611,0.9999938116671533,1.819879770494276e-4,0.9999999999999999,1.0000000000000002,0
2021-02-02_SNV_P102L,P102L,A02,18-17-cb,biological_sample,18_17_cb,0.9991937439481305,0.9999214152746093,0.0030469327038531893,0.9999999999999999,1.0000000000000002,15
2021-02-02_SNV_P102L,P102L,A03,18-24-sn,biological_sample,18_24_sn,0.9990059379152783,0.9999107257521134,0.003837976411567557,0.9999999999999999,1.0000000000000002,21
2021-02-02_SNV_P102L,P102L,A04,17-20-fr,biological_sample,17_20_fr,0.9991330983467124,0.9999211321094924,0.0031524389571406914,0.9999999999999999,1.0000000000000002,22
2021-02-02_SNV_P102L,P102L,A05,18-1-bg,biological_sample,18_1_bg,0.9993068831352248,0.9999229674491734,0.0026895551887787194,0.9999999999999999,1.0000000000000002,18
2021-02-02_SNV_P102L,P102L,A06,18-6-bg,biological_sample,18_6_bg,0.9991382396861633,0.999904864023587,0.0037323347258757062,0.9999999999999999,1.0000000000000002,15
2021-02-02_SNV_P102L,P102L,A08,14-24-sn,biological_sample,14_24_sn,0.991701020894495,0.9997890245777981,0.02501485913550822,0.9999999999999999,1.0000000000000002,215
2021-02-02_SNV_P102L,P102L,B01,WT,WT_control,wt,0.9991648102174794,0.9999210806026229,0.0032388372882023947,0.9999999999999999,1.0000000000000002,13
2021-02-02_SNV_P102L,P102L,B02,18-17-fr,biological_sample,18_17_fr,0.9992236415693261,0.9999173286473204,0.0032023280388572377,0.9999999999999999,1.0000000000000002,15
2021-02-02_SNV_P102L,P102L,B03,18-24-th,biological_sample,18_24_th,0.9994880270206464,0.9999225601288562,0.002301644197515134,0.9999999999999999,1.0000000000000002,9
2021-02-02_SNV_P102L,P102L,B04,17-20-sn,biological_sample,17_20_sn,0.9993530513622546,0.9999269523783908,0.0024306659029229628,0.9999999999999999,1.0000000000000002,15
2021-02-02_SNV_P102L,P102L,B05,18-1-cb,biological_sample,18_1_cb,0.999384116833905,0.9999324670441323,0.0022315120994386103,0.9999999999999999,1.0000000000000002,15
2021-02-02_SNV_P102L,P102L,B06,18-6-cb,biological_sample,18_6_cb,0.9996496136158033,0.999922064953585,0.0019488446604545443,0.9999999999999999,1.0000000000000002,6
2021-02-02_SNV_P102L,P102L,B08,14-24-th,biological_sample,14_24_th,0.9983627095570915,0.9998758123433797,0.006397471276108685,0.9999999999999999,1.0000000000000002,33
2021-02-02_SNV_P102L,P102L,C01,P102L-mut,positive_control,,0.9178758646646806,0.9999355011508704,0.1762200118035895,0.9999999999999999,1.0000000000000002,3116
2021-02-02_SNV_P102L,P102L,C02,18-17-sn,biological_sample,18_17_sn,0.9995110729511605,0.9999189073819215,0.002636161718736942,0.9999999999999999,1.0000000000000002,4
2021-02-02_SNV_P102L,P102L,C03,18-31-bg,biological_sample,18_31_bg,0.9992724191742159,0.9999230926719004,0.0027831480479896357,0.9999999999999999,1.0000000000000002,15
2021-02-02_SNV_P102L,P102L,C04,17-20-th,biological_sample,17_20_th,0.9995299565473329,0.9999335270318561,0.0019308148333554184,0.9999999999999999,1.0000000000000002,9
2021-02-02_SNV_P102L,P102L,C05,18-1-fr,biological_sample,18_1_fr,0.9994422087365831,0.9999249443734186,0.0023163097758639624,0.9999999999999999,1.0000000000000002,14
2021-02-02_SNV_P102L,P102L,C06,18-6-fr,biological_sample,18_6_fr,0.9994618641450138,0.9999238965122554,0.002406140325680597,0.9999999999999999,1.0000000000000002,12
2021-02-02_SNV_P102L,P102L,C08,18-31-cb,biological_sample,18_31_cb,0.9951028084700366,0.9998574434007259,0.013693315542002373,0.9999999999999999,1.0000000000000002,125
2021-02-02_SNV_P102L,P102L,D01,14-24-bg,biological_sample,14_24_bg,0.9439702276323079,0.9966859713097819,0.1368439063394566,0.9999999999999999,1.0000000000000002,2515
2021-02-02_SNV_P102L,P102L,D02,18-17-th,biological_sample,18_17_th,0.9992197881192465,0.9999238906088921,0.003015546590804484,0.9999999999999999,1.0000000000000002,18
2021-02-02_SNV_P102L,P102L,D03,18-31-hc,biological_sample,18_31_hc,0.999476385993055,0.9999259566018359,0.002315999320395146,0.9999999999999999,1.0000000000000002,12
2021-02-02_SNV_P102L,P102L,D04,17-32-bg,biological_sample,17_32_bg,0.9993719331345291,0.9999247371492622,0.002552888738467643,0.9999999999999999,1.0000000000000002,11
2021-02-02_SNV_P102L,P102L,D05,18-1-hc,biological_sample,18_1_hc,0.9993655274133486,0.9999281634294092,0.002349904953142777,0.9999999999999999,1.0000000000000002,16
2021-02-02_SNV_P102L,P102L,D06,18-6-hc,biological_sample,18_6_hc,0.9994830493259448,0.999923852355147,0.0022310542739847447,0.9999999999999999,1.0000000000000002,10
2021-02-02_SNV_P102L,P102L,D08,18-31-fr,biological_sample,18_31_fr,0.998468361280898,0.9999075875284253,0.005134903423393578,0.9999999999999999,1.0000000000000002,40
2021-02-02_SNV_P102L,P102L,E02,18-24-bg,biological_sample,18_24_bg,0.998768500960721,0.999903767621694,0.0050796716531824,0.9999999999999999,1.0000000000000002,19
2021-02-02_SNV_P102L,P102L,E03,18-31-sn,biological_sample,18_31_sn,0.9994309482303304,0.999920241797443,0.002540375003742453,0.9999999999999999,1.0000000000000002,11
2021-02-02_SNV_P102L,P102L,E04,17-32-cb,biological_sample,17_32_cb,0.9995891860379877,0.9999321085400251,0.0017929774739830241,0.9999999999999999,1.0000000000000002,10
2021-02-02_SNV_P102L,P102L,E05,18-5-cb,biological_sample,18_5_cb,0.9996918732510234,0.9999264214453599,0.0016604149640529842,0.9999999999999999,1.0000000000000002,6
2021-02-02_SNV_P102L,P102L,E06,18-17-hc,biological_sample,18_17_hc,0.9994962188966726,0.9999255691592206,0.0021861910988374136,0.9999999999999999,1.0000000000000002,9
2021-02-02_SNV_P102L,P102L,E08,17-32-sn,biological_sample,17_32_sn,0.9972285670032209,0.9998720080444736,0.00861502496979708,0.9999999999999999,1.0000000000000002,75
2021-02-02_SNV_P102L,P102L,F01,14-24-fr,biological_sample,14_24_fr,0.9995198865052742,0.9999304970574391,0.0022298923922337522,0.9999999999999999,1.0000000000000002,12
2021-02-02_SNV_P102L,P102L,F02,18-24-cb,biological_sample,18_24_cb,0.9943796769659734,0.9997838412317319,0.018677708399422642,0.9999999999999999,1.0000000000000002,118
2021-02-02_SNV_P102L,P102L,F03,18-31-th,biological_sample,18_31_th,0.9997341215154082,0.9999299766467843,0.0015174941162692183,0.9999999999999999,1.0000000000000002,6
2021-02-02_SNV_P102L,P102L,F04,17-32-fr,biological_sample,17_32_fr,0.9995554286204726,0.9999265127286753,0.002058409999096766,0.9999999999999999,1.0000000000000002,9
2021-02-02_SNV_P102L,P102L,F05,18-5-fr,biological_sample,18_5_fr,0.9995538054601059,0.9999319552183926,0.0018501454510397551,0.9999999999999999,1.0000000000000002,10
2021-02-02_SNV_P102L,P102L,F08,18-5-bg,biological_sample,18_5_bg,0.9984304077757489,0.9998784307581943,0.00587172313661135,0.9999999999999999,1.0000000000000002,35
2021-02-02_SNV_P102L,P102L,G01,14-24-hc,biological_sample,14_24_hc,0.9991549371159087,0.9999263726073176,0.0036435345267673454,0.9999999999999999,1.0000000000000002,14
2021-02-02_SNV_P102L,P102L,G02,18-24-fr,biological_sample,18_24_fr,0.9982199568238607,0.9998757355382765,0.007190552347993121,0.9999999999999999,1.0000000000000002,32
2021-02-02_SNV_P102L,P102L,G03,17-20-bg,biological_sample,17_20_bg,0.999485120840951,0.9999308418060259,0.001998044767744899,0.9999999999999999,1.0000000000000002,10
2021-02-02_SNV_P102L,P102L,G04,17-32-hc,biological_sample,17_32_hc,0.999516934670559,0.999926344721411,0.0021540419306656537,0.9999999999999999,1.0000000000000002,9
2021-02-02_SNV_P102L,P102L,G05,18-5-hc,biological_sample,18_5_hc,0.9993392306813799,0.9999253184808117,0.0025277747000610816,0.9999999999999999,1.0000000000000002,20
2021-02-02_SNV_P102L,P102L,G08,18-5-sn,biological_sample,18_5_sn,0.9994069394679468,0.9999029951870672,0.002909589074676682,0.9999999999999999,1.0000000000000002,8
2021-02-02_SNV_P102L,P102L,H01,18-17-bg,biological_sample,18_17_bg,0.9993038087222674,0.9999252285710603,0.0027888502661775846,0.9999999999999999,1.0000000000000002,21
2021-02-02_SNV_P102L,P102L,H02,18-24-hc,biological_sample,18_24_hc,0.9982253179062381,0.9998757989656332,0.006879650684144402,0.9999999999999999,1.0000000000000002,28
2021-02-02_SNV_P102L,P102L,H03,17-20-cb,biological_sample,17_20_cb,0.9996062167974992,0.9999266611137391,0.0018543485182545923,0.9999999999999999,1.0000000000000002,7
2021-02-02_SNV_P102L,P102L,H04,17-32-th,biological_sample,17_32_th,0.999355399059094,0.9999286786003009,0.0023294156262279493,0.9999999999999999,1.0000000000000002,20
2021-02-02_SNV_P102L,P102L,H05,18-5-th,biological_sample,18_5_th,0.999395219841149,0.9999232788389748,0.00265806902385421,0.9999999999999999,1.0000000000000002,11
2021-02-17_SNV_P102L,P102L,A03,NTC,NTC,ntc,0.9999515507795278,0.9999907324747135,2.332576517510191e-4,0.9999999999999999,1.0000000000000002,1
2021-02-17_SNV_P102L,P102L,A06,CJD-20-08-bg,biological_sample,20_08_bg,0.9992920256616241,0.9999187080391289,0.0031766338606601294,0.9999999999999999,1.0000000000000002,11
2021-02-17_SNV_P102L,P102L,A09,P102L-mut,positive_control,,0.9289173114533621,0.9999536517136951,0.15579152065361107,0.9999999999999999,1.0000000000000002,2913
2021-02-17_SNV_P102L,P102L,B03,WT,WT_control,wt,0.9987353302978242,0.9999120913016917,0.00478120057117164,0.9999999999999999,1.0000000000000002,23
2021-02-17_SNV_P102L,P102L,B06,CJD-20-08-cb,biological_sample,20_08_cb,0.999065114242637,0.9999183411101936,0.003598073063930381,0.9999999999999999,1.0000000000000002,20
2021-02-17_SNV_P102L,P102L,C03,CJD-13-21-bg,biological_sample,13_21_bg,0.9990423101005517,0.9999154338573526,0.003807396721412354,0.9999999999999999,1.0000000000000002,16
2021-02-17_SNV_P102L,P102L,C06,CJD-20-08-fr,biological_sample,20_08_fr,0.9995128449943893,0.9999249563127157,0.002286168628900107,0.9999999999999999,1.0000000000000002,6
2021-02-17_SNV_P102L,P102L,C09,CJD-14-24-cb,biological_sample,14_24_cb,0.964111964104803,0.9980994608137859,0.09229705371346078,0.9999999999999999,1.0000000000000002,1083
2021-02-17_SNV_P102L,P102L,D03,CJD-17-12-sn,biological_sample,17_12_sn,0.9995948781791156,0.9999156502862567,0.0022031699591018466,0.9999999999999999,1.0000000000000002,6
2021-02-17_SNV_P102L,P102L,D06,CJD-20-08-sn,biological_sample,20_08_sn,0.9995701472616345,0.9999347152024884,0.0018522556178794372,0.9999999999999999,1.0000000000000002,9
2021-02-17_SNV_P102L,P102L,E03,CJD-13-21-fr,biological_sample,13_21_fr,0.9992918257640102,0.9999259454950479,0.0027720256335492057,0.9999999999999999,1.0000000000000002,16
2021-02-17_SNV_P102L,P102L,E06,CJD-15-1-fr,biological_sample,15_1_fr,0.9992068075941364,0.9999330950391975,0.003331107662825852,0.9999999999999999,1.0000000000000002,15
2021-02-17_SNV_P102L,P102L,F03,CJD-13-21-sn,biological_sample,13_21_sn,0.9992505267818257,0.9999227152596571,0.0031481170503277717,0.9999999999999999,1.0000000000000002,12
2021-02-17_SNV_P102L,P102L,G06,CJD-17-30-cb,biological_sample,17_30_cb,0.9993272350953142,0.9999268858391057,0.002728530890222787,0.9999999999999999,1.0000000000000002,14
2021-02-17_SNV_P102L,P102L,H03,CJD-15-27-fr,biological_sample,15_27_fr,0.9994635164887297,0.9999328043830498,0.001978054742676043,0.9999999999999999,1.0000000000000002,15
2021-02-17_SNV_P102L,P102L,H06,CJD-17-31-cb,biological_sample,17_31_cb,0.9992016215517484,0.9999264490500106,0.0029172259180838323,0.9999999999999999,1.0000000000000002,21
2021-02-18_SNV_P102L,P102L,A03,NTC,NTC,ntc,0.9999864859688592,0.9999931914027851,1.347909178069662e-4,0.9999999999999999,1.0000000000000002,0
2021-02-18_SNV_P102L,P102L,A06,P102L-mut,positive_control,,0.9541083496678487,0.9917745844054919,0.12772274277079193,0.9999999999999999,1.0000000000000002,1328
2021-02-18_SNV_P102L,P102L,A09,CJD-17-8-bg,biological_sample,17_8_bg,0.9995804129013638,0.9999263189699636,0.0018707064852508434,0.9999999999999999,1.0000000000000002,9
2021-02-18_SNV_P102L,P102L,B03,WT,WT_control,wt,0.9994569789799272,0.9999313566749157,0.0022934702256832504,0.9999999999999999,1.0000000000000002,12
2021-02-18_SNV_P102L,P102L,B06,CJD-17-11-bg,biological_sample,17_11_bg,0.998401124683733,0.9998789378599008,0.006932028802532418,0.9999999999999999,1.0000000000000002,21
2021-02-18_SNV_P102L,P102L,B09,CJD-17-8-cb,biological_sample,17_8_cb,0.999730483380729,0.9999215060017229,0.0016584111214891892,0.9999999999999999,1.0000000000000002,4
2021-02-18_SNV_P102L,P102L,C03,CJD-15-1-bg,biological_sample,15_1_bg,0.9993520161647496,0.9999187955056587,0.00281790289894156,0.9999999999999999,1.0000000000000002,16
2021-02-18_SNV_P102L,P102L,C06,CJD-17-11-fr,biological_sample,17_11_fr,0.997640780633315,0.9998743351725303,0.008738665797213297,0.9999999999999999,1.0000000000000002,46
2021-02-18_SNV_P102L,P102L,C09,CJD-17-8-fr,biological_sample,17_8_fr,0.9996423529914693,0.9999223626040618,0.001957741860903627,0.9999999999999999,1.0000000000000002,4
2021-02-18_SNV_P102L,P102L,D03,CJD-15-1-cb,biological_sample,15_1_cb,0.9995466350350931,0.9999176251975748,0.0024943488614537004,0.9999999999999999,1.0000000000000002,4
2021-02-18_SNV_P102L,P102L,D06,CJD-17-11-hc,biological_sample,17_11_hc,0.9561199247027576,0.9986361789423193,0.1079209569190322,0.9999999999999999,1.0000000000000002,1333
2021-02-18_SNV_P102L,P102L,E03,CJD-15-1-th,biological_sample,15_1_th,0.9954722192723052,0.9998831817389913,0.01575031684713204,0.9999999999999999,1.0000000000000002,89
2021-02-18_SNV_P102L,P102L,E06,CJD-17-12-bg,biological_sample,17_12_bg,0.999387639111584,0.9999142985159464,0.003078895262259148,0.9999999999999999,1.0000000000000002,7
2021-02-18_SNV_P102L,P102L,F06,CJD-17-12-fr,biological_sample,17_12_fr,0.9930667198700146,0.9998163906958528,0.02138670216854614,0.9999999999999999,1.0000000000000002,157
2021-02-18_SNV_P102L,P102L,G03,CJD-17-11-cb,biological_sample,17_11_cb,0.9994017916232542,0.999938735648641,0.002522714584580801,0.9999999999999999,1.0000000000000002,11
2021-02-18_SNV_P102L,P102L,H03,CJD-17-12-th,biological_sample,17_12_th,0.999078992321837,0.9999009757271976,0.004048653194596711,0.9999999999999999,1.0000000000000002,21
2021-03-05_SNV_P102L,P102L,A03,NTC,NTC,ntc,0.9999729810673201,0.9999902977467405,2.489939024023659e-4,0.9999999999999999,1.0000000000000002,0
2021-03-05_SNV_P102L,P102L,A07,19-29-fr,biological_sample,19_29_fr,0.9874955376147188,0.9998678841313434,0.036665281773307475,0.9999999999999999,1.0000000000000002,290
2021-03-05_SNV_P102L,P102L,B03,WT,WT_control,wt,0.997549472141151,0.9999027664122729,0.008839857937565185,0.9999999999999999,1.0000000000000002,40
2021-03-05_SNV_P102L,P102L,B07,15-27-fr,biological_sample,15_27_fr,0.9745743012399146,0.9993617718127593,0.0684237320171965,0.9999999999999999,1.0000000000000002,570
2021-03-05_SNV_P102L,P102L,C03,P102L-mut,positive_control,,0.9099388102319111,0.9999335513263014,0.17619920448658627,0.9999999999999999,1.0000000000000002,3639
2021-03-05_SNV_P102L,P102L,C07,17-34-cb,biological_sample,17_34_cb,0.9860166571499701,0.9999133651442127,0.03900698637677561,0.9999999999999999,1.0000000000000002,319
2021-03-05_SNV_P102L,P102L,D03,14-24-th,biological_sample,14_24_th,0.9961463756243124,0.9999157913170664,0.013249362204434425,0.9999999999999999,1.0000000000000002,75
2021-03-05_SNV_P102L,P102L,E03,17-12-sn,biological_sample,17_12_sn,0.9989491274669859,0.9998711519462988,0.005194712951538659,0.9999999999999999,1.0000000000000002,9
2021-03-29_SNV_P102L,P102L,A03,NTC,NTC,ntc,0.9999458574619373,0.9999914964329684,2.814282759104091e-4,0.9999999999999999,1.0000000000000002,1
2021-03-29_SNV_P102L,P102L,A06,17-11-sn,biological_sample,17_11_sn,0.994329272377835,0.9995745832967778,0.021069524548679105,0.9999999999999999,1.0000000000000002,97
2021-03-29_SNV_P102L,P102L,A12,14-2-hc,biological_sample,14_2_hc,0.9904001179031053,0.9990940712255684,0.03398187350534901,0.9999999999999999,1.0000000000000002,170
2021-03-29_SNV_P102L,P102L,B03,WT,WT_control,wt,0.9981036696943879,0.9998683375369234,0.007654341981892305,0.9999999999999999,1.0000000000000002,30
2021-03-29_SNV_P102L,P102L,B06,17-11-th,biological_sample,17_11_th,0.9955813510822166,0.9996662155285342,0.016809023043993485,0.9999999999999999,1.0000000000000002,66
2021-03-29_SNV_P102L,P102L,B12,14-2-sn,biological_sample,14_2_sn,0.9954340340368213,0.9995579370851062,0.017903982030904354,0.9999999999999999,1.0000000000000002,78
2021-03-29_SNV_P102L,P102L,C03,P102L,positive_control,p102l,0.8881051329379649,0.9998079936582783,0.2364786867572401,0.9999999999999999,1.0000000000000002,4802
2021-03-29_SNV_P102L,P102L,C06,17-12-cb,biological_sample,17_12_cb,0.9973868621696409,0.99974506847972755,0.01108887257007877,0.9999999999999999,1.0000000000000002,37
2021-03-29_SNV_P102L,P102L,C12,14-2-th,biological_sample,14_2_th,0.9963203856344375,0.9995878806288944,0.015337937526392656,0.9999999999999999,1.0000000000000002,59
2021-03-29_SNV_P102L,P102L,D03,17-31-fr,biological_sample,17_31_fr,0.9975607028499408,0.9998066942195751,0.00955021405093939,0.9999999999999999,1.0000000000000002,47
2021-03-29_SNV_P102L,P102L,D06,17-12-hc,biological_sample,17_12_hc,0.9975307484489538,0.9997974292586311,0.009896317225716373,0.9999999999999999,1.0000000000000002,38
2021-03-29_SNV_P102L,P102L,D12,15-6-bg,biological_sample,15_6_bg,0.9957349074249678,0.9995585347206852,0.016896036036774274,0.9999999999999999,1.0000000000000002,66
2021-03-29_SNV_P102L,P102L,E03,18-1-sn,biological_sample,18_1_sn,0.9981098028350454,0.9998071219070443,0.007885167741758728,0.9999999999999999,1.0000000000000002,30
2021-03-29_SNV_P102L,P102L,E06,17-5-bg,biological_sample,17_5_bg,0.9950363747121784,0.9996136173464532,0.017794613169930133,0.9999999999999999,1.0000000000000002,99
2021-03-29_SNV_P102L,P102L,E12,15-6-cb,biological_sample,15_6_cb,0.996977123144896,0.9996723460486951,0.012646009308358958,0.9999999999999999,1.0000000000000002,44
2021-03-29_SNV_P102L,P102L,F03,18-1-th,biological_sample,18_1_th,0.9989684828097867,0.9998485377158262,0.005186190769979531,0.9999999999999999,1.0000000000000002,10
2021-03-29_SNV_P102L,P102L,F06,17-5-hc,biological_sample,17_5_hc,0.9970338746358347,0.9997437384570983,0.011557236736350177,0.9999999999999999,1.0000000000000002,54
2021-03-29_SNV_P102L,P102L,F12,15-6-fr,biological_sample,15_6_fr,0.9981105267410426,0.9997897144697777,0.007891050100373276,0.9999999999999999,1.0000000000000002,35
2021-03-29_SNV_P102L,P102L,G03,17-13-fr,biological_sample,17_13_fr,0.9990809289554033,0.9998679209289079,0.0043776866302484094,0.9999999999999999,1.0000000000000002,13
2021-03-29_SNV_P102L,P102L,G06,17-5-sn,biological_sample,17_5_sn,0.9964308636612447,0.9997139207235345,0.013885600944947184,0.9999999999999999,1.0000000000000002,56
2021-03-29_SNV_P102L,P102L,G12,15-6-hc,biological_sample,15_6_hc,0.996982757863213,0.9996491178915669,0.012696691680993393,0.9999999999999999,1.0000000000000002,45
2021-03-29_SNV_P102L,P102L,H03,17-13-th,biological_sample,17_13_th,0.9982970301320873,0.9998531437691884,0.006457253902862243,0.9999999999999999,1.0000000000000002,37
2021-03-29_SNV_P102L,P102L,H06,17-8-hc,biological_sample,17_8_hc,0.9967410677287457,0.999759741073202,0.012308257212313876,0.9999999999999999,1.0000000000000002,62
2021-03-29_SNV_P102L,P102L,H12,15-6-sn,biological_sample,15_6_sn,0.9972924614078139,0.9996766152931389,0.011580132235536078,0.9999999999999999,1.0000000000000002,41
2021-04-06_SNV_P102L,P102L,A03,NTC,NTC,ntc,0.9999338742981767,0.9999936000197668,2.346382213531655e-4,0.9999999999999999,1.0000000000000002,2
2021-04-06_SNV_P102L,P102L,A06,20-08-hc,biological_sample,20_08_hc,0.9982025868114023,0.9998874221699435,0.006679293442516016,0.9999999999999999,1.0000000000000002,29
2021-04-06_SNV_P102L,P102L,A09,17-8-sn,biological_sample,17_8_sn,0.9986646093711233,0.9998945457444978,0.005108563065632898,0.9999999999999999,1.0000000000000002,29
2021-04-06_SNV_P102L,P102L,B03,WT,WT_control,wt,0.9995392772057662,0.9999294308416101,0.0021801063562196543,0.9999999999999999,1.0000000000000002,7
2021-04-06_SNV_P102L,P102L,B06,20-08-th,biological_sample,20_08_th,0.9976909078671932,0.9998780941903629,0.008419635506640887,0.9999999999999999,1.0000000000000002,33
2021-04-06_SNV_P102L,P102L,B09,17-8-th,biological_sample,17_8_th,0.9990160382869044,0.9998988931417383,0.004343203372834607,0.9999999999999999,1.0000000000000002,13
2021-04-06_SNV_P102L,P102L,C03,P102L,positive_control,p102l,0.8015151221944431,0.7596367138864504,0.38209755837513887,0.9999999999999999,1.0000000000000002,6829
2021-04-06_SNV_P102L,P102L,C06,15-27-bg,biological_sample,15_27_bg,0.9958090483277553,0.9997962071400138,0.014593603695331284,0.9999999999999999,1.0000000000000002,66
2021-04-06_SNV_P102L,P102L,C09,17-34-bg,biological_sample,17_34_bg,0.9989944171790002,0.9998957995437233,0.004230155450693127,0.9999999999999999,1.0000000000000002,16
2021-04-06_SNV_P102L,P102L,D03,17-20-hc,biological_sample,17_20_hc,0.999458498583852,0.9999109904738965,0.00287800924003871,0.9999999999999999,1.0000000000000002,3
2021-04-06_SNV_P102L,P102L,D06,15-27-cb,biological_sample,15_27_cb,0.9948006508970682,0.9997182386210584,0.018362104604464552,0.9999999999999999,1.0000000000000002,91
2021-04-06_SNV_P102L,P102L,D09,17-34-hc,biological_sample,17_34_hc,0.9976766305565251,0.99985458096904,0.008847896595297593,0.9999999999999999,1.0000000000000002,32
2021-04-06_SNV_P102L,P102L,E03,15-6-th,biological_sample,15_6_th,0.9989996370936708,0.9999196320207125,0.003922945220219032,0.9999999999999999,1.0000000000000002,20
2021-04-06_SNV_P102L,P102L,E06,15-27-pons,biological_sample,15_27_ps,0.9976394894094119,0.9998485987656218,0.00872389987957506,0.9999999999999999,1.0000000000000002,38
2021-04-06_SNV_P102L,P102L,E09,929474-th,biological_sample,929474_th,0.998990827240807,0.9999079622279178,0.003684993232271549,0.9999999999999999,1.0000000000000002,24
2021-04-06_SNV_P102L,P102L,F03,18-6-sn,biological_sample,18_6_sn,0.9995216135060346,0.9999279706570618,0.0019456939609301227,0.9999999999999999,1.0000000000000002,7
2021-04-06_SNV_P102L,P102L,F06,15-27-th,biological_sample,15_27_th,0.9981326498857218,0.9998763160606755,0.006623402821083752,0.9999999999999999,1.0000000000000002,34
2021-04-06_SNV_P102L,P102L,F09,14-2-bg,biological_sample,14_2_bg,0.9988223848359149,0.9998980242447815,0.004305921380067477,0.9999999999999999,1.0000000000000002,31
2021-04-06_SNV_P102L,P102L,G06,15-1-hc,biological_sample,15_1_hc,0.9981345312200499,0.9998695459889264,0.00689264386340362,0.9999999999999999,1.0000000000000002,32
2021-04-06_SNV_P102L,P102L,G09,14-2-cb,biological_sample,14_2_cb,0.9990617711129237,0.9998977060029564,0.003892230698147567,0.9999999999999999,1.0000000000000002,16
2021-04-06_SNV_P102L,P102L,H06,15-1-sn,biological_sample,15_1_sn,0.9984757669230939,0.9998869601877507,0.00574834597551936,0.9999999999999999,1.0000000000000002,26
2021-04-06_SNV_P102L,P102L,H09,14-2-fr,biological_sample,14_2_fr,0.9993113087977537,0.9999100176844031,0.00288331313042039,0.9999999999999999,1.0000000000000002,12
2021-05-10_SNV_P102L,P102L,A03,NTC,NTC,ntc,0.9999349846643675,0.9999914732723876,3.781109032406268e-4,0.9999999999999999,1.0000000000000002,2
2021-05-10_SNV_P102L,P102L,A06,09-100-th,biological_sample,09_100_th,0.998525456004294,0.999915120545704,0.00513334425272828,0.9999999999999999,1.0000000000000002,22
2021-05-10_SNV_P102L,P102L,A09,03-132-ce,biological_sample,03_132_ce,0.9992455932075361,0.9999239220158054,0.0030425353999284383,0.9999999999999999,1.0000000000000002,10
2021-05-10_SNV_P102L,P102L,B03,WT,WT_control,wt,0.999091866867929,0.9999283378203719,0.0035308712023489554,0.9999999999999999,1.0000000000000002,19
2021-05-10_SNV_P102L,P102L,B06,03-112-cau,biological_sample,03_112_cau,0.9989162007633742,0.9999199671270342,0.003993252489725179,0.9999999999999999,1.0000000000000002,16
2021-05-10_SNV_P102L,P102L,B09,03-132-fc,biological_sample,03_132_fc,0.9992396004300985,0.9999172629123064,0.003219253345213843,0.9999999999999999,1.0000000000000002,18
2021-05-10_SNV_P102L,P102L,C03,P102L,positive_control,p102l,0.805602493675952,0.7881949448080532,0.3801824815367493,0.9999999999999999,1.0000000000000002,8213
2021-05-10_SNV_P102L,P102L,C06,03-112-ce,biological_sample,03_112_ce,0.9992180037132499,0.999916544333038,0.003447200012076699,0.9999999999999999,1.0000000000000002,12
2021-05-10_SNV_P102L,P102L,C09,03-132-hip,biological_sample,03_132_hip,0.99908221124155006,0.9999112952282607,0.003924638667419463,0.9999999999999999,1.0000000000000002,16
2021-05-10_SNV_P102L,P102L,D03,09-100-cau,biological_sample,09_100_cau,0.9987501529224435,0.9999159873887797,0.0045812640203196486,0.9999999999999999,1.0000000000000002,33
2021-05-10_SNV_P102L,P102L,D06,03-112-fc,biological_sample,03_112_fc,0.9992174961931621,0.9999189003072225,0.0033979028926818524,0.9999999999999999,1.0000000000000002,15
2021-05-10_SNV_P102L,P102L,D09,03-132-mdb,biological_sample,03_132_mdb,0.9989535950166223,0.9999034141460441,0.0042624228014948706,0.9999999999999999,1.0000000000000002,20
2021-05-10_SNV_P102L,P102L,E03,09-100-ce,biological_sample,09_100_ce,0.9991267056859869,0.9999184611568858,0.003311926284339172,0.9999999999999999,1.0000000000000002,21
2021-05-10_SNV_P102L,P102L,E06,03-112-hip,biological_sample,03_112_hip,0.9991815858377359,0.9999198964382447,0.00326101707120151,0.9999999999999999,1.0000000000000002,14
2021-05-10_SNV_P102L,P102L,E09,03-132-th,biological_sample,03_132_th,0.999206162809942,0.9999187963974112,0.003341277046413582,0.9999999999999999,1.0000000000000002,17
2021-05-10_SNV_P102L,P102L,F03,09-100-fc,biological_sample,09_100_fc,0.9994006106631516,0.9999207132731641,0.0026385070580494624,0.9999999999999999,1.0000000000000002,13
2021-05-10_SNV_P102L,P102L,F06,03-112-mdb,biological_sample,03_112_mdb,0.9995073001336785,0.9999186475073462,0.0025899569717300177,0.9999999999999999,1.0000000000000002,4
2021-05-10_SNV_P102L,P102L,F09,04-045-cau,biological_sample,04_045_cau,0.9993274417701843,0.9999195762061561,0.0030736860407949043,0.9999999999999999,1.0000000000000002,13
2021-05-10_SNV_P102L,P102L,G03,09-100-hip,biological_sample,09_100_hip,0.9993593834602407,0.9999204011598117,0.0025802081448698774,0.9999999999999999,1.0000000000000002,15
2021-05-10_SNV_P102L,P102L,G06,03-112-th,biological_sample,03_112_th,0.9992347420611997,0.9999189165872733,0.003094044980333354,0.9999999999999999,1.0000000000000002,14
2021-05-10_SNV_P102L,P102L,G09,04-045-ce,biological_sample,04_045_ce,0.9993292666830396,0.9999154860184332,0.003426890929061751,0.9999999999999999,1.0000000000000002,5
2021-05-10_SNV_P102L,P102L,H03,09-100-mdb,biological_sample,09_100_mdb,0.9993983705593964,0.9999182545345244,0.002503482492620747,0.9999999999999999,1.0000000000000002,12
2021-05-10_SNV_P102L,P102L,H06,03-132-cau,biological_sample,03_132_cau,0.9984597727513129,0.999900490236813,0.0059756786574686974,0.9999999999999999,1.0000000000000002,24
2021-05-10_SNV_P102L,P102L,H09,04-045-fc,biological_sample,04_045_fc,0.9993346934861261,0.9999134900395241,0.0032080499353642745,0.9999999999999999,1.0000000000000002,10
2021-05-20_SNV_P102L,P102L,A03,NTC,NTC,ntc,0.9999157758044659,0.9999853131482508,6.119339707630357e-4,0.9999999999999999,1.0000000000000002,0
2021-05-20_SNV_P102L,P102L,A06,04-045-hip,biological_sample,04_045_hip,0.9981717530432546,0.9998956151902116,0.0069350502984058095,0.9999999999999999,1.0000000000000002,40
2021-05-20_SNV_P102L,P102L,A09,20-357-th,biological_sample,20_357_th,0.9985836618180876,0.9999206231143889,0.004733852769770199,0.9999999999999999,1.0000000000000002,33
2021-05-20_SNV_P102L,P102L,A12,929474-sn,biological_sample,929474_sn,0.9987422924639348,0.9999093116446824,0.004804649978255894,0.9999999999999999,1.0000000000000002,28
2021-05-20_SNV_P102L,P102L,B03,WT,WT_control,wt,0.9977901443417294,0.9999139777285082,0.007862010359517535,0.9999999999999999,1.0000000000000002,43
2021-05-20_SNV_P102L,P102L,B06,04-045-mdb,biological_sample,04_045_mdb,0.9978515377273257,0.999869801445804,0.008215783665531464,0.9999999999999999,1.0000000000000002,41
2021-05-20_SNV_P102L,P102L,B09,20-169-cau,biological_sample,20_169_cau,0.9988579668883917,0.9999199686441806,0.004246253434758639,0.9999999999999999,1.0000000000000002,24
2021-05-20_SNV_P102L,P102L,C03,P102L,positive_control,p102l,0.7846799424189732,0.7351674492918222,0.38163539152279646,0.9999999999999999,1.0000000000000002,9255
2021-05-20_SNV_P102L,P102L,C06,04-045-th,biological_sample,04_045_th,0.9986414663091908,0.9998845288880726,0.005752572862271687,0.9999999999999999,1.0000000000000002,23
2021-05-20_SNV_P102L,P102L,C09,20-169-ce,biological_sample,20_169_ce,0.9990143919901767,0.999920771708721,0.0036616317326120594,0.9999999999999999,1.0000000000000002,22
2021-05-20_SNV_P102L,P102L,C12,13-21-th,biological_sample,13_21_th,0.9992450081784057,0.999915088870579,0.0034043943811237465,0.9999999999999999,1.0000000000000002,17
2021-05-20_SNV_P102L,P102L,D03,19-082-ce,biological_sample,19_082_ce,0.9987279571544482,0.9998927287930316,0.005384964476841726,0.9999999999999999,1.0000000000000002,20
2021-05-20_SNV_P102L,P102L,D06,20-357-cau,biological_sample,20_357_cau,0.9994606587215066,0.9999268380122626,0.002172231796052617,0.9999999999999999,1.0000000000000002,14
2021-05-20_SNV_P102L,P102L,D09,20-169-fc,biological_sample,20_169_fc,0.9993646228723337,0.9999210769191442,0.00277438373261587,0.9999999999999999,1.0000000000000002,12
2021-05-20_SNV_P102L,P102L,D12,18-6-th,biological_sample,18_6_th,0.9993212385723603,0.9999287091476503,0.002847055655148866,0.9999999999999999,1.0000000000000002,14
2021-05-20_SNV_P102L,P102L,E03,19-082-fc,biological_sample,19_082_fc,0.9989952716902556,0.9998990754207496,0.004654342421335495,0.9999999999999999,1.0000000000000002,14
2021-05-20_SNV_P102L,P102L,E06,20-357-ce,biological_sample,20_357_ce,0.998971648012593,0.9998978676407675,0.004682537431260864,0.9999999999999999,1.0000000000000002,18
2021-05-20_SNV_P102L,P102L,E09,20-169-hip,biological_sample,20_169_hip,0.9962606635022435,0.9999141005913135,0.010681668980273078,0.9999999999999999,1.0000000000000002,107
2021-05-20_SNV_P102L,P102L,E12,238501-sn,biological_sample,238501_sn,0.9993224646797151,0.9999121546864416,0.0031276213164772395,0.9999999999999999,1.0000000000000002,12
2021-05-20_SNV_P102L,P102L,F03,19-082-hip,biological_sample,19_082_hip,0.9986896196154059,0.9999054142817909,0.005299401428880537,0.9999999999999999,1.0000000000000002,22
2021-05-20_SNV_P102L,P102L,F06,20-357-fc,biological_sample,20_357_fc,0.9991521568164423,0.9999156764650905,0.003509116375406353,0.9999999999999999,1.0000000000000002,19
2021-05-20_SNV_P102L,P102L,F09,20-169-mdb,biological_sample,20_169_mdb,0.9953166047530637,0.9999156532318264,0.012932129028742538,0.9999999999999999,1.0000000000000002,136
2021-05-20_SNV_P102L,P102L,G03,19-082-mdb,biological_sample,19_082_mdb,0.998654369850121,0.99987494745443,0.006100503987203014,0.9999999999999999,1.0000000000000002,19
2021-05-20_SNV_P102L,P102L,G06,20-357-hip,biological_sample,20_357_hip,0.9987018995819147,0.9998973408487735,0.005259157083356276,0.9999999999999999,1.0000000000000002,26
2021-05-20_SNV_P102L,P102L,G09,20-169-th,biological_sample,20_169_th,0.9978101208927036,0.9999199729679683,0.006768512918689598,0.9999999999999999,1.0000000000000002,59
2021-05-20_SNV_P102L,P102L,H03,19-082-th,biological_sample,19_082_th,0.9990469002875283,0.9998947141476267,0.004455015734055124,0.9999999999999999,1.0000000000000002,12
2021-05-20_SNV_P102L,P102L,H06,20-357-mdb,biological_sample,20_357_mdb,0.9982471444879805,0.9998543804465617,0.007644453158136807,0.9999999999999999,1.0000000000000002,23
2021-05-20_SNV_P102L,P102L,H09,19-082-cau,biological_sample,19_082_cau,0.9992250530652068,0.9999202923799891,0.0031016505682678677,0.9999999999999999,1.0000000000000002,17
2021-10-14_SNV_P102L,P102L,A03,NTC,NTC,ntc,0.9997625546491219,0.9999523063128548,0.0014612237729587961,0.9999999999999999,1.0000000000000002,2
2021-10-14_SNV_P102L,P102L,B03,WT,WT_control,wt,0.9414455592479785,0.9949663133593792,0.14384484681648677,0.9999999999999999,1.0000000000000002,1631
2021-10-14_SNV_P102L,P102L,C03,P102L-mut,positive_control,,0.7501650016839284,0.6711687369997248,0.4310690478372958,0.9999999999999999,1.0000000000000002,8606
2021-10-14_SNV_P102L,P102L,D03,13-21-cb,biological_sample,13_21_cb,0.9336427406341767,0.9875798197632685,0.16837806748354034,0.9999999999999999,1.0000000000000002,1764
