method_id,method_variant,assay,run_id,status,message,elapsed_seconds,output_excerpt,method_parameters_json
ddPCRclust_control_projected,control-projected sensitivity using ddPCRclust input geometry,D178N,2020-10-12_SNV_D178N,ok,NA,0,NA,"{""source"":""control_geometry"",""package_input"":""ddPCRclust""}"
ddPCRclust_control_projected,control-projected sensitivity using ddPCRclust input geometry,D178N,2020-10-15_SNV_D178N,ok,NA,0,NA,"{""source"":""control_geometry"",""package_input"":""ddPCRclust""}"
ddPCRclust_control_projected,control-projected sensitivity using ddPCRclust input geometry,D178N,2020-10-22_SNV_D178N,ok,NA,0,NA,"{""source"":""control_geometry"",""package_input"":""ddPCRclust""}"
ddPCRclust_control_projected,control-projected sensitivity using ddPCRclust input geometry,D178N,2020-10-29_SNV_D178N,ok,NA,0,NA,"{""source"":""control_geometry"",""package_input"":""ddPCRclust""}"
ddPCRclust_control_projected,control-projected sensitivity using ddPCRclust input geometry,D178N,2020-11-05_SNV_D178N,ok,NA,0,NA,"{""source"":""control_geometry"",""package_input"":""ddPCRclust""}"
ddPCRclust_control_projected,control-projected sensitivity using ddPCRclust input geometry,D178N,2020-11-24_SNV_D178N,ok,NA,0,NA,"{""source"":""control_geometry"",""package_input"":""ddPCRclust""}"
ddPCRclust_control_projected,control-projected sensitivity using ddPCRclust input geometry,D178N,2021-01-26_SNV_D178N,ok,NA,0,NA,"{""source"":""control_geometry"",""package_input"":""ddPCRclust""}"
ddPCRclust_control_projected,control-projected sensitivity using ddPCRclust input geometry,D178N,2021-02-17_SNV_D178N,ok,NA,0,NA,"{""source"":""control_geometry"",""package_input"":""ddPCRclust""}"
ddPCRclust_control_projected,control-projected sensitivity using ddPCRclust input geometry,D178N,2021-03-29_SNV_D178N,ok,NA,0,NA,"{""source"":""control_geometry"",""package_input"":""ddPCRclust""}"
ddPCRclust_control_projected,control-projected sensitivity using ddPCRclust input geometry,D178N,2021-04-06_SNV_D178N,ok,NA,0,NA,"{""source"":""control_geometry"",""package_input"":""ddPCRclust""}"
ddPCRclust_control_projected,control-projected sensitivity using ddPCRclust input geometry,D178N,2021-05-10_SNV_D178N,ok,NA,0,NA,"{""source"":""control_geometry"",""package_input"":""ddPCRclust""}"
ddPCRclust_control_projected,control-projected sensitivity using ddPCRclust input geometry,D178N,2021-05-20_SNV_D178N,ok,NA,0,NA,"{""source"":""control_geometry"",""package_input"":""ddPCRclust""}"
ddPCRclust_control_projected,control-projected sensitivity using ddPCRclust input geometry,D178N,2021-10-14_SNV_D178N,ok,NA,0,NA,"{""source"":""control_geometry"",""package_input"":""ddPCRclust""}"
ddPCRclust_control_projected,control-projected sensitivity using ddPCRclust input geometry,E200K,2020-10-12_SNV_E200K,ok,NA,0,NA,"{""source"":""control_geometry"",""package_input"":""ddPCRclust""}"
ddPCRclust_control_projected,control-projected sensitivity using ddPCRclust input geometry,E200K,2020-10-15_SNV_E200K,ok,NA,0,NA,"{""source"":""control_geometry"",""package_input"":""ddPCRclust""}"
ddPCRclust_control_projected,control-projected sensitivity using ddPCRclust input geometry,E200K,2020-10-22_SNV_E200K,ok,NA,0,NA,"{""source"":""control_geometry"",""package_input"":""ddPCRclust""}"
ddPCRclust_control_projected,control-projected sensitivity using ddPCRclust input geometry,E200K,2020-10-29_SNV_E200K,ok,NA,0,NA,"{""source"":""control_geometry"",""package_input"":""ddPCRclust""}"
ddPCRclust_control_projected,control-projected sensitivity using ddPCRclust input geometry,E200K,2020-11-05_SNV_E200K,ok,NA,0,NA,"{""source"":""control_geometry"",""package_input"":""ddPCRclust""}"
ddPCRclust_control_projected,control-projected sensitivity using ddPCRclust input geometry,E200K,2020-11-24_SNV_E200K,ok,NA,0,NA,"{""source"":""control_geometry"",""package_input"":""ddPCRclust""}"
ddPCRclust_control_projected,control-projected sensitivity using ddPCRclust input geometry,E200K,2021-01-26_SNV_E200K,ok,NA,0,NA,"{""source"":""control_geometry"",""package_input"":""ddPCRclust""}"
ddPCRclust_control_projected,control-projected sensitivity using ddPCRclust input geometry,E200K,2021-02-17_SNV_E200K,ok,NA,0,NA,"{""source"":""control_geometry"",""package_input"":""ddPCRclust""}"
ddPCRclust_control_projected,control-projected sensitivity using ddPCRclust input geometry,E200K,2021-02-18_SNV_E200K,ok,NA,0,NA,"{""source"":""control_geometry"",""package_input"":""ddPCRclust""}"
ddPCRclust_control_projected,control-projected sensitivity using ddPCRclust input geometry,E200K,2021-03-29_SNV_E200K,ok,NA,0,NA,"{""source"":""control_geometry"",""package_input"":""ddPCRclust""}"
ddPCRclust_control_projected,control-projected sensitivity using ddPCRclust input geometry,E200K,2021-04-06_SNV_E200K,ok,NA,0,NA,"{""source"":""control_geometry"",""package_input"":""ddPCRclust""}"
ddPCRclust_control_projected,control-projected sensitivity using ddPCRclust input geometry,E200K,2021-05-10_SNV_E200K,ok,NA,0,NA,"{""source"":""control_geometry"",""package_input"":""ddPCRclust""}"
ddPCRclust_control_projected,control-projected sensitivity using ddPCRclust input geometry,E200K,2021-05-20_SNV_E200K,ok,NA,0,NA,"{""source"":""control_geometry"",""package_input"":""ddPCRclust""}"
ddPCRclust_control_projected,control-projected sensitivity using ddPCRclust input geometry,E200K,2021-10-25_SNV_E200K,ok,NA,0,NA,"{""source"":""control_geometry"",""package_input"":""ddPCRclust""}"
ddPCRclust_control_projected,control-projected sensitivity using ddPCRclust input geometry,P102L,2020-12-01_SNV_P102L,ok,NA,0,NA,"{""source"":""control_geometry"",""package_input"":""ddPCRclust""}"
ddPCRclust_control_projected,control-projected sensitivity using ddPCRclust input geometry,P102L,2021-01-26_SNV_P102L,ok,NA,0,NA,"{""source"":""control_geometry"",""package_input"":""ddPCRclust""}"
ddPCRclust_control_projected,control-projected sensitivity using ddPCRclust input geometry,P102L,2021-01-28_SNV_P102L,ok,NA,0,NA,"{""source"":""control_geometry"",""package_input"":""ddPCRclust""}"
ddPCRclust_control_projected,control-projected sensitivity using ddPCRclust input geometry,P102L,2021-02-02_SNV_P102L,ok,NA,0,NA,"{""source"":""control_geometry"",""package_input"":""ddPCRclust""}"
ddPCRclust_control_projected,control-projected sensitivity using ddPCRclust input geometry,P102L,2021-02-17_SNV_P102L,ok,NA,0,NA,"{""source"":""control_geometry"",""package_input"":""ddPCRclust""}"
ddPCRclust_control_projected,control-projected sensitivity using ddPCRclust input geometry,P102L,2021-02-18_SNV_P102L,ok,NA,0,NA,"{""source"":""control_geometry"",""package_input"":""ddPCRclust""}"
ddPCRclust_control_projected,control-projected sensitivity using ddPCRclust input geometry,P102L,2021-03-05_SNV_P102L,ok,NA,0,NA,"{""source"":""control_geometry"",""package_input"":""ddPCRclust""}"
ddPCRclust_control_projected,control-projected sensitivity using ddPCRclust input geometry,P102L,2021-03-29_SNV_P102L,ok,NA,0,NA,"{""source"":""control_geometry"",""package_input"":""ddPCRclust""}"
ddPCRclust_control_projected,control-projected sensitivity using ddPCRclust input geometry,P102L,2021-04-06_SNV_P102L,ok,NA,0,NA,"{""source"":""control_geometry"",""package_input"":""ddPCRclust""}"
ddPCRclust_control_projected,control-projected sensitivity using ddPCRclust input geometry,P102L,2021-05-10_SNV_P102L,ok,NA,0,NA,"{""source"":""control_geometry"",""package_input"":""ddPCRclust""}"
ddPCRclust_control_projected,control-projected sensitivity using ddPCRclust input geometry,P102L,2021-05-20_SNV_P102L,ok,NA,0,NA,"{""source"":""control_geometry"",""package_input"":""ddPCRclust""}"
ddPCRclust_control_projected,control-projected sensitivity using ddPCRclust input geometry,P102L,2021-10-14_SNV_P102L,ok,NA,0,NA,"{""source"":""control_geometry"",""package_input"":""ddPCRclust""}"
ddPCRclust_template_fast,"native template workflow, fast density mode",D178N,2020-10-12_SNV_D178N,ok,NA,2.179000000000002,"[1] ""Only one peak is found, set standard deviation, percentile, or upper arguments accordingly"" | [1] ""Cutoff is based on inflection point."" | [1] ""Only one peak is found, set standard deviation, percentile, or upper arguments accordingly"" | [1] ""Cutoff is based on inflection point."" | [1] ""Only one peak is found, set standard deviation, percentile, or upper arguments accordingly"" | [1] ""Cutoff is based on inflection point."" | [1] ""Only one peak is found, set standard deviation, percentile, or upper arguments accordingly"" | [1] ""Cutoff is based on inflection point."" | [1] ""Only one peak is found, set standard deviation, percentile, or upper arguments accordingly"" | [1] ""Cutoff is based on inflection point."" | [1] ""Only one peak is found, set standard deviation, percentile, or upper arguments accordingly"" | [1] ""Cutoff is based on inflection point."" | [1] ""Only one peak is found, set standard deviation, percentile, or upper arguments accordingly"" | [1] ""Cutoff is based on inflection point."" | [1] ""Only one peak is found, set standard deviation, percentile, or upper arguments accordingly"" | [1] ""Cutoff is based on inflection point."" | [1] ""Only one peak is found, set standard deviation, percentile, or upper arguments accordingly"" | [1] ""Cutoff is based on inflection point."" | [1] ""Only one peak is found, set standard deviation, percentile, or upper arguments accordingly"" | [1] ""Cutoff is based on inflection point."" | [1] ""Only one peak is found, set standard deviation, percentile, or upper arguments accordingly"" | [1] ""Cutoff is based on inflection point."" | [1] ""Only one peak is found, set standard deviation, percentile, or upper arguments accordingly"" | [1] ""Cutoff is based on inflection point."" | [1] ""Only one peak is found, set standard deviation, percentile, or upper arguments accordingly""","{""mode"":""fast"",""numOfMarkers"":2,""multithread"":false}"
ddPCRclust_template_fast,"native template workflow, fast density mode",D178N,2020-10-15_SNV_D178N,ok,NA,14.05400000000003,"[1] ""Only one peak is found, set standard deviation, percentile, or upper arguments accordingly"" | [1] ""Cutoff is based on inflection point."" | [1] ""Only one peak is found, set standard deviation, percentile, or upper arguments accordingly"" | [1] ""Cutoff is based on inflection point."" | [1] ""Only one peak is found, set standard deviation, percentile, or upper arguments accordingly"" | [1] ""Cutoff is based on inflection point."" | [1] ""Only one peak is found, set standard deviation, percentile, or upper arguments accordingly"" | [1] ""Cutoff is based on inflection point."" | [1] ""Only one peak is found, set standard deviation, percentile, or upper arguments accordingly"" | [1] ""Cutoff is based on inflection point."" | [1] ""Only one peak is found, set standard deviation, percentile, or upper arguments accordingly"" | [1] ""Cutoff is based on inflection point."" | [1] ""Only one peak is found, set standard deviation, percentile, or upper arguments accordingly"" | [1] ""Cutoff is based on inflection point."" | [1] ""Only one peak is found, set standard deviation, percentile, or upper arguments accordingly"" | [1] ""Cutoff is based on inflection point."" | [1] ""Only one peak is found, set standard deviation, percentile, or upper arguments accordingly"" | [1] ""Cutoff is based on inflection point."" | [1] ""Only one peak is found, set standard deviation, percentile, or upper arguments accordingly"" | [1] ""Cutoff is based on inflection point."" | [1] ""Only one peak is found, set standard deviation, percentile, or upper arguments accordingly"" | [1] ""Cutoff is based on inflection point."" | [1] ""Only one peak is found, set standard deviation, percentile, or upper arguments accordingly"" | [1] ""Cutoff is based on inflection point."" | [1] ""Only one peak is found, set standard deviation, percentile, or upper arguments accordingly""","{""mode"":""fast"",""numOfMarkers"":2,""multithread"":false}"
ddPCRclust_template_fast,"native template workflow, fast density mode",D178N,2020-10-22_SNV_D178N,ok,NA,9.52800000000002,"[1] ""Only one peak is found, set standard deviation, percentile, or upper arguments accordingly"" | [1] ""Cutoff is based on inflection point."" | [1] ""Only one peak is found, set standard deviation, percentile, or upper arguments accordingly"" | [1] ""Cutoff is based on inflection point."" | [1] ""Only one peak is found, set standard deviation, percentile, or upper arguments accordingly"" | [1] ""Cutoff is based on inflection point."" | [1] ""Only one peak is found, set standard deviation, percentile, or upper arguments accordingly"" | [1] ""Cutoff is based on inflection point."" | [1] ""Only one peak is found, set standard deviation, percentile, or upper arguments accordingly"" | [1] ""Cutoff is based on inflection point."" | [1] ""Only one peak is found, set standard deviation, percentile, or upper arguments accordingly"" | [1] ""Cutoff is based on inflection point."" | [1] ""Only one peak is found, set standard deviation, percentile, or upper arguments accordingly"" | [1] ""Cutoff is based on inflection point."" | [1] ""Only one peak is found, set standard deviation, percentile, or upper arguments accordingly"" | [1] ""Cutoff is based on inflection point."" | [1] ""Only one peak is found, set standard deviation, percentile, or upper arguments accordingly"" | [1] ""Cutoff is based on inflection point."" | [1] ""Only one peak is found, set standard deviation, percentile, or upper arguments accordingly"" | [1] ""Cutoff is based on inflection point."" | [1] ""Only one peak is found, set standard deviation, percentile, or upper arguments accordingly"" | [1] ""Cutoff is based on inflection point."" | [1] ""Only one peak is found, set standard deviation, percentile, or upper arguments accordingly"" | [1] ""Cutoff is based on inflection point."" | [1] ""Only one peak is found, set standard deviation, percentile, or upper arguments accordingly""","{""mode"":""fast"",""numOfMarkers"":2,""multithread"":false}"
ddPCRclust_template_fast,"native template workflow, fast density mode",D178N,2020-10-29_SNV_D178N,ok,NA,13.452999999999975,"[1] ""Only one peak is found, set standard deviation, percentile, or upper arguments accordingly"" | [1] ""Cutoff is based on inflection point."" | [1] ""Only one peak is found, set standard deviation, percentile, or upper arguments accordingly"" | [1] ""Cutoff is based on inflection point."" | [1] ""Only one peak is found, set standard deviation, percentile, or upper arguments accordingly"" | [1] ""Cutoff is based on inflection point."" | [1] ""Only one peak is found, set standard deviation, percentile, or upper arguments accordingly"" | [1] ""Cutoff is based on inflection point."" | [1] ""Only one peak is found, set standard deviation, percentile, or upper arguments accordingly"" | [1] ""Cutoff is based on inflection point."" | [1] ""Only one peak is found, set standard deviation, percentile, or upper arguments accordingly"" | [1] ""Cutoff is based on inflection point."" | [1] ""Only one peak is found, set standard deviation, percentile, or upper arguments accordingly"" | [1] ""Cutoff is based on inflection point."" | [1] ""Only one peak is found, set standard deviation, percentile, or upper arguments accordingly"" | [1] ""Cutoff is based on inflection point."" | [1] ""Only one peak is found, set standard deviation, percentile, or upper arguments accordingly"" | [1] ""Cutoff is based on inflection point."" | [1] ""Only one peak is found, set standard deviation, percentile, or upper arguments accordingly"" | [1] ""Cutoff is based on inflection point."" | [1] ""Only one peak is found, set standard deviation, percentile, or upper arguments accordingly"" | [1] ""Cutoff is based on inflection point."" | [1] ""Only one peak is found, set standard deviation, percentile, or upper arguments accordingly"" | [1] ""Cutoff is based on inflection point."" | [1] ""Only one peak is found, set standard deviation, percentile, or upper arguments accordingly""","{""mode"":""fast"",""numOfMarkers"":2,""multithread"":false}"
ddPCRclust_template_fast,"native template workflow, fast density mode",D178N,2020-11-05_SNV_D178N,ok,NA,7.135999999999967,"<simpleError in density.default(flowCore::exprs(f_onlyNeg)[, 1], width = 1000): non-finite 'from'> | [1] ""Only one peak is found, set standard deviation, percentile, or upper arguments accordingly"" | [1] ""Cutoff is based on inflection point."" | [1] ""Only one peak is found, set standard deviation, percentile, or upper arguments accordingly"" | [1] ""Cutoff is based on inflection point."" | [1] ""Only one peak is found, set standard deviation, percentile, or upper arguments accordingly"" | [1] ""Cutoff is based on inflection point."" | [1] ""Only one peak is found, set standard deviation, percentile, or upper arguments accordingly"" | [1] ""Cutoff is based on inflection point."" | [1] ""Only one peak is found, set standard deviation, percentile, or upper arguments accordingly"" | [1] ""Cutoff is based on inflection point."" | [1] ""Only one peak is found, set standard deviation, percentile, or upper arguments accordingly"" | [1] ""Cutoff is based on inflection point."" | [1] ""Only one peak is found, set standard deviation, percentile, or upper arguments accordingly"" | [1] ""Cutoff is based on inflection point."" | [1] ""Only one peak is found, set standard deviation, percentile, or upper arguments accordingly"" | [1] ""Cutoff is based on inflection point."" | [1] ""Only one peak is found, set standard deviation, percentile, or upper arguments accordingly"" | [1] ""Cutoff is based on inflection point."" | [1] ""Only one peak is found, set standard deviation, percentile, or upper arguments accordingly"" | [1] ""Cutoff is based on inflection point."" | [1] ""Only one peak is found, set standard deviation, percentile, or upper arguments accordingly"" | [1] ""Cutoff is based on inflection point."" | [1] ""Only one peak is found, set standard deviation, percentile, or upper arguments accordingly"" | [1] ""Cutoff is based on inflection point.""","{""mode"":""fast"",""numOfMarkers"":2,""multithread"":false}"
ddPCRclust_template_fast,"native template workflow, fast density mode",D178N,2020-11-24_SNV_D178N,ok,NA,2.578999999999951,"[1] ""Only one peak is found, set standard deviation, percentile, or upper arguments accordingly"" | [1] ""Cutoff is based on inflection point."" | [1] ""Only one peak is found, set standard deviation, percentile, or upper arguments accordingly"" | [1] ""Cutoff is based on inflection point."" | [1] ""Only one peak is found, set standard deviation, percentile, or upper arguments accordingly"" | [1] ""Cutoff is based on inflection point."" | [1] ""Only one peak is found, set standard deviation, percentile, or upper arguments accordingly"" | [1] ""Cutoff is based on inflection point."" | [1] ""Only one peak is found, set standard deviation, percentile, or upper arguments accordingly"" | [1] ""Cutoff is based on inflection point."" | [1] ""Only one peak is found, set standard deviation, percentile, or upper arguments accordingly"" | [1] ""Cutoff is based on inflection point."" | [1] ""Only one peak is found, set standard deviation, percentile, or upper arguments accordingly"" | [1] ""Cutoff is based on inflection point."" | <simpleError in density.default(flowCore::exprs(f_onlyNeg)[, 1], width = 1000): non-finite 'from'> | [1] ""Only one peak is found, set standard deviation, percentile, or upper arguments accordingly"" | [1] ""Cutoff is based on inflection point."" | [1] ""Only one peak is found, set standard deviation, percentile, or upper arguments accordingly"" | [1] ""Cutoff is based on inflection point."" | [1] ""Only one peak is found, set standard deviation, percentile, or upper arguments accordingly"" | [1] ""Cutoff is based on inflection point."" | [1] ""Only one peak is found, set standard deviation, percentile, or upper arguments accordingly"" | [1] ""Cutoff is based on inflection point."" | [1] ""Only one peak is found, set standard deviation, percentile, or upper arguments accordingly"" | [1] ""Cutoff is based on inflection point.""","{""mode"":""fast"",""numOfMarkers"":2,""multithread"":false}"
ddPCRclust_template_fast,"native template workflow, fast density mode",D178N,2021-01-26_SNV_D178N,ok,NA,13.120999999999867,"[1] ""Only one peak is found, set standard deviation, percentile, or upper arguments accordingly"" | [1] ""Cutoff is based on inflection point."" | [1] ""Only one peak is found, set standard deviation, percentile, or upper arguments accordingly"" | [1] ""Cutoff is based on inflection point."" | [1] ""Only one peak is found, set standard deviation, percentile, or upper arguments accordingly"" | [1] ""Cutoff is based on inflection point."" | [1] ""Only one peak is found, set standard deviation, percentile, or upper arguments accordingly"" | [1] ""Cutoff is based on inflection point."" | [1] ""Only one peak is found, set standard deviation, percentile, or upper arguments accordingly"" | [1] ""Cutoff is based on inflection point."" | [1] ""Only one peak is found, set standard deviation, percentile, or upper arguments accordingly"" | [1] ""Cutoff is based on inflection point."" | [1] ""Only one peak is found, set standard deviation, percentile, or upper arguments accordingly"" | [1] ""Cutoff is based on inflection point."" | [1] ""Only one peak is found, set standard deviation, percentile, or upper arguments accordingly"" | [1] ""Cutoff is based on inflection point."" | [1] ""Only one peak is found, set standard deviation, percentile, or upper arguments accordingly"" | [1] ""Cutoff is based on inflection point."" | [1] ""Only one peak is found, set standard deviation, percentile, or upper arguments accordingly"" | [1] ""Cutoff is based on inflection point."" | [1] ""Only one peak is found, set standard deviation, percentile, or upper arguments accordingly"" | [1] ""Cutoff is based on inflection point."" | [1] ""Only one peak is found, set standard deviation, percentile, or upper arguments accordingly"" | [1] ""Cutoff is based on inflection point."" | [1] ""Only one peak is found, set standard deviation, percentile, or upper arguments accordingly""","{""mode"":""fast"",""numOfMarkers"":2,""multithread"":false}"
ddPCRclust_template_fast,"native template workflow, fast density mode",D178N,2021-02-17_SNV_D178N,ok,NA,3.625,"<simpleError in density.default(flowCore::exprs(f_onlyNeg)[, 1], width = 1000): non-finite 'from'> | [1] ""Only one peak is found, set standard deviation, percentile, or upper arguments accordingly"" | [1] ""Cutoff is based on inflection point."" | [1] ""Only one peak is found, set standard deviation, percentile, or upper arguments accordingly"" | [1] ""Cutoff is based on inflection point."" | [1] ""Only one peak is found, set standard deviation, percentile, or upper arguments accordingly"" | [1] ""Cutoff is based on inflection point."" | [1] ""Only one peak is found, set standard deviation, percentile, or upper arguments accordingly"" | [1] ""Cutoff is based on inflection point."" | [1] ""Only one peak is found, set standard deviation, percentile, or upper arguments accordingly"" | [1] ""Cutoff is based on inflection point."" | [1] ""Only one peak is found, set standard deviation, percentile, or upper arguments accordingly"" | [1] ""Cutoff is based on inflection point."" | [1] ""Only one peak is found, set standard deviation, percentile, or upper arguments accordingly"" | [1] ""Cutoff is based on inflection point."" | [1] ""Only one peak is found, set standard deviation, percentile, or upper arguments accordingly"" | [1] ""Cutoff is based on inflection point."" | [1] ""Only one peak is found, set standard deviation, percentile, or upper arguments accordingly"" | [1] ""Cutoff is based on inflection point."" | [1] ""Only one peak is found, set standard deviation, percentile, or upper arguments accordingly"" | [1] ""Cutoff is based on inflection point."" | [1] ""Only one peak is found, set standard deviation, percentile, or upper arguments accordingly"" | [1] ""Cutoff is based on inflection point."" | <simpleError in flowCore::`exprs<-`(`*tmp*`, value = flowCore::exprs(f_onlyNeg)[-indices,     ]): Replacement value for the 'exprs' slot of a 'flowFrame' object must be  |   a numeric matrix with colnames matching at least a subset of the orginal","{""mode"":""fast"",""numOfMarkers"":2,""multithread"":false}"
ddPCRclust_template_fast,"native template workflow, fast density mode",D178N,2021-03-29_SNV_D178N,ok,NA,7.447999999999865,"[1] ""Only one peak is found, set standard deviation, percentile, or upper arguments accordingly"" | [1] ""Cutoff is based on inflection point."" | [1] ""Only one peak is found, set standard deviation, percentile, or upper arguments accordingly"" | [1] ""Cutoff is based on inflection point."" | [1] ""Only one peak is found, set standard deviation, percentile, or upper arguments accordingly"" | [1] ""Cutoff is based on inflection point."" | [1] ""Only one peak is found, set standard deviation, percentile, or upper arguments accordingly"" | [1] ""Cutoff is based on inflection point."" | [1] ""Only one peak is found, set standard deviation, percentile, or upper arguments accordingly"" | [1] ""Cutoff is based on inflection point."" | [1] ""Only one peak is found, set standard deviation, percentile, or upper arguments accordingly"" | [1] ""Cutoff is based on inflection point."" | [1] ""Only one peak is found, set standard deviation, percentile, or upper arguments accordingly"" | [1] ""Cutoff is based on inflection point."" | [1] ""Only one peak is found, set standard deviation, percentile, or upper arguments accordingly"" | [1] ""Cutoff is based on inflection point."" | [1] ""Only one peak is found, set standard deviation, percentile, or upper arguments accordingly"" | [1] ""Cutoff is based on inflection point."" | [1] ""Only one peak is found, set standard deviation, percentile, or upper arguments accordingly"" | [1] ""Cutoff is based on inflection point."" | [1] ""Only one peak is found, set standard deviation, percentile, or upper arguments accordingly"" | [1] ""Cutoff is based on inflection point."" | [1] ""Only one peak is found, set standard deviation, percentile, or upper arguments accordingly"" | [1] ""Cutoff is based on inflection point."" | [1] ""Only one peak is found, set standard deviation, percentile, or upper arguments accordingly""","{""mode"":""fast"",""numOfMarkers"":2,""multithread"":false}"
ddPCRclust_template_fast,"native template workflow, fast density mode",D178N,2021-04-06_SNV_D178N,ok,NA,5.06899999999996,"<simpleError in flowCore::`exprs<-`(`*tmp*`, value = flowCore::exprs(f_onlyNeg)[-indices,     ]): Replacement value for the 'exprs' slot of a 'flowFrame' object must be  |   a numeric matrix with colnames matching at least a subset of the orginal |   columns.> | [1] ""Only one peak is found, set standard deviation, percentile, or upper arguments accordingly"" | [1] ""Cutoff is based on inflection point."" | [1] ""Only one peak is found, set standard deviation, percentile, or upper arguments accordingly"" | [1] ""Cutoff is based on inflection point."" | [1] ""Only one peak is found, set standard deviation, percentile, or upper arguments accordingly"" | [1] ""Cutoff is based on inflection point."" | [1] ""Only one peak is found, set standard deviation, percentile, or upper arguments accordingly"" | [1] ""Cutoff is based on inflection point."" | [1] ""Only one peak is found, set standard deviation, percentile, or upper arguments accordingly"" | [1] ""Cutoff is based on inflection point."" | [1] ""Only one peak is found, set standard deviation, percentile, or upper arguments accordingly"" | [1] ""Cutoff is based on inflection point."" | [1] ""Only one peak is found, set standard deviation, percentile, or upper arguments accordingly"" | [1] ""Cutoff is based on inflection point."" | [1] ""Only one peak is found, set standard deviation, percentile, or upper arguments accordingly"" | [1] ""Cutoff is based on inflection point."" | [1] ""Only one peak is found, set standard deviation, percentile, or upper arguments accordingly"" | [1] ""Cutoff is based on inflection point."" | <simpleError in flowCore::`exprs<-`(`*tmp*`, value = flowCore::exprs(f_onlyNeg)[-indices,     ]): Replacement value for the 'exprs' slot of a 'flowFrame' object must be  |   a numeric matrix with colnames matching at least a subset of the orginal |   columns.> | <simpleError in flowCore::`exprs<-`(`*tmp*`, value = flowCore::exprs(f_onlyNeg)[-indices,     ]): Replacement value for the 'exprs' slot of a 'flowFrame' object must be ","{""mode"":""fast"",""numOfMarkers"":2,""multithread"":false}"
ddPCRclust_template_fast,"native template workflow, fast density mode",D178N,2021-05-10_SNV_D178N,ok,NA,8.183999999999969,"[1] ""Only one peak is found, set standard deviation, percentile, or upper arguments accordingly"" | [1] ""Cutoff is based on inflection point."" | [1] ""Only one peak is found, set standard deviation, percentile, or upper arguments accordingly"" | [1] ""Cutoff is based on inflection point."" | [1] ""Only one peak is found, set standard deviation, percentile, or upper arguments accordingly"" | [1] ""Cutoff is based on inflection point."" | [1] ""Only one peak is found, set standard deviation, percentile, or upper arguments accordingly"" | [1] ""Cutoff is based on inflection point."" | [1] ""Only one peak is found, set standard deviation, percentile, or upper arguments accordingly"" | [1] ""Cutoff is based on inflection point."" | [1] ""Only one peak is found, set standard deviation, percentile, or upper arguments accordingly"" | [1] ""Cutoff is based on inflection point."" | [1] ""Only one peak is found, set standard deviation, percentile, or upper arguments accordingly"" | [1] ""Cutoff is based on inflection point."" | [1] ""Only one peak is found, set standard deviation, percentile, or upper arguments accordingly"" | [1] ""Cutoff is based on inflection point."" | [1] ""Only one peak is found, set standard deviation, percentile, or upper arguments accordingly"" | [1] ""Cutoff is based on inflection point."" | [1] ""Only one peak is found, set standard deviation, percentile, or upper arguments accordingly"" | [1] ""Cutoff is based on inflection point."" | [1] ""Only one peak is found, set standard deviation, percentile, or upper arguments accordingly"" | [1] ""Cutoff is based on inflection point."" | [1] ""Only one peak is found, set standard deviation, percentile, or upper arguments accordingly"" | [1] ""Cutoff is based on inflection point."" | [1] ""Only one peak is found, set standard deviation, percentile, or upper arguments accordingly""","{""mode"":""fast"",""numOfMarkers"":2,""multithread"":false}"
ddPCRclust_template_fast,"native template workflow, fast density mode",D178N,2021-05-20_SNV_D178N,ok,NA,9.311999999999898,"[1] ""Only one peak is found, set standard deviation, percentile, or upper arguments accordingly"" | [1] ""Cutoff is based on inflection point."" | [1] ""Only one peak is found, set standard deviation, percentile, or upper arguments accordingly"" | [1] ""Cutoff is based on inflection point."" | [1] ""Only one peak is found, set standard deviation, percentile, or upper arguments accordingly"" | [1] ""Cutoff is based on inflection point."" | [1] ""Only one peak is found, set standard deviation, percentile, or upper arguments accordingly"" | [1] ""Cutoff is based on inflection point."" | [1] ""Only one peak is found, set standard deviation, percentile, or upper arguments accordingly"" | [1] ""Cutoff is based on inflection point."" | [1] ""Only one peak is found, set standard deviation, percentile, or upper arguments accordingly"" | [1] ""Cutoff is based on inflection point."" | [1] ""Only one peak is found, set standard deviation, percentile, or upper arguments accordingly"" | [1] ""Cutoff is based on inflection point."" | [1] ""Only one peak is found, set standard deviation, percentile, or upper arguments accordingly"" | [1] ""Cutoff is based on inflection point."" | [1] ""Only one peak is found, set standard deviation, percentile, or upper arguments accordingly"" | [1] ""Cutoff is based on inflection point."" | [1] ""Only one peak is found, set standard deviation, percentile, or upper arguments accordingly"" | [1] ""Cutoff is based on inflection point."" | [1] ""Only one peak is found, set standard deviation, percentile, or upper arguments accordingly"" | [1] ""Cutoff is based on inflection point."" | [1] ""Only one peak is found, set standard deviation, percentile, or upper arguments accordingly"" | [1] ""Cutoff is based on inflection point."" | [1] ""Only one peak is found, set standard deviation, percentile, or upper arguments accordingly""","{""mode"":""fast"",""numOfMarkers"":2,""multithread"":false}"
ddPCRclust_template_fast,"native template workflow, fast density mode",D178N,2021-10-14_SNV_D178N,ok,NA,1.4460000000003674,"[1] ""Only one peak is found, set standard deviation, percentile, or upper arguments accordingly"" | [1] ""Cutoff is based on inflection point."" | [1] ""Only one peak is found, set standard deviation, percentile, or upper arguments accordingly"" | [1] ""Cutoff is based on inflection point."" | [1] ""Only one peak is found, set standard deviation, percentile, or upper arguments accordingly"" | [1] ""Cutoff is based on inflection point."" | [1] ""Only one peak is found, set standard deviation, percentile, or upper arguments accordingly"" | [1] ""Cutoff is based on inflection point."" | [1] ""Only one peak is found, set standard deviation, percentile, or upper arguments accordingly"" | [1] ""Cutoff is based on inflection point."" | [1] ""Only one peak is found, set standard deviation, percentile, or upper arguments accordingly"" | [1] ""Cutoff is based on inflection point."" | [1] ""Only one peak is found, set standard deviation, percentile, or upper arguments accordingly"" | [1] ""Cutoff is based on inflection point."" | [1] ""Only one peak is found, set standard deviation, percentile, or upper arguments accordingly"" | [1] ""Cutoff is based on inflection point."" | [1] ""Only one peak is found, set standard deviation, percentile, or upper arguments accordingly"" | <simpleError in if (upper.slope[i] < upper.slope[i + 1] & upper.slope[i] < upper.slope[i -     1]) {    upper.ind <- (i - 1) * w    break} else upper.ind <- Inf: argument is of length zero> | [1] ""Only one peak is found, set standard deviation, percentile, or upper arguments accordingly"" | [1] ""Cutoff is based on inflection point."" | [1] ""Only one peak is found, set standard deviation, percentile, or upper arguments accordingly"" | [1] ""Cutoff is based on inflection point."" | [1] ""Only one peak is found, set standard deviation, percentile, or upper arguments accordingly"" | [1] ""Cutoff is based on inflection point."" | [1] ""Only one peak is found, set standard deviation, percentile, or upper arguments accordingly""","{""mode"":""fast"",""numOfMarkers"":2,""multithread"":false}"
ddPCRclust_template_fast,"native template workflow, fast density mode",E200K,2020-10-12_SNV_E200K,ok,NA,2.5779999999999745,"[1] ""Only one peak is found, set standard deviation, percentile, or upper arguments accordingly"" | [1] ""Cutoff is based on inflection point."" | [1] ""Only one peak is found, set standard deviation, percentile, or upper arguments accordingly"" | [1] ""Cutoff is based on inflection point."" | [1] ""Only one peak is found, set standard deviation, percentile, or upper arguments accordingly"" | [1] ""Cutoff is based on inflection point."" | [1] ""Only one peak is found, set standard deviation, percentile, or upper arguments accordingly"" | [1] ""Cutoff is based on inflection point."" | [1] ""Only one peak is found, set standard deviation, percentile, or upper arguments accordingly"" | [1] ""Cutoff is based on inflection point."" | [1] ""Only one peak is found, set standard deviation, percentile, or upper arguments accordingly"" | [1] ""Cutoff is based on inflection point."" | [1] ""Only one peak is found, set standard deviation, percentile, or upper arguments accordingly"" | [1] ""Cutoff is based on inflection point."" | [1] ""Only one peak is found, set standard deviation, percentile, or upper arguments accordingly"" | [1] ""Cutoff is based on inflection point."" | [1] ""Only one peak is found, set standard deviation, percentile, or upper arguments accordingly"" | [1] ""Cutoff is based on inflection point."" | [1] ""Only one peak is found, set standard deviation, percentile, or upper arguments accordingly"" | [1] ""Cutoff is based on inflection point."" | [1] ""Only one peak is found, set standard deviation, percentile, or upper arguments accordingly"" | [1] ""Cutoff is based on inflection point."" | [1] ""Only one peak is found, set standard deviation, percentile, or upper arguments accordingly"" | [1] ""Cutoff is based on inflection point.""","{""mode"":""fast"",""numOfMarkers"":2,""multithread"":false}"
ddPCRclust_template_fast,"native template workflow, fast density mode",E200K,2020-10-15_SNV_E200K,ok,NA,11.904999999999745,"[1] ""Only one peak is found, set standard deviation, percentile, or upper arguments accordingly"" | [1] ""Cutoff is based on inflection point."" | [1] ""Only one peak is found, set standard deviation, percentile, or upper arguments accordingly"" | [1] ""Cutoff is based on inflection point."" | [1] ""Only one peak is found, set standard deviation, percentile, or upper arguments accordingly"" | [1] ""Cutoff is based on inflection point."" | [1] ""Only one peak is found, set standard deviation, percentile, or upper arguments accordingly"" | [1] ""Cutoff is based on inflection point."" | [1] ""Only one peak is found, set standard deviation, percentile, or upper arguments accordingly"" | [1] ""Cutoff is based on inflection point."" | [1] ""Only one peak is found, set standard deviation, percentile, or upper arguments accordingly"" | [1] ""Cutoff is based on inflection point."" | [1] ""Only one peak is found, set standard deviation, percentile, or upper arguments accordingly"" | [1] ""Cutoff is based on inflection point."" | [1] ""Only one peak is found, set standard deviation, percentile, or upper arguments accordingly"" | [1] ""Cutoff is based on inflection point."" | [1] ""Only one peak is found, set standard deviation, percentile, or upper arguments accordingly"" | [1] ""Cutoff is based on inflection point."" | [1] ""Only one peak is found, set standard deviation, percentile, or upper arguments accordingly"" | [1] ""Cutoff is based on inflection point."" | [1] ""Only one peak is found, set standard deviation, percentile, or upper arguments accordingly"" | [1] ""Cutoff is based on inflection point."" | [1] ""Only one peak is found, set standard deviation, percentile, or upper arguments accordingly"" | [1] ""Cutoff is based on inflection point."" | [1] ""Only one peak is found, set standard deviation, percentile, or upper arguments accordingly""","{""mode"":""fast"",""numOfMarkers"":2,""multithread"":false}"
ddPCRclust_template_fast,"native template workflow, fast density mode",E200K,2020-10-22_SNV_E200K,ok,NA,9.497000000000298,"[1] ""Only one peak is found, set standard deviation, percentile, or upper arguments accordingly"" | [1] ""Cutoff is based on inflection point."" | [1] ""Only one peak is found, set standard deviation, percentile, or upper arguments accordingly"" | [1] ""Cutoff is based on inflection point."" | [1] ""Only one peak is found, set standard deviation, percentile, or upper arguments accordingly"" | [1] ""Cutoff is based on inflection point."" | [1] ""Only one peak is found, set standard deviation, percentile, or upper arguments accordingly"" | [1] ""Cutoff is based on inflection point."" | [1] ""Only one peak is found, set standard deviation, percentile, or upper arguments accordingly"" | [1] ""Cutoff is based on inflection point."" | [1] ""Only one peak is found, set standard deviation, percentile, or upper arguments accordingly"" | [1] ""Cutoff is based on inflection point."" | [1] ""Only one peak is found, set standard deviation, percentile, or upper arguments accordingly"" | [1] ""Cutoff is based on inflection point."" | [1] ""Only one peak is found, set standard deviation, percentile, or upper arguments accordingly"" | [1] ""Cutoff is based on inflection point."" | [1] ""Only one peak is found, set standard deviation, percentile, or upper arguments accordingly"" | [1] ""Cutoff is based on inflection point."" | [1] ""Only one peak is found, set standard deviation, percentile, or upper arguments accordingly"" | [1] ""Cutoff is based on inflection point."" | [1] ""Only one peak is found, set standard deviation, percentile, or upper arguments accordingly"" | [1] ""Cutoff is based on inflection point."" | [1] ""Only one peak is found, set standard deviation, percentile, or upper arguments accordingly"" | [1] ""Cutoff is based on inflection point."" | [1] ""Only one peak is found, set standard deviation, percentile, or upper arguments accordingly""","{""mode"":""fast"",""numOfMarkers"":2,""multithread"":false}"
ddPCRclust_template_fast,"native template workflow, fast density mode",E200K,2020-10-29_SNV_E200K,ok,NA,12.121000000000095,"[1] ""Only one peak is found, set standard deviation, percentile, or upper arguments accordingly"" | [1] ""Cutoff is based on inflection point."" | [1] ""Only one peak is found, set standard deviation, percentile, or upper arguments accordingly"" | [1] ""Cutoff is based on inflection point."" | [1] ""Only one peak is found, set standard deviation, percentile, or upper arguments accordingly"" | [1] ""Cutoff is based on inflection point."" | [1] ""Only one peak is found, set standard deviation, percentile, or upper arguments accordingly"" | [1] ""Cutoff is based on inflection point."" | [1] ""Only one peak is found, set standard deviation, percentile, or upper arguments accordingly"" | [1] ""Cutoff is based on inflection point."" | [1] ""Only one peak is found, set standard deviation, percentile, or upper arguments accordingly"" | [1] ""Cutoff is based on inflection point."" | [1] ""Only one peak is found, set standard deviation, percentile, or upper arguments accordingly"" | [1] ""Cutoff is based on inflection point."" | [1] ""Only one peak is found, set standard deviation, percentile, or upper arguments accordingly"" | [1] ""Cutoff is based on inflection point."" | [1] ""Only one peak is found, set standard deviation, percentile, or upper arguments accordingly"" | [1] ""Cutoff is based on inflection point."" | [1] ""Only one peak is found, set standard deviation, percentile, or upper arguments accordingly"" | [1] ""Cutoff is based on inflection point."" | [1] ""Only one peak is found, set standard deviation, percentile, or upper arguments accordingly"" | [1] ""Cutoff is based on inflection point."" | [1] ""Only one peak is found, set standard deviation, percentile, or upper arguments accordingly"" | [1] ""Cutoff is based on inflection point."" | [1] ""Only one peak is found, set standard deviation, percentile, or upper arguments accordingly""","{""mode"":""fast"",""numOfMarkers"":2,""multithread"":false}"
ddPCRclust_template_fast,"native template workflow, fast density mode",E200K,2020-11-05_SNV_E200K,ok,NA,10.541000000000167,"[1] ""Only one peak is found, set standard deviation, percentile, or upper arguments accordingly"" | [1] ""Cutoff is based on inflection point."" | [1] ""Only one peak is found, set standard deviation, percentile, or upper arguments accordingly"" | [1] ""Cutoff is based on inflection point."" | [1] ""Only one peak is found, set standard deviation, percentile, or upper arguments accordingly"" | [1] ""Cutoff is based on inflection point."" | [1] ""Only one peak is found, set standard deviation, percentile, or upper arguments accordingly"" | [1] ""Cutoff is based on inflection point."" | [1] ""Only one peak is found, set standard deviation, percentile, or upper arguments accordingly"" | [1] ""Cutoff is based on inflection point."" | [1] ""Only one peak is found, set standard deviation, percentile, or upper arguments accordingly"" | [1] ""Cutoff is based on inflection point."" | [1] ""Only one peak is found, set standard deviation, percentile, or upper arguments accordingly"" | [1] ""Cutoff is based on inflection point."" | [1] ""Only one peak is found, set standard deviation, percentile, or upper arguments accordingly"" | [1] ""Cutoff is based on inflection point."" | [1] ""Only one peak is found, set standard deviation, percentile, or upper arguments accordingly"" | [1] ""Cutoff is based on inflection point."" | [1] ""Only one peak is found, set standard deviation, percentile, or upper arguments accordingly"" | [1] ""Cutoff is based on inflection point."" | [1] ""Only one peak is found, set standard deviation, percentile, or upper arguments accordingly"" | [1] ""Cutoff is based on inflection point."" | [1] ""Only one peak is found, set standard deviation, percentile, or upper arguments accordingly"" | [1] ""Cutoff is based on inflection point."" | [1] ""Only one peak is found, set standard deviation, percentile, or upper arguments accordingly""","{""mode"":""fast"",""numOfMarkers"":2,""multithread"":false}"
ddPCRclust_template_fast,"native template workflow, fast density mode",E200K,2020-11-24_SNV_E200K,ok,NA,4.7960000000002765,"[1] ""Only one peak is found, set standard deviation, percentile, or upper arguments accordingly"" | [1] ""Cutoff is based on inflection point."" | [1] ""Only one peak is found, set standard deviation, percentile, or upper arguments accordingly"" | [1] ""Cutoff is based on inflection point."" | [1] ""Only one peak is found, set standard deviation, percentile, or upper arguments accordingly"" | [1] ""Cutoff is based on inflection point."" | [1] ""Only one peak is found, set standard deviation, percentile, or upper arguments accordingly"" | [1] ""Cutoff is based on inflection point."" | [1] ""Only one peak is found, set standard deviation, percentile, or upper arguments accordingly"" | [1] ""Cutoff is based on inflection point."" | [1] ""Only one peak is found, set standard deviation, percentile, or upper arguments accordingly"" | [1] ""Cutoff is based on inflection point."" | [1] ""Only one peak is found, set standard deviation, percentile, or upper arguments accordingly"" | [1] ""Cutoff is based on inflection point."" | [1] ""Only one peak is found, set standard deviation, percentile, or upper arguments accordingly"" | [1] ""Cutoff is based on inflection point."" | [1] ""Only one peak is found, set standard deviation, percentile, or upper arguments accordingly"" | [1] ""Cutoff is based on inflection point."" | [1] ""Only one peak is found, set standard deviation, percentile, or upper arguments accordingly"" | [1] ""Cutoff is based on inflection point."" | [1] ""Only one peak is found, set standard deviation, percentile, or upper arguments accordingly"" | [1] ""Cutoff is based on inflection point."" | [1] ""Only one peak is found, set standard deviation, percentile, or upper arguments accordingly"" | [1] ""Cutoff is based on inflection point."" | [1] ""Only one peak is found, set standard deviation, percentile, or upper arguments accordingly""","{""mode"":""fast"",""numOfMarkers"":2,""multithread"":false}"
ddPCRclust_template_fast,"native template workflow, fast density mode",E200K,2021-01-26_SNV_E200K,ok,NA,10.422999999999774,"[1] ""Only one peak is found, set standard deviation, percentile, or upper arguments accordingly"" | [1] ""Cutoff is based on inflection point."" | [1] ""Only one peak is found, set standard deviation, percentile, or upper arguments accordingly"" | [1] ""Cutoff is based on inflection point."" | [1] ""Only one peak is found, set standard deviation, percentile, or upper arguments accordingly"" | [1] ""Cutoff is based on inflection point."" | [1] ""Only one peak is found, set standard deviation, percentile, or upper arguments accordingly"" | [1] ""Cutoff is based on inflection point."" | [1] ""Only one peak is found, set standard deviation, percentile, or upper arguments accordingly"" | [1] ""Cutoff is based on inflection point."" | <simpleError in solve.default(cov, ...): Lapack routine dgesv: system is exactly singular: U[2,2] = 0> | [1] ""Only one peak is found, set standard deviation, percentile, or upper arguments accordingly"" | [1] ""Cutoff is based on inflection point."" | [1] ""Only one peak is found, set standard deviation, percentile, or upper arguments accordingly"" | [1] ""Cutoff is based on inflection point."" | [1] ""Only one peak is found, set standard deviation, percentile, or upper arguments accordingly"" | [1] ""Cutoff is based on inflection point."" | [1] ""Only one peak is found, set standard deviation, percentile, or upper arguments accordingly"" | [1] ""Cutoff is based on inflection point."" | [1] ""Only one peak is found, set standard deviation, percentile, or upper arguments accordingly"" | [1] ""Cutoff is based on inflection point."" | [1] ""Only one peak is found, set standard deviation, percentile, or upper arguments accordingly"" | [1] ""Cutoff is based on inflection point."" | [1] ""Only one peak is found, set standard deviation, percentile, or upper arguments accordingly"" | [1] ""Cutoff is based on inflection point.""","{""mode"":""fast"",""numOfMarkers"":2,""multithread"":false}"
ddPCRclust_template_fast,"native template workflow, fast density mode",E200K,2021-02-17_SNV_E200K,ok,NA,6.724999999999909,"[1] ""Only one peak is found, set standard deviation, percentile, or upper arguments accordingly"" | [1] ""Cutoff is based on inflection point."" | [1] ""Only one peak is found, set standard deviation, percentile, or upper arguments accordingly"" | [1] ""Cutoff is based on inflection point."" | [1] ""Only one peak is found, set standard deviation, percentile, or upper arguments accordingly"" | [1] ""Cutoff is based on inflection point."" | [1] ""Only one peak is found, set standard deviation, percentile, or upper arguments accordingly"" | [1] ""Cutoff is based on inflection point."" | [1] ""Only one peak is found, set standard deviation, percentile, or upper arguments accordingly"" | [1] ""Cutoff is based on inflection point."" | [1] ""Only one peak is found, set standard deviation, percentile, or upper arguments accordingly"" | [1] ""Cutoff is based on inflection point."" | [1] ""Only one peak is found, set standard deviation, percentile, or upper arguments accordingly"" | [1] ""Cutoff is based on inflection point."" | [1] ""Only one peak is found, set standard deviation, percentile, or upper arguments accordingly"" | [1] ""Cutoff is based on inflection point."" | [1] ""Only one peak is found, set standard deviation, percentile, or upper arguments accordingly"" | [1] ""Cutoff is based on inflection point."" | [1] ""Only one peak is found, set standard deviation, percentile, or upper arguments accordingly"" | [1] ""Cutoff is based on inflection point."" | [1] ""Only one peak is found, set standard deviation, percentile, or upper arguments accordingly"" | [1] ""Cutoff is based on inflection point."" | [1] ""Only one peak is found, set standard deviation, percentile, or upper arguments accordingly"" | [1] ""Cutoff is based on inflection point."" | [1] ""Only one peak is found, set standard deviation, percentile, or upper arguments accordingly""","{""mode"":""fast"",""numOfMarkers"":2,""multithread"":false}"
ddPCRclust_template_fast,"native template workflow, fast density mode",E200K,2021-02-18_SNV_E200K,ok,NA,9.074999999999818,"[1] ""Only one peak is found, set standard deviation, percentile, or upper arguments accordingly"" | [1] ""Cutoff is based on inflection point."" | [1] ""Only one peak is found, set standard deviation, percentile, or upper arguments accordingly"" | [1] ""Cutoff is based on inflection point."" | [1] ""Only one peak is found, set standard deviation, percentile, or upper arguments accordingly"" | [1] ""Cutoff is based on inflection point."" | [1] ""Only one peak is found, set standard deviation, percentile, or upper arguments accordingly"" | [1] ""Cutoff is based on inflection point."" | [1] ""Only one peak is found, set standard deviation, percentile, or upper arguments accordingly"" | [1] ""Cutoff is based on inflection point."" | [1] ""Only one peak is found, set standard deviation, percentile, or upper arguments accordingly"" | [1] ""Cutoff is based on inflection point."" | [1] ""Only one peak is found, set standard deviation, percentile, or upper arguments accordingly"" | [1] ""Cutoff is based on inflection point."" | [1] ""Only one peak is found, set standard deviation, percentile, or upper arguments accordingly"" | [1] ""Cutoff is based on inflection point."" | [1] ""Only one peak is found, set standard deviation, percentile, or upper arguments accordingly"" | [1] ""Cutoff is based on inflection point."" | [1] ""Only one peak is found, set standard deviation, percentile, or upper arguments accordingly"" | [1] ""Cutoff is based on inflection point."" | [1] ""Only one peak is found, set standard deviation, percentile, or upper arguments accordingly"" | [1] ""Cutoff is based on inflection point."" | [1] ""Only one peak is found, set standard deviation, percentile, or upper arguments accordingly"" | [1] ""Cutoff is based on inflection point."" | [1] ""Only one peak is found, set standard deviation, percentile, or upper arguments accordingly""","{""mode"":""fast"",""numOfMarkers"":2,""multithread"":false}"
ddPCRclust_template_fast,"native template workflow, fast density mode",E200K,2021-03-29_SNV_E200K,ok,NA,18.50799999999981,"[1] ""Only one peak is found, set standard deviation, percentile, or upper arguments accordingly"" | [1] ""Cutoff is based on inflection point."" | [1] ""Only one peak is found, set standard deviation, percentile, or upper arguments accordingly"" | [1] ""Cutoff is based on inflection point."" | [1] ""Only one peak is found, set standard deviation, percentile, or upper arguments accordingly"" | [1] ""Cutoff is based on inflection point."" | [1] ""Only one peak is found, set standard deviation, percentile, or upper arguments accordingly"" | [1] ""Cutoff is based on inflection point."" | [1] ""Only one peak is found, set standard deviation, percentile, or upper arguments accordingly"" | [1] ""Cutoff is based on inflection point."" | [1] ""Only one peak is found, set standard deviation, percentile, or upper arguments accordingly"" | [1] ""Cutoff is based on inflection point."" | [1] ""Only one peak is found, set standard deviation, percentile, or upper arguments accordingly"" | [1] ""Cutoff is based on inflection point."" | [1] ""Only one peak is found, set standard deviation, percentile, or upper arguments accordingly"" | [1] ""Cutoff is based on inflection point."" | [1] ""Only one peak is found, set standard deviation, percentile, or upper arguments accordingly"" | [1] ""Cutoff is based on inflection point."" | [1] ""Only one peak is found, set standard deviation, percentile, or upper arguments accordingly"" | [1] ""Cutoff is based on inflection point."" | [1] ""Only one peak is found, set standard deviation, percentile, or upper arguments accordingly"" | [1] ""Cutoff is based on inflection point."" | [1] ""Only one peak is found, set standard deviation, percentile, or upper arguments accordingly"" | [1] ""Cutoff is based on inflection point."" | [1] ""Only one peak is found, set standard deviation, percentile, or upper arguments accordingly""","{""mode"":""fast"",""numOfMarkers"":2,""multithread"":false}"
ddPCRclust_template_fast,"native template workflow, fast density mode",E200K,2021-04-06_SNV_E200K,ok,NA,6.680000000000291,"[1] ""Only one peak is found, set standard deviation, percentile, or upper arguments accordingly"" | [1] ""Cutoff is based on inflection point."" | [1] ""Only one peak is found, set standard deviation, percentile, or upper arguments accordingly"" | [1] ""Cutoff is based on inflection point."" | [1] ""Only one peak is found, set standard deviation, percentile, or upper arguments accordingly"" | [1] ""Cutoff is based on inflection point."" | [1] ""Only one peak is found, set standard deviation, percentile, or upper arguments accordingly"" | [1] ""Cutoff is based on inflection point."" | [1] ""Only one peak is found, set standard deviation, percentile, or upper arguments accordingly"" | [1] ""Cutoff is based on inflection point."" | [1] ""Only one peak is found, set standard deviation, percentile, or upper arguments accordingly"" | [1] ""Cutoff is based on inflection point."" | [1] ""Only one peak is found, set standard deviation, percentile, or upper arguments accordingly"" | [1] ""Cutoff is based on inflection point."" | [1] ""Only one peak is found, set standard deviation, percentile, or upper arguments accordingly"" | [1] ""Cutoff is based on inflection point."" | [1] ""Only one peak is found, set standard deviation, percentile, or upper arguments accordingly"" | [1] ""Cutoff is based on inflection point."" | [1] ""Only one peak is found, set standard deviation, percentile, or upper arguments accordingly"" | [1] ""Cutoff is based on inflection point."" | [1] ""Only one peak is found, set standard deviation, percentile, or upper arguments accordingly"" | [1] ""Cutoff is based on inflection point."" | [1] ""Only one peak is found, set standard deviation, percentile, or upper arguments accordingly"" | [1] ""Cutoff is based on inflection point."" | [1] ""Only one peak is found, set standard deviation, percentile, or upper arguments accordingly""","{""mode"":""fast"",""numOfMarkers"":2,""multithread"":false}"
ddPCRclust_template_fast,"native template workflow, fast density mode",E200K,2021-05-10_SNV_E200K,ok,NA,18.00799999999981,"[1] ""Only one peak is found, set standard deviation, percentile, or upper arguments accordingly"" | [1] ""Cutoff is based on inflection point."" | [1] ""Only one peak is found, set standard deviation, percentile, or upper arguments accordingly"" | [1] ""Cutoff is based on inflection point."" | [1] ""Only one peak is found, set standard deviation, percentile, or upper arguments accordingly"" | [1] ""Cutoff is based on inflection point."" | [1] ""Only one peak is found, set standard deviation, percentile, or upper arguments accordingly"" | [1] ""Cutoff is based on inflection point."" | [1] ""Only one peak is found, set standard deviation, percentile, or upper arguments accordingly"" | [1] ""Cutoff is based on inflection point."" | [1] ""Only one peak is found, set standard deviation, percentile, or upper arguments accordingly"" | [1] ""Cutoff is based on inflection point."" | [1] ""Only one peak is found, set standard deviation, percentile, or upper arguments accordingly"" | [1] ""Cutoff is based on inflection point."" | [1] ""Only one peak is found, set standard deviation, percentile, or upper arguments accordingly"" | [1] ""Cutoff is based on inflection point."" | [1] ""Only one peak is found, set standard deviation, percentile, or upper arguments accordingly"" | [1] ""Cutoff is based on inflection point."" | [1] ""Only one peak is found, set standard deviation, percentile, or upper arguments accordingly"" | [1] ""Cutoff is based on inflection point."" | [1] ""Only one peak is found, set standard deviation, percentile, or upper arguments accordingly"" | [1] ""Cutoff is based on inflection point."" | [1] ""Only one peak is found, set standard deviation, percentile, or upper arguments accordingly"" | [1] ""Cutoff is based on inflection point."" | [1] ""Only one peak is found, set standard deviation, percentile, or upper arguments accordingly""","{""mode"":""fast"",""numOfMarkers"":2,""multithread"":false}"
ddPCRclust_template_fast,"native template workflow, fast density mode",E200K,2021-05-20_SNV_E200K,ok,NA,14.99200000000019,"[1] ""Only one peak is found, set standard deviation, percentile, or upper arguments accordingly"" | [1] ""Cutoff is based on inflection point."" | [1] ""Only one peak is found, set standard deviation, percentile, or upper arguments accordingly"" | [1] ""Cutoff is based on inflection point."" | [1] ""Only one peak is found, set standard deviation, percentile, or upper arguments accordingly"" | [1] ""Cutoff is based on inflection point."" | [1] ""Only one peak is found, set standard deviation, percentile, or upper arguments accordingly"" | [1] ""Cutoff is based on inflection point."" | [1] ""Only one peak is found, set standard deviation, percentile, or upper arguments accordingly"" | [1] ""Cutoff is based on inflection point."" | [1] ""Only one peak is found, set standard deviation, percentile, or upper arguments accordingly"" | [1] ""Cutoff is based on inflection point."" | [1] ""Only one peak is found, set standard deviation, percentile, or upper arguments accordingly"" | [1] ""Cutoff is based on inflection point."" | [1] ""Only one peak is found, set standard deviation, percentile, or upper arguments accordingly"" | [1] ""Cutoff is based on inflection point."" | [1] ""Only one peak is found, set standard deviation, percentile, or upper arguments accordingly"" | [1] ""Cutoff is based on inflection point."" | [1] ""Only one peak is found, set standard deviation, percentile, or upper arguments accordingly"" | [1] ""Cutoff is based on inflection point."" | [1] ""Only one peak is found, set standard deviation, percentile, or upper arguments accordingly"" | [1] ""Cutoff is based on inflection point."" | [1] ""Only one peak is found, set standard deviation, percentile, or upper arguments accordingly"" | [1] ""Cutoff is based on inflection point."" | [1] ""Only one peak is found, set standard deviation, percentile, or upper arguments accordingly""","{""mode"":""fast"",""numOfMarkers"":2,""multithread"":false}"
ddPCRclust_template_fast,"native template workflow, fast density mode",E200K,2021-10-25_SNV_E200K,ok,NA,1.0659999999998035,"[1] ""Only one peak is found, set standard deviation, percentile, or upper arguments accordingly"" | [1] ""Cutoff is based on inflection point."" | [1] ""Only one peak is found, set standard deviation, percentile, or upper arguments accordingly"" | [1] ""Cutoff is based on inflection point.""","{""mode"":""fast"",""numOfMarkers"":2,""multithread"":false}"
ddPCRclust_template_fast,"native template workflow, fast density mode",P102L,2020-12-01_SNV_P102L,ok,NA,23.144999999999527,"[1] ""Only one peak is found, set standard deviation, percentile, or upper arguments accordingly"" | [1] ""Cutoff is based on inflection point."" | [1] ""Only one peak is found, set standard deviation, percentile, or upper arguments accordingly"" | [1] ""Cutoff is based on inflection point."" | [1] ""Only one peak is found, set standard deviation, percentile, or upper arguments accordingly"" | [1] ""Cutoff is based on inflection point."" | [1] ""Only one peak is found, set standard deviation, percentile, or upper arguments accordingly"" | [1] ""Cutoff is based on inflection point."" | [1] ""Only one peak is found, set standard deviation, percentile, or upper arguments accordingly"" | [1] ""Cutoff is based on inflection point."" | [1] ""Only one peak is found, set standard deviation, percentile, or upper arguments accordingly"" | [1] ""Cutoff is based on inflection point."" | [1] ""Only one peak is found, set standard deviation, percentile, or upper arguments accordingly"" | [1] ""Cutoff is based on inflection point."" | [1] ""Only one peak is found, set standard deviation, percentile, or upper arguments accordingly"" | [1] ""Cutoff is based on inflection point."" | [1] ""Only one peak is found, set standard deviation, percentile, or upper arguments accordingly"" | [1] ""Cutoff is based on inflection point."" | [1] ""Only one peak is found, set standard deviation, percentile, or upper arguments accordingly"" | [1] ""Cutoff is based on inflection point."" | [1] ""Only one peak is found, set standard deviation, percentile, or upper arguments accordingly"" | [1] ""Cutoff is based on inflection point."" | [1] ""Only one peak is found, set standard deviation, percentile, or upper arguments accordingly"" | [1] ""Cutoff is based on inflection point."" | [1] ""Only one peak is found, set standard deviation, percentile, or upper arguments accordingly""","{""mode"":""fast"",""numOfMarkers"":2,""multithread"":false}"
ddPCRclust_template_fast,"native template workflow, fast density mode",P102L,2021-01-26_SNV_P102L,ok,NA,14.042000000000371,"[1] ""Only one peak is found, set standard deviation, percentile, or upper arguments accordingly"" | [1] ""Cutoff is based on inflection point."" | [1] ""Only one peak is found, set standard deviation, percentile, or upper arguments accordingly"" | [1] ""Cutoff is based on inflection point."" | [1] ""Only one peak is found, set standard deviation, percentile, or upper arguments accordingly"" | [1] ""Cutoff is based on inflection point."" | [1] ""Only one peak is found, set standard deviation, percentile, or upper arguments accordingly"" | [1] ""Cutoff is based on inflection point."" | [1] ""Only one peak is found, set standard deviation, percentile, or upper arguments accordingly"" | [1] ""Cutoff is based on inflection point."" | [1] ""Only one peak is found, set standard deviation, percentile, or upper arguments accordingly"" | [1] ""Cutoff is based on inflection point."" | [1] ""Only one peak is found, set standard deviation, percentile, or upper arguments accordingly"" | [1] ""Cutoff is based on inflection point."" | [1] ""Only one peak is found, set standard deviation, percentile, or upper arguments accordingly"" | [1] ""Cutoff is based on inflection point."" | [1] ""Only one peak is found, set standard deviation, percentile, or upper arguments accordingly"" | [1] ""Cutoff is based on inflection point."" | [1] ""Only one peak is found, set standard deviation, percentile, or upper arguments accordingly"" | [1] ""Cutoff is based on inflection point."" | [1] ""Only one peak is found, set standard deviation, percentile, or upper arguments accordingly"" | [1] ""Cutoff is based on inflection point."" | [1] ""Only one peak is found, set standard deviation, percentile, or upper arguments accordingly"" | [1] ""Cutoff is based on inflection point."" | [1] ""Only one peak is found, set standard deviation, percentile, or upper arguments accordingly""","{""mode"":""fast"",""numOfMarkers"":2,""multithread"":false}"
ddPCRclust_template_fast,"native template workflow, fast density mode",P102L,2021-01-28_SNV_P102L,ok,NA,6.746000000000095,"<simpleError in flowCore::`exprs<-`(`*tmp*`, value = flowCore::exprs(f_onlyNeg)[-indices,     ]): Replacement value for the 'exprs' slot of a 'flowFrame' object must be  |   a numeric matrix with colnames matching at least a subset of the orginal |   columns.> | [1] ""Only one peak is found, set standard deviation, percentile, or upper arguments accordingly"" | [1] ""Cutoff is based on inflection point."" | [1] ""Only one peak is found, set standard deviation, percentile, or upper arguments accordingly"" | [1] ""Cutoff is based on inflection point."" | [1] ""Only one peak is found, set standard deviation, percentile, or upper arguments accordingly"" | [1] ""Cutoff is based on inflection point."" | [1] ""Only one peak is found, set standard deviation, percentile, or upper arguments accordingly"" | [1] ""Cutoff is based on inflection point."" | [1] ""Only one peak is found, set standard deviation, percentile, or upper arguments accordingly"" | [1] ""Cutoff is based on inflection point."" | [1] ""Only one peak is found, set standard deviation, percentile, or upper arguments accordingly"" | [1] ""Cutoff is based on inflection point."" | [1] ""Only one peak is found, set standard deviation, percentile, or upper arguments accordingly"" | [1] ""Cutoff is based on inflection point."" | [1] ""Only one peak is found, set standard deviation, percentile, or upper arguments accordingly"" | [1] ""Cutoff is based on inflection point."" | [1] ""Only one peak is found, set standard deviation, percentile, or upper arguments accordingly"" | [1] ""Cutoff is based on inflection point."" | [1] ""Only one peak is found, set standard deviation, percentile, or upper arguments accordingly"" | [1] ""Cutoff is based on inflection point."" | [1] ""Only one peak is found, set standard deviation, percentile, or upper arguments accordingly"" | [1] ""Cutoff is based on inflection point.""","{""mode"":""fast"",""numOfMarkers"":2,""multithread"":false}"
ddPCRclust_template_fast,"native template workflow, fast density mode",P102L,2021-02-02_SNV_P102L,ok,NA,16.26000000000022,"[1] ""Only one peak is found, set standard deviation, percentile, or upper arguments accordingly"" | [1] ""Cutoff is based on inflection point."" | [1] ""Only one peak is found, set standard deviation, percentile, or upper arguments accordingly"" | [1] ""Cutoff is based on inflection point."" | [1] ""Only one peak is found, set standard deviation, percentile, or upper arguments accordingly"" | [1] ""Cutoff is based on inflection point."" | [1] ""Only one peak is found, set standard deviation, percentile, or upper arguments accordingly"" | [1] ""Cutoff is based on inflection point."" | [1] ""Only one peak is found, set standard deviation, percentile, or upper arguments accordingly"" | [1] ""Cutoff is based on inflection point."" | [1] ""Only one peak is found, set standard deviation, percentile, or upper arguments accordingly"" | [1] ""Cutoff is based on inflection point."" | [1] ""Only one peak is found, set standard deviation, percentile, or upper arguments accordingly"" | [1] ""Cutoff is based on inflection point."" | [1] ""Only one peak is found, set standard deviation, percentile, or upper arguments accordingly"" | [1] ""Cutoff is based on inflection point."" | [1] ""Only one peak is found, set standard deviation, percentile, or upper arguments accordingly"" | [1] ""Cutoff is based on inflection point."" | [1] ""Only one peak is found, set standard deviation, percentile, or upper arguments accordingly"" | [1] ""Cutoff is based on inflection point."" | [1] ""Only one peak is found, set standard deviation, percentile, or upper arguments accordingly"" | [1] ""Cutoff is based on inflection point."" | [1] ""Only one peak is found, set standard deviation, percentile, or upper arguments accordingly"" | [1] ""Cutoff is based on inflection point."" | [1] ""Only one peak is found, set standard deviation, percentile, or upper arguments accordingly""","{""mode"":""fast"",""numOfMarkers"":2,""multithread"":false}"
ddPCRclust_template_fast,"native template workflow, fast density mode",P102L,2021-02-17_SNV_P102L,ok,NA,4.938000000000102,"[1] ""Only one peak is found, set standard deviation, percentile, or upper arguments accordingly"" | [1] ""Cutoff is based on inflection point."" | [1] ""Only one peak is found, set standard deviation, percentile, or upper arguments accordingly"" | [1] ""Cutoff is based on inflection point."" | [1] ""Only one peak is found, set standard deviation, percentile, or upper arguments accordingly"" | [1] ""Cutoff is based on inflection point."" | [1] ""Only one peak is found, set standard deviation, percentile, or upper arguments accordingly"" | [1] ""Cutoff is based on inflection point."" | [1] ""Only one peak is found, set standard deviation, percentile, or upper arguments accordingly"" | [1] ""Cutoff is based on inflection point."" | [1] ""Only one peak is found, set standard deviation, percentile, or upper arguments accordingly"" | [1] ""Cutoff is based on inflection point."" | [1] ""Only one peak is found, set standard deviation, percentile, or upper arguments accordingly"" | [1] ""Cutoff is based on inflection point."" | [1] ""Only one peak is found, set standard deviation, percentile, or upper arguments accordingly"" | [1] ""Cutoff is based on inflection point."" | [1] ""Only one peak is found, set standard deviation, percentile, or upper arguments accordingly"" | [1] ""Cutoff is based on inflection point."" | [1] ""Only one peak is found, set standard deviation, percentile, or upper arguments accordingly"" | [1] ""Cutoff is based on inflection point."" | [1] ""Only one peak is found, set standard deviation, percentile, or upper arguments accordingly"" | [1] ""Cutoff is based on inflection point."" | [1] ""Only one peak is found, set standard deviation, percentile, or upper arguments accordingly"" | [1] ""Cutoff is based on inflection point."" | [1] ""Only one peak is found, set standard deviation, percentile, or upper arguments accordingly""","{""mode"":""fast"",""numOfMarkers"":2,""multithread"":false}"
ddPCRclust_template_fast,"native template workflow, fast density mode",P102L,2021-02-18_SNV_P102L,ok,NA,6.123999999999796,"[1] ""Only one peak is found, set standard deviation, percentile, or upper arguments accordingly"" | [1] ""Cutoff is based on inflection point."" | [1] ""Only one peak is found, set standard deviation, percentile, or upper arguments accordingly"" | [1] ""Cutoff is based on inflection point."" | [1] ""Only one peak is found, set standard deviation, percentile, or upper arguments accordingly"" | [1] ""Cutoff is based on inflection point."" | [1] ""Only one peak is found, set standard deviation, percentile, or upper arguments accordingly"" | [1] ""Cutoff is based on inflection point."" | [1] ""Only one peak is found, set standard deviation, percentile, or upper arguments accordingly"" | [1] ""Cutoff is based on inflection point."" | [1] ""Only one peak is found, set standard deviation, percentile, or upper arguments accordingly"" | [1] ""Cutoff is based on inflection point."" | [1] ""Only one peak is found, set standard deviation, percentile, or upper arguments accordingly"" | [1] ""Cutoff is based on inflection point."" | [1] ""Only one peak is found, set standard deviation, percentile, or upper arguments accordingly"" | [1] ""Cutoff is based on inflection point."" | [1] ""Only one peak is found, set standard deviation, percentile, or upper arguments accordingly"" | [1] ""Cutoff is based on inflection point."" | [1] ""Only one peak is found, set standard deviation, percentile, or upper arguments accordingly"" | [1] ""Cutoff is based on inflection point."" | [1] ""Only one peak is found, set standard deviation, percentile, or upper arguments accordingly"" | [1] ""Cutoff is based on inflection point."" | [1] ""Only one peak is found, set standard deviation, percentile, or upper arguments accordingly"" | [1] ""Cutoff is based on inflection point."" | [1] ""Only one peak is found, set standard deviation, percentile, or upper arguments accordingly""","{""mode"":""fast"",""numOfMarkers"":2,""multithread"":false}"
ddPCRclust_template_fast,"native template workflow, fast density mode",P102L,2021-03-05_SNV_P102L,ok,NA,2.196000000000822,"[1] ""Only one peak is found, set standard deviation, percentile, or upper arguments accordingly"" | [1] ""Cutoff is based on inflection point."" | [1] ""Only one peak is found, set standard deviation, percentile, or upper arguments accordingly"" | [1] ""Cutoff is based on inflection point."" | [1] ""Only one peak is found, set standard deviation, percentile, or upper arguments accordingly"" | [1] ""Cutoff is based on inflection point."" | [1] ""Only one peak is found, set standard deviation, percentile, or upper arguments accordingly"" | [1] ""Cutoff is based on inflection point."" | [1] ""Only one peak is found, set standard deviation, percentile, or upper arguments accordingly"" | [1] ""Cutoff is based on inflection point."" | [1] ""Only one peak is found, set standard deviation, percentile, or upper arguments accordingly"" | [1] ""Cutoff is based on inflection point."" | [1] ""Only one peak is found, set standard deviation, percentile, or upper arguments accordingly"" | [1] ""Cutoff is based on inflection point."" | [1] ""Only one peak is found, set standard deviation, percentile, or upper arguments accordingly"" | [1] ""Cutoff is based on inflection point."" | [1] ""Only one peak is found, set standard deviation, percentile, or upper arguments accordingly"" | [1] ""Cutoff is based on inflection point."" | [1] ""Only one peak is found, set standard deviation, percentile, or upper arguments accordingly"" | [1] ""Cutoff is based on inflection point."" | [1] ""Only one peak is found, set standard deviation, percentile, or upper arguments accordingly"" | [1] ""Cutoff is based on inflection point."" | [1] ""Only one peak is found, set standard deviation, percentile, or upper arguments accordingly"" | [1] ""Cutoff is based on inflection point."" | [1] ""Only one peak is found, set standard deviation, percentile, or upper arguments accordingly""","{""mode"":""fast"",""numOfMarkers"":2,""multithread"":false}"
ddPCRclust_template_fast,"native template workflow, fast density mode",P102L,2021-03-29_SNV_P102L,ok,NA,7.6469999999999345,"[1] ""Only one peak is found, set standard deviation, percentile, or upper arguments accordingly"" | [1] ""Cutoff is based on inflection point."" | [1] ""Only one peak is found, set standard deviation, percentile, or upper arguments accordingly"" | [1] ""Cutoff is based on inflection point."" | [1] ""Only one peak is found, set standard deviation, percentile, or upper arguments accordingly"" | [1] ""Cutoff is based on inflection point."" | [1] ""Only one peak is found, set standard deviation, percentile, or upper arguments accordingly"" | [1] ""Cutoff is based on inflection point."" | [1] ""Only one peak is found, set standard deviation, percentile, or upper arguments accordingly"" | [1] ""Cutoff is based on inflection point."" | [1] ""Only one peak is found, set standard deviation, percentile, or upper arguments accordingly"" | [1] ""Cutoff is based on inflection point."" | [1] ""Only one peak is found, set standard deviation, percentile, or upper arguments accordingly"" | [1] ""Cutoff is based on inflection point."" | [1] ""Only one peak is found, set standard deviation, percentile, or upper arguments accordingly"" | [1] ""Cutoff is based on inflection point."" | [1] ""Only one peak is found, set standard deviation, percentile, or upper arguments accordingly"" | [1] ""Cutoff is based on inflection point."" | [1] ""Only one peak is found, set standard deviation, percentile, or upper arguments accordingly"" | [1] ""Cutoff is based on inflection point."" | [1] ""Only one peak is found, set standard deviation, percentile, or upper arguments accordingly"" | [1] ""Cutoff is based on inflection point."" | [1] ""Only one peak is found, set standard deviation, percentile, or upper arguments accordingly"" | [1] ""Cutoff is based on inflection point."" | <simpleError in flowCore::`exprs<-`(`*tmp*`, value = flowCore::exprs(f_Cuts_temp)[indices,     ]): Replacement value for the 'exprs' slot of a 'flowFrame' object must be ","{""mode"":""fast"",""numOfMarkers"":2,""multithread"":false}"
ddPCRclust_template_fast,"native template workflow, fast density mode",P102L,2021-04-06_SNV_P102L,ok,NA,6.9409999999998035,"[1] ""Only one peak is found, set standard deviation, percentile, or upper arguments accordingly"" | [1] ""Cutoff is based on inflection point."" | [1] ""Only one peak is found, set standard deviation, percentile, or upper arguments accordingly"" | [1] ""Cutoff is based on inflection point."" | [1] ""Only one peak is found, set standard deviation, percentile, or upper arguments accordingly"" | [1] ""Cutoff is based on inflection point."" | [1] ""Only one peak is found, set standard deviation, percentile, or upper arguments accordingly"" | [1] ""Cutoff is based on inflection point."" | [1] ""Only one peak is found, set standard deviation, percentile, or upper arguments accordingly"" | [1] ""Cutoff is based on inflection point."" | [1] ""Only one peak is found, set standard deviation, percentile, or upper arguments accordingly"" | [1] ""Cutoff is based on inflection point."" | [1] ""Only one peak is found, set standard deviation, percentile, or upper arguments accordingly"" | [1] ""Cutoff is based on inflection point."" | [1] ""Only one peak is found, set standard deviation, percentile, or upper arguments accordingly"" | [1] ""Cutoff is based on inflection point."" | [1] ""Only one peak is found, set standard deviation, percentile, or upper arguments accordingly"" | [1] ""Cutoff is based on inflection point."" | [1] ""Only one peak is found, set standard deviation, percentile, or upper arguments accordingly"" | [1] ""Cutoff is based on inflection point."" | [1] ""Only one peak is found, set standard deviation, percentile, or upper arguments accordingly"" | [1] ""Cutoff is based on inflection point."" | [1] ""Only one peak is found, set standard deviation, percentile, or upper arguments accordingly"" | [1] ""Cutoff is based on inflection point."" | [1] ""Only one peak is found, set standard deviation, percentile, or upper arguments accordingly""","{""mode"":""fast"",""numOfMarkers"":2,""multithread"":false}"
ddPCRclust_template_fast,"native template workflow, fast density mode",P102L,2021-05-10_SNV_P102L,ok,NA,8.54700000000048,"[1] ""Only one peak is found, set standard deviation, percentile, or upper arguments accordingly"" | [1] ""Cutoff is based on inflection point."" | [1] ""Only one peak is found, set standard deviation, percentile, or upper arguments accordingly"" | [1] ""Cutoff is based on inflection point."" | [1] ""Only one peak is found, set standard deviation, percentile, or upper arguments accordingly"" | [1] ""Cutoff is based on inflection point."" | [1] ""Only one peak is found, set standard deviation, percentile, or upper arguments accordingly"" | [1] ""Cutoff is based on inflection point."" | [1] ""Only one peak is found, set standard deviation, percentile, or upper arguments accordingly"" | [1] ""Cutoff is based on inflection point."" | [1] ""Only one peak is found, set standard deviation, percentile, or upper arguments accordingly"" | [1] ""Cutoff is based on inflection point."" | [1] ""Only one peak is found, set standard deviation, percentile, or upper arguments accordingly"" | [1] ""Cutoff is based on inflection point."" | [1] ""Only one peak is found, set standard deviation, percentile, or upper arguments accordingly"" | [1] ""Cutoff is based on inflection point."" | [1] ""Only one peak is found, set standard deviation, percentile, or upper arguments accordingly"" | [1] ""Cutoff is based on inflection point."" | [1] ""Only one peak is found, set standard deviation, percentile, or upper arguments accordingly"" | [1] ""Cutoff is based on inflection point."" | [1] ""Only one peak is found, set standard deviation, percentile, or upper arguments accordingly"" | [1] ""Cutoff is based on inflection point."" | [1] ""Only one peak is found, set standard deviation, percentile, or upper arguments accordingly"" | [1] ""Cutoff is based on inflection point."" | [1] ""Only one peak is found, set standard deviation, percentile, or upper arguments accordingly""","{""mode"":""fast"",""numOfMarkers"":2,""multithread"":false}"
ddPCRclust_template_fast,"native template workflow, fast density mode",P102L,2021-05-20_SNV_P102L,ok,NA,9.219999999999345,"[1] ""Only one peak is found, set standard deviation, percentile, or upper arguments accordingly"" | [1] ""Cutoff is based on inflection point."" | [1] ""Only one peak is found, set standard deviation, percentile, or upper arguments accordingly"" | [1] ""Cutoff is based on inflection point."" | [1] ""Only one peak is found, set standard deviation, percentile, or upper arguments accordingly"" | [1] ""Cutoff is based on inflection point."" | [1] ""Only one peak is found, set standard deviation, percentile, or upper arguments accordingly"" | [1] ""Cutoff is based on inflection point."" | [1] ""Only one peak is found, set standard deviation, percentile, or upper arguments accordingly"" | [1] ""Cutoff is based on inflection point."" | [1] ""Only one peak is found, set standard deviation, percentile, or upper arguments accordingly"" | [1] ""Cutoff is based on inflection point."" | [1] ""Only one peak is found, set standard deviation, percentile, or upper arguments accordingly"" | [1] ""Cutoff is based on inflection point."" | [1] ""Only one peak is found, set standard deviation, percentile, or upper arguments accordingly"" | [1] ""Cutoff is based on inflection point."" | [1] ""Only one peak is found, set standard deviation, percentile, or upper arguments accordingly"" | [1] ""Cutoff is based on inflection point."" | [1] ""Only one peak is found, set standard deviation, percentile, or upper arguments accordingly"" | [1] ""Cutoff is based on inflection point."" | [1] ""Only one peak is found, set standard deviation, percentile, or upper arguments accordingly"" | [1] ""Cutoff is based on inflection point."" | [1] ""Only one peak is found, set standard deviation, percentile, or upper arguments accordingly"" | [1] ""Cutoff is based on inflection point."" | [1] ""Only one peak is found, set standard deviation, percentile, or upper arguments accordingly""","{""mode"":""fast"",""numOfMarkers"":2,""multithread"":false}"
ddPCRclust_template_fast,"native template workflow, fast density mode",P102L,2021-10-14_SNV_P102L,ok,NA,1.2439999999996871,"[1] ""Only one peak is found, set standard deviation, percentile, or upper arguments accordingly"" | [1] ""Cutoff is based on inflection point."" | [1] ""Only one peak is found, set standard deviation, percentile, or upper arguments accordingly"" | [1] ""Cutoff is based on inflection point."" | [1] ""Only one peak is found, set standard deviation, percentile, or upper arguments accordingly"" | [1] ""Cutoff is based on inflection point."" | [1] ""Only one peak is found, set standard deviation, percentile, or upper arguments accordingly"" | [1] ""Cutoff is based on inflection point."" | [1] ""Only one peak is found, set standard deviation, percentile, or upper arguments accordingly"" | [1] ""Cutoff is based on inflection point."" | [1] ""Only one peak is found, set standard deviation, percentile, or upper arguments accordingly"" | [1] ""Cutoff is based on inflection point."" | [1] ""Only one peak is found, set standard deviation, percentile, or upper arguments accordingly"" | [1] ""Cutoff is based on inflection point.""","{""mode"":""fast"",""numOfMarkers"":2,""multithread"":false}"
ddPCRclust_template_native,"native template workflow, full ensemble",D178N,2020-10-12_SNV_D178N,ok,NA,55.54600000000001,"[1] ""Only one peak is found, set standard deviation, percentile, or upper arguments accordingly"" | [1] ""Cutoff is based on inflection point."" | [1] ""Only one peak is found, set standard deviation, percentile, or upper arguments accordingly"" | [1] ""Cutoff is based on inflection point."" | [1] ""Only one peak is found, set standard deviation, percentile, or upper arguments accordingly"" | [1] ""Cutoff is based on inflection point."" | [1] ""Only one peak is found, set standard deviation, percentile, or upper arguments accordingly"" | [1] ""Cutoff is based on inflection point."" | [1] ""Only one peak is found, set standard deviation, percentile, or upper arguments accordingly"" | [1] ""Cutoff is based on inflection point."" | [1] ""Only one peak is found, set standard deviation, percentile, or upper arguments accordingly"" | [1] ""Cutoff is based on inflection point."" | [1] ""Only one peak is found, set standard deviation, percentile, or upper arguments accordingly"" | [1] ""Cutoff is based on inflection point."" | [1] ""Only one peak is found, set standard deviation, percentile, or upper arguments accordingly"" | [1] ""Cutoff is based on inflection point."" | [1] ""Only one peak is found, set standard deviation, percentile, or upper arguments accordingly"" | [1] ""Cutoff is based on inflection point."" | [1] ""Only one peak is found, set standard deviation, percentile, or upper arguments accordingly"" | [1] ""Cutoff is based on inflection point."" | [1] ""Only one peak is found, set standard deviation, percentile, or upper arguments accordingly"" | [1] ""Cutoff is based on inflection point."" | [1] ""Only one peak is found, set standard deviation, percentile, or upper arguments accordingly"" | [1] ""Cutoff is based on inflection point."" | [1] ""Only one peak is found, set standard deviation, percentile, or upper arguments accordingly""","{""mode"":""full"",""numOfMarkers"":2,""multithread"":false}"
ddPCRclust_template_native,"native template workflow, full ensemble",D178N,2020-10-15_SNV_D178N,ok,NA,283.979,"[1] ""Only one peak is found, set standard deviation, percentile, or upper arguments accordingly"" | [1] ""Cutoff is based on inflection point."" | [1] ""Only one peak is found, set standard deviation, percentile, or upper arguments accordingly"" | [1] ""Cutoff is based on inflection point."" | [1] ""Only one peak is found, set standard deviation, percentile, or upper arguments accordingly"" | [1] ""Cutoff is based on inflection point."" | [1] ""Only one peak is found, set standard deviation, percentile, or upper arguments accordingly"" | [1] ""Cutoff is based on inflection point."" | [1] ""Only one peak is found, set standard deviation, percentile, or upper arguments accordingly"" | [1] ""Cutoff is based on inflection point."" | [1] ""Only one peak is found, set standard deviation, percentile, or upper arguments accordingly"" | [1] ""Cutoff is based on inflection point."" | [1] ""Only one peak is found, set standard deviation, percentile, or upper arguments accordingly"" | [1] ""Cutoff is based on inflection point."" | [1] ""Only one peak is found, set standard deviation, percentile, or upper arguments accordingly"" | [1] ""Cutoff is based on inflection point."" | [1] ""Only one peak is found, set standard deviation, percentile, or upper arguments accordingly"" | [1] ""Cutoff is based on inflection point."" | [1] ""Only one peak is found, set standard deviation, percentile, or upper arguments accordingly"" | [1] ""Cutoff is based on inflection point."" | [1] ""Only one peak is found, set standard deviation, percentile, or upper arguments accordingly"" | [1] ""Cutoff is based on inflection point."" | [1] ""Only one peak is found, set standard deviation, percentile, or upper arguments accordingly"" | [1] ""Cutoff is based on inflection point."" | [1] ""Only one peak is found, set standard deviation, percentile, or upper arguments accordingly""","{""mode"":""full"",""numOfMarkers"":2,""multithread"":false}"
ddPCRclust_template_native,"native template workflow, full ensemble",D178N,2020-10-22_SNV_D178N,ok,NA,275.146,"[1] ""Only one peak is found, set standard deviation, percentile, or upper arguments accordingly"" | [1] ""Cutoff is based on inflection point."" | [1] ""Only one peak is found, set standard deviation, percentile, or upper arguments accordingly"" | [1] ""Cutoff is based on inflection point."" | [1] ""Only one peak is found, set standard deviation, percentile, or upper arguments accordingly"" | [1] ""Cutoff is based on inflection point."" | [1] ""Only one peak is found, set standard deviation, percentile, or upper arguments accordingly"" | [1] ""Cutoff is based on inflection point."" | [1] ""Only one peak is found, set standard deviation, percentile, or upper arguments accordingly"" | [1] ""Cutoff is based on inflection point."" | [1] ""Only one peak is found, set standard deviation, percentile, or upper arguments accordingly"" | [1] ""Cutoff is based on inflection point."" | [1] ""Only one peak is found, set standard deviation, percentile, or upper arguments accordingly"" | [1] ""Cutoff is based on inflection point."" | [1] ""Only one peak is found, set standard deviation, percentile, or upper arguments accordingly"" | [1] ""Cutoff is based on inflection point."" | [1] ""Only one peak is found, set standard deviation, percentile, or upper arguments accordingly"" | [1] ""Cutoff is based on inflection point."" | [1] ""Only one peak is found, set standard deviation, percentile, or upper arguments accordingly"" | [1] ""Cutoff is based on inflection point."" | [1] ""Only one peak is found, set standard deviation, percentile, or upper arguments accordingly"" | [1] ""Cutoff is based on inflection point."" | [1] ""Only one peak is found, set standard deviation, percentile, or upper arguments accordingly"" | [1] ""Cutoff is based on inflection point."" | [1] ""Only one peak is found, set standard deviation, percentile, or upper arguments accordingly""","{""mode"":""full"",""numOfMarkers"":2,""multithread"":false}"
ddPCRclust_template_native,"native template workflow, full ensemble",D178N,2020-10-29_SNV_D178N,ok,NA,253.28599999999994,"[1] ""Only one peak is found, set standard deviation, percentile, or upper arguments accordingly"" | [1] ""Cutoff is based on inflection point."" | [1] ""Only one peak is found, set standard deviation, percentile, or upper arguments accordingly"" | [1] ""Cutoff is based on inflection point."" | [1] ""Only one peak is found, set standard deviation, percentile, or upper arguments accordingly"" | [1] ""Cutoff is based on inflection point."" | [1] ""Only one peak is found, set standard deviation, percentile, or upper arguments accordingly"" | [1] ""Cutoff is based on inflection point."" | [1] ""Only one peak is found, set standard deviation, percentile, or upper arguments accordingly"" | [1] ""Cutoff is based on inflection point."" | [1] ""Only one peak is found, set standard deviation, percentile, or upper arguments accordingly"" | [1] ""Cutoff is based on inflection point."" | [1] ""Only one peak is found, set standard deviation, percentile, or upper arguments accordingly"" | [1] ""Cutoff is based on inflection point."" | [1] ""Only one peak is found, set standard deviation, percentile, or upper arguments accordingly"" | [1] ""Cutoff is based on inflection point."" | [1] ""Only one peak is found, set standard deviation, percentile, or upper arguments accordingly"" | [1] ""Cutoff is based on inflection point."" | [1] ""Only one peak is found, set standard deviation, percentile, or upper arguments accordingly"" | [1] ""Cutoff is based on inflection point."" | [1] ""Only one peak is found, set standard deviation, percentile, or upper arguments accordingly"" | [1] ""Cutoff is based on inflection point."" | [1] ""Only one peak is found, set standard deviation, percentile, or upper arguments accordingly"" | [1] ""Cutoff is based on inflection point."" | [1] ""Only one peak is found, set standard deviation, percentile, or upper arguments accordingly""","{""mode"":""full"",""numOfMarkers"":2,""multithread"":false}"
ddPCRclust_template_native,"native template workflow, full ensemble",D178N,2020-11-05_SNV_D178N,ok,NA,121.57100000000003,"<simpleError in density.default(flowCore::exprs(f_onlyNeg)[, 1], width = 1000): non-finite 'from'> | [1] ""Only one peak is found, set standard deviation, percentile, or upper arguments accordingly"" | [1] ""Cutoff is based on inflection point."" | [1] ""Only one peak is found, set standard deviation, percentile, or upper arguments accordingly"" | [1] ""Cutoff is based on inflection point."" | [1] ""Only one peak is found, set standard deviation, percentile, or upper arguments accordingly"" | [1] ""Cutoff is based on inflection point."" | [1] ""Only one peak is found, set standard deviation, percentile, or upper arguments accordingly"" | [1] ""Cutoff is based on inflection point."" | [1] ""Only one peak is found, set standard deviation, percentile, or upper arguments accordingly"" | [1] ""Cutoff is based on inflection point."" | [1] ""Only one peak is found, set standard deviation, percentile, or upper arguments accordingly"" | [1] ""Cutoff is based on inflection point."" | [1] ""Only one peak is found, set standard deviation, percentile, or upper arguments accordingly"" | [1] ""Cutoff is based on inflection point."" | [1] ""Only one peak is found, set standard deviation, percentile, or upper arguments accordingly"" | [1] ""Cutoff is based on inflection point."" | [1] ""Only one peak is found, set standard deviation, percentile, or upper arguments accordingly"" | [1] ""Cutoff is based on inflection point."" | [1] ""Only one peak is found, set standard deviation, percentile, or upper arguments accordingly"" | [1] ""Cutoff is based on inflection point."" | [1] ""Only one peak is found, set standard deviation, percentile, or upper arguments accordingly"" | [1] ""Cutoff is based on inflection point."" | [1] ""Only one peak is found, set standard deviation, percentile, or upper arguments accordingly"" | [1] ""Cutoff is based on inflection point.""","{""mode"":""full"",""numOfMarkers"":2,""multithread"":false}"
ddPCRclust_template_native,"native template workflow, full ensemble",D178N,2020-11-24_SNV_D178N,ok,NA,69.53799999999978,"[1] ""Only one peak is found, set standard deviation, percentile, or upper arguments accordingly"" | [1] ""Cutoff is based on inflection point."" | [1] ""Only one peak is found, set standard deviation, percentile, or upper arguments accordingly"" | [1] ""Cutoff is based on inflection point."" | [1] ""Only one peak is found, set standard deviation, percentile, or upper arguments accordingly"" | [1] ""Cutoff is based on inflection point."" | [1] ""Only one peak is found, set standard deviation, percentile, or upper arguments accordingly"" | [1] ""Cutoff is based on inflection point."" | [1] ""Only one peak is found, set standard deviation, percentile, or upper arguments accordingly"" | [1] ""Cutoff is based on inflection point."" | [1] ""Only one peak is found, set standard deviation, percentile, or upper arguments accordingly"" | [1] ""Cutoff is based on inflection point."" | [1] ""Only one peak is found, set standard deviation, percentile, or upper arguments accordingly"" | [1] ""Cutoff is based on inflection point."" | <simpleError in density.default(flowCore::exprs(f_onlyNeg)[, 1], width = 1000): non-finite 'from'> | [1] ""Only one peak is found, set standard deviation, percentile, or upper arguments accordingly"" | [1] ""Cutoff is based on inflection point."" | [1] ""Only one peak is found, set standard deviation, percentile, or upper arguments accordingly"" | [1] ""Cutoff is based on inflection point."" | [1] ""Only one peak is found, set standard deviation, percentile, or upper arguments accordingly"" | [1] ""Cutoff is based on inflection point."" | [1] ""Only one peak is found, set standard deviation, percentile, or upper arguments accordingly"" | [1] ""Cutoff is based on inflection point."" | [1] ""Only one peak is found, set standard deviation, percentile, or upper arguments accordingly"" | [1] ""Cutoff is based on inflection point.""","{""mode"":""full"",""numOfMarkers"":2,""multithread"":false}"
ddPCRclust_template_native,"native template workflow, full ensemble",D178N,2021-01-26_SNV_D178N,ok,NA,208.76,"[1] ""Only one peak is found, set standard deviation, percentile, or upper arguments accordingly"" | [1] ""Cutoff is based on inflection point."" | [1] ""Only one peak is found, set standard deviation, percentile, or upper arguments accordingly"" | [1] ""Cutoff is based on inflection point."" | [1] ""Only one peak is found, set standard deviation, percentile, or upper arguments accordingly"" | [1] ""Cutoff is based on inflection point."" | [1] ""Only one peak is found, set standard deviation, percentile, or upper arguments accordingly"" | [1] ""Cutoff is based on inflection point."" | [1] ""Only one peak is found, set standard deviation, percentile, or upper arguments accordingly"" | [1] ""Cutoff is based on inflection point."" | [1] ""Only one peak is found, set standard deviation, percentile, or upper arguments accordingly"" | [1] ""Cutoff is based on inflection point."" | [1] ""Only one peak is found, set standard deviation, percentile, or upper arguments accordingly"" | [1] ""Cutoff is based on inflection point."" | [1] ""Only one peak is found, set standard deviation, percentile, or upper arguments accordingly"" | [1] ""Cutoff is based on inflection point."" | [1] ""Only one peak is found, set standard deviation, percentile, or upper arguments accordingly"" | [1] ""Cutoff is based on inflection point."" | [1] ""Only one peak is found, set standard deviation, percentile, or upper arguments accordingly"" | [1] ""Cutoff is based on inflection point."" | [1] ""Only one peak is found, set standard deviation, percentile, or upper arguments accordingly"" | [1] ""Cutoff is based on inflection point."" | [1] ""Only one peak is found, set standard deviation, percentile, or upper arguments accordingly"" | [1] ""Cutoff is based on inflection point."" | [1] ""Only one peak is found, set standard deviation, percentile, or upper arguments accordingly""","{""mode"":""full"",""numOfMarkers"":2,""multithread"":false}"
ddPCRclust_template_native,"native template workflow, full ensemble",D178N,2021-02-17_SNV_D178N,ok,NA,101.9369999999999,"<simpleError in density.default(flowCore::exprs(f_onlyNeg)[, 1], width = 1000): non-finite 'from'> | [1] ""Only one peak is found, set standard deviation, percentile, or upper arguments accordingly"" | [1] ""Cutoff is based on inflection point."" | [1] ""Only one peak is found, set standard deviation, percentile, or upper arguments accordingly"" | [1] ""Cutoff is based on inflection point."" | [1] ""Only one peak is found, set standard deviation, percentile, or upper arguments accordingly"" | [1] ""Cutoff is based on inflection point."" | [1] ""Only one peak is found, set standard deviation, percentile, or upper arguments accordingly"" | [1] ""Cutoff is based on inflection point."" | [1] ""Only one peak is found, set standard deviation, percentile, or upper arguments accordingly"" | [1] ""Cutoff is based on inflection point."" | [1] ""Only one peak is found, set standard deviation, percentile, or upper arguments accordingly"" | [1] ""Cutoff is based on inflection point."" | [1] ""Only one peak is found, set standard deviation, percentile, or upper arguments accordingly"" | [1] ""Cutoff is based on inflection point."" | [1] ""Only one peak is found, set standard deviation, percentile, or upper arguments accordingly"" | [1] ""Cutoff is based on inflection point."" | [1] ""Only one peak is found, set standard deviation, percentile, or upper arguments accordingly"" | [1] ""Cutoff is based on inflection point."" | [1] ""Only one peak is found, set standard deviation, percentile, or upper arguments accordingly"" | [1] ""Cutoff is based on inflection point."" | [1] ""Only one peak is found, set standard deviation, percentile, or upper arguments accordingly"" | [1] ""Cutoff is based on inflection point."" | <simpleError in flowCore::`exprs<-`(`*tmp*`, value = flowCore::exprs(f_onlyNeg)[-indices,     ]): Replacement value for the 'exprs' slot of a 'flowFrame' object must be  |   a numeric matrix with colnames matching at least a subset of the orginal","{""mode"":""full"",""numOfMarkers"":2,""multithread"":false}"
ddPCRclust_template_native,"native template workflow, full ensemble",D178N,2021-03-29_SNV_D178N,ok,NA,131.65300000000002,"[1] ""Only one peak is found, set standard deviation, percentile, or upper arguments accordingly"" | [1] ""Cutoff is based on inflection point."" | [1] ""Only one peak is found, set standard deviation, percentile, or upper arguments accordingly"" | [1] ""Cutoff is based on inflection point."" | [1] ""Only one peak is found, set standard deviation, percentile, or upper arguments accordingly"" | [1] ""Cutoff is based on inflection point."" | [1] ""Only one peak is found, set standard deviation, percentile, or upper arguments accordingly"" | [1] ""Cutoff is based on inflection point."" | [1] ""Only one peak is found, set standard deviation, percentile, or upper arguments accordingly"" | [1] ""Cutoff is based on inflection point."" | [1] ""Only one peak is found, set standard deviation, percentile, or upper arguments accordingly"" | [1] ""Cutoff is based on inflection point."" | [1] ""Only one peak is found, set standard deviation, percentile, or upper arguments accordingly"" | [1] ""Cutoff is based on inflection point."" | [1] ""Only one peak is found, set standard deviation, percentile, or upper arguments accordingly"" | [1] ""Cutoff is based on inflection point."" | [1] ""Only one peak is found, set standard deviation, percentile, or upper arguments accordingly"" | [1] ""Cutoff is based on inflection point."" | [1] ""Only one peak is found, set standard deviation, percentile, or upper arguments accordingly"" | [1] ""Cutoff is based on inflection point."" | [1] ""Only one peak is found, set standard deviation, percentile, or upper arguments accordingly"" | [1] ""Cutoff is based on inflection point."" | [1] ""Only one peak is found, set standard deviation, percentile, or upper arguments accordingly"" | [1] ""Cutoff is based on inflection point."" | [1] ""Only one peak is found, set standard deviation, percentile, or upper arguments accordingly""","{""mode"":""full"",""numOfMarkers"":2,""multithread"":false}"
ddPCRclust_template_native,"native template workflow, full ensemble",D178N,2021-04-06_SNV_D178N,ok,NA,99.9509999999998,"<simpleError in flowCore::`exprs<-`(`*tmp*`, value = flowCore::exprs(f_onlyNeg)[-indices,     ]): Replacement value for the 'exprs' slot of a 'flowFrame' object must be  |   a numeric matrix with colnames matching at least a subset of the orginal |   columns.> | [1] ""Only one peak is found, set standard deviation, percentile, or upper arguments accordingly"" | [1] ""Cutoff is based on inflection point."" | [1] ""Only one peak is found, set standard deviation, percentile, or upper arguments accordingly"" | [1] ""Cutoff is based on inflection point."" | [1] ""Only one peak is found, set standard deviation, percentile, or upper arguments accordingly"" | [1] ""Cutoff is based on inflection point."" | [1] ""Only one peak is found, set standard deviation, percentile, or upper arguments accordingly"" | [1] ""Cutoff is based on inflection point."" | [1] ""Only one peak is found, set standard deviation, percentile, or upper arguments accordingly"" | [1] ""Cutoff is based on inflection point."" | [1] ""Only one peak is found, set standard deviation, percentile, or upper arguments accordingly"" | [1] ""Cutoff is based on inflection point."" | [1] ""Only one peak is found, set standard deviation, percentile, or upper arguments accordingly"" | [1] ""Cutoff is based on inflection point."" | [1] ""Only one peak is found, set standard deviation, percentile, or upper arguments accordingly"" | [1] ""Cutoff is based on inflection point."" | [1] ""Only one peak is found, set standard deviation, percentile, or upper arguments accordingly"" | [1] ""Cutoff is based on inflection point."" | <simpleError in flowCore::`exprs<-`(`*tmp*`, value = flowCore::exprs(f_onlyNeg)[-indices,     ]): Replacement value for the 'exprs' slot of a 'flowFrame' object must be  |   a numeric matrix with colnames matching at least a subset of the orginal |   columns.> | <simpleError in flowCore::`exprs<-`(`*tmp*`, value = flowCore::exprs(f_onlyNeg)[-indices,     ]): Replacement value for the 'exprs' slot of a 'flowFrame' object must be ","{""mode"":""full"",""numOfMarkers"":2,""multithread"":false}"
ddPCRclust_template_native,"native template workflow, full ensemble",D178N,2021-05-10_SNV_D178N,ok,NA,142.55099999999993,"[1] ""Only one peak is found, set standard deviation, percentile, or upper arguments accordingly"" | [1] ""Cutoff is based on inflection point."" | [1] ""Only one peak is found, set standard deviation, percentile, or upper arguments accordingly"" | [1] ""Cutoff is based on inflection point."" | [1] ""Only one peak is found, set standard deviation, percentile, or upper arguments accordingly"" | [1] ""Cutoff is based on inflection point."" | [1] ""Only one peak is found, set standard deviation, percentile, or upper arguments accordingly"" | [1] ""Cutoff is based on inflection point."" | [1] ""Only one peak is found, set standard deviation, percentile, or upper arguments accordingly"" | [1] ""Cutoff is based on inflection point."" | [1] ""Only one peak is found, set standard deviation, percentile, or upper arguments accordingly"" | [1] ""Cutoff is based on inflection point."" | [1] ""Only one peak is found, set standard deviation, percentile, or upper arguments accordingly"" | [1] ""Cutoff is based on inflection point."" | [1] ""Only one peak is found, set standard deviation, percentile, or upper arguments accordingly"" | [1] ""Cutoff is based on inflection point."" | [1] ""Only one peak is found, set standard deviation, percentile, or upper arguments accordingly"" | [1] ""Cutoff is based on inflection point."" | [1] ""Only one peak is found, set standard deviation, percentile, or upper arguments accordingly"" | [1] ""Cutoff is based on inflection point."" | [1] ""Only one peak is found, set standard deviation, percentile, or upper arguments accordingly"" | [1] ""Cutoff is based on inflection point."" | [1] ""Only one peak is found, set standard deviation, percentile, or upper arguments accordingly"" | [1] ""Cutoff is based on inflection point."" | [1] ""Only one peak is found, set standard deviation, percentile, or upper arguments accordingly""","{""mode"":""full"",""numOfMarkers"":2,""multithread"":false}"
ddPCRclust_template_native,"native template workflow, full ensemble",D178N,2021-05-20_SNV_D178N,ok,NA,163.5039999999999,"[1] ""Only one peak is found, set standard deviation, percentile, or upper arguments accordingly"" | [1] ""Cutoff is based on inflection point."" | [1] ""Only one peak is found, set standard deviation, percentile, or upper arguments accordingly"" | [1] ""Cutoff is based on inflection point."" | [1] ""Only one peak is found, set standard deviation, percentile, or upper arguments accordingly"" | [1] ""Cutoff is based on inflection point."" | [1] ""Only one peak is found, set standard deviation, percentile, or upper arguments accordingly"" | [1] ""Cutoff is based on inflection point."" | [1] ""Only one peak is found, set standard deviation, percentile, or upper arguments accordingly"" | [1] ""Cutoff is based on inflection point."" | [1] ""Only one peak is found, set standard deviation, percentile, or upper arguments accordingly"" | [1] ""Cutoff is based on inflection point."" | [1] ""Only one peak is found, set standard deviation, percentile, or upper arguments accordingly"" | [1] ""Cutoff is based on inflection point."" | [1] ""Only one peak is found, set standard deviation, percentile, or upper arguments accordingly"" | [1] ""Cutoff is based on inflection point."" | [1] ""Only one peak is found, set standard deviation, percentile, or upper arguments accordingly"" | [1] ""Cutoff is based on inflection point."" | [1] ""Only one peak is found, set standard deviation, percentile, or upper arguments accordingly"" | [1] ""Cutoff is based on inflection point."" | [1] ""Only one peak is found, set standard deviation, percentile, or upper arguments accordingly"" | [1] ""Cutoff is based on inflection point."" | [1] ""Only one peak is found, set standard deviation, percentile, or upper arguments accordingly"" | [1] ""Cutoff is based on inflection point."" | [1] ""Only one peak is found, set standard deviation, percentile, or upper arguments accordingly""","{""mode"":""full"",""numOfMarkers"":2,""multithread"":false}"
ddPCRclust_template_native,"native template workflow, full ensemble",D178N,2021-10-14_SNV_D178N,ok,NA,43.197000000000116,"[1] ""Only one peak is found, set standard deviation, percentile, or upper arguments accordingly"" | [1] ""Cutoff is based on inflection point."" | [1] ""Only one peak is found, set standard deviation, percentile, or upper arguments accordingly"" | [1] ""Cutoff is based on inflection point."" | [1] ""Only one peak is found, set standard deviation, percentile, or upper arguments accordingly"" | [1] ""Cutoff is based on inflection point."" | [1] ""Only one peak is found, set standard deviation, percentile, or upper arguments accordingly"" | [1] ""Cutoff is based on inflection point."" | [1] ""Only one peak is found, set standard deviation, percentile, or upper arguments accordingly"" | [1] ""Cutoff is based on inflection point."" | [1] ""Only one peak is found, set standard deviation, percentile, or upper arguments accordingly"" | [1] ""Cutoff is based on inflection point."" | [1] ""Only one peak is found, set standard deviation, percentile, or upper arguments accordingly"" | [1] ""Cutoff is based on inflection point."" | [1] ""Only one peak is found, set standard deviation, percentile, or upper arguments accordingly"" | [1] ""Cutoff is based on inflection point."" | [1] ""Only one peak is found, set standard deviation, percentile, or upper arguments accordingly"" | <simpleError in if (upper.slope[i] < upper.slope[i + 1] & upper.slope[i] < upper.slope[i -     1]) {    upper.ind <- (i - 1) * w    break} else upper.ind <- Inf: argument is of length zero> | [1] ""Only one peak is found, set standard deviation, percentile, or upper arguments accordingly"" | [1] ""Cutoff is based on inflection point."" | [1] ""Only one peak is found, set standard deviation, percentile, or upper arguments accordingly"" | [1] ""Cutoff is based on inflection point."" | [1] ""Only one peak is found, set standard deviation, percentile, or upper arguments accordingly"" | [1] ""Cutoff is based on inflection point."" | [1] ""Only one peak is found, set standard deviation, percentile, or upper arguments accordingly""","{""mode"":""full"",""numOfMarkers"":2,""multithread"":false}"
ddPCRclust_template_native,"native template workflow, full ensemble",E200K,2020-10-12_SNV_E200K,ok,NA,43.97199999999975,"[1] ""Only one peak is found, set standard deviation, percentile, or upper arguments accordingly"" | [1] ""Cutoff is based on inflection point."" | [1] ""Only one peak is found, set standard deviation, percentile, or upper arguments accordingly"" | [1] ""Cutoff is based on inflection point."" | [1] ""Only one peak is found, set standard deviation, percentile, or upper arguments accordingly"" | [1] ""Cutoff is based on inflection point."" | [1] ""Only one peak is found, set standard deviation, percentile, or upper arguments accordingly"" | [1] ""Cutoff is based on inflection point."" | [1] ""Only one peak is found, set standard deviation, percentile, or upper arguments accordingly"" | [1] ""Cutoff is based on inflection point."" | [1] ""Only one peak is found, set standard deviation, percentile, or upper arguments accordingly"" | [1] ""Cutoff is based on inflection point."" | [1] ""Only one peak is found, set standard deviation, percentile, or upper arguments accordingly"" | [1] ""Cutoff is based on inflection point."" | [1] ""Only one peak is found, set standard deviation, percentile, or upper arguments accordingly"" | [1] ""Cutoff is based on inflection point."" | [1] ""Only one peak is found, set standard deviation, percentile, or upper arguments accordingly"" | [1] ""Cutoff is based on inflection point."" | [1] ""Only one peak is found, set standard deviation, percentile, or upper arguments accordingly"" | [1] ""Cutoff is based on inflection point."" | [1] ""Only one peak is found, set standard deviation, percentile, or upper arguments accordingly"" | [1] ""Cutoff is based on inflection point."" | [1] ""Only one peak is found, set standard deviation, percentile, or upper arguments accordingly"" | [1] ""Cutoff is based on inflection point."" | <simpleError in runSam(file[, c(2, 1)], sensitivity, numOfMarkers, missingClusters,     similarityParam, distanceParam): object 'samResult' not found>","{""mode"":""full"",""numOfMarkers"":2,""multithread"":false}"
ddPCRclust_template_native,"native template workflow, full ensemble",E200K,2020-10-15_SNV_E200K,ok,NA,125.30099999999993,"[1] ""Only one peak is found, set standard deviation, percentile, or upper arguments accordingly"" | [1] ""Cutoff is based on inflection point."" | [1] ""Only one peak is found, set standard deviation, percentile, or upper arguments accordingly"" | [1] ""Cutoff is based on inflection point."" | [1] ""Only one peak is found, set standard deviation, percentile, or upper arguments accordingly"" | [1] ""Cutoff is based on inflection point."" | [1] ""Only one peak is found, set standard deviation, percentile, or upper arguments accordingly"" | [1] ""Cutoff is based on inflection point."" | [1] ""Only one peak is found, set standard deviation, percentile, or upper arguments accordingly"" | [1] ""Cutoff is based on inflection point."" | [1] ""Only one peak is found, set standard deviation, percentile, or upper arguments accordingly"" | [1] ""Cutoff is based on inflection point."" | [1] ""Only one peak is found, set standard deviation, percentile, or upper arguments accordingly"" | [1] ""Cutoff is based on inflection point."" | [1] ""Only one peak is found, set standard deviation, percentile, or upper arguments accordingly"" | [1] ""Cutoff is based on inflection point."" | [1] ""Only one peak is found, set standard deviation, percentile, or upper arguments accordingly"" | [1] ""Cutoff is based on inflection point."" | [1] ""Only one peak is found, set standard deviation, percentile, or upper arguments accordingly"" | [1] ""Cutoff is based on inflection point."" | [1] ""Only one peak is found, set standard deviation, percentile, or upper arguments accordingly"" | [1] ""Cutoff is based on inflection point."" | [1] ""Only one peak is found, set standard deviation, percentile, or upper arguments accordingly"" | [1] ""Cutoff is based on inflection point."" | [1] ""Only one peak is found, set standard deviation, percentile, or upper arguments accordingly""","{""mode"":""full"",""numOfMarkers"":2,""multithread"":false}"
ddPCRclust_template_native,"native template workflow, full ensemble",E200K,2020-10-22_SNV_E200K,ok,NA,129.125,"[1] ""Only one peak is found, set standard deviation, percentile, or upper arguments accordingly"" | [1] ""Cutoff is based on inflection point."" | [1] ""Only one peak is found, set standard deviation, percentile, or upper arguments accordingly"" | [1] ""Cutoff is based on inflection point."" | [1] ""Only one peak is found, set standard deviation, percentile, or upper arguments accordingly"" | [1] ""Cutoff is based on inflection point."" | [1] ""Only one peak is found, set standard deviation, percentile, or upper arguments accordingly"" | [1] ""Cutoff is based on inflection point."" | [1] ""Only one peak is found, set standard deviation, percentile, or upper arguments accordingly"" | [1] ""Cutoff is based on inflection point."" | [1] ""Only one peak is found, set standard deviation, percentile, or upper arguments accordingly"" | [1] ""Cutoff is based on inflection point."" | [1] ""Only one peak is found, set standard deviation, percentile, or upper arguments accordingly"" | [1] ""Cutoff is based on inflection point."" | [1] ""Only one peak is found, set standard deviation, percentile, or upper arguments accordingly"" | [1] ""Cutoff is based on inflection point."" | [1] ""Only one peak is found, set standard deviation, percentile, or upper arguments accordingly"" | [1] ""Cutoff is based on inflection point."" | [1] ""Only one peak is found, set standard deviation, percentile, or upper arguments accordingly"" | [1] ""Cutoff is based on inflection point."" | [1] ""Only one peak is found, set standard deviation, percentile, or upper arguments accordingly"" | [1] ""Cutoff is based on inflection point."" | [1] ""Only one peak is found, set standard deviation, percentile, or upper arguments accordingly"" | [1] ""Cutoff is based on inflection point."" | [1] ""Only one peak is found, set standard deviation, percentile, or upper arguments accordingly""","{""mode"":""full"",""numOfMarkers"":2,""multithread"":false}"
ddPCRclust_template_native,"native template workflow, full ensemble",E200K,2020-10-29_SNV_E200K,ok,NA,192.91200000000026,"[1] ""Only one peak is found, set standard deviation, percentile, or upper arguments accordingly"" | [1] ""Cutoff is based on inflection point."" | [1] ""Only one peak is found, set standard deviation, percentile, or upper arguments accordingly"" | [1] ""Cutoff is based on inflection point."" | [1] ""Only one peak is found, set standard deviation, percentile, or upper arguments accordingly"" | [1] ""Cutoff is based on inflection point."" | [1] ""Only one peak is found, set standard deviation, percentile, or upper arguments accordingly"" | [1] ""Cutoff is based on inflection point."" | [1] ""Only one peak is found, set standard deviation, percentile, or upper arguments accordingly"" | [1] ""Cutoff is based on inflection point."" | [1] ""Only one peak is found, set standard deviation, percentile, or upper arguments accordingly"" | [1] ""Cutoff is based on inflection point."" | [1] ""Only one peak is found, set standard deviation, percentile, or upper arguments accordingly"" | [1] ""Cutoff is based on inflection point."" | [1] ""Only one peak is found, set standard deviation, percentile, or upper arguments accordingly"" | [1] ""Cutoff is based on inflection point."" | [1] ""Only one peak is found, set standard deviation, percentile, or upper arguments accordingly"" | [1] ""Cutoff is based on inflection point."" | [1] ""Only one peak is found, set standard deviation, percentile, or upper arguments accordingly"" | [1] ""Cutoff is based on inflection point."" | [1] ""Only one peak is found, set standard deviation, percentile, or upper arguments accordingly"" | [1] ""Cutoff is based on inflection point."" | [1] ""Only one peak is found, set standard deviation, percentile, or upper arguments accordingly"" | [1] ""Cutoff is based on inflection point."" | [1] ""Only one peak is found, set standard deviation, percentile, or upper arguments accordingly""","{""mode"":""full"",""numOfMarkers"":2,""multithread"":false}"
ddPCRclust_template_native,"native template workflow, full ensemble",E200K,2020-11-05_SNV_E200K,ok,NA,134.47299999999996,"[1] ""Only one peak is found, set standard deviation, percentile, or upper arguments accordingly"" | [1] ""Cutoff is based on inflection point."" | [1] ""Only one peak is found, set standard deviation, percentile, or upper arguments accordingly"" | [1] ""Cutoff is based on inflection point."" | [1] ""Only one peak is found, set standard deviation, percentile, or upper arguments accordingly"" | [1] ""Cutoff is based on inflection point."" | [1] ""Only one peak is found, set standard deviation, percentile, or upper arguments accordingly"" | [1] ""Cutoff is based on inflection point."" | [1] ""Only one peak is found, set standard deviation, percentile, or upper arguments accordingly"" | [1] ""Cutoff is based on inflection point."" | [1] ""Only one peak is found, set standard deviation, percentile, or upper arguments accordingly"" | [1] ""Cutoff is based on inflection point."" | [1] ""Only one peak is found, set standard deviation, percentile, or upper arguments accordingly"" | [1] ""Cutoff is based on inflection point."" | [1] ""Only one peak is found, set standard deviation, percentile, or upper arguments accordingly"" | [1] ""Cutoff is based on inflection point."" | [1] ""Only one peak is found, set standard deviation, percentile, or upper arguments accordingly"" | [1] ""Cutoff is based on inflection point."" | [1] ""Only one peak is found, set standard deviation, percentile, or upper arguments accordingly"" | [1] ""Cutoff is based on inflection point."" | [1] ""Only one peak is found, set standard deviation, percentile, or upper arguments accordingly"" | [1] ""Cutoff is based on inflection point."" | [1] ""Only one peak is found, set standard deviation, percentile, or upper arguments accordingly"" | [1] ""Cutoff is based on inflection point."" | [1] ""Only one peak is found, set standard deviation, percentile, or upper arguments accordingly""","{""mode"":""full"",""numOfMarkers"":2,""multithread"":false}"
ddPCRclust_template_native,"native template workflow, full ensemble",E200K,2020-11-24_SNV_E200K,ok,NA,56.62700000000041,"[1] ""Only one peak is found, set standard deviation, percentile, or upper arguments accordingly"" | [1] ""Cutoff is based on inflection point."" | [1] ""Only one peak is found, set standard deviation, percentile, or upper arguments accordingly"" | [1] ""Cutoff is based on inflection point."" | [1] ""Only one peak is found, set standard deviation, percentile, or upper arguments accordingly"" | [1] ""Cutoff is based on inflection point."" | [1] ""Only one peak is found, set standard deviation, percentile, or upper arguments accordingly"" | [1] ""Cutoff is based on inflection point."" | [1] ""Only one peak is found, set standard deviation, percentile, or upper arguments accordingly"" | [1] ""Cutoff is based on inflection point."" | [1] ""Only one peak is found, set standard deviation, percentile, or upper arguments accordingly"" | [1] ""Cutoff is based on inflection point."" | [1] ""Only one peak is found, set standard deviation, percentile, or upper arguments accordingly"" | [1] ""Cutoff is based on inflection point."" | [1] ""Only one peak is found, set standard deviation, percentile, or upper arguments accordingly"" | [1] ""Cutoff is based on inflection point."" | [1] ""Only one peak is found, set standard deviation, percentile, or upper arguments accordingly"" | [1] ""Cutoff is based on inflection point."" | [1] ""Only one peak is found, set standard deviation, percentile, or upper arguments accordingly"" | [1] ""Cutoff is based on inflection point."" | [1] ""Only one peak is found, set standard deviation, percentile, or upper arguments accordingly"" | [1] ""Cutoff is based on inflection point."" | [1] ""Only one peak is found, set standard deviation, percentile, or upper arguments accordingly"" | [1] ""Cutoff is based on inflection point."" | [1] ""Only one peak is found, set standard deviation, percentile, or upper arguments accordingly""","{""mode"":""full"",""numOfMarkers"":2,""multithread"":false}"
ddPCRclust_template_native,"native template workflow, full ensemble",E200K,2021-01-26_SNV_E200K,ok,NA,96.13599999999997,"[1] ""Only one peak is found, set standard deviation, percentile, or upper arguments accordingly"" | [1] ""Cutoff is based on inflection point."" | [1] ""Only one peak is found, set standard deviation, percentile, or upper arguments accordingly"" | [1] ""Cutoff is based on inflection point."" | [1] ""Only one peak is found, set standard deviation, percentile, or upper arguments accordingly"" | [1] ""Cutoff is based on inflection point."" | [1] ""Only one peak is found, set standard deviation, percentile, or upper arguments accordingly"" | [1] ""Cutoff is based on inflection point."" | [1] ""Only one peak is found, set standard deviation, percentile, or upper arguments accordingly"" | [1] ""Cutoff is based on inflection point."" | <simpleError in solve.default(cov, ...): Lapack routine dgesv: system is exactly singular: U[2,2] = 0> | [1] ""Only one peak is found, set standard deviation, percentile, or upper arguments accordingly"" | [1] ""Cutoff is based on inflection point."" | [1] ""Only one peak is found, set standard deviation, percentile, or upper arguments accordingly"" | [1] ""Cutoff is based on inflection point."" | [1] ""Only one peak is found, set standard deviation, percentile, or upper arguments accordingly"" | [1] ""Cutoff is based on inflection point."" | [1] ""Only one peak is found, set standard deviation, percentile, or upper arguments accordingly"" | [1] ""Cutoff is based on inflection point."" | [1] ""Only one peak is found, set standard deviation, percentile, or upper arguments accordingly"" | [1] ""Cutoff is based on inflection point."" | [1] ""Only one peak is found, set standard deviation, percentile, or upper arguments accordingly"" | [1] ""Cutoff is based on inflection point."" | [1] ""Only one peak is found, set standard deviation, percentile, or upper arguments accordingly"" | [1] ""Cutoff is based on inflection point.""","{""mode"":""full"",""numOfMarkers"":2,""multithread"":false}"
ddPCRclust_template_native,"native template workflow, full ensemble",E200K,2021-02-17_SNV_E200K,ok,NA,124.53200000000015,"[1] ""Only one peak is found, set standard deviation, percentile, or upper arguments accordingly"" | [1] ""Cutoff is based on inflection point."" | [1] ""Only one peak is found, set standard deviation, percentile, or upper arguments accordingly"" | [1] ""Cutoff is based on inflection point."" | [1] ""Only one peak is found, set standard deviation, percentile, or upper arguments accordingly"" | [1] ""Cutoff is based on inflection point."" | [1] ""Only one peak is found, set standard deviation, percentile, or upper arguments accordingly"" | [1] ""Cutoff is based on inflection point."" | [1] ""Only one peak is found, set standard deviation, percentile, or upper arguments accordingly"" | [1] ""Cutoff is based on inflection point."" | [1] ""Only one peak is found, set standard deviation, percentile, or upper arguments accordingly"" | [1] ""Cutoff is based on inflection point."" | [1] ""Only one peak is found, set standard deviation, percentile, or upper arguments accordingly"" | [1] ""Cutoff is based on inflection point."" | [1] ""Only one peak is found, set standard deviation, percentile, or upper arguments accordingly"" | [1] ""Cutoff is based on inflection point."" | [1] ""Only one peak is found, set standard deviation, percentile, or upper arguments accordingly"" | [1] ""Cutoff is based on inflection point."" | [1] ""Only one peak is found, set standard deviation, percentile, or upper arguments accordingly"" | [1] ""Cutoff is based on inflection point."" | [1] ""Only one peak is found, set standard deviation, percentile, or upper arguments accordingly"" | [1] ""Cutoff is based on inflection point."" | [1] ""Only one peak is found, set standard deviation, percentile, or upper arguments accordingly"" | [1] ""Cutoff is based on inflection point."" | [1] ""Only one peak is found, set standard deviation, percentile, or upper arguments accordingly""","{""mode"":""full"",""numOfMarkers"":2,""multithread"":false}"
ddPCRclust_template_native,"native template workflow, full ensemble",E200K,2021-02-18_SNV_E200K,ok,NA,101.7159999999999,"[1] ""Only one peak is found, set standard deviation, percentile, or upper arguments accordingly"" | [1] ""Cutoff is based on inflection point."" | [1] ""Only one peak is found, set standard deviation, percentile, or upper arguments accordingly"" | [1] ""Cutoff is based on inflection point."" | [1] ""Only one peak is found, set standard deviation, percentile, or upper arguments accordingly"" | [1] ""Cutoff is based on inflection point."" | [1] ""Only one peak is found, set standard deviation, percentile, or upper arguments accordingly"" | [1] ""Cutoff is based on inflection point."" | [1] ""Only one peak is found, set standard deviation, percentile, or upper arguments accordingly"" | [1] ""Cutoff is based on inflection point."" | [1] ""Only one peak is found, set standard deviation, percentile, or upper arguments accordingly"" | [1] ""Cutoff is based on inflection point."" | [1] ""Only one peak is found, set standard deviation, percentile, or upper arguments accordingly"" | [1] ""Cutoff is based on inflection point."" | [1] ""Only one peak is found, set standard deviation, percentile, or upper arguments accordingly"" | [1] ""Cutoff is based on inflection point."" | [1] ""Only one peak is found, set standard deviation, percentile, or upper arguments accordingly"" | [1] ""Cutoff is based on inflection point."" | [1] ""Only one peak is found, set standard deviation, percentile, or upper arguments accordingly"" | [1] ""Cutoff is based on inflection point."" | [1] ""Only one peak is found, set standard deviation, percentile, or upper arguments accordingly"" | [1] ""Cutoff is based on inflection point."" | [1] ""Only one peak is found, set standard deviation, percentile, or upper arguments accordingly"" | [1] ""Cutoff is based on inflection point."" | [1] ""Only one peak is found, set standard deviation, percentile, or upper arguments accordingly""","{""mode"":""full"",""numOfMarkers"":2,""multithread"":false}"
ddPCRclust_template_native,"native template workflow, full ensemble",E200K,2021-03-29_SNV_E200K,ok,NA,268.4279999999999,"[1] ""Only one peak is found, set standard deviation, percentile, or upper arguments accordingly"" | [1] ""Cutoff is based on inflection point."" | [1] ""Only one peak is found, set standard deviation, percentile, or upper arguments accordingly"" | [1] ""Cutoff is based on inflection point."" | [1] ""Only one peak is found, set standard deviation, percentile, or upper arguments accordingly"" | [1] ""Cutoff is based on inflection point."" | [1] ""Only one peak is found, set standard deviation, percentile, or upper arguments accordingly"" | [1] ""Cutoff is based on inflection point."" | [1] ""Only one peak is found, set standard deviation, percentile, or upper arguments accordingly"" | [1] ""Cutoff is based on inflection point."" | [1] ""Only one peak is found, set standard deviation, percentile, or upper arguments accordingly"" | [1] ""Cutoff is based on inflection point."" | [1] ""Only one peak is found, set standard deviation, percentile, or upper arguments accordingly"" | [1] ""Cutoff is based on inflection point."" | [1] ""Only one peak is found, set standard deviation, percentile, or upper arguments accordingly"" | [1] ""Cutoff is based on inflection point."" | [1] ""Only one peak is found, set standard deviation, percentile, or upper arguments accordingly"" | [1] ""Cutoff is based on inflection point."" | [1] ""Only one peak is found, set standard deviation, percentile, or upper arguments accordingly"" | [1] ""Cutoff is based on inflection point."" | [1] ""Only one peak is found, set standard deviation, percentile, or upper arguments accordingly"" | [1] ""Cutoff is based on inflection point."" | [1] ""Only one peak is found, set standard deviation, percentile, or upper arguments accordingly"" | [1] ""Cutoff is based on inflection point."" | [1] ""Only one peak is found, set standard deviation, percentile, or upper arguments accordingly""","{""mode"":""full"",""numOfMarkers"":2,""multithread"":false}"
ddPCRclust_template_native,"native template workflow, full ensemble",E200K,2021-04-06_SNV_E200K,ok,NA,78.52099999999973,"[1] ""Only one peak is found, set standard deviation, percentile, or upper arguments accordingly"" | [1] ""Cutoff is based on inflection point."" | [1] ""Only one peak is found, set standard deviation, percentile, or upper arguments accordingly"" | [1] ""Cutoff is based on inflection point."" | [1] ""Only one peak is found, set standard deviation, percentile, or upper arguments accordingly"" | [1] ""Cutoff is based on inflection point."" | [1] ""Only one peak is found, set standard deviation, percentile, or upper arguments accordingly"" | [1] ""Cutoff is based on inflection point."" | [1] ""Only one peak is found, set standard deviation, percentile, or upper arguments accordingly"" | [1] ""Cutoff is based on inflection point."" | [1] ""Only one peak is found, set standard deviation, percentile, or upper arguments accordingly"" | [1] ""Cutoff is based on inflection point."" | [1] ""Only one peak is found, set standard deviation, percentile, or upper arguments accordingly"" | [1] ""Cutoff is based on inflection point."" | [1] ""Only one peak is found, set standard deviation, percentile, or upper arguments accordingly"" | [1] ""Cutoff is based on inflection point."" | [1] ""Only one peak is found, set standard deviation, percentile, or upper arguments accordingly"" | [1] ""Cutoff is based on inflection point."" | [1] ""Only one peak is found, set standard deviation, percentile, or upper arguments accordingly"" | [1] ""Cutoff is based on inflection point."" | [1] ""Only one peak is found, set standard deviation, percentile, or upper arguments accordingly"" | [1] ""Cutoff is based on inflection point."" | [1] ""Only one peak is found, set standard deviation, percentile, or upper arguments accordingly"" | [1] ""Cutoff is based on inflection point."" | [1] ""Only one peak is found, set standard deviation, percentile, or upper arguments accordingly""","{""mode"":""full"",""numOfMarkers"":2,""multithread"":false}"
ddPCRclust_template_native,"native template workflow, full ensemble",E200K,2021-05-10_SNV_E200K,ok,NA,164.89199999999983,"[1] ""Only one peak is found, set standard deviation, percentile, or upper arguments accordingly"" | [1] ""Cutoff is based on inflection point."" | [1] ""Only one peak is found, set standard deviation, percentile, or upper arguments accordingly"" | [1] ""Cutoff is based on inflection point."" | [1] ""Only one peak is found, set standard deviation, percentile, or upper arguments accordingly"" | [1] ""Cutoff is based on inflection point."" | [1] ""Only one peak is found, set standard deviation, percentile, or upper arguments accordingly"" | [1] ""Cutoff is based on inflection point."" | [1] ""Only one peak is found, set standard deviation, percentile, or upper arguments accordingly"" | [1] ""Cutoff is based on inflection point."" | [1] ""Only one peak is found, set standard deviation, percentile, or upper arguments accordingly"" | [1] ""Cutoff is based on inflection point."" | [1] ""Only one peak is found, set standard deviation, percentile, or upper arguments accordingly"" | [1] ""Cutoff is based on inflection point."" | [1] ""Only one peak is found, set standard deviation, percentile, or upper arguments accordingly"" | [1] ""Cutoff is based on inflection point."" | [1] ""Only one peak is found, set standard deviation, percentile, or upper arguments accordingly"" | [1] ""Cutoff is based on inflection point."" | [1] ""Only one peak is found, set standard deviation, percentile, or upper arguments accordingly"" | [1] ""Cutoff is based on inflection point."" | [1] ""Only one peak is found, set standard deviation, percentile, or upper arguments accordingly"" | [1] ""Cutoff is based on inflection point."" | [1] ""Only one peak is found, set standard deviation, percentile, or upper arguments accordingly"" | [1] ""Cutoff is based on inflection point."" | [1] ""Only one peak is found, set standard deviation, percentile, or upper arguments accordingly""","{""mode"":""full"",""numOfMarkers"":2,""multithread"":false}"
ddPCRclust_template_native,"native template workflow, full ensemble",E200K,2021-05-20_SNV_E200K,ok,NA,179.62999999999965,"[1] ""Only one peak is found, set standard deviation, percentile, or upper arguments accordingly"" | [1] ""Cutoff is based on inflection point."" | [1] ""Only one peak is found, set standard deviation, percentile, or upper arguments accordingly"" | [1] ""Cutoff is based on inflection point."" | [1] ""Only one peak is found, set standard deviation, percentile, or upper arguments accordingly"" | [1] ""Cutoff is based on inflection point."" | [1] ""Only one peak is found, set standard deviation, percentile, or upper arguments accordingly"" | [1] ""Cutoff is based on inflection point."" | [1] ""Only one peak is found, set standard deviation, percentile, or upper arguments accordingly"" | [1] ""Cutoff is based on inflection point."" | [1] ""Only one peak is found, set standard deviation, percentile, or upper arguments accordingly"" | [1] ""Cutoff is based on inflection point."" | [1] ""Only one peak is found, set standard deviation, percentile, or upper arguments accordingly"" | [1] ""Cutoff is based on inflection point."" | [1] ""Only one peak is found, set standard deviation, percentile, or upper arguments accordingly"" | [1] ""Cutoff is based on inflection point."" | [1] ""Only one peak is found, set standard deviation, percentile, or upper arguments accordingly"" | [1] ""Cutoff is based on inflection point."" | [1] ""Only one peak is found, set standard deviation, percentile, or upper arguments accordingly"" | [1] ""Cutoff is based on inflection point."" | [1] ""Only one peak is found, set standard deviation, percentile, or upper arguments accordingly"" | [1] ""Cutoff is based on inflection point."" | [1] ""Only one peak is found, set standard deviation, percentile, or upper arguments accordingly"" | [1] ""Cutoff is based on inflection point."" | [1] ""Only one peak is found, set standard deviation, percentile, or upper arguments accordingly""","{""mode"":""full"",""numOfMarkers"":2,""multithread"":false}"
ddPCRclust_template_native,"native template workflow, full ensemble",E200K,2021-10-25_SNV_E200K,ok,NA,22.266000000000076,"[1] ""Only one peak is found, set standard deviation, percentile, or upper arguments accordingly"" | [1] ""Cutoff is based on inflection point."" | [1] ""Only one peak is found, set standard deviation, percentile, or upper arguments accordingly"" | [1] ""Cutoff is based on inflection point."" | [1] ""Only one peak is found, set standard deviation, percentile, or upper arguments accordingly"" | [1] ""Cutoff is based on inflection point."" | <simpleError in solve.default(cov, ...): system is computationally singular: reciprocal condition number = 1.25569e-19> | [1] ""Only one peak is found, set standard deviation, percentile, or upper arguments accordingly"" | [1] ""Cutoff is based on inflection point."" |         step 0, set the intial seeds, tot.wss=2.32472e+06 |         step 1, do the rough EM, tot.wss=1.57239e+06 at 0.043062 sec |         step 2, do the fine transfer of Hartigan-Wong Algorithm |                  tot.wss=1.53756e+06 at 0.111237 sec |         step 0, set the intial seeds, tot.wss=7.90159e+07 |         step 1, do the rough EM, tot.wss=5.60046e+07 at 0.01219 sec |         step 2, do the fine transfer of Hartigan-Wong Algorithm |                  tot.wss=5.59081e+07 at 0.015866 sec |         step 0, set the intial seeds, tot.wss=2.8629e+08 |         step 1, do the rough EM, tot.wss=1.95314e+08 at 0.006109 sec |         step 2, do the fine transfer of Hartigan-Wong Algorithm |                  tot.wss=1.95082e+08 at 0.008423 sec |         step 0, set the intial seeds, tot.wss=7.36578e+07 |         step 1, do the rough EM, tot.wss=4.96588e+07 at 0.026179 sec |         step 2, do the fine transfer of Hartigan-Wong Algorithm |                  tot.wss=4.83384e+07 at 0.046161 sec","{""mode"":""full"",""numOfMarkers"":2,""multithread"":false}"
ddPCRclust_template_native,"native template workflow, full ensemble",P102L,2020-12-01_SNV_P102L,ok,NA,284.7349999999997,"[1] ""Only one peak is found, set standard deviation, percentile, or upper arguments accordingly"" | [1] ""Cutoff is based on inflection point."" | [1] ""Only one peak is found, set standard deviation, percentile, or upper arguments accordingly"" | [1] ""Cutoff is based on inflection point."" | [1] ""Only one peak is found, set standard deviation, percentile, or upper arguments accordingly"" | [1] ""Cutoff is based on inflection point."" | [1] ""Only one peak is found, set standard deviation, percentile, or upper arguments accordingly"" | [1] ""Cutoff is based on inflection point."" | [1] ""Only one peak is found, set standard deviation, percentile, or upper arguments accordingly"" | [1] ""Cutoff is based on inflection point."" | [1] ""Only one peak is found, set standard deviation, percentile, or upper arguments accordingly"" | [1] ""Cutoff is based on inflection point."" | [1] ""Only one peak is found, set standard deviation, percentile, or upper arguments accordingly"" | [1] ""Cutoff is based on inflection point."" | [1] ""Only one peak is found, set standard deviation, percentile, or upper arguments accordingly"" | [1] ""Cutoff is based on inflection point."" | [1] ""Only one peak is found, set standard deviation, percentile, or upper arguments accordingly"" | [1] ""Cutoff is based on inflection point."" | [1] ""Only one peak is found, set standard deviation, percentile, or upper arguments accordingly"" | [1] ""Cutoff is based on inflection point."" | [1] ""Only one peak is found, set standard deviation, percentile, or upper arguments accordingly"" | [1] ""Cutoff is based on inflection point."" | [1] ""Only one peak is found, set standard deviation, percentile, or upper arguments accordingly"" | [1] ""Cutoff is based on inflection point."" | [1] ""Only one peak is found, set standard deviation, percentile, or upper arguments accordingly""","{""mode"":""full"",""numOfMarkers"":2,""multithread"":false}"
ddPCRclust_template_native,"native template workflow, full ensemble",P102L,2021-01-26_SNV_P102L,ok,NA,163.50900000000001,"[1] ""Only one peak is found, set standard deviation, percentile, or upper arguments accordingly"" | [1] ""Cutoff is based on inflection point."" | [1] ""Only one peak is found, set standard deviation, percentile, or upper arguments accordingly"" | [1] ""Cutoff is based on inflection point."" | [1] ""Only one peak is found, set standard deviation, percentile, or upper arguments accordingly"" | [1] ""Cutoff is based on inflection point."" | [1] ""Only one peak is found, set standard deviation, percentile, or upper arguments accordingly"" | [1] ""Cutoff is based on inflection point."" | [1] ""Only one peak is found, set standard deviation, percentile, or upper arguments accordingly"" | [1] ""Cutoff is based on inflection point."" | [1] ""Only one peak is found, set standard deviation, percentile, or upper arguments accordingly"" | [1] ""Cutoff is based on inflection point."" | [1] ""Only one peak is found, set standard deviation, percentile, or upper arguments accordingly"" | [1] ""Cutoff is based on inflection point."" | [1] ""Only one peak is found, set standard deviation, percentile, or upper arguments accordingly"" | [1] ""Cutoff is based on inflection point."" | [1] ""Only one peak is found, set standard deviation, percentile, or upper arguments accordingly"" | [1] ""Cutoff is based on inflection point."" | [1] ""Only one peak is found, set standard deviation, percentile, or upper arguments accordingly"" | [1] ""Cutoff is based on inflection point."" | [1] ""Only one peak is found, set standard deviation, percentile, or upper arguments accordingly"" | [1] ""Cutoff is based on inflection point."" | [1] ""Only one peak is found, set standard deviation, percentile, or upper arguments accordingly"" | [1] ""Cutoff is based on inflection point."" | [1] ""Only one peak is found, set standard deviation, percentile, or upper arguments accordingly""","{""mode"":""full"",""numOfMarkers"":2,""multithread"":false}"
ddPCRclust_template_native,"native template workflow, full ensemble",P102L,2021-01-28_SNV_P102L,ok,NA,110.77300000000014,"<simpleError in flowCore::`exprs<-`(`*tmp*`, value = flowCore::exprs(f_onlyNeg)[-indices,     ]): Replacement value for the 'exprs' slot of a 'flowFrame' object must be  |   a numeric matrix with colnames matching at least a subset of the orginal |   columns.> | [1] ""Only one peak is found, set standard deviation, percentile, or upper arguments accordingly"" | [1] ""Cutoff is based on inflection point."" | [1] ""Only one peak is found, set standard deviation, percentile, or upper arguments accordingly"" | [1] ""Cutoff is based on inflection point."" | [1] ""Only one peak is found, set standard deviation, percentile, or upper arguments accordingly"" | [1] ""Cutoff is based on inflection point."" | [1] ""Only one peak is found, set standard deviation, percentile, or upper arguments accordingly"" | [1] ""Cutoff is based on inflection point."" | [1] ""Only one peak is found, set standard deviation, percentile, or upper arguments accordingly"" | [1] ""Cutoff is based on inflection point."" | [1] ""Only one peak is found, set standard deviation, percentile, or upper arguments accordingly"" | [1] ""Cutoff is based on inflection point."" | [1] ""Only one peak is found, set standard deviation, percentile, or upper arguments accordingly"" | [1] ""Cutoff is based on inflection point."" | [1] ""Only one peak is found, set standard deviation, percentile, or upper arguments accordingly"" | [1] ""Cutoff is based on inflection point."" | [1] ""Only one peak is found, set standard deviation, percentile, or upper arguments accordingly"" | [1] ""Cutoff is based on inflection point."" | [1] ""Only one peak is found, set standard deviation, percentile, or upper arguments accordingly"" | [1] ""Cutoff is based on inflection point."" | [1] ""Only one peak is found, set standard deviation, percentile, or upper arguments accordingly"" | [1] ""Cutoff is based on inflection point.""","{""mode"":""full"",""numOfMarkers"":2,""multithread"":false}"
ddPCRclust_template_native,"native template workflow, full ensemble",P102L,2021-02-02_SNV_P102L,ok,NA,268.7330000000002,"[1] ""Only one peak is found, set standard deviation, percentile, or upper arguments accordingly"" | [1] ""Cutoff is based on inflection point."" | [1] ""Only one peak is found, set standard deviation, percentile, or upper arguments accordingly"" | [1] ""Cutoff is based on inflection point."" | [1] ""Only one peak is found, set standard deviation, percentile, or upper arguments accordingly"" | [1] ""Cutoff is based on inflection point."" | [1] ""Only one peak is found, set standard deviation, percentile, or upper arguments accordingly"" | [1] ""Cutoff is based on inflection point."" | [1] ""Only one peak is found, set standard deviation, percentile, or upper arguments accordingly"" | [1] ""Cutoff is based on inflection point."" | [1] ""Only one peak is found, set standard deviation, percentile, or upper arguments accordingly"" | [1] ""Cutoff is based on inflection point."" | [1] ""Only one peak is found, set standard deviation, percentile, or upper arguments accordingly"" | [1] ""Cutoff is based on inflection point."" | [1] ""Only one peak is found, set standard deviation, percentile, or upper arguments accordingly"" | [1] ""Cutoff is based on inflection point."" | [1] ""Only one peak is found, set standard deviation, percentile, or upper arguments accordingly"" | [1] ""Cutoff is based on inflection point."" | [1] ""Only one peak is found, set standard deviation, percentile, or upper arguments accordingly"" | [1] ""Cutoff is based on inflection point."" | [1] ""Only one peak is found, set standard deviation, percentile, or upper arguments accordingly"" | [1] ""Cutoff is based on inflection point."" | [1] ""Only one peak is found, set standard deviation, percentile, or upper arguments accordingly"" | [1] ""Cutoff is based on inflection point."" | [1] ""Only one peak is found, set standard deviation, percentile, or upper arguments accordingly""","{""mode"":""full"",""numOfMarkers"":2,""multithread"":false}"
ddPCRclust_template_native,"native template workflow, full ensemble",P102L,2021-02-17_SNV_P102L,ok,NA,102.16499999999996,"[1] ""Only one peak is found, set standard deviation, percentile, or upper arguments accordingly"" | [1] ""Cutoff is based on inflection point."" | [1] ""Only one peak is found, set standard deviation, percentile, or upper arguments accordingly"" | [1] ""Cutoff is based on inflection point."" | [1] ""Only one peak is found, set standard deviation, percentile, or upper arguments accordingly"" | [1] ""Cutoff is based on inflection point."" | [1] ""Only one peak is found, set standard deviation, percentile, or upper arguments accordingly"" | [1] ""Cutoff is based on inflection point."" | [1] ""Only one peak is found, set standard deviation, percentile, or upper arguments accordingly"" | [1] ""Cutoff is based on inflection point."" | [1] ""Only one peak is found, set standard deviation, percentile, or upper arguments accordingly"" | [1] ""Cutoff is based on inflection point."" | [1] ""Only one peak is found, set standard deviation, percentile, or upper arguments accordingly"" | [1] ""Cutoff is based on inflection point."" | [1] ""Only one peak is found, set standard deviation, percentile, or upper arguments accordingly"" | [1] ""Cutoff is based on inflection point."" | [1] ""Only one peak is found, set standard deviation, percentile, or upper arguments accordingly"" | [1] ""Cutoff is based on inflection point."" | [1] ""Only one peak is found, set standard deviation, percentile, or upper arguments accordingly"" | [1] ""Cutoff is based on inflection point."" | [1] ""Only one peak is found, set standard deviation, percentile, or upper arguments accordingly"" | [1] ""Cutoff is based on inflection point."" | [1] ""Only one peak is found, set standard deviation, percentile, or upper arguments accordingly"" | [1] ""Cutoff is based on inflection point."" | [1] ""Only one peak is found, set standard deviation, percentile, or upper arguments accordingly""","{""mode"":""full"",""numOfMarkers"":2,""multithread"":false}"
ddPCRclust_template_native,"native template workflow, full ensemble",P102L,2021-02-18_SNV_P102L,ok,NA,104.89499999999953,"[1] ""Only one peak is found, set standard deviation, percentile, or upper arguments accordingly"" | [1] ""Cutoff is based on inflection point."" | [1] ""Only one peak is found, set standard deviation, percentile, or upper arguments accordingly"" | [1] ""Cutoff is based on inflection point."" | [1] ""Only one peak is found, set standard deviation, percentile, or upper arguments accordingly"" | [1] ""Cutoff is based on inflection point."" | [1] ""Only one peak is found, set standard deviation, percentile, or upper arguments accordingly"" | [1] ""Cutoff is based on inflection point."" | [1] ""Only one peak is found, set standard deviation, percentile, or upper arguments accordingly"" | [1] ""Cutoff is based on inflection point."" | [1] ""Only one peak is found, set standard deviation, percentile, or upper arguments accordingly"" | [1] ""Cutoff is based on inflection point."" | [1] ""Only one peak is found, set standard deviation, percentile, or upper arguments accordingly"" | [1] ""Cutoff is based on inflection point."" | [1] ""Only one peak is found, set standard deviation, percentile, or upper arguments accordingly"" | [1] ""Cutoff is based on inflection point."" | [1] ""Only one peak is found, set standard deviation, percentile, or upper arguments accordingly"" | [1] ""Cutoff is based on inflection point."" | [1] ""Only one peak is found, set standard deviation, percentile, or upper arguments accordingly"" | [1] ""Cutoff is based on inflection point."" | [1] ""Only one peak is found, set standard deviation, percentile, or upper arguments accordingly"" | [1] ""Cutoff is based on inflection point."" | [1] ""Only one peak is found, set standard deviation, percentile, or upper arguments accordingly"" | [1] ""Cutoff is based on inflection point."" | [1] ""Only one peak is found, set standard deviation, percentile, or upper arguments accordingly""","{""mode"":""full"",""numOfMarkers"":2,""multithread"":false}"
ddPCRclust_template_native,"native template workflow, full ensemble",P102L,2021-03-05_SNV_P102L,ok,NA,51.17500000000018,"[1] ""Only one peak is found, set standard deviation, percentile, or upper arguments accordingly"" | [1] ""Cutoff is based on inflection point."" | [1] ""Only one peak is found, set standard deviation, percentile, or upper arguments accordingly"" | [1] ""Cutoff is based on inflection point."" | [1] ""Only one peak is found, set standard deviation, percentile, or upper arguments accordingly"" | [1] ""Cutoff is based on inflection point."" | [1] ""Only one peak is found, set standard deviation, percentile, or upper arguments accordingly"" | [1] ""Cutoff is based on inflection point."" | [1] ""Only one peak is found, set standard deviation, percentile, or upper arguments accordingly"" | [1] ""Cutoff is based on inflection point."" | [1] ""Only one peak is found, set standard deviation, percentile, or upper arguments accordingly"" | [1] ""Cutoff is based on inflection point."" | [1] ""Only one peak is found, set standard deviation, percentile, or upper arguments accordingly"" | [1] ""Cutoff is based on inflection point."" | [1] ""Only one peak is found, set standard deviation, percentile, or upper arguments accordingly"" | [1] ""Cutoff is based on inflection point."" | [1] ""Only one peak is found, set standard deviation, percentile, or upper arguments accordingly"" | [1] ""Cutoff is based on inflection point."" | [1] ""Only one peak is found, set standard deviation, percentile, or upper arguments accordingly"" | [1] ""Cutoff is based on inflection point."" | [1] ""Only one peak is found, set standard deviation, percentile, or upper arguments accordingly"" | [1] ""Cutoff is based on inflection point."" | [1] ""Only one peak is found, set standard deviation, percentile, or upper arguments accordingly"" | [1] ""Cutoff is based on inflection point."" | [1] ""Only one peak is found, set standard deviation, percentile, or upper arguments accordingly""","{""mode"":""full"",""numOfMarkers"":2,""multithread"":false}"
ddPCRclust_template_native,"native template workflow, full ensemble",P102L,2021-03-29_SNV_P102L,ok,NA,118.6309999999994,"[1] ""Only one peak is found, set standard deviation, percentile, or upper arguments accordingly"" | [1] ""Cutoff is based on inflection point."" | [1] ""Only one peak is found, set standard deviation, percentile, or upper arguments accordingly"" | [1] ""Cutoff is based on inflection point."" | [1] ""Only one peak is found, set standard deviation, percentile, or upper arguments accordingly"" | [1] ""Cutoff is based on inflection point."" | [1] ""Only one peak is found, set standard deviation, percentile, or upper arguments accordingly"" | [1] ""Cutoff is based on inflection point."" | [1] ""Only one peak is found, set standard deviation, percentile, or upper arguments accordingly"" | [1] ""Cutoff is based on inflection point."" | [1] ""Only one peak is found, set standard deviation, percentile, or upper arguments accordingly"" | [1] ""Cutoff is based on inflection point."" | [1] ""Only one peak is found, set standard deviation, percentile, or upper arguments accordingly"" | [1] ""Cutoff is based on inflection point."" | [1] ""Only one peak is found, set standard deviation, percentile, or upper arguments accordingly"" | [1] ""Cutoff is based on inflection point."" | [1] ""Only one peak is found, set standard deviation, percentile, or upper arguments accordingly"" | [1] ""Cutoff is based on inflection point."" | [1] ""Only one peak is found, set standard deviation, percentile, or upper arguments accordingly"" | [1] ""Cutoff is based on inflection point."" | [1] ""Only one peak is found, set standard deviation, percentile, or upper arguments accordingly"" | [1] ""Cutoff is based on inflection point."" | [1] ""Only one peak is found, set standard deviation, percentile, or upper arguments accordingly"" | [1] ""Cutoff is based on inflection point."" | <simpleError in flowCore::`exprs<-`(`*tmp*`, value = flowCore::exprs(f_Cuts_temp)[indices,     ]): Replacement value for the 'exprs' slot of a 'flowFrame' object must be ","{""mode"":""full"",""numOfMarkers"":2,""multithread"":false}"
ddPCRclust_template_native,"native template workflow, full ensemble",P102L,2021-04-06_SNV_P102L,ok,NA,104.02800000000025,"[1] ""Only one peak is found, set standard deviation, percentile, or upper arguments accordingly"" | [1] ""Cutoff is based on inflection point."" | [1] ""Only one peak is found, set standard deviation, percentile, or upper arguments accordingly"" | [1] ""Cutoff is based on inflection point."" | [1] ""Only one peak is found, set standard deviation, percentile, or upper arguments accordingly"" | [1] ""Cutoff is based on inflection point."" | [1] ""Only one peak is found, set standard deviation, percentile, or upper arguments accordingly"" | [1] ""Cutoff is based on inflection point."" | [1] ""Only one peak is found, set standard deviation, percentile, or upper arguments accordingly"" | [1] ""Cutoff is based on inflection point."" | [1] ""Only one peak is found, set standard deviation, percentile, or upper arguments accordingly"" | [1] ""Cutoff is based on inflection point."" | [1] ""Only one peak is found, set standard deviation, percentile, or upper arguments accordingly"" | [1] ""Cutoff is based on inflection point."" | [1] ""Only one peak is found, set standard deviation, percentile, or upper arguments accordingly"" | [1] ""Cutoff is based on inflection point."" | [1] ""Only one peak is found, set standard deviation, percentile, or upper arguments accordingly"" | [1] ""Cutoff is based on inflection point."" | [1] ""Only one peak is found, set standard deviation, percentile, or upper arguments accordingly"" | [1] ""Cutoff is based on inflection point."" | [1] ""Only one peak is found, set standard deviation, percentile, or upper arguments accordingly"" | [1] ""Cutoff is based on inflection point."" | [1] ""Only one peak is found, set standard deviation, percentile, or upper arguments accordingly"" | [1] ""Cutoff is based on inflection point."" | [1] ""Only one peak is found, set standard deviation, percentile, or upper arguments accordingly""","{""mode"":""full"",""numOfMarkers"":2,""multithread"":false}"
ddPCRclust_template_native,"native template workflow, full ensemble",P102L,2021-05-10_SNV_P102L,ok,NA,129.5650000000005,"[1] ""Only one peak is found, set standard deviation, percentile, or upper arguments accordingly"" | [1] ""Cutoff is based on inflection point."" | [1] ""Only one peak is found, set standard deviation, percentile, or upper arguments accordingly"" | [1] ""Cutoff is based on inflection point."" | [1] ""Only one peak is found, set standard deviation, percentile, or upper arguments accordingly"" | [1] ""Cutoff is based on inflection point."" | [1] ""Only one peak is found, set standard deviation, percentile, or upper arguments accordingly"" | [1] ""Cutoff is based on inflection point."" | [1] ""Only one peak is found, set standard deviation, percentile, or upper arguments accordingly"" | [1] ""Cutoff is based on inflection point."" | [1] ""Only one peak is found, set standard deviation, percentile, or upper arguments accordingly"" | [1] ""Cutoff is based on inflection point."" | [1] ""Only one peak is found, set standard deviation, percentile, or upper arguments accordingly"" | [1] ""Cutoff is based on inflection point."" | [1] ""Only one peak is found, set standard deviation, percentile, or upper arguments accordingly"" | [1] ""Cutoff is based on inflection point."" | [1] ""Only one peak is found, set standard deviation, percentile, or upper arguments accordingly"" | [1] ""Cutoff is based on inflection point."" | [1] ""Only one peak is found, set standard deviation, percentile, or upper arguments accordingly"" | [1] ""Cutoff is based on inflection point."" | [1] ""Only one peak is found, set standard deviation, percentile, or upper arguments accordingly"" | [1] ""Cutoff is based on inflection point."" | [1] ""Only one peak is found, set standard deviation, percentile, or upper arguments accordingly"" | [1] ""Cutoff is based on inflection point."" | [1] ""Only one peak is found, set standard deviation, percentile, or upper arguments accordingly""","{""mode"":""full"",""numOfMarkers"":2,""multithread"":false}"
ddPCRclust_template_native,"native template workflow, full ensemble",P102L,2021-05-20_SNV_P102L,ok,NA,160.53699999999935,"[1] ""Only one peak is found, set standard deviation, percentile, or upper arguments accordingly"" | [1] ""Cutoff is based on inflection point."" | [1] ""Only one peak is found, set standard deviation, percentile, or upper arguments accordingly"" | [1] ""Cutoff is based on inflection point."" | [1] ""Only one peak is found, set standard deviation, percentile, or upper arguments accordingly"" | [1] ""Cutoff is based on inflection point."" | [1] ""Only one peak is found, set standard deviation, percentile, or upper arguments accordingly"" | [1] ""Cutoff is based on inflection point."" | [1] ""Only one peak is found, set standard deviation, percentile, or upper arguments accordingly"" | [1] ""Cutoff is based on inflection point."" | [1] ""Only one peak is found, set standard deviation, percentile, or upper arguments accordingly"" | [1] ""Cutoff is based on inflection point."" | [1] ""Only one peak is found, set standard deviation, percentile, or upper arguments accordingly"" | [1] ""Cutoff is based on inflection point."" | [1] ""Only one peak is found, set standard deviation, percentile, or upper arguments accordingly"" | [1] ""Cutoff is based on inflection point."" | [1] ""Only one peak is found, set standard deviation, percentile, or upper arguments accordingly"" | [1] ""Cutoff is based on inflection point."" | [1] ""Only one peak is found, set standard deviation, percentile, or upper arguments accordingly"" | [1] ""Cutoff is based on inflection point."" | [1] ""Only one peak is found, set standard deviation, percentile, or upper arguments accordingly"" | [1] ""Cutoff is based on inflection point."" | [1] ""Only one peak is found, set standard deviation, percentile, or upper arguments accordingly"" | [1] ""Cutoff is based on inflection point."" | [1] ""Only one peak is found, set standard deviation, percentile, or upper arguments accordingly""","{""mode"":""full"",""numOfMarkers"":2,""multithread"":false}"
ddPCRclust_template_native,"native template workflow, full ensemble",P102L,2021-10-14_SNV_P102L,ok,NA,30.672999999999774,"[1] ""Only one peak is found, set standard deviation, percentile, or upper arguments accordingly"" | [1] ""Cutoff is based on inflection point."" | [1] ""Only one peak is found, set standard deviation, percentile, or upper arguments accordingly"" | [1] ""Cutoff is based on inflection point."" | [1] ""Only one peak is found, set standard deviation, percentile, or upper arguments accordingly"" | [1] ""Cutoff is based on inflection point."" | [1] ""Only one peak is found, set standard deviation, percentile, or upper arguments accordingly"" | [1] ""Cutoff is based on inflection point."" | [1] ""Only one peak is found, set standard deviation, percentile, or upper arguments accordingly"" | [1] ""Cutoff is based on inflection point."" | [1] ""Only one peak is found, set standard deviation, percentile, or upper arguments accordingly"" | [1] ""Cutoff is based on inflection point."" | [1] ""Only one peak is found, set standard deviation, percentile, or upper arguments accordingly"" | [1] ""Cutoff is based on inflection point."" |         step 0, set the intial seeds, tot.wss=878514 |         step 1, do the rough EM, tot.wss=621722 at 0.062422 sec |         step 2, do the fine transfer of Hartigan-Wong Algorithm |                  tot.wss=613223 at 0.122698 sec |         step 0, set the intial seeds, tot.wss=1.44816e+07 |         step 1, do the rough EM, tot.wss=9.81822e+06 at 0.039719 sec |         step 2, do the fine transfer of Hartigan-Wong Algorithm |                  tot.wss=9.61231e+06 at 0.082695 sec |         step 0, set the intial seeds, tot.wss=3.91813e+08 |         step 1, do the rough EM, tot.wss=2.60877e+08 at 0.012215 sec |         step 2, do the fine transfer of Hartigan-Wong Algorithm","{""mode"":""full"",""numOfMarkers"":2,""multithread"":false}"
