run_id,assay,well,sample,sample_type,sample_key,run_date,method_id,method_variant,n_total_droplets,n_accepted_droplets,n_nn,n_wt_only,n_mut_only,n_double_positive,n_rain,n_unclassified,n_mut_expected,n_wt_expected,classification_status,classification_message,method_parameters_json
2020-10-12_SNV_D178N,D178N,A01,NTC_D178N,NTC,ntc,2020-10-12,ddPCRclust_control_projected,control-projected sensitivity using ddPCRclust input geometry,15305,15305,15151,0,154,0,0,0,154,0,ok,NA,"{""source"":""control_geometry"",""package_input"":""ddPCRclust""}"
2020-10-12_SNV_D178N,D178N,A07,CJD15-1_fr_D178N,biological_sample,15_1_fr,2020-10-12,ddPCRclust_control_projected,control-projected sensitivity using ddPCRclust input geometry,17133,17057,4631,12398,7,21,76,0,28,12419,ok,NA,"{""source"":""control_geometry"",""package_input"":""ddPCRclust""}"
2020-10-12_SNV_D178N,D178N,B01,WT_D178N,WT_control,wt,2020-10-12,ddPCRclust_control_projected,control-projected sensitivity using ddPCRclust input geometry,13319,13117,1274,11815,22,6,202,0,28,11821,ok,NA,"{""source"":""control_geometry"",""package_input"":""ddPCRclust""}"
2020-10-12_SNV_D178N,D178N,B04,CJD15-27_cb_D178N,biological_sample,15_27_cb,2020-10-12,ddPCRclust_control_projected,control-projected sensitivity using ddPCRclust input geometry,14872,14823,6845,7941,11,26,49,0,37,7967,ok,NA,"{""source"":""control_geometry"",""package_input"":""ddPCRclust""}"
2020-10-12_SNV_D178N,D178N,C01,Mut_D178N,positive_control,mut,2020-10-12,ddPCRclust_control_projected,control-projected sensitivity using ddPCRclust input geometry,15700,15616,11239,1980,2076,321,84,0,2397,2301,ok,NA,"{""source"":""control_geometry"",""package_input"":""ddPCRclust""}"
2020-10-12_SNV_D178N,D178N,C04,CJD15-27_fr_D178N,biological_sample,15_27_fr,2020-10-12,ddPCRclust_control_projected,control-projected sensitivity using ddPCRclust input geometry,13022,12884,2427,10425,28,4,138,0,32,10429,ok,NA,"{""source"":""control_geometry"",""package_input"":""ddPCRclust""}"
2020-10-15_SNV_D178N,D178N,A01,NTC_D178N,NTC,ntc,2020-10-15,ddPCRclust_control_projected,control-projected sensitivity using ddPCRclust input geometry,10394,10394,10392,0,2,0,0,0,2,0,ok,NA,"{""source"":""control_geometry"",""package_input"":""ddPCRclust""}"
2020-10-15_SNV_D178N,D178N,A03,CJD18-6_bg_D178N,biological_sample,18_6_bg,2020-10-15,ddPCRclust_control_projected,control-projected sensitivity using ddPCRclust input geometry,14022,13930,2348,11566,9,7,92,0,16,11573,ok,NA,"{""source"":""control_geometry"",""package_input"":""ddPCRclust""}"
2020-10-15_SNV_D178N,D178N,A05,CJD18-17_bg_D178N,biological_sample,18_17_bg,2020-10-15,ddPCRclust_control_projected,control-projected sensitivity using ddPCRclust input geometry,11938,11505,1108,10245,132,20,433,0,152,10265,ok,NA,"{""source"":""control_geometry"",""package_input"":""ddPCRclust""}"
2020-10-15_SNV_D178N,D178N,A07,CJD18-24_bg_D178N,biological_sample,18_24_bg,2020-10-15,ddPCRclust_control_projected,control-projected sensitivity using ddPCRclust input geometry,13793,12582,2702,8384,1477,19,1211,0,1496,8403,ok,NA,"{""source"":""control_geometry"",""package_input"":""ddPCRclust""}"
2020-10-15_SNV_D178N,D178N,A09,CJD18-31_bg_D178N,biological_sample,18_31_bg,2020-10-15,ddPCRclust_control_projected,control-projected sensitivity using ddPCRclust input geometry,12762,10408,824,7730,1834,20,2354,0,1854,7750,ok,NA,"{""source"":""control_geometry"",""package_input"":""ddPCRclust""}"
2020-10-15_SNV_D178N,D178N,B01,WT_D178N,WT_control,wt,2020-10-15,ddPCRclust_control_projected,control-projected sensitivity using ddPCRclust input geometry,10440,10237,359,9862,12,4,203,0,16,9866,ok,NA,"{""source"":""control_geometry"",""package_input"":""ddPCRclust""}"
2020-10-15_SNV_D178N,D178N,B03,CJD18-6_cb_D178N,biological_sample,18_6_cb,2020-10-15,ddPCRclust_control_projected,control-projected sensitivity using ddPCRclust input geometry,14641,13644,1945,10526,1155,18,997,0,1173,10544,ok,NA,"{""source"":""control_geometry"",""package_input"":""ddPCRclust""}"
2020-10-15_SNV_D178N,D178N,B05,CJD18-17_cb_D178N,biological_sample,18_17_cb,2020-10-15,ddPCRclust_control_projected,control-projected sensitivity using ddPCRclust input geometry,12393,11989,2496,9192,287,14,404,0,301,9206,ok,NA,"{""source"":""control_geometry"",""package_input"":""ddPCRclust""}"
2020-10-15_SNV_D178N,D178N,B07,CJD18-24_cb_D178N,biological_sample,18_24_cb,2020-10-15,ddPCRclust_control_projected,control-projected sensitivity using ddPCRclust input geometry,13849,13278,3129,9765,342,42,571,0,384,9807,ok,NA,"{""source"":""control_geometry"",""package_input"":""ddPCRclust""}"
2020-10-15_SNV_D178N,D178N,B09,CJD18-31_cb_D178N,biological_sample,18_31_cb,2020-10-15,ddPCRclust_control_projected,control-projected sensitivity using ddPCRclust input geometry,15381,14397,2855,11169,360,13,984,0,373,11182,ok,NA,"{""source"":""control_geometry"",""package_input"":""ddPCRclust""}"
2020-10-15_SNV_D178N,D178N,C01,Mut_D178N,positive_control,mut,2020-10-15,ddPCRclust_control_projected,control-projected sensitivity using ddPCRclust input geometry,5827,5780,3194,1036,1096,454,47,0,1550,1490,ok,NA,"{""source"":""control_geometry"",""package_input"":""ddPCRclust""}"
2020-10-15_SNV_D178N,D178N,C03,CJD18-6_fr_D178N,biological_sample,18_6_fr,2020-10-15,ddPCRclust_control_projected,control-projected sensitivity using ddPCRclust input geometry,15621,15323,4050,11089,169,15,298,0,184,11104,ok,NA,"{""source"":""control_geometry"",""package_input"":""ddPCRclust""}"
2020-10-15_SNV_D178N,D178N,C05,CJD18-17_fr_D178N,biological_sample,18_17_fr,2020-10-15,ddPCRclust_control_projected,control-projected sensitivity using ddPCRclust input geometry,13888,12831,1686,10525,597,23,1057,0,620,10548,ok,NA,"{""source"":""control_geometry"",""package_input"":""ddPCRclust""}"
2020-10-15_SNV_D178N,D178N,C07,CJD18-24_fr_D178N,biological_sample,18_24_fr,2020-10-15,ddPCRclust_control_projected,control-projected sensitivity using ddPCRclust input geometry,15049,13069,1189,10961,871,48,1980,0,919,11009,ok,NA,"{""source"":""control_geometry"",""package_input"":""ddPCRclust""}"
2020-10-15_SNV_D178N,D178N,D03,CJD18-6_hc_D178N,biological_sample,18_6_hc,2020-10-15,ddPCRclust_control_projected,control-projected sensitivity using ddPCRclust input geometry,12400,12381,1949,10424,1,7,19,0,8,10431,ok,NA,"{""source"":""control_geometry"",""package_input"":""ddPCRclust""}"
2020-10-15_SNV_D178N,D178N,D05,CJD18-17_hc_D178N,biological_sample,18_17_hc,2020-10-15,ddPCRclust_control_projected,control-projected sensitivity using ddPCRclust input geometry,12930,12823,2481,10329,1,12,107,0,13,10341,ok,NA,"{""source"":""control_geometry"",""package_input"":""ddPCRclust""}"
2020-10-15_SNV_D178N,D178N,D07,CJD18-24_hc_D178N,biological_sample,18_24_hc,2020-10-15,ddPCRclust_control_projected,control-projected sensitivity using ddPCRclust input geometry,12035,11902,1530,10332,9,31,133,0,40,10363,ok,NA,"{""source"":""control_geometry"",""package_input"":""ddPCRclust""}"
2020-10-15_SNV_D178N,D178N,D09,CJD18-31_hc_D178N,biological_sample,18_31_hc,2020-10-15,ddPCRclust_control_projected,control-projected sensitivity using ddPCRclust input geometry,10005,9525,3370,6031,69,55,480,0,124,6086,ok,NA,"{""source"":""control_geometry"",""package_input"":""ddPCRclust""}"
2020-10-15_SNV_D178N,D178N,E03,CJD18-6_sn_D178N,biological_sample,18_6_sn,2020-10-15,ddPCRclust_control_projected,control-projected sensitivity using ddPCRclust input geometry,13010,12763,2198,10492,64,9,247,0,73,10501,ok,NA,"{""source"":""control_geometry"",""package_input"":""ddPCRclust""}"
2020-10-15_SNV_D178N,D178N,E05,CJD18-17_sn_D178N,biological_sample,18_17_sn,2020-10-15,ddPCRclust_control_projected,control-projected sensitivity using ddPCRclust input geometry,13175,12818,3670,8978,151,19,357,0,170,8997,ok,NA,"{""source"":""control_geometry"",""package_input"":""ddPCRclust""}"
2020-10-15_SNV_D178N,D178N,E07,CJD18-24_sn_D178N,biological_sample,18_24_sn,2020-10-15,ddPCRclust_control_projected,control-projected sensitivity using ddPCRclust input geometry,11173,10437,2637,7621,48,131,736,0,179,7752,ok,NA,"{""source"":""control_geometry"",""package_input"":""ddPCRclust""}"
2020-10-15_SNV_D178N,D178N,E09,CJD18-31_sn_D178N,biological_sample,18_31_sn,2020-10-15,ddPCRclust_control_projected,control-projected sensitivity using ddPCRclust input geometry,11011,9696,2122,7378,166,30,1315,0,196,7408,ok,NA,"{""source"":""control_geometry"",""package_input"":""ddPCRclust""}"
2020-10-15_SNV_D178N,D178N,F03,CJD18-6_th_D178N,biological_sample,18_6_th,2020-10-15,ddPCRclust_control_projected,control-projected sensitivity using ddPCRclust input geometry,10976,10805,1444,9339,13,9,171,0,22,9348,ok,NA,"{""source"":""control_geometry"",""package_input"":""ddPCRclust""}"
2020-10-15_SNV_D178N,D178N,F05,CJD18-17_th_D178N,biological_sample,18_17_th,2020-10-15,ddPCRclust_control_projected,control-projected sensitivity using ddPCRclust input geometry,12407,12362,2336,10007,3,16,45,0,19,10023,ok,NA,"{""source"":""control_geometry"",""package_input"":""ddPCRclust""}"
2020-10-22_SNV_D178N,D178N,A01,NTC_E200K,NTC,ntc,2020-10-22,ddPCRclust_control_projected,control-projected sensitivity using ddPCRclust input geometry,14594,14594,14477,1,116,0,0,0,116,1,ok,NA,"{""source"":""control_geometry"",""package_input"":""ddPCRclust""}"
2020-10-22_SNV_D178N,D178N,A03,CJD13-21_bg_D178N,biological_sample,13_21_bg,2020-10-22,ddPCRclust_control_projected,control-projected sensitivity using ddPCRclust input geometry,13792,12739,1523,10921,250,45,1053,0,295,10966,ok,NA,"{""source"":""control_geometry"",""package_input"":""ddPCRclust""}"
2020-10-22_SNV_D178N,D178N,A05,CJD14-24_bg_D178N,biological_sample,14_24_bg,2020-10-22,ddPCRclust_control_projected,control-projected sensitivity using ddPCRclust input geometry,13917,13450,3047,9976,409,18,467,0,427,9994,ok,NA,"{""source"":""control_geometry"",""package_input"":""ddPCRclust""}"
2020-10-22_SNV_D178N,D178N,A07,CJD20-08_bg_D178N,biological_sample,20_08_bg,2020-10-22,ddPCRclust_control_projected,control-projected sensitivity using ddPCRclust input geometry,14933,14766,4034,10598,119,15,167,0,134,10613,ok,NA,"{""source"":""control_geometry"",""package_input"":""ddPCRclust""}"
2020-10-22_SNV_D178N,D178N,A09,CJD19-29_fr_D178N,biological_sample,19_29_fr,2020-10-22,ddPCRclust_control_projected,control-projected sensitivity using ddPCRclust input geometry,15716,14313,4644,7912,1742,15,1403,0,1757,7927,ok,NA,"{""source"":""control_geometry"",""package_input"":""ddPCRclust""}"
2020-10-22_SNV_D178N,D178N,B01,WT_D178N,WT_control,wt,2020-10-22,ddPCRclust_control_projected,control-projected sensitivity using ddPCRclust input geometry,10594,10528,2192,8290,24,22,66,0,46,8312,ok,NA,"{""source"":""control_geometry"",""package_input"":""ddPCRclust""}"
2020-10-22_SNV_D178N,D178N,B03,CJD13-21_cb_D178N,biological_sample,13_21_cb,2020-10-22,ddPCRclust_control_projected,control-projected sensitivity using ddPCRclust input geometry,16247,15406,1558,13590,236,22,841,0,258,13612,ok,NA,"{""source"":""control_geometry"",""package_input"":""ddPCRclust""}"
2020-10-22_SNV_D178N,D178N,B05,CJD14-24_cb_D178N,biological_sample,14_24_cb,2020-10-22,ddPCRclust_control_projected,control-projected sensitivity using ddPCRclust input geometry,13431,12960,3984,8361,607,8,471,0,615,8369,ok,NA,"{""source"":""control_geometry"",""package_input"":""ddPCRclust""}"
2020-10-22_SNV_D178N,D178N,B07,CJD20-08_cb_D178N,biological_sample,20_08_cb,2020-10-22,ddPCRclust_control_projected,control-projected sensitivity using ddPCRclust input geometry,13836,13097,2545,10343,190,19,739,0,209,10362,ok,NA,"{""source"":""control_geometry"",""package_input"":""ddPCRclust""}"
2020-10-22_SNV_D178N,D178N,C01,D178N-mut,positive_control,,2020-10-22,ddPCRclust_control_projected,control-projected sensitivity using ddPCRclust input geometry,15354,15291,11949,1409,1751,182,63,0,1933,1591,ok,NA,"{""source"":""control_geometry"",""package_input"":""ddPCRclust""}"
2020-10-22_SNV_D178N,D178N,C03,CJD13-21_fr_D178N,biological_sample,13_21_fr,2020-10-22,ddPCRclust_control_projected,control-projected sensitivity using ddPCRclust input geometry,12568,12425,1515,10852,49,9,143,0,58,10861,ok,NA,"{""source"":""control_geometry"",""package_input"":""ddPCRclust""}"
2020-10-22_SNV_D178N,D178N,C05,CJD14-24_fr_D178N,biological_sample,14_24_fr,2020-10-22,ddPCRclust_control_projected,control-projected sensitivity using ddPCRclust input geometry,15282,13929,2331,10188,1393,17,1353,0,1410,10205,ok,NA,"{""source"":""control_geometry"",""package_input"":""ddPCRclust""}"
2020-10-22_SNV_D178N,D178N,C07,CJD20-08_fr_D178N,biological_sample,20_08_fr,2020-10-22,ddPCRclust_control_projected,control-projected sensitivity using ddPCRclust input geometry,15760,15740,3916,11809,1,14,20,0,15,11823,ok,NA,"{""source"":""control_geometry"",""package_input"":""ddPCRclust""}"
2020-10-22_SNV_D178N,D178N,D03,CJD13-21_sn_D178N,biological_sample,13_21_sn,2020-10-22,ddPCRclust_control_projected,control-projected sensitivity using ddPCRclust input geometry,14888,14487,2180,12183,97,27,401,0,124,12210,ok,NA,"{""source"":""control_geometry"",""package_input"":""ddPCRclust""}"
2020-10-22_SNV_D178N,D178N,D05,CJD14-24_hc_D178N,biological_sample,14_24_hc,2020-10-22,ddPCRclust_control_projected,control-projected sensitivity using ddPCRclust input geometry,11561,11542,1720,9808,7,7,19,0,14,9815,ok,NA,"{""source"":""control_geometry"",""package_input"":""ddPCRclust""}"
2020-10-22_SNV_D178N,D178N,D07,CJD20-08_sn_D178N,biological_sample,20_08_sn,2020-10-22,ddPCRclust_control_projected,control-projected sensitivity using ddPCRclust input geometry,14810,14440,3279,10894,258,9,370,0,267,10903,ok,NA,"{""source"":""control_geometry"",""package_input"":""ddPCRclust""}"
2020-10-22_SNV_D178N,D178N,E03,CJD13-21_th_D178N,biological_sample,13_21_th,2020-10-22,ddPCRclust_control_projected,control-projected sensitivity using ddPCRclust input geometry,15117,14781,8243,5797,719,22,336,0,741,5819,ok,NA,"{""source"":""control_geometry"",""package_input"":""ddPCRclust""}"
2020-10-22_SNV_D178N,D178N,E05,CJD14-24_sn_D178N,biological_sample,14_24_sn,2020-10-22,ddPCRclust_control_projected,control-projected sensitivity using ddPCRclust input geometry,14604,14482,665,13786,19,12,122,0,31,13798,ok,NA,"{""source"":""control_geometry"",""package_input"":""ddPCRclust""}"
2020-10-22_SNV_D178N,D178N,E07,CJD20-08_th_D178N,biological_sample,20_08_th,2020-10-22,ddPCRclust_control_projected,control-projected sensitivity using ddPCRclust input geometry,14117,14068,5556,8500,5,7,49,0,12,8507,ok,NA,"{""source"":""control_geometry"",""package_input"":""ddPCRclust""}"
2020-10-22_SNV_D178N,D178N,F05,CJD14-24_th_D178N,biological_sample,14_24_th,2020-10-22,ddPCRclust_control_projected,control-projected sensitivity using ddPCRclust input geometry,13442,12090,156,11896,24,14,1352,0,38,11910,ok,NA,"{""source"":""control_geometry"",""package_input"":""ddPCRclust""}"
2020-10-29_SNV_D178N,D178N,A01,CJD17-20_bg,biological_sample,17_20_bg,2020-10-29,ddPCRclust_control_projected,control-projected sensitivity using ddPCRclust input geometry,14623,14606,2308,12276,18,4,17,0,22,12280,ok,NA,"{""source"":""control_geometry"",""package_input"":""ddPCRclust""}"
2020-10-29_SNV_D178N,D178N,A05,CJD17-31_bg,biological_sample,17_31_bg,2020-10-29,ddPCRclust_control_projected,control-projected sensitivity using ddPCRclust input geometry,13105,13085,1231,11839,0,15,20,0,15,11854,ok,NA,"{""source"":""control_geometry"",""package_input"":""ddPCRclust""}"
2020-10-29_SNV_D178N,D178N,A07,CJD17-32_bg,biological_sample,17_32_bg,2020-10-29,ddPCRclust_control_projected,control-projected sensitivity using ddPCRclust input geometry,9128,9090,4005,5080,3,2,38,0,5,5082,ok,NA,"{""source"":""control_geometry"",""package_input"":""ddPCRclust""}"
2020-10-29_SNV_D178N,D178N,A09,CJD18-5_bg,biological_sample,18_5_bg,2020-10-29,ddPCRclust_control_projected,control-projected sensitivity using ddPCRclust input geometry,12999,12985,3545,9438,0,2,14,0,2,9440,ok,NA,"{""source"":""control_geometry"",""package_input"":""ddPCRclust""}"
2020-10-29_SNV_D178N,D178N,B01,CJD17-20_cb,biological_sample,17_20_cb,2020-10-29,ddPCRclust_control_projected,control-projected sensitivity using ddPCRclust input geometry,15623,15590,1690,13851,29,20,33,0,49,13871,ok,NA,"{""source"":""control_geometry"",""package_input"":""ddPCRclust""}"
2020-10-29_SNV_D178N,D178N,B05,CJD17-31_hc,biological_sample,17_31_hc,2020-10-29,ddPCRclust_control_projected,control-projected sensitivity using ddPCRclust input geometry,12912,12414,1106,11290,1,17,498,0,18,11307,ok,NA,"{""source"":""control_geometry"",""package_input"":""ddPCRclust""}"
2020-10-29_SNV_D178N,D178N,B07,CJD17-32_cb,biological_sample,17_32_cb,2020-10-29,ddPCRclust_control_projected,control-projected sensitivity using ddPCRclust input geometry,12520,12513,5554,6955,1,3,7,0,4,6958,ok,NA,"{""source"":""control_geometry"",""package_input"":""ddPCRclust""}"
2020-10-29_SNV_D178N,D178N,B09,CJD18-5_cb,biological_sample,18_5_cb,2020-10-29,ddPCRclust_control_projected,control-projected sensitivity using ddPCRclust input geometry,9194,9116,1638,7469,1,8,78,0,9,7477,ok,NA,"{""source"":""control_geometry"",""package_input"":""ddPCRclust""}"
2020-10-29_SNV_D178N,D178N,C01,CJD17-20_fr,biological_sample,17_20_fr,2020-10-29,ddPCRclust_control_projected,control-projected sensitivity using ddPCRclust input geometry,15777,15753,1206,14527,0,20,24,0,20,14547,ok,NA,"{""source"":""control_geometry"",""package_input"":""ddPCRclust""}"
2020-10-29_SNV_D178N,D178N,C05,CJD17-31_sn,biological_sample,17_31_sn,2020-10-29,ddPCRclust_control_projected,control-projected sensitivity using ddPCRclust input geometry,12274,12212,4491,7713,2,6,62,0,8,7719,ok,NA,"{""source"":""control_geometry"",""package_input"":""ddPCRclust""}"
2020-10-29_SNV_D178N,D178N,C07,CJD17-32_fr,biological_sample,17_32_fr,2020-10-29,ddPCRclust_control_projected,control-projected sensitivity using ddPCRclust input geometry,13841,13836,6665,7166,0,5,5,0,5,7171,ok,NA,"{""source"":""control_geometry"",""package_input"":""ddPCRclust""}"
2020-10-29_SNV_D178N,D178N,C09,CJD18-5_fr,biological_sample,18_5_fr,2020-10-29,ddPCRclust_control_projected,control-projected sensitivity using ddPCRclust input geometry,12757,12657,2055,10592,0,10,100,0,10,10602,ok,NA,"{""source"":""control_geometry"",""package_input"":""ddPCRclust""}"
2020-10-29_SNV_D178N,D178N,D01,CJD17-20_sn,biological_sample,17_20_sn,2020-10-29,ddPCRclust_control_projected,control-projected sensitivity using ddPCRclust input geometry,17008,16921,3737,13129,7,48,87,0,55,13177,ok,NA,"{""source"":""control_geometry"",""package_input"":""ddPCRclust""}"
2020-10-29_SNV_D178N,D178N,D05,CJD17-31_th,biological_sample,17_31_th,2020-10-29,ddPCRclust_control_projected,control-projected sensitivity using ddPCRclust input geometry,14061,14042,3415,10618,2,7,19,0,9,10625,ok,NA,"{""source"":""control_geometry"",""package_input"":""ddPCRclust""}"
2020-10-29_SNV_D178N,D178N,D07,CJD17-32_hc,biological_sample,17_32_hc,2020-10-29,ddPCRclust_control_projected,control-projected sensitivity using ddPCRclust input geometry,13447,13442,7859,5580,0,3,5,0,3,5583,ok,NA,"{""source"":""control_geometry"",""package_input"":""ddPCRclust""}"
2020-10-29_SNV_D178N,D178N,D09,CJD18-5_hc,biological_sample,18_5_hc,2020-10-29,ddPCRclust_control_projected,control-projected sensitivity using ddPCRclust input geometry,11574,11502,1880,9614,0,8,72,0,8,9622,ok,NA,"{""source"":""control_geometry"",""package_input"":""ddPCRclust""}"
2020-10-29_SNV_D178N,D178N,E01,CJD17-20_th,biological_sample,17_20_th,2020-10-29,ddPCRclust_control_projected,control-projected sensitivity using ddPCRclust input geometry,11943,11929,7650,4272,1,6,14,0,7,4278,ok,NA,"{""source"":""control_geometry"",""package_input"":""ddPCRclust""}"
2020-10-29_SNV_D178N,D178N,E03,CJD17-30_th,biological_sample,17_30_th,2020-10-29,ddPCRclust_control_projected,control-projected sensitivity using ddPCRclust input geometry,15368,15331,1409,13908,0,14,37,0,14,13922,ok,NA,"{""source"":""control_geometry"",""package_input"":""ddPCRclust""}"
2020-10-29_SNV_D178N,D178N,E05,CJD18-1_bg,biological_sample,18_1_bg,2020-10-29,ddPCRclust_control_projected,control-projected sensitivity using ddPCRclust input geometry,13210,13192,7398,5789,2,3,18,0,5,5792,ok,NA,"{""source"":""control_geometry"",""package_input"":""ddPCRclust""}"
2020-10-29_SNV_D178N,D178N,E07,CJD17-32_sn,biological_sample,17_32_sn,2020-10-29,ddPCRclust_control_projected,control-projected sensitivity using ddPCRclust input geometry,13143,13127,2100,11018,0,9,16,0,9,11027,ok,NA,"{""source"":""control_geometry"",""package_input"":""ddPCRclust""}"
2020-10-29_SNV_D178N,D178N,E09,CJD18-5_sn,biological_sample,18_5_sn,2020-10-29,ddPCRclust_control_projected,control-projected sensitivity using ddPCRclust input geometry,13404,13347,2630,10705,3,9,57,0,12,10714,ok,NA,"{""source"":""control_geometry"",""package_input"":""ddPCRclust""}"
2020-10-29_SNV_D178N,D178N,F01,NTC,NTC,ntc,2020-10-29,ddPCRclust_control_projected,control-projected sensitivity using ddPCRclust input geometry,15177,15177,15175,0,2,0,0,0,2,0,ok,NA,"{""source"":""control_geometry"",""package_input"":""ddPCRclust""}"
2020-10-29_SNV_D178N,D178N,F05,CJD18-1_cb,biological_sample,18_1_cb,2020-10-29,ddPCRclust_control_projected,control-projected sensitivity using ddPCRclust input geometry,13637,13622,5949,7665,2,6,15,0,8,7671,ok,NA,"{""source"":""control_geometry"",""package_input"":""ddPCRclust""}"
2020-10-29_SNV_D178N,D178N,F07,CJD17-32_th,biological_sample,17_32_th,2020-10-29,ddPCRclust_control_projected,control-projected sensitivity using ddPCRclust input geometry,9126,9078,2469,6603,3,3,48,0,6,6606,ok,NA,"{""source"":""control_geometry"",""package_input"":""ddPCRclust""}"
2020-10-29_SNV_D178N,D178N,G01,WT,WT_control,wt,2020-10-29,ddPCRclust_control_projected,control-projected sensitivity using ddPCRclust input geometry,11098,11049,345,10697,0,7,49,0,7,10704,ok,NA,"{""source"":""control_geometry"",""package_input"":""ddPCRclust""}"
2020-10-29_SNV_D178N,D178N,G05,CJD18-1_fr,biological_sample,18_1_fr,2020-10-29,ddPCRclust_control_projected,control-projected sensitivity using ddPCRclust input geometry,13116,13062,2024,11020,2,16,54,0,18,11036,ok,NA,"{""source"":""control_geometry"",""package_input"":""ddPCRclust""}"
2020-10-29_SNV_D178N,D178N,H01,D178N-mut,positive_control,,2020-10-29,ddPCRclust_control_projected,control-projected sensitivity using ddPCRclust input geometry,16050,16047,15031,505,499,12,3,0,511,517,ok,NA,"{""source"":""control_geometry"",""package_input"":""ddPCRclust""}"
2020-10-29_SNV_D178N,D178N,H05,CJD18-1_hc,biological_sample,18_1_hc,2020-10-29,ddPCRclust_control_projected,control-projected sensitivity using ddPCRclust input geometry,12354,12322,4450,7867,3,2,32,0,5,7869,ok,NA,"{""source"":""control_geometry"",""package_input"":""ddPCRclust""}"
2020-11-05_SNV_D178N,D178N,A01,CJD17-15_th,biological_sample,17_15_th,2020-11-05,ddPCRclust_control_projected,control-projected sensitivity using ddPCRclust input geometry,17302,17300,976,16316,1,7,2,0,8,16323,ok,NA,"{""source"":""control_geometry"",""package_input"":""ddPCRclust""}"
2020-11-05_SNV_D178N,D178N,A03,CJD17-13_bg,biological_sample,17_13_bg,2020-11-05,ddPCRclust_control_projected,control-projected sensitivity using ddPCRclust input geometry,18564,18556,1,18539,1,15,8,0,16,18554,ok,NA,"{""source"":""control_geometry"",""package_input"":""ddPCRclust""}"
2020-11-05_SNV_D178N,D178N,A05,CJD17-11_bg,biological_sample,17_11_bg,2020-11-05,ddPCRclust_control_projected,control-projected sensitivity using ddPCRclust input geometry,16613,16609,653,15944,0,12,4,0,12,15956,ok,NA,"{""source"":""control_geometry"",""package_input"":""ddPCRclust""}"
2020-11-05_SNV_D178N,D178N,A07,CJD17-5_cb,biological_sample,17_5_cb,2020-11-05,ddPCRclust_control_projected,control-projected sensitivity using ddPCRclust input geometry,16601,16588,8,16560,2,18,13,0,20,16578,ok,NA,"{""source"":""control_geometry"",""package_input"":""ddPCRclust""}"
2020-11-05_SNV_D178N,D178N,A09,CJD17-34_bg,biological_sample,17_34_bg,2020-11-05,ddPCRclust_control_projected,control-projected sensitivity using ddPCRclust input geometry,16009,16009,28,15975,0,6,0,0,6,15981,ok,NA,"{""source"":""control_geometry"",""package_input"":""ddPCRclust""}"
2020-11-05_SNV_D178N,D178N,B03,CJD17-13_cb,biological_sample,17_13_cb,2020-11-05,ddPCRclust_control_projected,control-projected sensitivity using ddPCRclust input geometry,17298,17280,2,17254,6,18,18,0,24,17272,ok,NA,"{""source"":""control_geometry"",""package_input"":""ddPCRclust""}"
2020-11-05_SNV_D178N,D178N,B07,CJD17-5_fr,biological_sample,17_5_fr,2020-11-05,ddPCRclust_control_projected,control-projected sensitivity using ddPCRclust input geometry,17242,17188,3,17161,5,19,54,0,24,17180,ok,NA,"{""source"":""control_geometry"",""package_input"":""ddPCRclust""}"
2020-11-05_SNV_D178N,D178N,C03,CJD17-13_hc,biological_sample,17_13_hc,2020-11-05,ddPCRclust_control_projected,control-projected sensitivity using ddPCRclust input geometry,18363,18352,95,18240,1,16,11,0,17,18256,ok,NA,"{""source"":""control_geometry"",""package_input"":""ddPCRclust""}"
2020-11-05_SNV_D178N,D178N,C05,CJD17-11_fr,biological_sample,17_11_fr,2020-11-05,ddPCRclust_control_projected,control-projected sensitivity using ddPCRclust input geometry,17461,17457,35,17403,1,18,4,0,19,17421,ok,NA,"{""source"":""control_geometry"",""package_input"":""ddPCRclust""}"
2020-11-05_SNV_D178N,D178N,C07,CJD17-5_th,biological_sample,17_5_th,2020-11-05,ddPCRclust_control_projected,control-projected sensitivity using ddPCRclust input geometry,17555,17555,7,17530,0,18,0,0,18,17548,ok,NA,"{""source"":""control_geometry"",""package_input"":""ddPCRclust""}"
2020-11-05_SNV_D178N,D178N,D03,CJD17-13_sn,biological_sample,17_13_sn,2020-11-05,ddPCRclust_control_projected,control-projected sensitivity using ddPCRclust input geometry,18672,18663,17,18626,2,18,9,0,20,18644,ok,NA,"{""source"":""control_geometry"",""package_input"":""ddPCRclust""}"
2020-11-05_SNV_D178N,D178N,D05,CJD17-11_hc,biological_sample,17_11_hc,2020-11-05,ddPCRclust_control_projected,control-projected sensitivity using ddPCRclust input geometry,17453,17441,269,17156,1,15,12,0,16,17171,ok,NA,"{""source"":""control_geometry"",""package_input"":""ddPCRclust""}"
2020-11-05_SNV_D178N,D178N,D07,CJD17-8_bg,biological_sample,17_8_bg,2020-11-05,ddPCRclust_control_projected,control-projected sensitivity using ddPCRclust input geometry,17225,17222,115,17092,0,15,3,0,15,17107,ok,NA,"{""source"":""control_geometry"",""package_input"":""ddPCRclust""}"
2020-11-05_SNV_D178N,D178N,E01,CJD17-15_th,biological_sample,17_15_th,2020-11-05,ddPCRclust_control_projected,control-projected sensitivity using ddPCRclust input geometry,15309,15286,10,15258,1,17,23,0,18,15275,ok,NA,"{""source"":""control_geometry"",""package_input"":""ddPCRclust""}"
2020-11-05_SNV_D178N,D178N,E03,CJD17-13_th,biological_sample,17_13_th,2020-11-05,ddPCRclust_control_projected,control-projected sensitivity using ddPCRclust input geometry,17628,17625,600,17016,0,9,3,0,9,17025,ok,NA,"{""source"":""control_geometry"",""package_input"":""ddPCRclust""}"
2020-11-05_SNV_D178N,D178N,E05,CJD17-12_bg,biological_sample,17_12_bg,2020-11-05,ddPCRclust_control_projected,control-projected sensitivity using ddPCRclust input geometry,16718,16708,71,16625,1,11,10,0,12,16636,ok,NA,"{""source"":""control_geometry"",""package_input"":""ddPCRclust""}"
2020-11-05_SNV_D178N,D178N,F01,NTC,NTC,ntc,2020-11-05,ddPCRclust_control_projected,control-projected sensitivity using ddPCRclust input geometry,15201,15201,15201,0,0,0,0,0,0,0,ok,NA,"{""source"":""control_geometry"",""package_input"":""ddPCRclust""}"
2020-11-05_SNV_D178N,D178N,F05,CJD17-12_fr,biological_sample,17_12_fr,2020-11-05,ddPCRclust_control_projected,control-projected sensitivity using ddPCRclust input geometry,16679,16671,376,16280,5,10,8,0,15,16290,ok,NA,"{""source"":""control_geometry"",""package_input"":""ddPCRclust""}"
2020-11-05_SNV_D178N,D178N,G01,WT,WT_control,wt,2020-11-05,ddPCRclust_control_projected,control-projected sensitivity using ddPCRclust input geometry,16106,16080,466,15594,1,19,26,0,20,15613,ok,NA,"{""source"":""control_geometry"",""package_input"":""ddPCRclust""}"
2020-11-05_SNV_D178N,D178N,G05,CJD17-12_sn,biological_sample,17_12_sn,2020-11-05,ddPCRclust_control_projected,control-projected sensitivity using ddPCRclust input geometry,17471,17453,6,17418,1,28,18,0,29,17446,ok,NA,"{""source"":""control_geometry"",""package_input"":""ddPCRclust""}"
2020-11-05_SNV_D178N,D178N,H01,D178N-mut,positive_control,,2020-11-05,ddPCRclust_control_projected,control-projected sensitivity using ddPCRclust input geometry,16195,16193,14055,1029,1042,67,2,0,1109,1096,ok,NA,"{""source"":""control_geometry"",""package_input"":""ddPCRclust""}"
2020-11-24_SNV_D178N,D178N,A03,CJD17-32_bg_D178N,biological_sample,17_32_bg,2020-11-24,ddPCRclust_control_projected,control-projected sensitivity using ddPCRclust input geometry,16147,16137,556,15571,0,10,10,0,10,15581,ok,NA,"{""source"":""control_geometry"",""package_input"":""ddPCRclust""}"
2020-11-24_SNV_D178N,D178N,B01,CJD17-30_fr_D178N,biological_sample,17_30_fr,2020-11-24,ddPCRclust_control_projected,control-projected sensitivity using ddPCRclust input geometry,15706,15697,680,15002,0,15,9,0,15,15017,ok,NA,"{""source"":""control_geometry"",""package_input"":""ddPCRclust""}"
2020-11-24_SNV_D178N,D178N,B03,CJD17-32_th_D178N,biological_sample,17_32_th,2020-11-24,ddPCRclust_control_projected,control-projected sensitivity using ddPCRclust input geometry,15183,15165,917,14230,5,13,18,0,18,14243,ok,NA,"{""source"":""control_geometry"",""package_input"":""ddPCRclust""}"
2020-11-24_SNV_D178N,D178N,B05,CJD17-15_cb_D178N,biological_sample,17_15_cb,2020-11-24,ddPCRclust_control_projected,control-projected sensitivity using ddPCRclust input geometry,15887,15885,148,15734,0,3,2,0,3,15737,ok,NA,"{""source"":""control_geometry"",""package_input"":""ddPCRclust""}"
2020-11-24_SNV_D178N,D178N,B07,CJD18-5_cb_D178N,biological_sample,18_5_cb,2020-11-24,ddPCRclust_control_projected,control-projected sensitivity using ddPCRclust input geometry,17289,17288,226,17051,0,11,1,0,11,17062,ok,NA,"{""source"":""control_geometry"",""package_input"":""ddPCRclust""}"
2020-11-24_SNV_D178N,D178N,C01,CJD17-30_hc_D178N,biological_sample,17_30_hc,2020-11-24,ddPCRclust_control_projected,control-projected sensitivity using ddPCRclust input geometry,16003,15987,4308,11674,1,4,16,0,5,11678,ok,NA,"{""source"":""control_geometry"",""package_input"":""ddPCRclust""}"
2020-11-24_SNV_D178N,D178N,C09,CJD17-34_fr_D178N,biological_sample,17_34_fr,2020-11-24,ddPCRclust_control_projected,control-projected sensitivity using ddPCRclust input geometry,16907,16904,452,16445,0,7,3,0,7,16452,ok,NA,"{""source"":""control_geometry"",""package_input"":""ddPCRclust""}"
2020-11-24_SNV_D178N,D178N,D01,CJD17-30_sn_D178N,biological_sample,17_30_sn,2020-11-24,ddPCRclust_control_projected,control-projected sensitivity using ddPCRclust input geometry,15925,15922,1286,14624,0,12,3,0,12,14636,ok,NA,"{""source"":""control_geometry"",""package_input"":""ddPCRclust""}"
2020-11-24_SNV_D178N,D178N,F01,NTC_D178N,NTC,ntc,2020-11-24,ddPCRclust_control_projected,control-projected sensitivity using ddPCRclust input geometry,15912,15912,15912,0,0,0,0,0,0,0,ok,NA,"{""source"":""control_geometry"",""package_input"":""ddPCRclust""}"
2020-11-24_SNV_D178N,D178N,G01,WT_D178N,WT_control,wt,2020-11-24,ddPCRclust_control_projected,control-projected sensitivity using ddPCRclust input geometry,16269,16260,2536,13712,0,12,9,0,12,13724,ok,NA,"{""source"":""control_geometry"",""package_input"":""ddPCRclust""}"
2020-11-24_SNV_D178N,D178N,H01,D178N_mut,positive_control,,2020-11-24,ddPCRclust_control_projected,control-projected sensitivity using ddPCRclust input geometry,15831,15828,12157,1662,1764,245,3,0,2009,1907,ok,NA,"{""source"":""control_geometry"",""package_input"":""ddPCRclust""}"
2021-01-26_SNV_D178N,D178N,A01,NTC,NTC,ntc,2021-01-26,ddPCRclust_control_projected,control-projected sensitivity using ddPCRclust input geometry,13301,13301,13294,0,7,0,0,0,7,0,ok,NA,"{""source"":""control_geometry"",""package_input"":""ddPCRclust""}"
2021-01-26_SNV_D178N,D178N,A04,924486-th,biological_sample,924486_th,2021-01-26,ddPCRclust_control_projected,control-projected sensitivity using ddPCRclust input geometry,12968,12960,2091,10862,2,5,8,0,7,10867,ok,NA,"{""source"":""control_geometry"",""package_input"":""ddPCRclust""}"
2021-01-26_SNV_D178N,D178N,B01,D178N-mut,positive_control,,2021-01-26,ddPCRclust_control_projected,control-projected sensitivity using ddPCRclust input geometry,14358,14332,11029,1540,1524,239,26,0,1763,1779,ok,NA,"{""source"":""control_geometry"",""package_input"":""ddPCRclust""}"
2021-01-26_SNV_D178N,D178N,B04,953891-bg,biological_sample,953891_bg,2021-01-26,ddPCRclust_control_projected,control-projected sensitivity using ddPCRclust input geometry,12706,12699,1015,11674,1,9,7,0,10,11683,ok,NA,"{""source"":""control_geometry"",""package_input"":""ddPCRclust""}"
2021-01-26_SNV_D178N,D178N,B07,955427-cb,biological_sample,955427_cb,2021-01-26,ddPCRclust_control_projected,control-projected sensitivity using ddPCRclust input geometry,17060,17054,678,16369,0,7,6,0,7,16376,ok,NA,"{""source"":""control_geometry"",""package_input"":""ddPCRclust""}"
2021-01-26_SNV_D178N,D178N,C01,WT,WT_control,wt,2021-01-26,ddPCRclust_control_projected,control-projected sensitivity using ddPCRclust input geometry,11997,11983,2624,9346,0,13,14,0,13,9359,ok,NA,"{""source"":""control_geometry"",""package_input"":""ddPCRclust""}"
2021-01-26_SNV_D178N,D178N,C04,953891-cb,biological_sample,953891_cb,2021-01-26,ddPCRclust_control_projected,control-projected sensitivity using ddPCRclust input geometry,12944,12939,876,12061,0,2,5,0,2,12063,ok,NA,"{""source"":""control_geometry"",""package_input"":""ddPCRclust""}"
2021-01-26_SNV_D178N,D178N,C07,955427-fr,biological_sample,955427_fr,2021-01-26,ddPCRclust_control_projected,control-projected sensitivity using ddPCRclust input geometry,16294,16281,1318,14938,0,25,13,0,25,14963,ok,NA,"{""source"":""control_geometry"",""package_input"":""ddPCRclust""}"
2021-01-26_SNV_D178N,D178N,D01,924486-bg,biological_sample,924486_bg,2021-01-26,ddPCRclust_control_projected,control-projected sensitivity using ddPCRclust input geometry,13959,13912,1983,11883,2,44,47,0,46,11927,ok,NA,"{""source"":""control_geometry"",""package_input"":""ddPCRclust""}"
2021-01-26_SNV_D178N,D178N,D04,953891-fr,biological_sample,953891_fr,2021-01-26,ddPCRclust_control_projected,control-projected sensitivity using ddPCRclust input geometry,15213,15203,1222,13975,0,6,10,0,6,13981,ok,NA,"{""source"":""control_geometry"",""package_input"":""ddPCRclust""}"
2021-01-26_SNV_D178N,D178N,D07,955427-hc,biological_sample,955427_hc,2021-01-26,ddPCRclust_control_projected,control-projected sensitivity using ddPCRclust input geometry,15583,15564,275,15285,1,3,19,0,4,15288,ok,NA,"{""source"":""control_geometry"",""package_input"":""ddPCRclust""}"
2021-01-26_SNV_D178N,D178N,E01,924486-cb,biological_sample,924486_cb,2021-01-26,ddPCRclust_control_projected,control-projected sensitivity using ddPCRclust input geometry,13533,13487,2053,11382,0,52,46,0,52,11434,ok,NA,"{""source"":""control_geometry"",""package_input"":""ddPCRclust""}"
2021-01-26_SNV_D178N,D178N,E04,953891-hc,biological_sample,953891_hc,2021-01-26,ddPCRclust_control_projected,control-projected sensitivity using ddPCRclust input geometry,13105,13092,2773,10304,0,15,13,0,15,10319,ok,NA,"{""source"":""control_geometry"",""package_input"":""ddPCRclust""}"
2021-01-26_SNV_D178N,D178N,E07,955427-sn,biological_sample,955427_sn,2021-01-26,ddPCRclust_control_projected,control-projected sensitivity using ddPCRclust input geometry,15660,15658,265,15382,0,11,2,0,11,15393,ok,NA,"{""source"":""control_geometry"",""package_input"":""ddPCRclust""}"
2021-01-26_SNV_D178N,D178N,F01,924486-fr,biological_sample,924486_fr,2021-01-26,ddPCRclust_control_projected,control-projected sensitivity using ddPCRclust input geometry,14297,14276,1623,12645,0,8,21,0,8,12653,ok,NA,"{""source"":""control_geometry"",""package_input"":""ddPCRclust""}"
2021-01-26_SNV_D178N,D178N,F04,953891-sn,biological_sample,953891_sn,2021-01-26,ddPCRclust_control_projected,control-projected sensitivity using ddPCRclust input geometry,13036,13033,765,12262,0,6,3,0,6,12268,ok,NA,"{""source"":""control_geometry"",""package_input"":""ddPCRclust""}"
2021-01-26_SNV_D178N,D178N,F07,955427-th,biological_sample,955427_th,2021-01-26,ddPCRclust_control_projected,control-projected sensitivity using ddPCRclust input geometry,17752,17740,745,16986,0,9,12,0,9,16995,ok,NA,"{""source"":""control_geometry"",""package_input"":""ddPCRclust""}"
2021-01-26_SNV_D178N,D178N,G01,924486-hc,biological_sample,924486_hc,2021-01-26,ddPCRclust_control_projected,control-projected sensitivity using ddPCRclust input geometry,14515,14456,2587,11730,1,138,59,0,139,11868,ok,NA,"{""source"":""control_geometry"",""package_input"":""ddPCRclust""}"
2021-01-26_SNV_D178N,D178N,G04,953891-th,biological_sample,953891_th,2021-01-26,ddPCRclust_control_projected,control-projected sensitivity using ddPCRclust input geometry,13873,13850,1079,12760,0,11,23,0,11,12771,ok,NA,"{""source"":""control_geometry"",""package_input"":""ddPCRclust""}"
2021-01-26_SNV_D178N,D178N,G07,929474-bg,biological_sample,929474_bg,2021-01-26,ddPCRclust_control_projected,control-projected sensitivity using ddPCRclust input geometry,17599,17594,575,17005,1,13,5,0,14,17018,ok,NA,"{""source"":""control_geometry"",""package_input"":""ddPCRclust""}"
2021-01-26_SNV_D178N,D178N,H01,924486-sn,biological_sample,924486_sn,2021-01-26,ddPCRclust_control_projected,control-projected sensitivity using ddPCRclust input geometry,15255,15186,2039,12965,1,181,69,0,182,13146,ok,NA,"{""source"":""control_geometry"",""package_input"":""ddPCRclust""}"
2021-01-26_SNV_D178N,D178N,H04,18-5-th,biological_sample,18_5_th,2021-01-26,ddPCRclust_control_projected,control-projected sensitivity using ddPCRclust input geometry,15610,15362,2026,13281,52,3,248,0,55,13284,ok,NA,"{""source"":""control_geometry"",""package_input"":""ddPCRclust""}"
2021-01-26_SNV_D178N,D178N,H07,929474-cb,biological_sample,929474_cb,2021-01-26,ddPCRclust_control_projected,control-projected sensitivity using ddPCRclust input geometry,16041,16013,544,15429,1,39,28,0,40,15468,ok,NA,"{""source"":""control_geometry"",""package_input"":""ddPCRclust""}"
2021-02-17_SNV_D178N,D178N,A01,NTC,NTC,ntc,2021-02-17,ddPCRclust_control_projected,control-projected sensitivity using ddPCRclust input geometry,13342,13342,13339,0,3,0,0,0,3,0,ok,NA,"{""source"":""control_geometry"",""package_input"":""ddPCRclust""}"
2021-02-17_SNV_D178N,D178N,A04,CJD-933892-hc,biological_sample,933892_hc,2021-02-17,ddPCRclust_control_projected,control-projected sensitivity using ddPCRclust input geometry,16784,16783,537,16239,1,6,1,0,7,16245,ok,NA,"{""source"":""control_geometry"",""package_input"":""ddPCRclust""}"
2021-02-17_SNV_D178N,D178N,A07,D178N-mut,positive_control,,2021-02-17,ddPCRclust_control_projected,control-projected sensitivity using ddPCRclust input geometry,19272,19270,13632,4868,650,120,2,0,770,4988,ok,NA,"{""source"":""control_geometry"",""package_input"":""ddPCRclust""}"
2021-02-17_SNV_D178N,D178N,B01,WT,WT_control,wt,2021-02-17,ddPCRclust_control_projected,control-projected sensitivity using ddPCRclust input geometry,13010,12998,921,12071,0,6,12,0,6,12077,ok,NA,"{""source"":""control_geometry"",""package_input"":""ddPCRclust""}"
2021-02-17_SNV_D178N,D178N,B04,CJD-933892-sn,biological_sample,933892_sn,2021-02-17,ddPCRclust_control_projected,control-projected sensitivity using ddPCRclust input geometry,16451,16447,1935,14504,1,7,4,0,8,14511,ok,NA,"{""source"":""control_geometry"",""package_input"":""ddPCRclust""}"
2021-02-17_SNV_D178N,D178N,B07,CJD-18-24-th,biological_sample,18_24_th,2021-02-17,ddPCRclust_control_projected,control-projected sensitivity using ddPCRclust input geometry,17707,17704,472,17224,0,8,3,0,8,17232,ok,NA,"{""source"":""control_geometry"",""package_input"":""ddPCRclust""}"
2021-02-17_SNV_D178N,D178N,C01,CJD-943497-hc,biological_sample,943497_hc,2021-02-17,ddPCRclust_control_projected,control-projected sensitivity using ddPCRclust input geometry,13542,13535,366,13159,0,10,7,0,10,13169,ok,NA,"{""source"":""control_geometry"",""package_input"":""ddPCRclust""}"
2021-02-17_SNV_D178N,D178N,C04,CJD-933892-th,biological_sample,933892_th,2021-02-17,ddPCRclust_control_projected,control-projected sensitivity using ddPCRclust input geometry,15113,15108,533,14567,0,8,5,0,8,14575,ok,NA,"{""source"":""control_geometry"",""package_input"":""ddPCRclust""}"
2021-02-17_SNV_D178N,D178N,C07,CJD-955427-bg,biological_sample,955427_bg,2021-02-17,ddPCRclust_control_projected,control-projected sensitivity using ddPCRclust input geometry,17261,17132,2227,14890,1,14,129,0,15,14904,ok,NA,"{""source"":""control_geometry"",""package_input"":""ddPCRclust""}"
2021-02-17_SNV_D178N,D178N,D01,CJD-943497-sn,biological_sample,943497_sn,2021-02-17,ddPCRclust_control_projected,control-projected sensitivity using ddPCRclust input geometry,12743,12733,129,12588,0,16,10,0,16,12604,ok,NA,"{""source"":""control_geometry"",""package_input"":""ddPCRclust""}"
2021-02-17_SNV_D178N,D178N,E01,CJD-943497-th,biological_sample,943497_th,2021-02-17,ddPCRclust_control_projected,control-projected sensitivity using ddPCRclust input geometry,12983,12982,1358,11618,0,6,1,0,6,11624,ok,NA,"{""source"":""control_geometry"",""package_input"":""ddPCRclust""}"
2021-02-17_SNV_D178N,D178N,E04,CJD-18-31-th,biological_sample,18_31_th,2021-02-17,ddPCRclust_control_projected,control-projected sensitivity using ddPCRclust input geometry,16204,16195,2064,14124,1,6,9,0,7,14130,ok,NA,"{""source"":""control_geometry"",""package_input"":""ddPCRclust""}"
2021-02-17_SNV_D178N,D178N,F04,CJD-17-30-bg,biological_sample,17_30_bg,2021-02-17,ddPCRclust_control_projected,control-projected sensitivity using ddPCRclust input geometry,15831,15830,150,15670,0,10,1,0,10,15680,ok,NA,"{""source"":""control_geometry"",""package_input"":""ddPCRclust""}"
2021-02-17_SNV_D178N,D178N,G01,CJD-933892-cb,biological_sample,933892_cb,2021-02-17,ddPCRclust_control_projected,control-projected sensitivity using ddPCRclust input geometry,12525,12522,606,11908,1,7,3,0,8,11915,ok,NA,"{""source"":""control_geometry"",""package_input"":""ddPCRclust""}"
2021-02-17_SNV_D178N,D178N,G04,CJD-17-30-cb,biological_sample,17_30_cb,2021-02-17,ddPCRclust_control_projected,control-projected sensitivity using ddPCRclust input geometry,16218,16214,1568,14639,1,6,4,0,7,14645,ok,NA,"{""source"":""control_geometry"",""package_input"":""ddPCRclust""}"
2021-02-17_SNV_D178N,D178N,H01,CJD-933892-fr,biological_sample,933892_fr,2021-02-17,ddPCRclust_control_projected,control-projected sensitivity using ddPCRclust input geometry,11727,11725,243,11473,0,9,2,0,9,11482,ok,NA,"{""source"":""control_geometry"",""package_input"":""ddPCRclust""}"
2021-02-17_SNV_D178N,D178N,H04,CJD-17-31-cb,biological_sample,17_31_cb,2021-02-17,ddPCRclust_control_projected,control-projected sensitivity using ddPCRclust input geometry,16219,16214,1659,14545,1,9,5,0,10,14554,ok,NA,"{""source"":""control_geometry"",""package_input"":""ddPCRclust""}"
2021-03-29_SNV_D178N,D178N,A01,NTC,NTC,ntc,2021-03-29,ddPCRclust_control_projected,control-projected sensitivity using ddPCRclust input geometry,13056,13046,12023,1017,3,3,10,0,6,1020,ok,NA,"{""source"":""control_geometry"",""package_input"":""ddPCRclust""}"
2021-03-29_SNV_D178N,D178N,A04,17-11-sn,biological_sample,17_11_sn,2021-03-29,ddPCRclust_control_projected,control-projected sensitivity using ddPCRclust input geometry,16713,16694,39,16639,3,13,19,0,16,16652,ok,NA,"{""source"":""control_geometry"",""package_input"":""ddPCRclust""}"
2021-03-29_SNV_D178N,D178N,A07,17-8-sn,biological_sample,17_8_sn,2021-03-29,ddPCRclust_control_projected,control-projected sensitivity using ddPCRclust input geometry,15353,15348,290,15042,1,15,5,0,16,15057,ok,NA,"{""source"":""control_geometry"",""package_input"":""ddPCRclust""}"
2021-03-29_SNV_D178N,D178N,B01,WT,WT_control,wt,2021-03-29,ddPCRclust_control_projected,control-projected sensitivity using ddPCRclust input geometry,13984,13972,1933,12029,5,5,12,0,10,12034,ok,NA,"{""source"":""control_geometry"",""package_input"":""ddPCRclust""}"
2021-03-29_SNV_D178N,D178N,B04,17-11-th,biological_sample,17_11_th,2021-03-29,ddPCRclust_control_projected,control-projected sensitivity using ddPCRclust input geometry,15499,15494,251,15220,5,18,5,0,23,15238,ok,NA,"{""source"":""control_geometry"",""package_input"":""ddPCRclust""}"
2021-03-29_SNV_D178N,D178N,C01,D178N,positive_control,d178n,2021-03-29,ddPCRclust_control_projected,control-projected sensitivity using ddPCRclust input geometry,14485,14442,8846,4648,805,143,43,0,948,4791,ok,NA,"{""source"":""control_geometry"",""package_input"":""ddPCRclust""}"
2021-03-29_SNV_D178N,D178N,C04,17-12-cb,biological_sample,17_12_cb,2021-03-29,ddPCRclust_control_projected,control-projected sensitivity using ddPCRclust input geometry,12549,12529,78,12438,1,12,20,0,13,12450,ok,NA,"{""source"":""control_geometry"",""package_input"":""ddPCRclust""}"
2021-03-29_SNV_D178N,D178N,C07,17-34-bg,biological_sample,17_34_bg,2021-03-29,ddPCRclust_control_projected,control-projected sensitivity using ddPCRclust input geometry,16761,16751,427,16309,0,15,10,0,15,16324,ok,NA,"{""source"":""control_geometry"",""package_input"":""ddPCRclust""}"
2021-03-29_SNV_D178N,D178N,D01,17-31-fr,biological_sample,17_31_fr,2021-03-29,ddPCRclust_control_projected,control-projected sensitivity using ddPCRclust input geometry,14631,14614,1004,13603,0,7,17,0,7,13610,ok,NA,"{""source"":""control_geometry"",""package_input"":""ddPCRclust""}"
2021-03-29_SNV_D178N,D178N,D04,17-12-hc,biological_sample,17_12_hc,2021-03-29,ddPCRclust_control_projected,control-projected sensitivity using ddPCRclust input geometry,17304,17291,552,16717,0,22,13,0,22,16739,ok,NA,"{""source"":""control_geometry"",""package_input"":""ddPCRclust""}"
2021-03-29_SNV_D178N,D178N,D07,17-34-hc,biological_sample,17_34_hc,2021-03-29,ddPCRclust_control_projected,control-projected sensitivity using ddPCRclust input geometry,17087,17084,235,16835,1,13,3,0,14,16848,ok,NA,"{""source"":""control_geometry"",""package_input"":""ddPCRclust""}"
2021-03-29_SNV_D178N,D178N,E01,18-1-sn,biological_sample,18_1_sn,2021-03-29,ddPCRclust_control_projected,control-projected sensitivity using ddPCRclust input geometry,15297,15288,50,15224,0,14,9,0,14,15238,ok,NA,"{""source"":""control_geometry"",""package_input"":""ddPCRclust""}"
2021-03-29_SNV_D178N,D178N,E04,17-5-bg,biological_sample,17_5_bg,2021-03-29,ddPCRclust_control_projected,control-projected sensitivity using ddPCRclust input geometry,15184,15169,648,14505,0,16,15,0,16,14521,ok,NA,"{""source"":""control_geometry"",""package_input"":""ddPCRclust""}"
2021-03-29_SNV_D178N,D178N,E07,929474-th,biological_sample,929474_th,2021-03-29,ddPCRclust_control_projected,control-projected sensitivity using ddPCRclust input geometry,16809,16805,167,16623,1,14,4,0,15,16637,ok,NA,"{""source"":""control_geometry"",""package_input"":""ddPCRclust""}"
2021-03-29_SNV_D178N,D178N,F01,18-1-th,biological_sample,18_1_th,2021-03-29,ddPCRclust_control_projected,control-projected sensitivity using ddPCRclust input geometry,14693,14639,8,14605,11,15,54,0,26,14620,ok,NA,"{""source"":""control_geometry"",""package_input"":""ddPCRclust""}"
2021-03-29_SNV_D178N,D178N,F04,17-5-hc,biological_sample,17_5_hc,2021-03-29,ddPCRclust_control_projected,control-projected sensitivity using ddPCRclust input geometry,17022,17019,198,16804,0,17,3,0,17,16821,ok,NA,"{""source"":""control_geometry"",""package_input"":""ddPCRclust""}"
2021-03-29_SNV_D178N,D178N,F07,14-2-bg,biological_sample,14_2_bg,2021-03-29,ddPCRclust_control_projected,control-projected sensitivity using ddPCRclust input geometry,15870,15862,303,15540,0,19,8,0,19,15559,ok,NA,"{""source"":""control_geometry"",""package_input"":""ddPCRclust""}"
2021-03-29_SNV_D178N,D178N,G01,17-13-fr,biological_sample,17_13_fr,2021-03-29,ddPCRclust_control_projected,control-projected sensitivity using ddPCRclust input geometry,14891,14843,316,14503,13,11,48,0,24,14514,ok,NA,"{""source"":""control_geometry"",""package_input"":""ddPCRclust""}"
2021-03-29_SNV_D178N,D178N,G04,17-5-sn,biological_sample,17_5_sn,2021-03-29,ddPCRclust_control_projected,control-projected sensitivity using ddPCRclust input geometry,16772,16755,677,16060,1,17,17,0,18,16077,ok,NA,"{""source"":""control_geometry"",""package_input"":""ddPCRclust""}"
2021-03-29_SNV_D178N,D178N,G07,14-2-cb,biological_sample,14_2_cb,2021-03-29,ddPCRclust_control_projected,control-projected sensitivity using ddPCRclust input geometry,14291,14283,747,13524,1,11,8,0,12,13535,ok,NA,"{""source"":""control_geometry"",""package_input"":""ddPCRclust""}"
2021-03-29_SNV_D178N,D178N,H01,17-13-th,biological_sample,17_13_th,2021-03-29,ddPCRclust_control_projected,control-projected sensitivity using ddPCRclust input geometry,15941,15922,495,15407,2,18,19,0,20,15425,ok,NA,"{""source"":""control_geometry"",""package_input"":""ddPCRclust""}"
2021-03-29_SNV_D178N,D178N,H04,17-8-hc,biological_sample,17_8_hc,2021-03-29,ddPCRclust_control_projected,control-projected sensitivity using ddPCRclust input geometry,16456,16448,56,16376,1,15,8,0,16,16391,ok,NA,"{""source"":""control_geometry"",""package_input"":""ddPCRclust""}"
2021-03-29_SNV_D178N,D178N,H07,14-2-fr,biological_sample,14_2_fr,2021-03-29,ddPCRclust_control_projected,control-projected sensitivity using ddPCRclust input geometry,17779,17764,463,17280,3,18,15,0,21,17298,ok,NA,"{""source"":""control_geometry"",""package_input"":""ddPCRclust""}"
2021-04-06_SNV_D178N,D178N,A01,NTC,NTC,ntc,2021-04-06,ddPCRclust_control_projected,control-projected sensitivity using ddPCRclust input geometry,16349,16204,14255,1940,3,6,145,0,9,1946,ok,NA,"{""source"":""control_geometry"",""package_input"":""ddPCRclust""}"
2021-04-06_SNV_D178N,D178N,A04,20-08-hc,biological_sample,20_08_hc,2021-04-06,ddPCRclust_control_projected,control-projected sensitivity using ddPCRclust input geometry,12446,12442,16,12403,2,21,4,0,23,12424,ok,NA,"{""source"":""control_geometry"",""package_input"":""ddPCRclust""}"
2021-04-06_SNV_D178N,D178N,A07,14-2-hc,biological_sample,14_2_hc,2021-04-06,ddPCRclust_control_projected,control-projected sensitivity using ddPCRclust input geometry,14630,14624,88,14523,0,13,6,0,13,14536,ok,NA,"{""source"":""control_geometry"",""package_input"":""ddPCRclust""}"
2021-04-06_SNV_D178N,D178N,B01,WT,WT_control,wt,2021-04-06,ddPCRclust_control_projected,control-projected sensitivity using ddPCRclust input geometry,16299,16243,4047,12185,0,11,56,0,11,12196,ok,NA,"{""source"":""control_geometry"",""package_input"":""ddPCRclust""}"
2021-04-06_SNV_D178N,D178N,B04,20-08-th,biological_sample,20_08_th,2021-04-06,ddPCRclust_control_projected,control-projected sensitivity using ddPCRclust input geometry,11635,11633,79,11538,1,15,2,0,16,11553,ok,NA,"{""source"":""control_geometry"",""package_input"":""ddPCRclust""}"
2021-04-06_SNV_D178N,D178N,B07,14-2-sn,biological_sample,14_2_sn,2021-04-06,ddPCRclust_control_projected,control-projected sensitivity using ddPCRclust input geometry,13770,13770,365,13393,0,12,0,0,12,13405,ok,NA,"{""source"":""control_geometry"",""package_input"":""ddPCRclust""}"
2021-04-06_SNV_D178N,D178N,C01,D178N,positive_control,d178n,2021-04-06,ddPCRclust_control_projected,control-projected sensitivity using ddPCRclust input geometry,17175,17144,5509,4792,4064,2779,31,0,6843,7571,ok,NA,"{""source"":""control_geometry"",""package_input"":""ddPCRclust""}"
2021-04-06_SNV_D178N,D178N,C04,15-27-bg,biological_sample,15_27_bg,2021-04-06,ddPCRclust_control_projected,control-projected sensitivity using ddPCRclust input geometry,10788,10786,284,10493,0,9,2,0,9,10502,ok,NA,"{""source"":""control_geometry"",""package_input"":""ddPCRclust""}"
2021-04-06_SNV_D178N,D178N,C07,14-2-th,biological_sample,14_2_th,2021-04-06,ddPCRclust_control_projected,control-projected sensitivity using ddPCRclust input geometry,15964,15960,190,15752,1,17,4,0,18,15769,ok,NA,"{""source"":""control_geometry"",""package_input"":""ddPCRclust""}"
2021-04-06_SNV_D178N,D178N,D01,17-20-hc,biological_sample,17_20_hc,2021-04-06,ddPCRclust_control_projected,control-projected sensitivity using ddPCRclust input geometry,15420,15413,15,15379,1,18,7,0,19,15397,ok,NA,"{""source"":""control_geometry"",""package_input"":""ddPCRclust""}"
2021-04-06_SNV_D178N,D178N,D04,15-27-cb,biological_sample,15_27_cb,2021-04-06,ddPCRclust_control_projected,control-projected sensitivity using ddPCRclust input geometry,12890,12887,511,12363,1,12,3,0,13,12375,ok,NA,"{""source"":""control_geometry"",""package_input"":""ddPCRclust""}"
2021-04-06_SNV_D178N,D178N,D07,15-6-bg,biological_sample,15_6_bg,2021-04-06,ddPCRclust_control_projected,control-projected sensitivity using ddPCRclust input geometry,14604,14599,147,14442,0,10,5,0,10,14452,ok,NA,"{""source"":""control_geometry"",""package_input"":""ddPCRclust""}"
2021-04-06_SNV_D178N,D178N,E01,15-6-th,biological_sample,15_6_th,2021-04-06,ddPCRclust_control_projected,control-projected sensitivity using ddPCRclust input geometry,14025,14021,36,13966,0,19,4,0,19,13985,ok,NA,"{""source"":""control_geometry"",""package_input"":""ddPCRclust""}"
2021-04-06_SNV_D178N,D178N,E04,15-27-pons,biological_sample,15_27_ps,2021-04-06,ddPCRclust_control_projected,control-projected sensitivity using ddPCRclust input geometry,11831,11790,94,11628,49,19,41,0,68,11647,ok,NA,"{""source"":""control_geometry"",""package_input"":""ddPCRclust""}"
2021-04-06_SNV_D178N,D178N,E07,15-6-cb,biological_sample,15_6_cb,2021-04-06,ddPCRclust_control_projected,control-projected sensitivity using ddPCRclust input geometry,13655,13650,90,13550,0,10,5,0,10,13560,ok,NA,"{""source"":""control_geometry"",""package_input"":""ddPCRclust""}"
2021-04-06_SNV_D178N,D178N,F01,17-8-th,biological_sample,17_8_th,2021-04-06,ddPCRclust_control_projected,control-projected sensitivity using ddPCRclust input geometry,15803,15798,163,15609,0,26,5,0,26,15635,ok,NA,"{""source"":""control_geometry"",""package_input"":""ddPCRclust""}"
2021-04-06_SNV_D178N,D178N,F04,15-27-th,biological_sample,15_27_th,2021-04-06,ddPCRclust_control_projected,control-projected sensitivity using ddPCRclust input geometry,13359,13352,180,13150,1,21,7,0,22,13171,ok,NA,"{""source"":""control_geometry"",""package_input"":""ddPCRclust""}"
2021-04-06_SNV_D178N,D178N,F07,15-6-fr,biological_sample,15_6_fr,2021-04-06,ddPCRclust_control_projected,control-projected sensitivity using ddPCRclust input geometry,14767,14757,502,14244,0,11,10,0,11,14255,ok,NA,"{""source"":""control_geometry"",""package_input"":""ddPCRclust""}"
2021-04-06_SNV_D178N,D178N,G04,15-1-hc,biological_sample,15_1_hc,2021-04-06,ddPCRclust_control_projected,control-projected sensitivity using ddPCRclust input geometry,12168,12158,100,12042,1,15,10,0,16,12057,ok,NA,"{""source"":""control_geometry"",""package_input"":""ddPCRclust""}"
2021-04-06_SNV_D178N,D178N,G07,15-6-hc,biological_sample,15_6_hc,2021-04-06,ddPCRclust_control_projected,control-projected sensitivity using ddPCRclust input geometry,12966,12963,29,12914,0,20,3,0,20,12934,ok,NA,"{""source"":""control_geometry"",""package_input"":""ddPCRclust""}"
2021-04-06_SNV_D178N,D178N,H01,933892-bg,biological_sample,933892_bg,2021-04-06,ddPCRclust_control_projected,control-projected sensitivity using ddPCRclust input geometry,15728,15709,148,15541,0,20,19,0,20,15561,ok,NA,"{""source"":""control_geometry"",""package_input"":""ddPCRclust""}"
2021-04-06_SNV_D178N,D178N,H04,15-1-sn,biological_sample,15_1_sn,2021-04-06,ddPCRclust_control_projected,control-projected sensitivity using ddPCRclust input geometry,12390,12387,89,12279,1,18,3,0,19,12297,ok,NA,"{""source"":""control_geometry"",""package_input"":""ddPCRclust""}"
2021-04-06_SNV_D178N,D178N,H07,15-6-sn,biological_sample,15_6_sn,2021-04-06,ddPCRclust_control_projected,control-projected sensitivity using ddPCRclust input geometry,14556,14535,20,14491,1,23,21,0,24,14514,ok,NA,"{""source"":""control_geometry"",""package_input"":""ddPCRclust""}"
2021-05-10_SNV_D178N,D178N,A01,NTC,NTC,ntc,2021-05-10,ddPCRclust_control_projected,control-projected sensitivity using ddPCRclust input geometry,14408,14331,13358,969,4,0,77,0,4,969,ok,NA,"{""source"":""control_geometry"",""package_input"":""ddPCRclust""}"
2021-05-10_SNV_D178N,D178N,A04,09-100-th,biological_sample,09_100_th,2021-05-10,ddPCRclust_control_projected,control-projected sensitivity using ddPCRclust input geometry,15555,15550,268,15248,1,33,5,0,34,15281,ok,NA,"{""source"":""control_geometry"",""package_input"":""ddPCRclust""}"
2021-05-10_SNV_D178N,D178N,A07,03-132-ce,biological_sample,03_132_ce,2021-05-10,ddPCRclust_control_projected,control-projected sensitivity using ddPCRclust input geometry,15413,15409,386,14997,0,26,4,0,26,15023,ok,NA,"{""source"":""control_geometry"",""package_input"":""ddPCRclust""}"
2021-05-10_SNV_D178N,D178N,B01,WT,WT_control,wt,2021-05-10,ddPCRclust_control_projected,control-projected sensitivity using ddPCRclust input geometry,14960,14883,4577,10287,0,19,77,0,19,10306,ok,NA,"{""source"":""control_geometry"",""package_input"":""ddPCRclust""}"
2021-05-10_SNV_D178N,D178N,B04,03-112-cau,biological_sample,03_112_cau,2021-05-10,ddPCRclust_control_projected,control-projected sensitivity using ddPCRclust input geometry,15378,15376,313,15034,0,29,2,0,29,15063,ok,NA,"{""source"":""control_geometry"",""package_input"":""ddPCRclust""}"
2021-05-10_SNV_D178N,D178N,B07,03-132-fc,biological_sample,03_132_fc,2021-05-10,ddPCRclust_control_projected,control-projected sensitivity using ddPCRclust input geometry,12864,12857,16,12815,1,25,7,0,26,12840,ok,NA,"{""source"":""control_geometry"",""package_input"":""ddPCRclust""}"
2021-05-10_SNV_D178N,D178N,C01,D178N,positive_control,d178n,2021-05-10,ddPCRclust_control_projected,control-projected sensitivity using ddPCRclust input geometry,14154,14136,4800,3614,3282,2440,18,0,5722,6054,ok,NA,"{""source"":""control_geometry"",""package_input"":""ddPCRclust""}"
2021-05-10_SNV_D178N,D178N,C04,03-112-ce,biological_sample,03_112_ce,2021-05-10,ddPCRclust_control_projected,control-projected sensitivity using ddPCRclust input geometry,16399,16393,220,16152,0,21,6,0,21,16173,ok,NA,"{""source"":""control_geometry"",""package_input"":""ddPCRclust""}"
2021-05-10_SNV_D178N,D178N,C07,03-132-hip,biological_sample,03_132_hip,2021-05-10,ddPCRclust_control_projected,control-projected sensitivity using ddPCRclust input geometry,15504,15502,48,15418,1,35,2,0,36,15453,ok,NA,"{""source"":""control_geometry"",""package_input"":""ddPCRclust""}"
2021-05-10_SNV_D178N,D178N,D01,09-100-cau,biological_sample,09_100_cau,2021-05-10,ddPCRclust_control_projected,control-projected sensitivity using ddPCRclust input geometry,15727,15715,656,15033,0,26,12,0,26,15059,ok,NA,"{""source"":""control_geometry"",""package_input"":""ddPCRclust""}"
2021-05-10_SNV_D178N,D178N,D04,03-112-fc,biological_sample,03_112_fc,2021-05-10,ddPCRclust_control_projected,control-projected sensitivity using ddPCRclust input geometry,16359,16357,81,16247,0,29,2,0,29,16276,ok,NA,"{""source"":""control_geometry"",""package_input"":""ddPCRclust""}"
2021-05-10_SNV_D178N,D178N,D07,03-132-mdb,biological_sample,03_132_mdb,2021-05-10,ddPCRclust_control_projected,control-projected sensitivity using ddPCRclust input geometry,15967,15963,32,15909,0,22,4,0,22,15931,ok,NA,"{""source"":""control_geometry"",""package_input"":""ddPCRclust""}"
2021-05-10_SNV_D178N,D178N,E01,09-100-ce,biological_sample,09_100_ce,2021-05-10,ddPCRclust_control_projected,control-projected sensitivity using ddPCRclust input geometry,15275,15263,1722,13524,1,16,12,0,17,13540,ok,NA,"{""source"":""control_geometry"",""package_input"":""ddPCRclust""}"
2021-05-10_SNV_D178N,D178N,E04,03-112-hip,biological_sample,03_112_hip,2021-05-10,ddPCRclust_control_projected,control-projected sensitivity using ddPCRclust input geometry,16979,16976,252,16699,1,24,3,0,25,16723,ok,NA,"{""source"":""control_geometry"",""package_input"":""ddPCRclust""}"
2021-05-10_SNV_D178N,D178N,E07,03-132-th,biological_sample,03_132_th,2021-05-10,ddPCRclust_control_projected,control-projected sensitivity using ddPCRclust input geometry,15460,15452,38,15381,0,33,8,0,33,15414,ok,NA,"{""source"":""control_geometry"",""package_input"":""ddPCRclust""}"
2021-05-10_SNV_D178N,D178N,F01,09-100-fc,biological_sample,09_100_fc,2021-05-10,ddPCRclust_control_projected,control-projected sensitivity using ddPCRclust input geometry,15356,15351,264,15061,1,25,5,0,26,15086,ok,NA,"{""source"":""control_geometry"",""package_input"":""ddPCRclust""}"
2021-05-10_SNV_D178N,D178N,F04,03-112-mdb,biological_sample,03_112_mdb,2021-05-10,ddPCRclust_control_projected,control-projected sensitivity using ddPCRclust input geometry,17503,17494,43,17419,0,32,9,0,32,17451,ok,NA,"{""source"":""control_geometry"",""package_input"":""ddPCRclust""}"
2021-05-10_SNV_D178N,D178N,F07,04-045-cau,biological_sample,04_045_cau,2021-05-10,ddPCRclust_control_projected,control-projected sensitivity using ddPCRclust input geometry,15200,15196,10,15152,1,33,4,0,34,15185,ok,NA,"{""source"":""control_geometry"",""package_input"":""ddPCRclust""}"
2021-05-10_SNV_D178N,D178N,G01,09-100-hip,biological_sample,09_100_hip,2021-05-10,ddPCRclust_control_projected,control-projected sensitivity using ddPCRclust input geometry,15239,15232,304,14896,2,30,7,0,32,14926,ok,NA,"{""source"":""control_geometry"",""package_input"":""ddPCRclust""}"
2021-05-10_SNV_D178N,D178N,G04,03-112-th,biological_sample,03_112_th,2021-05-10,ddPCRclust_control_projected,control-projected sensitivity using ddPCRclust input geometry,15888,15876,79,15768,0,29,12,0,29,15797,ok,NA,"{""source"":""control_geometry"",""package_input"":""ddPCRclust""}"
2021-05-10_SNV_D178N,D178N,G07,04-045-ce,biological_sample,04_045_ce,2021-05-10,ddPCRclust_control_projected,control-projected sensitivity using ddPCRclust input geometry,13736,13722,35,13649,1,37,14,0,38,13686,ok,NA,"{""source"":""control_geometry"",""package_input"":""ddPCRclust""}"
2021-05-10_SNV_D178N,D178N,H01,09-100-mdb,biological_sample,09_100_mdb,2021-05-10,ddPCRclust_control_projected,control-projected sensitivity using ddPCRclust input geometry,14633,14631,312,14281,0,38,2,0,38,14319,ok,NA,"{""source"":""control_geometry"",""package_input"":""ddPCRclust""}"
2021-05-10_SNV_D178N,D178N,H04,03-132-cau,biological_sample,03_132_cau,2021-05-10,ddPCRclust_control_projected,control-projected sensitivity using ddPCRclust input geometry,15573,15570,729,14821,1,19,3,0,20,14840,ok,NA,"{""source"":""control_geometry"",""package_input"":""ddPCRclust""}"
2021-05-10_SNV_D178N,D178N,H07,04-045-fc,biological_sample,04_045_fc,2021-05-10,ddPCRclust_control_projected,control-projected sensitivity using ddPCRclust input geometry,14390,14381,9,14336,0,36,9,0,36,14372,ok,NA,"{""source"":""control_geometry"",""package_input"":""ddPCRclust""}"
2021-05-20_SNV_D178N,D178N,A01,NTC,NTC,ntc,2021-05-20,ddPCRclust_control_projected,control-projected sensitivity using ddPCRclust input geometry,13000,12837,12008,829,0,0,163,0,0,829,ok,NA,"{""source"":""control_geometry"",""package_input"":""ddPCRclust""}"
2021-05-20_SNV_D178N,D178N,A04,04-045-hip,biological_sample,04_045_hip,2021-05-20,ddPCRclust_control_projected,control-projected sensitivity using ddPCRclust input geometry,17416,17403,9,17352,5,37,13,0,42,17389,ok,NA,"{""source"":""control_geometry"",""package_input"":""ddPCRclust""}"
2021-05-20_SNV_D178N,D178N,A07,20-357-th,biological_sample,20_357_th,2021-05-20,ddPCRclust_control_projected,control-projected sensitivity using ddPCRclust input geometry,15462,15460,289,15147,2,22,2,0,24,15169,ok,NA,"{""source"":""control_geometry"",""package_input"":""ddPCRclust""}"
2021-05-20_SNV_D178N,D178N,A10,929474-sn,biological_sample,929474_sn,2021-05-20,ddPCRclust_control_projected,control-projected sensitivity using ddPCRclust input geometry,18341,18322,518,17786,1,17,19,0,18,17803,ok,NA,"{""source"":""control_geometry"",""package_input"":""ddPCRclust""}"
2021-05-20_SNV_D178N,D178N,B01,WT,WT_control,wt,2021-05-20,ddPCRclust_control_projected,control-projected sensitivity using ddPCRclust input geometry,12899,12867,2729,10112,1,25,32,0,26,10137,ok,NA,"{""source"":""control_geometry"",""package_input"":""ddPCRclust""}"
2021-05-20_SNV_D178N,D178N,B04,04-045-mdb,biological_sample,04_045_mdb,2021-05-20,ddPCRclust_control_projected,control-projected sensitivity using ddPCRclust input geometry,17260,17254,10,17203,4,37,6,0,41,17240,ok,NA,"{""source"":""control_geometry"",""package_input"":""ddPCRclust""}"
2021-05-20_SNV_D178N,D178N,B07,20-169-cau,biological_sample,20_169_cau,2021-05-20,ddPCRclust_control_projected,control-projected sensitivity using ddPCRclust input geometry,15516,15515,260,15237,0,18,1,0,18,15255,ok,NA,"{""source"":""control_geometry"",""package_input"":""ddPCRclust""}"
2021-05-20_SNV_D178N,D178N,B10,17-13-bg,biological_sample,17_13_bg,2021-05-20,ddPCRclust_control_projected,control-projected sensitivity using ddPCRclust input geometry,17039,17034,271,16719,1,43,5,0,44,16762,ok,NA,"{""source"":""control_geometry"",""package_input"":""ddPCRclust""}"
2021-05-20_SNV_D178N,D178N,C01,D178,positive_control,d178,2021-05-20,ddPCRclust_control_projected,control-projected sensitivity using ddPCRclust input geometry,14886,14825,4980,3883,3540,2422,61,0,5962,6305,ok,NA,"{""source"":""control_geometry"",""package_input"":""ddPCRclust""}"
2021-05-20_SNV_D178N,D178N,C04,04-045-th,biological_sample,04_045_th,2021-05-20,ddPCRclust_control_projected,control-projected sensitivity using ddPCRclust input geometry,17418,17410,42,17334,1,33,8,0,34,17367,ok,NA,"{""source"":""control_geometry"",""package_input"":""ddPCRclust""}"
2021-05-20_SNV_D178N,D178N,C07,20-169-ce,biological_sample,20_169_ce,2021-05-20,ddPCRclust_control_projected,control-projected sensitivity using ddPCRclust input geometry,15301,15299,45,15232,0,22,2,0,22,15254,ok,NA,"{""source"":""control_geometry"",""package_input"":""ddPCRclust""}"
2021-05-20_SNV_D178N,D178N,C10,17-8-cb,biological_sample,17_8_cb,2021-05-20,ddPCRclust_control_projected,control-projected sensitivity using ddPCRclust input geometry,18971,18958,3,18918,2,35,13,0,37,18953,ok,NA,"{""source"":""control_geometry"",""package_input"":""ddPCRclust""}"
2021-05-20_SNV_D178N,D178N,D01,19-082-ce,biological_sample,19_082_ce,2021-05-20,ddPCRclust_control_projected,control-projected sensitivity using ddPCRclust input geometry,15793,15790,12,15743,1,34,3,0,35,15777,ok,NA,"{""source"":""control_geometry"",""package_input"":""ddPCRclust""}"
2021-05-20_SNV_D178N,D178N,D04,20-357-cau,biological_sample,20_357_cau,2021-05-20,ddPCRclust_control_projected,control-projected sensitivity using ddPCRclust input geometry,16803,16785,3412,13354,1,18,18,0,19,13372,ok,NA,"{""source"":""control_geometry"",""package_input"":""ddPCRclust""}"
2021-05-20_SNV_D178N,D178N,D07,20-169-fc,biological_sample,20_169_fc,2021-05-20,ddPCRclust_control_projected,control-projected sensitivity using ddPCRclust input geometry,14389,14389,181,14190,0,18,0,0,18,14208,ok,NA,"{""source"":""control_geometry"",""package_input"":""ddPCRclust""}"
2021-05-20_SNV_D178N,D178N,D10,17-8-fr,biological_sample,17_8_fr,2021-05-20,ddPCRclust_control_projected,control-projected sensitivity using ddPCRclust input geometry,19090,19079,158,18888,1,32,11,0,33,18920,ok,NA,"{""source"":""control_geometry"",""package_input"":""ddPCRclust""}"
2021-05-20_SNV_D178N,D178N,E01,19-082-fc,biological_sample,19_082_fc,2021-05-20,ddPCRclust_control_projected,control-projected sensitivity using ddPCRclust input geometry,16756,16749,245,16471,1,32,7,0,33,16503,ok,NA,"{""source"":""control_geometry"",""package_input"":""ddPCRclust""}"
2021-05-20_SNV_D178N,D178N,E04,20-357-ce,biological_sample,20_357_ce,2021-05-20,ddPCRclust_control_projected,control-projected sensitivity using ddPCRclust input geometry,17304,17294,819,16446,0,29,10,0,29,16475,ok,NA,"{""source"":""control_geometry"",""package_input"":""ddPCRclust""}"
2021-05-20_SNV_D178N,D178N,E07,20-169-hip,biological_sample,20_169_hip,2021-05-20,ddPCRclust_control_projected,control-projected sensitivity using ddPCRclust input geometry,14757,14745,153,14578,0,14,12,0,14,14592,ok,NA,"{""source"":""control_geometry"",""package_input"":""ddPCRclust""}"
2021-05-20_SNV_D178N,D178N,F01,19-082-hip,biological_sample,19_082_hip,2021-05-20,ddPCRclust_control_projected,control-projected sensitivity using ddPCRclust input geometry,17113,17097,1881,15192,1,23,16,0,24,15215,ok,NA,"{""source"":""control_geometry"",""package_input"":""ddPCRclust""}"
2021-05-20_SNV_D178N,D178N,F04,20-357-fc,biological_sample,20_357_fc,2021-05-20,ddPCRclust_control_projected,control-projected sensitivity using ddPCRclust input geometry,16360,16349,192,16134,0,23,11,0,23,16157,ok,NA,"{""source"":""control_geometry"",""package_input"":""ddPCRclust""}"
2021-05-20_SNV_D178N,D178N,F07,20-169-mdb,biological_sample,20_169_mdb,2021-05-20,ddPCRclust_control_projected,control-projected sensitivity using ddPCRclust input geometry,15781,15764,283,15462,0,19,17,0,19,15481,ok,NA,"{""source"":""control_geometry"",""package_input"":""ddPCRclust""}"
2021-05-20_SNV_D178N,D178N,G01,19-082-mdb,biological_sample,19_082_mdb,2021-05-20,ddPCRclust_control_projected,control-projected sensitivity using ddPCRclust input geometry,17173,17164,82,17046,0,36,9,0,36,17082,ok,NA,"{""source"":""control_geometry"",""package_input"":""ddPCRclust""}"
2021-05-20_SNV_D178N,D178N,G04,20-357-hip,biological_sample,20_357_hip,2021-05-20,ddPCRclust_control_projected,control-projected sensitivity using ddPCRclust input geometry,17242,17228,316,16890,0,22,14,0,22,16912,ok,NA,"{""source"":""control_geometry"",""package_input"":""ddPCRclust""}"
2021-05-20_SNV_D178N,D178N,G07,20-169-th,biological_sample,20_169_th,2021-05-20,ddPCRclust_control_projected,control-projected sensitivity using ddPCRclust input geometry,15288,15239,1298,13915,6,20,49,0,26,13935,ok,NA,"{""source"":""control_geometry"",""package_input"":""ddPCRclust""}"
2021-05-20_SNV_D178N,D178N,H01,19-082-th,biological_sample,19_082_th,2021-05-20,ddPCRclust_control_projected,control-projected sensitivity using ddPCRclust input geometry,17603,17600,59,17518,0,23,3,0,23,17541,ok,NA,"{""source"":""control_geometry"",""package_input"":""ddPCRclust""}"
2021-05-20_SNV_D178N,D178N,H04,20-357-mdb,biological_sample,20_357_mdb,2021-05-20,ddPCRclust_control_projected,control-projected sensitivity using ddPCRclust input geometry,18095,18059,10,18014,3,32,36,0,35,18046,ok,NA,"{""source"":""control_geometry"",""package_input"":""ddPCRclust""}"
2021-05-20_SNV_D178N,D178N,H07,19-082-cau,biological_sample,19_082_cau,2021-05-20,ddPCRclust_control_projected,control-projected sensitivity using ddPCRclust input geometry,16378,16299,233,15994,38,34,79,0,72,16028,ok,NA,"{""source"":""control_geometry"",""package_input"":""ddPCRclust""}"
2021-10-14_SNV_D178N,D178N,A01,NTC,NTC,ntc,2021-10-14,ddPCRclust_control_projected,control-projected sensitivity using ddPCRclust input geometry,15100,15100,14988,109,3,0,0,0,3,109,ok,NA,"{""source"":""control_geometry"",""package_input"":""ddPCRclust""}"
2021-10-14_SNV_D178N,D178N,B01,WT,WT_control,wt,2021-10-14,ddPCRclust_control_projected,control-projected sensitivity using ddPCRclust input geometry,14163,14138,3664,10463,0,11,25,0,11,10474,ok,NA,"{""source"":""control_geometry"",""package_input"":""ddPCRclust""}"
2021-10-14_SNV_D178N,D178N,C01,D178N-mut,positive_control,,2021-10-14,ddPCRclust_control_projected,control-projected sensitivity using ddPCRclust input geometry,12577,12577,4936,3020,2869,1752,0,0,4621,4772,ok,NA,"{""source"":""control_geometry"",""package_input"":""ddPCRclust""}"
2021-10-14_SNV_D178N,D178N,D01,18-31-fr,biological_sample,18_31_fr,2021-10-14,ddPCRclust_control_projected,control-projected sensitivity using ddPCRclust input geometry,12910,12909,4428,8476,0,5,1,0,5,8481,ok,NA,"{""source"":""control_geometry"",""package_input"":""ddPCRclust""}"
2021-10-14_SNV_D178N,D178N,E01,238501-sn,biological_sample,238501_sn,2021-10-14,ddPCRclust_control_projected,control-projected sensitivity using ddPCRclust input geometry,12693,12681,307,12352,7,15,12,0,22,12367,ok,NA,"{""source"":""control_geometry"",""package_input"":""ddPCRclust""}"
2020-10-12_SNV_E200K,E200K,A02,NTC_E200K,NTC,ntc,2020-10-12,ddPCRclust_control_projected,control-projected sensitivity using ddPCRclust input geometry,12344,12326,12326,0,0,0,18,0,0,0,ok,NA,"{""source"":""control_geometry"",""package_input"":""ddPCRclust""}"
2020-10-12_SNV_E200K,E200K,A08,CJD15-1_fr_E200K,biological_sample,15_1_fr,2020-10-12,ddPCRclust_control_projected,control-projected sensitivity using ddPCRclust input geometry,16542,16421,3872,12540,0,9,121,0,9,12549,ok,NA,"{""source"":""control_geometry"",""package_input"":""ddPCRclust""}"
2020-10-12_SNV_E200K,E200K,B02,WT_E200K,WT_control,wt,2020-10-12,ddPCRclust_control_projected,control-projected sensitivity using ddPCRclust input geometry,14469,14419,1307,13104,0,8,50,0,8,13112,ok,NA,"{""source"":""control_geometry"",""package_input"":""ddPCRclust""}"
2020-10-12_SNV_E200K,E200K,B05,CJD15-27_cb_E200K,biological_sample,15_27_cb,2020-10-12,ddPCRclust_control_projected,control-projected sensitivity using ddPCRclust input geometry,14602,14548,6792,7754,0,2,54,0,2,7756,ok,NA,"{""source"":""control_geometry"",""package_input"":""ddPCRclust""}"
2020-10-12_SNV_E200K,E200K,C02,Mut_E200K,positive_control,mut,2020-10-12,ddPCRclust_control_projected,control-projected sensitivity using ddPCRclust input geometry,13996,13980,10868,1497,1407,208,16,0,1615,1705,ok,NA,"{""source"":""control_geometry"",""package_input"":""ddPCRclust""}"
2020-10-12_SNV_E200K,E200K,D05,CJD15-27_pons_E200K,biological_sample,15_27_ps,2020-10-12,ddPCRclust_control_projected,control-projected sensitivity using ddPCRclust input geometry,13823,13778,2651,11117,1,9,45,0,10,11126,ok,NA,"{""source"":""control_geometry"",""package_input"":""ddPCRclust""}"
2020-10-15_SNV_E200K,E200K,A02,NTC_E200K,NTC,ntc,2020-10-15,ddPCRclust_control_projected,control-projected sensitivity using ddPCRclust input geometry,5742,5715,5715,0,0,0,27,0,0,0,ok,NA,"{""source"":""control_geometry"",""package_input"":""ddPCRclust""}"
2020-10-15_SNV_E200K,E200K,A04,CJD18-6_bg_E200K,biological_sample,18_6_bg,2020-10-15,ddPCRclust_control_projected,control-projected sensitivity using ddPCRclust input geometry,13140,13104,1744,11355,0,5,36,0,5,11360,ok,NA,"{""source"":""control_geometry"",""package_input"":""ddPCRclust""}"
2020-10-15_SNV_E200K,E200K,A06,CJD18-17_bg_E200K,biological_sample,18_17_bg,2020-10-15,ddPCRclust_control_projected,control-projected sensitivity using ddPCRclust input geometry,13731,13651,3158,10486,0,7,80,0,7,10493,ok,NA,"{""source"":""control_geometry"",""package_input"":""ddPCRclust""}"
2020-10-15_SNV_E200K,E200K,A08,CJD18-24_bg_E200K,biological_sample,18_24_bg,2020-10-15,ddPCRclust_control_projected,control-projected sensitivity using ddPCRclust input geometry,11973,11841,1633,10205,1,2,132,0,3,10207,ok,NA,"{""source"":""control_geometry"",""package_input"":""ddPCRclust""}"
2020-10-15_SNV_E200K,E200K,A10,CJD18-31_bg_E200K,biological_sample,18_31_bg,2020-10-15,ddPCRclust_control_projected,control-projected sensitivity using ddPCRclust input geometry,14913,14822,4797,10017,1,7,91,0,8,10024,ok,NA,"{""source"":""control_geometry"",""package_input"":""ddPCRclust""}"
2020-10-15_SNV_E200K,E200K,B02,WT_E200K,WT_control,wt,2020-10-15,ddPCRclust_control_projected,control-projected sensitivity using ddPCRclust input geometry,10515,10461,4133,6325,0,3,54,0,3,6328,ok,NA,"{""source"":""control_geometry"",""package_input"":""ddPCRclust""}"
2020-10-15_SNV_E200K,E200K,B04,CJD18-6_cb_E200K,biological_sample,18_6_cb,2020-10-15,ddPCRclust_control_projected,control-projected sensitivity using ddPCRclust input geometry,14041,13988,2433,11553,0,2,53,0,2,11555,ok,NA,"{""source"":""control_geometry"",""package_input"":""ddPCRclust""}"
2020-10-15_SNV_E200K,E200K,B06,CJD18-17_cb_E200K,biological_sample,18_17_cb,2020-10-15,ddPCRclust_control_projected,control-projected sensitivity using ddPCRclust input geometry,13786,13744,2364,11374,0,6,42,0,6,11380,ok,NA,"{""source"":""control_geometry"",""package_input"":""ddPCRclust""}"
2020-10-15_SNV_E200K,E200K,B08,CJD18-24_cb_E200K,biological_sample,18_24_cb,2020-10-15,ddPCRclust_control_projected,control-projected sensitivity using ddPCRclust input geometry,14620,14493,2141,12347,0,5,127,0,5,12352,ok,NA,"{""source"":""control_geometry"",""package_input"":""ddPCRclust""}"
2020-10-15_SNV_E200K,E200K,B10,CJD18-31_cb_E200K,biological_sample,18_31_cb,2020-10-15,ddPCRclust_control_projected,control-projected sensitivity using ddPCRclust input geometry,12588,12357,2924,9426,0,7,231,0,7,9433,ok,NA,"{""source"":""control_geometry"",""package_input"":""ddPCRclust""}"
2020-10-15_SNV_E200K,E200K,C02,Mut_E200K,positive_control,mut,2020-10-15,ddPCRclust_control_projected,control-projected sensitivity using ddPCRclust input geometry,11680,11628,9333,1073,1060,162,52,0,1222,1235,ok,NA,"{""source"":""control_geometry"",""package_input"":""ddPCRclust""}"
2020-10-15_SNV_E200K,E200K,C04,CJD18-6_fr_E200K,biological_sample,18_6_fr,2020-10-15,ddPCRclust_control_projected,control-projected sensitivity using ddPCRclust input geometry,13065,13011,1956,11045,0,10,54,0,10,11055,ok,NA,"{""source"":""control_geometry"",""package_input"":""ddPCRclust""}"
2020-10-15_SNV_E200K,E200K,C06,CJD18-17_fr_E200K,biological_sample,18_17_fr,2020-10-15,ddPCRclust_control_projected,control-projected sensitivity using ddPCRclust input geometry,15012,14947,4164,10777,0,6,65,0,6,10783,ok,NA,"{""source"":""control_geometry"",""package_input"":""ddPCRclust""}"
2020-10-15_SNV_E200K,E200K,C08,CJD18-24_fr_E200K,biological_sample,18_24_fr,2020-10-15,ddPCRclust_control_projected,control-projected sensitivity using ddPCRclust input geometry,13599,13493,2945,10537,2,9,106,0,11,10546,ok,NA,"{""source"":""control_geometry"",""package_input"":""ddPCRclust""}"
2020-10-15_SNV_E200K,E200K,C10,CJD18-31_fr_E200K,biological_sample,18_31_fr,2020-10-15,ddPCRclust_control_projected,control-projected sensitivity using ddPCRclust input geometry,14168,14040,1755,12283,0,2,128,0,2,12285,ok,NA,"{""source"":""control_geometry"",""package_input"":""ddPCRclust""}"
2020-10-15_SNV_E200K,E200K,D04,CJD18-6_hc_E200K,biological_sample,18_6_hc,2020-10-15,ddPCRclust_control_projected,control-projected sensitivity using ddPCRclust input geometry,9782,9675,1139,8529,0,7,107,0,7,8536,ok,NA,"{""source"":""control_geometry"",""package_input"":""ddPCRclust""}"
2020-10-15_SNV_E200K,E200K,D06,CJD18-17_hc_E200K,biological_sample,18_17_hc,2020-10-15,ddPCRclust_control_projected,control-projected sensitivity using ddPCRclust input geometry,12780,12734,2272,10457,0,5,46,0,5,10462,ok,NA,"{""source"":""control_geometry"",""package_input"":""ddPCRclust""}"
2020-10-15_SNV_E200K,E200K,D08,CJD18-24_hc_E200K,biological_sample,18_24_hc,2020-10-15,ddPCRclust_control_projected,control-projected sensitivity using ddPCRclust input geometry,9892,9772,1670,8096,0,6,120,0,6,8102,ok,NA,"{""source"":""control_geometry"",""package_input"":""ddPCRclust""}"
2020-10-15_SNV_E200K,E200K,E04,CJD18-6_sn_E200K,biological_sample,18_6_sn,2020-10-15,ddPCRclust_control_projected,control-projected sensitivity using ddPCRclust input geometry,13712,13685,2279,11402,1,3,27,0,4,11405,ok,NA,"{""source"":""control_geometry"",""package_input"":""ddPCRclust""}"
2020-10-15_SNV_E200K,E200K,E06,CJD18-17_sn_E200K,biological_sample,18_17_sn,2020-10-15,ddPCRclust_control_projected,control-projected sensitivity using ddPCRclust input geometry,13220,13177,1415,11755,0,7,43,0,7,11762,ok,NA,"{""source"":""control_geometry"",""package_input"":""ddPCRclust""}"
2020-10-15_SNV_E200K,E200K,E08,CJD18-24_sn_E200K,biological_sample,18_24_sn,2020-10-15,ddPCRclust_control_projected,control-projected sensitivity using ddPCRclust input geometry,13789,13625,2012,11608,0,5,164,0,5,11613,ok,NA,"{""source"":""control_geometry"",""package_input"":""ddPCRclust""}"
2020-10-15_SNV_E200K,E200K,E10,CJD18-31_sn_E200K,biological_sample,18_31_sn,2020-10-15,ddPCRclust_control_projected,control-projected sensitivity using ddPCRclust input geometry,10489,10373,1392,8978,0,3,116,0,3,8981,ok,NA,"{""source"":""control_geometry"",""package_input"":""ddPCRclust""}"
2020-10-15_SNV_E200K,E200K,F04,CJD18-6_th_E200K,biological_sample,18_6_th,2020-10-15,ddPCRclust_control_projected,control-projected sensitivity using ddPCRclust input geometry,9327,9269,1023,8244,0,2,58,0,2,8246,ok,NA,"{""source"":""control_geometry"",""package_input"":""ddPCRclust""}"
2020-10-15_SNV_E200K,E200K,F06,CJD18-17_th_E200K,biological_sample,18_17_th,2020-10-15,ddPCRclust_control_projected,control-projected sensitivity using ddPCRclust input geometry,9458,9408,1472,7935,0,1,50,0,1,7936,ok,NA,"{""source"":""control_geometry"",""package_input"":""ddPCRclust""}"
2020-10-22_SNV_E200K,E200K,A02,NTC_E200K,NTC,ntc,2020-10-22,ddPCRclust_control_projected,control-projected sensitivity using ddPCRclust input geometry,14226,14225,14223,2,0,0,1,0,0,2,ok,NA,"{""source"":""control_geometry"",""package_input"":""ddPCRclust""}"
2020-10-22_SNV_E200K,E200K,A04,CJD13-21_bg_E200K,biological_sample,13_21_bg,2020-10-22,ddPCRclust_control_projected,control-projected sensitivity using ddPCRclust input geometry,15031,14835,1694,13131,0,10,196,0,10,13141,ok,NA,"{""source"":""control_geometry"",""package_input"":""ddPCRclust""}"
2020-10-22_SNV_E200K,E200K,A06,CJD14-24_bg_E200K,biological_sample,14_24_bg,2020-10-22,ddPCRclust_control_projected,control-projected sensitivity using ddPCRclust input geometry,14949,14915,4457,10451,0,7,34,0,7,10458,ok,NA,"{""source"":""control_geometry"",""package_input"":""ddPCRclust""}"
2020-10-22_SNV_E200K,E200K,A08,CJD20-08_bg_E200K,biological_sample,20_08_bg,2020-10-22,ddPCRclust_control_projected,control-projected sensitivity using ddPCRclust input geometry,15194,15136,4102,11024,0,10,58,0,10,11034,ok,NA,"{""source"":""control_geometry"",""package_input"":""ddPCRclust""}"
2020-10-22_SNV_E200K,E200K,A10,CJD19-29_fr_E200K,biological_sample,19_29_fr,2020-10-22,ddPCRclust_control_projected,control-projected sensitivity using ddPCRclust input geometry,16714,16637,6131,10502,1,3,77,0,4,10505,ok,NA,"{""source"":""control_geometry"",""package_input"":""ddPCRclust""}"
2020-10-22_SNV_E200K,E200K,B02,WT_E200K,WT_control,wt,2020-10-22,ddPCRclust_control_projected,control-projected sensitivity using ddPCRclust input geometry,13499,13493,2583,10903,0,7,6,0,7,10910,ok,NA,"{""source"":""control_geometry"",""package_input"":""ddPCRclust""}"
2020-10-22_SNV_E200K,E200K,B04,CJD13-21_cb_E200K,biological_sample,13_21_cb,2020-10-22,ddPCRclust_control_projected,control-projected sensitivity using ddPCRclust input geometry,12366,12339,690,11637,0,12,27,0,12,11649,ok,NA,"{""source"":""control_geometry"",""package_input"":""ddPCRclust""}"
2020-10-22_SNV_E200K,E200K,B06,CJD14-24_cb_E200K,biological_sample,14_24_cb,2020-10-22,ddPCRclust_control_projected,control-projected sensitivity using ddPCRclust input geometry,13980,13933,4998,8932,0,3,47,0,3,8935,ok,NA,"{""source"":""control_geometry"",""package_input"":""ddPCRclust""}"
2020-10-22_SNV_E200K,E200K,B08,CJD20-08_cb_E200K,biological_sample,20_08_cb,2020-10-22,ddPCRclust_control_projected,control-projected sensitivity using ddPCRclust input geometry,15372,15265,3655,11603,0,7,107,0,7,11610,ok,NA,"{""source"":""control_geometry"",""package_input"":""ddPCRclust""}"
2020-10-22_SNV_E200K,E200K,C02,E200K-mut,positive_control,,2020-10-22,ddPCRclust_control_projected,control-projected sensitivity using ddPCRclust input geometry,15359,15309,11619,1723,1686,281,50,0,1967,2004,ok,NA,"{""source"":""control_geometry"",""package_input"":""ddPCRclust""}"
2020-10-22_SNV_E200K,E200K,C04,CJD13-21_fr_E200K,biological_sample,13_21_fr,2020-10-22,ddPCRclust_control_projected,control-projected sensitivity using ddPCRclust input geometry,13470,13441,1897,11539,0,5,29,0,5,11544,ok,NA,"{""source"":""control_geometry"",""package_input"":""ddPCRclust""}"
2020-10-22_SNV_E200K,E200K,C06,CJD14-24_fr_E200K,biological_sample,14_24_fr,2020-10-22,ddPCRclust_control_projected,control-projected sensitivity using ddPCRclust input geometry,14712,14669,3197,11462,2,8,43,0,10,11470,ok,NA,"{""source"":""control_geometry"",""package_input"":""ddPCRclust""}"
2020-10-22_SNV_E200K,E200K,C08,CJD20-08_fr_E200K,biological_sample,20_08_fr,2020-10-22,ddPCRclust_control_projected,control-projected sensitivity using ddPCRclust input geometry,16348,16321,4031,12273,0,17,27,0,17,12290,ok,NA,"{""source"":""control_geometry"",""package_input"":""ddPCRclust""}"
2020-10-22_SNV_E200K,E200K,D04,CJD13-21_sn_E200K,biological_sample,13_21_sn,2020-10-22,ddPCRclust_control_projected,control-projected sensitivity using ddPCRclust input geometry,13279,13206,1970,11228,0,8,73,0,8,11236,ok,NA,"{""source"":""control_geometry"",""package_input"":""ddPCRclust""}"
2020-10-22_SNV_E200K,E200K,D06,CJD14-24_hc_E200K,biological_sample,14_24_hc,2020-10-22,ddPCRclust_control_projected,control-projected sensitivity using ddPCRclust input geometry,16722,16665,4592,12069,0,4,57,0,4,12073,ok,NA,"{""source"":""control_geometry"",""package_input"":""ddPCRclust""}"
2020-10-22_SNV_E200K,E200K,D08,CJD20-08_sn_E200K,biological_sample,20_08_sn,2020-10-22,ddPCRclust_control_projected,control-projected sensitivity using ddPCRclust input geometry,15255,15141,4568,10566,0,7,114,0,7,10573,ok,NA,"{""source"":""control_geometry"",""package_input"":""ddPCRclust""}"
2020-10-22_SNV_E200K,E200K,E04,CJD13-21_th_E200K,biological_sample,13_21_th,2020-10-22,ddPCRclust_control_projected,control-projected sensitivity using ddPCRclust input geometry,16246,16187,9333,6850,2,2,59,0,4,6852,ok,NA,"{""source"":""control_geometry"",""package_input"":""ddPCRclust""}"
2020-10-22_SNV_E200K,E200K,E06,CJD14-24_sn_E200K,biological_sample,14_24_sn,2020-10-22,ddPCRclust_control_projected,control-projected sensitivity using ddPCRclust input geometry,14594,14563,939,13606,1,17,31,0,18,13623,ok,NA,"{""source"":""control_geometry"",""package_input"":""ddPCRclust""}"
2020-10-22_SNV_E200K,E200K,E08,CJD20-08_th_E200K,biological_sample,20_08_th,2020-10-22,ddPCRclust_control_projected,control-projected sensitivity using ddPCRclust input geometry,15209,15146,6723,8410,1,12,63,0,13,8422,ok,NA,"{""source"":""control_geometry"",""package_input"":""ddPCRclust""}"
2020-10-22_SNV_E200K,E200K,F06,CJD14-24_th_E200K,biological_sample,14_24_th,2020-10-22,ddPCRclust_control_projected,control-projected sensitivity using ddPCRclust input geometry,15245,15225,44,15174,0,7,20,0,7,15181,ok,NA,"{""source"":""control_geometry"",""package_input"":""ddPCRclust""}"
2020-10-29_SNV_E200K,E200K,A02,CJD17-20_bg,biological_sample,17_20_bg,2020-10-29,ddPCRclust_control_projected,control-projected sensitivity using ddPCRclust input geometry,13003,12968,1042,11920,0,6,35,0,6,11926,ok,NA,"{""source"":""control_geometry"",""package_input"":""ddPCRclust""}"
2020-10-29_SNV_E200K,E200K,A06,CJD17-31_bg,biological_sample,17_31_bg,2020-10-29,ddPCRclust_control_projected,control-projected sensitivity using ddPCRclust input geometry,14283,14251,224,14018,0,9,32,0,9,14027,ok,NA,"{""source"":""control_geometry"",""package_input"":""ddPCRclust""}"
2020-10-29_SNV_E200K,E200K,A08,CJD17-32_bg,biological_sample,17_32_bg,2020-10-29,ddPCRclust_control_projected,control-projected sensitivity using ddPCRclust input geometry,12674,12654,696,11956,0,2,20,0,2,11958,ok,NA,"{""source"":""control_geometry"",""package_input"":""ddPCRclust""}"
2020-10-29_SNV_E200K,E200K,A10,CJD18-5_bg,biological_sample,18_5_bg,2020-10-29,ddPCRclust_control_projected,control-projected sensitivity using ddPCRclust input geometry,9523,9450,158,9288,0,4,73,0,4,9292,ok,NA,"{""source"":""control_geometry"",""package_input"":""ddPCRclust""}"
2020-10-29_SNV_E200K,E200K,B02,CJD17-20_cb,biological_sample,17_20_cb,2020-10-29,ddPCRclust_control_projected,control-projected sensitivity using ddPCRclust input geometry,14344,14282,884,13392,0,6,62,0,6,13398,ok,NA,"{""source"":""control_geometry"",""package_input"":""ddPCRclust""}"
2020-10-29_SNV_E200K,E200K,B06,CJD17-31_hc mixed with CJD17-32_cb,biological_sample,17_31_hc_mixed_with_cjd17_32_cb,2020-10-29,ddPCRclust_control_projected,control-projected sensitivity using ddPCRclust input geometry,11521,11508,291,11213,0,4,13,0,4,11217,ok,NA,"{""source"":""control_geometry"",""package_input"":""ddPCRclust""}"
2020-10-29_SNV_E200K,E200K,B10,CJD18-5_cb,biological_sample,18_5_cb,2020-10-29,ddPCRclust_control_projected,control-projected sensitivity using ddPCRclust input geometry,12565,12476,845,11630,0,1,89,0,1,11631,ok,NA,"{""source"":""control_geometry"",""package_input"":""ddPCRclust""}"
2020-10-29_SNV_E200K,E200K,C02,CJD17-20_fr,biological_sample,17_20_fr,2020-10-29,ddPCRclust_control_projected,control-projected sensitivity using ddPCRclust input geometry,14001,13818,1041,12763,0,14,183,0,14,12777,ok,NA,"{""source"":""control_geometry"",""package_input"":""ddPCRclust""}"
2020-10-29_SNV_E200K,E200K,C06,CJD17-31_sn,biological_sample,17_31_sn,2020-10-29,ddPCRclust_control_projected,control-projected sensitivity using ddPCRclust input geometry,13482,13280,233,13013,0,34,202,0,34,13047,ok,NA,"{""source"":""control_geometry"",""package_input"":""ddPCRclust""}"
2020-10-29_SNV_E200K,E200K,C08,CJD17-32_fr,biological_sample,17_32_fr,2020-10-29,ddPCRclust_control_projected,control-projected sensitivity using ddPCRclust input geometry,14468,14360,589,13764,0,7,108,0,7,13771,ok,NA,"{""source"":""control_geometry"",""package_input"":""ddPCRclust""}"
2020-10-29_SNV_E200K,E200K,C10,CJD18-5_fr,biological_sample,18_5_fr,2020-10-29,ddPCRclust_control_projected,control-projected sensitivity using ddPCRclust input geometry,11981,11841,404,11427,0,10,140,0,10,11437,ok,NA,"{""source"":""control_geometry"",""package_input"":""ddPCRclust""}"
2020-10-29_SNV_E200K,E200K,D02,CJD17-20_sn,biological_sample,17_20_sn,2020-10-29,ddPCRclust_control_projected,control-projected sensitivity using ddPCRclust input geometry,13393,13007,987,12008,0,12,386,0,12,12020,ok,NA,"{""source"":""control_geometry"",""package_input"":""ddPCRclust""}"
2020-10-29_SNV_E200K,E200K,D06,CJD17-31_th,biological_sample,17_31_th,2020-10-29,ddPCRclust_control_projected,control-projected sensitivity using ddPCRclust input geometry,13400,13337,1895,11427,0,15,63,0,15,11442,ok,NA,"{""source"":""control_geometry"",""package_input"":""ddPCRclust""}"
2020-10-29_SNV_E200K,E200K,D08,CJD17-32_hc,biological_sample,17_32_hc,2020-10-29,ddPCRclust_control_projected,control-projected sensitivity using ddPCRclust input geometry,13821,13809,862,12936,0,11,12,0,11,12947,ok,NA,"{""source"":""control_geometry"",""package_input"":""ddPCRclust""}"
2020-10-29_SNV_E200K,E200K,D10,CJD18-5_hc,biological_sample,18_5_hc,2020-10-29,ddPCRclust_control_projected,control-projected sensitivity using ddPCRclust input geometry,12212,12176,665,11502,0,9,36,0,9,11511,ok,NA,"{""source"":""control_geometry"",""package_input"":""ddPCRclust""}"
2020-10-29_SNV_E200K,E200K,E02,CJD17-20_th,biological_sample,17_20_th,2020-10-29,ddPCRclust_control_projected,control-projected sensitivity using ddPCRclust input geometry,11180,11146,1345,9794,0,7,34,0,7,9801,ok,NA,"{""source"":""control_geometry"",""package_input"":""ddPCRclust""}"
2020-10-29_SNV_E200K,E200K,E04,CJD17-30_th,biological_sample,17_30_th,2020-10-29,ddPCRclust_control_projected,control-projected sensitivity using ddPCRclust input geometry,13086,13065,571,12466,0,28,21,0,28,12494,ok,NA,"{""source"":""control_geometry"",""package_input"":""ddPCRclust""}"
2020-10-29_SNV_E200K,E200K,E06,CJD18-1_bg,biological_sample,18_1_bg,2020-10-29,ddPCRclust_control_projected,control-projected sensitivity using ddPCRclust input geometry,13132,13018,548,12378,0,92,114,0,92,12470,ok,NA,"{""source"":""control_geometry"",""package_input"":""ddPCRclust""}"
2020-10-29_SNV_E200K,E200K,E08,CJD17-32_sn,biological_sample,17_32_sn,2020-10-29,ddPCRclust_control_projected,control-projected sensitivity using ddPCRclust input geometry,14291,14214,152,14043,0,19,77,0,19,14062,ok,NA,"{""source"":""control_geometry"",""package_input"":""ddPCRclust""}"
2020-10-29_SNV_E200K,E200K,E10,CJD18-5_sn,biological_sample,18_5_sn,2020-10-29,ddPCRclust_control_projected,control-projected sensitivity using ddPCRclust input geometry,13395,13243,63,13171,0,9,152,0,9,13180,ok,NA,"{""source"":""control_geometry"",""package_input"":""ddPCRclust""}"
2020-10-29_SNV_E200K,E200K,F02,NTC,NTC,ntc,2020-10-29,ddPCRclust_control_projected,control-projected sensitivity using ddPCRclust input geometry,13650,13564,13561,0,0,3,86,0,3,3,ok,NA,"{""source"":""control_geometry"",""package_input"":""ddPCRclust""}"
2020-10-29_SNV_E200K,E200K,F06,CJD18-1_cb,biological_sample,18_1_cb,2020-10-29,ddPCRclust_control_projected,control-projected sensitivity using ddPCRclust input geometry,12889,12765,2498,10227,0,40,124,0,40,10267,ok,NA,"{""source"":""control_geometry"",""package_input"":""ddPCRclust""}"
2020-10-29_SNV_E200K,E200K,F08,CJD17-32_th,biological_sample,17_32_th,2020-10-29,ddPCRclust_control_projected,control-projected sensitivity using ddPCRclust input geometry,13285,13206,1100,12097,0,9,79,0,9,12106,ok,NA,"{""source"":""control_geometry"",""package_input"":""ddPCRclust""}"
2020-10-29_SNV_E200K,E200K,G02,WT,WT_control,wt,2020-10-29,ddPCRclust_control_projected,control-projected sensitivity using ddPCRclust input geometry,11366,10034,3892,6136,0,6,1332,0,6,6142,ok,NA,"{""source"":""control_geometry"",""package_input"":""ddPCRclust""}"
2020-10-29_SNV_E200K,E200K,G06,CJD18-1_fr,biological_sample,18_1_fr,2020-10-29,ddPCRclust_control_projected,control-projected sensitivity using ddPCRclust input geometry,11326,11107,206,10862,0,39,219,0,39,10901,ok,NA,"{""source"":""control_geometry"",""package_input"":""ddPCRclust""}"
2020-10-29_SNV_E200K,E200K,H02,E200K-mut,positive_control,,2020-10-29,ddPCRclust_control_projected,control-projected sensitivity using ddPCRclust input geometry,11907,11838,10989,419,412,18,69,0,430,437,ok,NA,"{""source"":""control_geometry"",""package_input"":""ddPCRclust""}"
2020-10-29_SNV_E200K,E200K,H06,CJD18-1_hc,biological_sample,18_1_hc,2020-10-29,ddPCRclust_control_projected,control-projected sensitivity using ddPCRclust input geometry,12868,12780,353,12409,0,18,88,0,18,12427,ok,NA,"{""source"":""control_geometry"",""package_input"":""ddPCRclust""}"
2020-11-05_SNV_E200K,E200K,A02,CJD17-15_fr,biological_sample,17_15_fr,2020-11-05,ddPCRclust_control_projected,control-projected sensitivity using ddPCRclust input geometry,16280,16239,688,15546,0,5,41,0,5,15551,ok,NA,"{""source"":""control_geometry"",""package_input"":""ddPCRclust""}"
2020-11-05_SNV_E200K,E200K,A06,CJD17-11_bg,biological_sample,17_11_bg,2020-11-05,ddPCRclust_control_projected,control-projected sensitivity using ddPCRclust input geometry,16346,16326,609,15709,0,8,20,0,8,15717,ok,NA,"{""source"":""control_geometry"",""package_input"":""ddPCRclust""}"
2020-11-05_SNV_E200K,E200K,A08,CJD17-5_cb,biological_sample,17_5_cb,2020-11-05,ddPCRclust_control_projected,control-projected sensitivity using ddPCRclust input geometry,17239,17232,4,17227,0,1,7,0,1,17228,ok,NA,"{""source"":""control_geometry"",""package_input"":""ddPCRclust""}"
2020-11-05_SNV_E200K,E200K,A10,CJD17-34_bg,biological_sample,17_34_bg,2020-11-05,ddPCRclust_control_projected,control-projected sensitivity using ddPCRclust input geometry,18086,18064,8,18049,0,7,22,0,7,18056,ok,NA,"{""source"":""control_geometry"",""package_input"":""ddPCRclust""}"
2020-11-05_SNV_E200K,E200K,B04,CJD17-13_cb,biological_sample,17_13_cb,2020-11-05,ddPCRclust_control_projected,control-projected sensitivity using ddPCRclust input geometry,17651,17629,5,17621,0,3,22,0,3,17624,ok,NA,"{""source"":""control_geometry"",""package_input"":""ddPCRclust""}"
2020-11-05_SNV_E200K,E200K,B08,CJD17-5_fr,biological_sample,17_5_fr,2020-11-05,ddPCRclust_control_projected,control-projected sensitivity using ddPCRclust input geometry,17254,17248,1,17243,0,4,6,0,4,17247,ok,NA,"{""source"":""control_geometry"",""package_input"":""ddPCRclust""}"
2020-11-05_SNV_E200K,E200K,C04,CJD17-13_hc,biological_sample,17_13_hc,2020-11-05,ddPCRclust_control_projected,control-projected sensitivity using ddPCRclust input geometry,18511,18494,38,18452,0,4,17,0,4,18456,ok,NA,"{""source"":""control_geometry"",""package_input"":""ddPCRclust""}"
2020-11-05_SNV_E200K,E200K,C06,CJD17-11_fr,biological_sample,17_11_fr,2020-11-05,ddPCRclust_control_projected,control-projected sensitivity using ddPCRclust input geometry,16615,16600,3,16595,0,2,15,0,2,16597,ok,NA,"{""source"":""control_geometry"",""package_input"":""ddPCRclust""}"
2020-11-05_SNV_E200K,E200K,C08,CJD17-5_th,biological_sample,17_5_th,2020-11-05,ddPCRclust_control_projected,control-projected sensitivity using ddPCRclust input geometry,17964,17959,9,17928,0,22,5,0,22,17950,ok,NA,"{""source"":""control_geometry"",""package_input"":""ddPCRclust""}"
2020-11-05_SNV_E200K,E200K,C10,CJD17-34_fr,biological_sample,17_34_fr,2020-11-05,ddPCRclust_control_projected,control-projected sensitivity using ddPCRclust input geometry,14297,14290,1,14275,0,14,7,0,14,14289,ok,NA,"{""source"":""control_geometry"",""package_input"":""ddPCRclust""}"
2020-11-05_SNV_E200K,E200K,D04,CJD17-13_sn,biological_sample,17_13_sn,2020-11-05,ddPCRclust_control_projected,control-projected sensitivity using ddPCRclust input geometry,18002,17962,17,17814,0,131,40,0,131,17945,ok,NA,"{""source"":""control_geometry"",""package_input"":""ddPCRclust""}"
2020-11-05_SNV_E200K,E200K,D06,CJD17-11_hc,biological_sample,17_11_hc,2020-11-05,ddPCRclust_control_projected,control-projected sensitivity using ddPCRclust input geometry,17463,17459,234,17217,0,8,4,0,8,17225,ok,NA,"{""source"":""control_geometry"",""package_input"":""ddPCRclust""}"
2020-11-05_SNV_E200K,E200K,D08,CJD17-8_bg,biological_sample,17_8_bg,2020-11-05,ddPCRclust_control_projected,control-projected sensitivity using ddPCRclust input geometry,17347,17323,89,17226,0,8,24,0,8,17234,ok,NA,"{""source"":""control_geometry"",""package_input"":""ddPCRclust""}"
2020-11-05_SNV_E200K,E200K,E02,CJD17-15_th,biological_sample,17_15_th,2020-11-05,ddPCRclust_control_projected,control-projected sensitivity using ddPCRclust input geometry,17152,17127,711,16333,0,83,25,0,83,16416,ok,NA,"{""source"":""control_geometry"",""package_input"":""ddPCRclust""}"
2020-11-05_SNV_E200K,E200K,E04,CJD17-13_th,biological_sample,17_13_th,2020-11-05,ddPCRclust_control_projected,control-projected sensitivity using ddPCRclust input geometry,16059,15948,200,15623,0,125,111,0,125,15748,ok,NA,"{""source"":""control_geometry"",""package_input"":""ddPCRclust""}"
2020-11-05_SNV_E200K,E200K,E06,CJD17-12_bg,biological_sample,17_12_bg,2020-11-05,ddPCRclust_control_projected,control-projected sensitivity using ddPCRclust input geometry,17300,17270,50,17209,0,11,30,0,11,17220,ok,NA,"{""source"":""control_geometry"",""package_input"":""ddPCRclust""}"
2020-11-05_SNV_E200K,E200K,F02,NTC,NTC,ntc,2020-11-05,ddPCRclust_control_projected,control-projected sensitivity using ddPCRclust input geometry,15765,15759,15759,0,0,0,6,0,0,0,ok,NA,"{""source"":""control_geometry"",""package_input"":""ddPCRclust""}"
2020-11-05_SNV_E200K,E200K,F06,CJD17-12_fr,biological_sample,17_12_fr,2020-11-05,ddPCRclust_control_projected,control-projected sensitivity using ddPCRclust input geometry,17213,17184,310,16860,0,14,29,0,14,16874,ok,NA,"{""source"":""control_geometry"",""package_input"":""ddPCRclust""}"
2020-11-05_SNV_E200K,E200K,G02,WT,WT_control,wt,2020-11-05,ddPCRclust_control_projected,control-projected sensitivity using ddPCRclust input geometry,16316,16271,5445,10820,2,4,45,0,6,10824,ok,NA,"{""source"":""control_geometry"",""package_input"":""ddPCRclust""}"
2020-11-05_SNV_E200K,E200K,G06,CJD17-12_sn,biological_sample,17_12_sn,2020-11-05,ddPCRclust_control_projected,control-projected sensitivity using ddPCRclust input geometry,18481,18466,6,18459,0,1,15,0,1,18460,ok,NA,"{""source"":""control_geometry"",""package_input"":""ddPCRclust""}"
2020-11-05_SNV_E200K,E200K,H02,E200K-mut,positive_control,,2020-11-05,ddPCRclust_control_projected,control-projected sensitivity using ddPCRclust input geometry,17166,17077,12613,2012,2120,332,89,0,2452,2344,ok,NA,"{""source"":""control_geometry"",""package_input"":""ddPCRclust""}"
2020-11-24_SNV_E200K,E200K,A02,CJD17-30_bg_E200K,biological_sample,17_30_bg,2020-11-24,ddPCRclust_control_projected,control-projected sensitivity using ddPCRclust input geometry,15801,15788,55,15718,0,15,13,0,15,15733,ok,NA,"{""source"":""control_geometry"",""package_input"":""ddPCRclust""}"
2020-11-24_SNV_E200K,E200K,A08,CJD18-5_bg_E200K,biological_sample,18_5_bg,2020-11-24,ddPCRclust_control_projected,control-projected sensitivity using ddPCRclust input geometry,15922,15859,538,15308,0,13,63,0,13,15321,ok,NA,"{""source"":""control_geometry"",""package_input"":""ddPCRclust""}"
2020-11-24_SNV_E200K,E200K,B02,CJD17-30_fr_E200K,biological_sample,17_30_fr,2020-11-24,ddPCRclust_control_projected,control-projected sensitivity using ddPCRclust input geometry,16494,16477,182,16268,0,27,17,0,27,16295,ok,NA,"{""source"":""control_geometry"",""package_input"":""ddPCRclust""}"
2020-11-24_SNV_E200K,E200K,B06,CJD17-15_cb_E200K,biological_sample,17_15_cb,2020-11-24,ddPCRclust_control_projected,control-projected sensitivity using ddPCRclust input geometry,17688,17581,80,17381,0,120,107,0,120,17501,ok,NA,"{""source"":""control_geometry"",""package_input"":""ddPCRclust""}"
2020-11-24_SNV_E200K,E200K,C02,CJD17-30_hc_E200K,biological_sample,17_30_hc,2020-11-24,ddPCRclust_control_projected,control-projected sensitivity using ddPCRclust input geometry,17046,17019,3912,13099,0,8,27,0,8,13107,ok,NA,"{""source"":""control_geometry"",""package_input"":""ddPCRclust""}"
2020-11-24_SNV_E200K,E200K,D02,CJD17-30_sn_E200K,biological_sample,17_30_sn,2020-11-24,ddPCRclust_control_projected,control-projected sensitivity using ddPCRclust input geometry,17369,17349,1133,16207,0,9,20,0,9,16216,ok,NA,"{""source"":""control_geometry"",""package_input"":""ddPCRclust""}"
2020-11-24_SNV_E200K,E200K,D10,CJD17-34_sn_E200K,biological_sample,17_34_sn,2020-11-24,ddPCRclust_control_projected,control-projected sensitivity using ddPCRclust input geometry,18613,18529,43,18443,0,43,84,0,43,18486,ok,NA,"{""source"":""control_geometry"",""package_input"":""ddPCRclust""}"
2020-11-24_SNV_E200K,E200K,F02,NTC_E200K,NTC,ntc,2020-11-24,ddPCRclust_control_projected,control-projected sensitivity using ddPCRclust input geometry,16821,16788,16784,3,0,1,33,0,1,4,ok,NA,"{""source"":""control_geometry"",""package_input"":""ddPCRclust""}"
2020-11-24_SNV_E200K,E200K,G02,WT_E200K,WT_control,wt,2020-11-24,ddPCRclust_control_projected,control-projected sensitivity using ddPCRclust input geometry,16266,16253,2349,13893,0,11,13,0,11,13904,ok,NA,"{""source"":""control_geometry"",""package_input"":""ddPCRclust""}"
2020-11-24_SNV_E200K,E200K,H02,E200K_mut,positive_control,,2020-11-24,ddPCRclust_control_projected,control-projected sensitivity using ddPCRclust input geometry,15464,15439,11498,1871,1788,282,25,0,2070,2153,ok,NA,"{""source"":""control_geometry"",""package_input"":""ddPCRclust""}"
2021-01-26_SNV_E200K,E200K,A02,NTC,NTC,ntc,2021-01-26,ddPCRclust_control_projected,control-projected sensitivity using ddPCRclust input geometry,10668,10657,10657,0,0,0,11,0,0,0,ok,NA,"{""source"":""control_geometry"",""package_input"":""ddPCRclust""}"
2021-01-26_SNV_E200K,E200K,A05,924486-th,biological_sample,924486_th,2021-01-26,ddPCRclust_control_projected,control-projected sensitivity using ddPCRclust input geometry,13049,12917,1075,11831,0,11,132,0,11,11842,ok,NA,"{""source"":""control_geometry"",""package_input"":""ddPCRclust""}"
2021-01-26_SNV_E200K,E200K,B02,E200K-mut,positive_control,,2021-01-26,ddPCRclust_control_projected,control-projected sensitivity using ddPCRclust input geometry,12474,12330,10220,1021,955,134,144,0,1089,1155,ok,NA,"{""source"":""control_geometry"",""package_input"":""ddPCRclust""}"
2021-01-26_SNV_E200K,E200K,B05,953891-bg,biological_sample,953891_bg,2021-01-26,ddPCRclust_control_projected,control-projected sensitivity using ddPCRclust input geometry,12019,11819,383,11433,0,3,200,0,3,11436,ok,NA,"{""source"":""control_geometry"",""package_input"":""ddPCRclust""}"
2021-01-26_SNV_E200K,E200K,B08,955427-cb,biological_sample,955427_cb,2021-01-26,ddPCRclust_control_projected,control-projected sensitivity using ddPCRclust input geometry,13528,13441,235,13203,0,3,87,0,3,13206,ok,NA,"{""source"":""control_geometry"",""package_input"":""ddPCRclust""}"
2021-01-26_SNV_E200K,E200K,C02,WT,WT_control,wt,2021-01-26,ddPCRclust_control_projected,control-projected sensitivity using ddPCRclust input geometry,12252,11805,2564,9224,0,17,447,0,17,9241,ok,NA,"{""source"":""control_geometry"",""package_input"":""ddPCRclust""}"
2021-01-26_SNV_E200K,E200K,C05,953891-cb,biological_sample,953891_cb,2021-01-26,ddPCRclust_control_projected,control-projected sensitivity using ddPCRclust input geometry,14774,14538,321,14197,0,20,236,0,20,14217,ok,NA,"{""source"":""control_geometry"",""package_input"":""ddPCRclust""}"
2021-01-26_SNV_E200K,E200K,C08,955427-fr,biological_sample,955427_fr,2021-01-26,ddPCRclust_control_projected,control-projected sensitivity using ddPCRclust input geometry,12785,12693,458,12225,0,10,92,0,10,12235,ok,NA,"{""source"":""control_geometry"",""package_input"":""ddPCRclust""}"
2021-01-26_SNV_E200K,E200K,D02,924486-bg,biological_sample,924486_bg,2021-01-26,ddPCRclust_control_projected,control-projected sensitivity using ddPCRclust input geometry,12149,11464,609,10816,0,39,685,0,39,10855,ok,NA,"{""source"":""control_geometry"",""package_input"":""ddPCRclust""}"
2021-01-26_SNV_E200K,E200K,D05,953891-fr,biological_sample,953891_fr,2021-01-26,ddPCRclust_control_projected,control-projected sensitivity using ddPCRclust input geometry,14933,14623,411,14205,0,7,310,0,7,14212,ok,NA,"{""source"":""control_geometry"",""package_input"":""ddPCRclust""}"
2021-01-26_SNV_E200K,E200K,D08,955427-hc,biological_sample,955427_hc,2021-01-26,ddPCRclust_control_projected,control-projected sensitivity using ddPCRclust input geometry,13935,13361,73,13272,0,16,574,0,16,13288,ok,NA,"{""source"":""control_geometry"",""package_input"":""ddPCRclust""}"
2021-01-26_SNV_E200K,E200K,E02,924486-cb,biological_sample,924486_cb,2021-01-26,ddPCRclust_control_projected,control-projected sensitivity using ddPCRclust input geometry,11569,11259,929,10300,0,30,310,0,30,10330,ok,NA,"{""source"":""control_geometry"",""package_input"":""ddPCRclust""}"
2021-01-26_SNV_E200K,E200K,E08,955427-sn,biological_sample,955427_sn,2021-01-26,ddPCRclust_control_projected,control-projected sensitivity using ddPCRclust input geometry,13898,13808,110,13691,0,7,90,0,7,13698,ok,NA,"{""source"":""control_geometry"",""package_input"":""ddPCRclust""}"
2021-01-26_SNV_E200K,E200K,F02,924486-fr,biological_sample,924486_fr,2021-01-26,ddPCRclust_control_projected,control-projected sensitivity using ddPCRclust input geometry,13045,12781,819,11940,0,22,264,0,22,11962,ok,NA,"{""source"":""control_geometry"",""package_input"":""ddPCRclust""}"
2021-01-26_SNV_E200K,E200K,F05,953891-sn,biological_sample,953891_sn,2021-01-26,ddPCRclust_control_projected,control-projected sensitivity using ddPCRclust input geometry,14240,13793,421,13352,0,20,447,0,20,13372,ok,NA,"{""source"":""control_geometry"",""package_input"":""ddPCRclust""}"
2021-01-26_SNV_E200K,E200K,F08,955427-th,biological_sample,955427_th,2021-01-26,ddPCRclust_control_projected,control-projected sensitivity using ddPCRclust input geometry,14242,14141,180,13940,0,21,101,0,21,13961,ok,NA,"{""source"":""control_geometry"",""package_input"":""ddPCRclust""}"
2021-01-26_SNV_E200K,E200K,G02,924486-hc,biological_sample,924486_hc,2021-01-26,ddPCRclust_control_projected,control-projected sensitivity using ddPCRclust input geometry,12906,12588,1104,11459,0,25,318,0,25,11484,ok,NA,"{""source"":""control_geometry"",""package_input"":""ddPCRclust""}"
2021-01-26_SNV_E200K,E200K,G05,953891-th,biological_sample,953891_th,2021-01-26,ddPCRclust_control_projected,control-projected sensitivity using ddPCRclust input geometry,14758,14369,542,13808,0,19,389,0,19,13827,ok,NA,"{""source"":""control_geometry"",""package_input"":""ddPCRclust""}"
2021-01-26_SNV_E200K,E200K,G08,929474-bg,biological_sample,929474_bg,2021-01-26,ddPCRclust_control_projected,control-projected sensitivity using ddPCRclust input geometry,14003,13875,231,13635,0,9,128,0,9,13644,ok,NA,"{""source"":""control_geometry"",""package_input"":""ddPCRclust""}"
2021-01-26_SNV_E200K,E200K,H02,924486-sn,biological_sample,924486_sn,2021-01-26,ddPCRclust_control_projected,control-projected sensitivity using ddPCRclust input geometry,13762,12475,865,11473,0,137,1287,0,137,11610,ok,NA,"{""source"":""control_geometry"",""package_input"":""ddPCRclust""}"
2021-01-26_SNV_E200K,E200K,H05,18-5-th,biological_sample,18_5_th,2021-01-26,ddPCRclust_control_projected,control-projected sensitivity using ddPCRclust input geometry,15754,14940,1295,13612,0,33,814,0,33,13645,ok,NA,"{""source"":""control_geometry"",""package_input"":""ddPCRclust""}"
2021-01-26_SNV_E200K,E200K,H08,929474-cb,biological_sample,929474_cb,2021-01-26,ddPCRclust_control_projected,control-projected sensitivity using ddPCRclust input geometry,13321,12616,165,12403,0,48,705,0,48,12451,ok,NA,"{""source"":""control_geometry"",""package_input"":""ddPCRclust""}"
2021-02-17_SNV_E200K,E200K,A02,NTC,NTC,ntc,2021-02-17,ddPCRclust_control_projected,control-projected sensitivity using ddPCRclust input geometry,15981,15980,15980,0,0,0,1,0,0,0,ok,NA,"{""source"":""control_geometry"",""package_input"":""ddPCRclust""}"
2021-02-17_SNV_E200K,E200K,A05,CJD-933892-hc,biological_sample,933892_hc,2021-02-17,ddPCRclust_control_projected,control-projected sensitivity using ddPCRclust input geometry,16200,16167,705,15448,0,14,33,0,14,15462,ok,NA,"{""source"":""control_geometry"",""package_input"":""ddPCRclust""}"
2021-02-17_SNV_E200K,E200K,A08,E200K-mut,positive_control,,2021-02-17,ddPCRclust_control_projected,control-projected sensitivity using ddPCRclust input geometry,18335,18213,17120,532,503,58,122,0,561,590,ok,NA,"{""source"":""control_geometry"",""package_input"":""ddPCRclust""}"
2021-02-17_SNV_E200K,E200K,B02,WT,WT_control,wt,2021-02-17,ddPCRclust_control_projected,control-projected sensitivity using ddPCRclust input geometry,14214,14205,264,13936,0,5,9,0,5,13941,ok,NA,"{""source"":""control_geometry"",""package_input"":""ddPCRclust""}"
2021-02-17_SNV_E200K,E200K,B05,CJD-933892-sn,biological_sample,933892_sn,2021-02-17,ddPCRclust_control_projected,control-projected sensitivity using ddPCRclust input geometry,16615,16568,2916,13635,0,17,47,0,17,13652,ok,NA,"{""source"":""control_geometry"",""package_input"":""ddPCRclust""}"
2021-02-17_SNV_E200K,E200K,B08,CJD-18-24-th,biological_sample,18_24_th,2021-02-17,ddPCRclust_control_projected,control-projected sensitivity using ddPCRclust input geometry,17770,17743,923,16806,0,14,27,0,14,16820,ok,NA,"{""source"":""control_geometry"",""package_input"":""ddPCRclust""}"
2021-02-17_SNV_E200K,E200K,C02,CJD-943497-hc,biological_sample,943497_hc,2021-02-17,ddPCRclust_control_projected,control-projected sensitivity using ddPCRclust input geometry,15639,15623,468,15148,0,7,16,0,7,15155,ok,NA,"{""source"":""control_geometry"",""package_input"":""ddPCRclust""}"
2021-02-17_SNV_E200K,E200K,C05,CJD-933892-th,biological_sample,933892_th,2021-02-17,ddPCRclust_control_projected,control-projected sensitivity using ddPCRclust input geometry,16516,16502,356,16135,0,11,14,0,11,16146,ok,NA,"{""source"":""control_geometry"",""package_input"":""ddPCRclust""}"
2021-02-17_SNV_E200K,E200K,C08,CJD-955427-bg,biological_sample,955427_bg,2021-02-17,ddPCRclust_control_projected,control-projected sensitivity using ddPCRclust input geometry,15918,15652,3036,11925,0,691,266,0,691,12616,ok,NA,"{""source"":""control_geometry"",""package_input"":""ddPCRclust""}"
2021-02-17_SNV_E200K,E200K,D02,CJD-943497-sn,biological_sample,943497_sn,2021-02-17,ddPCRclust_control_projected,control-projected sensitivity using ddPCRclust input geometry,14593,14582,151,14427,0,4,11,0,4,14431,ok,NA,"{""source"":""control_geometry"",""package_input"":""ddPCRclust""}"
2021-02-17_SNV_E200K,E200K,D05,CJD-18-31-hc,biological_sample,18_31_hc,2021-02-17,ddPCRclust_control_projected,control-projected sensitivity using ddPCRclust input geometry,16078,15995,3382,12582,2,29,83,0,31,12611,ok,NA,"{""source"":""control_geometry"",""package_input"":""ddPCRclust""}"
2021-02-17_SNV_E200K,E200K,E05,CJD-18-31-th,biological_sample,18_31_th,2021-02-17,ddPCRclust_control_projected,control-projected sensitivity using ddPCRclust input geometry,16425,16320,2983,13322,0,15,105,0,15,13337,ok,NA,"{""source"":""control_geometry"",""package_input"":""ddPCRclust""}"
2021-02-17_SNV_E200K,E200K,F05,CJD-17-32-cb,biological_sample,17_32_cb,2021-02-17,ddPCRclust_control_projected,control-projected sensitivity using ddPCRclust input geometry,15586,15574,3670,11897,0,7,12,0,7,11904,ok,NA,"{""source"":""control_geometry"",""package_input"":""ddPCRclust""}"
2021-02-17_SNV_E200K,E200K,G02,CJD-933892-cb,biological_sample,933892_cb,2021-02-17,ddPCRclust_control_projected,control-projected sensitivity using ddPCRclust input geometry,14752,14726,907,13813,0,6,26,0,6,13819,ok,NA,"{""source"":""control_geometry"",""package_input"":""ddPCRclust""}"
2021-02-17_SNV_E200K,E200K,G05,CJD-17-30-cb,biological_sample,17_30_cb,2021-02-17,ddPCRclust_control_projected,control-projected sensitivity using ddPCRclust input geometry,17220,17157,2578,14566,0,13,63,0,13,14579,ok,NA,"{""source"":""control_geometry"",""package_input"":""ddPCRclust""}"
2021-02-17_SNV_E200K,E200K,H02,CJD-933892-fr,biological_sample,933892_fr,2021-02-17,ddPCRclust_control_projected,control-projected sensitivity using ddPCRclust input geometry,15542,15528,431,15086,0,11,14,0,11,15097,ok,NA,"{""source"":""control_geometry"",""package_input"":""ddPCRclust""}"
2021-02-17_SNV_E200K,E200K,H05,CJD-17-31-cb,biological_sample,17_31_cb,2021-02-17,ddPCRclust_control_projected,control-projected sensitivity using ddPCRclust input geometry,16235,16161,2842,13299,0,20,74,0,20,13319,ok,NA,"{""source"":""control_geometry"",""package_input"":""ddPCRclust""}"
2021-02-18_SNV_E200K,E200K,A02,NTC,NTC,ntc,2021-02-18,ddPCRclust_control_projected,control-projected sensitivity using ddPCRclust input geometry,14208,14135,14113,22,0,0,73,0,0,22,ok,NA,"{""source"":""control_geometry"",""package_input"":""ddPCRclust""}"
2021-02-18_SNV_E200K,E200K,A05,E200K-mut,positive_control,,2021-02-18,ddPCRclust_control_projected,control-projected sensitivity using ddPCRclust input geometry,18258,18059,16876,619,532,32,199,0,564,651,ok,NA,"{""source"":""control_geometry"",""package_input"":""ddPCRclust""}"
2021-02-18_SNV_E200K,E200K,A08,CJD-238501-cb,biological_sample,238501_cb,2021-02-18,ddPCRclust_control_projected,control-projected sensitivity using ddPCRclust input geometry,16047,15971,4669,11300,0,2,76,0,2,11302,ok,NA,"{""source"":""control_geometry"",""package_input"":""ddPCRclust""}"
2021-02-18_SNV_E200K,E200K,B02,WT,WT_control,wt,2021-02-18,ddPCRclust_control_projected,control-projected sensitivity using ddPCRclust input geometry,15501,15396,4917,10464,0,15,105,0,15,10479,ok,NA,"{""source"":""control_geometry"",""package_input"":""ddPCRclust""}"
2021-02-18_SNV_E200K,E200K,B08,CJD-238501-fr,biological_sample,238501_fr,2021-02-18,ddPCRclust_control_projected,control-projected sensitivity using ddPCRclust input geometry,15285,15271,565,14699,0,7,14,0,7,14706,ok,NA,"{""source"":""control_geometry"",""package_input"":""ddPCRclust""}"
2021-02-18_SNV_E200K,E200K,C02,CJD-15-1-bg,biological_sample,15_1_bg,2021-02-18,ddPCRclust_control_projected,control-projected sensitivity using ddPCRclust input geometry,16352,16311,1038,15263,0,10,41,0,10,15273,ok,NA,"{""source"":""control_geometry"",""package_input"":""ddPCRclust""}"
2021-02-18_SNV_E200K,E200K,C05,CJD-953891-hc,biological_sample,953891_hc,2021-02-18,ddPCRclust_control_projected,control-projected sensitivity using ddPCRclust input geometry,17843,17697,4553,13134,0,10,146,0,10,13144,ok,NA,"{""source"":""control_geometry"",""package_input"":""ddPCRclust""}"
2021-02-18_SNV_E200K,E200K,C08,CJD-238501-hc,biological_sample,238501_hc,2021-02-18,ddPCRclust_control_projected,control-projected sensitivity using ddPCRclust input geometry,14773,14757,892,13857,0,8,16,0,8,13865,ok,NA,"{""source"":""control_geometry"",""package_input"":""ddPCRclust""}"
2021-02-18_SNV_E200K,E200K,D02,CJD-15-1-cb,biological_sample,15_1_cb,2021-02-18,ddPCRclust_control_projected,control-projected sensitivity using ddPCRclust input geometry,14953,14907,1116,13780,0,11,46,0,11,13791,ok,NA,"{""source"":""control_geometry"",""package_input"":""ddPCRclust""}"
2021-02-18_SNV_E200K,E200K,D05,CJD-15-27-fr,biological_sample,15_27_fr,2021-02-18,ddPCRclust_control_projected,control-projected sensitivity using ddPCRclust input geometry,17440,17325,5410,11906,0,9,115,0,9,11915,ok,NA,"{""source"":""control_geometry"",""package_input"":""ddPCRclust""}"
2021-02-18_SNV_E200K,E200K,D08,CJD-238501-sn,biological_sample,238501_sn,2021-02-18,ddPCRclust_control_projected,control-projected sensitivity using ddPCRclust input geometry,15024,14910,7201,7702,0,7,114,0,7,7709,ok,NA,"{""source"":""control_geometry"",""package_input"":""ddPCRclust""}"
2021-02-18_SNV_E200K,E200K,E02,CJD-15-1-th,biological_sample,15_1_th,2021-02-18,ddPCRclust_control_projected,control-projected sensitivity using ddPCRclust input geometry,15753,15658,3268,12381,0,9,95,0,9,12390,ok,NA,"{""source"":""control_geometry"",""package_input"":""ddPCRclust""}"
2021-02-18_SNV_E200K,E200K,E05,CJD-929474-fr,biological_sample,929474_fr,2021-02-18,ddPCRclust_control_projected,control-projected sensitivity using ddPCRclust input geometry,16327,16298,1700,14589,0,9,29,0,9,14598,ok,NA,"{""source"":""control_geometry"",""package_input"":""ddPCRclust""}"
2021-02-18_SNV_E200K,E200K,E08,CJD-238501-th,biological_sample,238501_th,2021-02-18,ddPCRclust_control_projected,control-projected sensitivity using ddPCRclust input geometry,15368,15350,742,14597,1,10,18,0,11,14607,ok,NA,"{""source"":""control_geometry"",""package_input"":""ddPCRclust""}"
2021-02-18_SNV_E200K,E200K,F05,CJD-929474-hc,biological_sample,929474_hc,2021-02-18,ddPCRclust_control_projected,control-projected sensitivity using ddPCRclust input geometry,18542,18516,1305,17197,1,13,26,0,14,17210,ok,NA,"{""source"":""control_geometry"",""package_input"":""ddPCRclust""}"
2021-02-18_SNV_E200K,E200K,F08,CJD-943497-bg,biological_sample,943497_bg,2021-02-18,ddPCRclust_control_projected,control-projected sensitivity using ddPCRclust input geometry,12392,12372,1970,10393,0,9,20,0,9,10402,ok,NA,"{""source"":""control_geometry"",""package_input"":""ddPCRclust""}"
2021-02-18_SNV_E200K,E200K,G08,CJD-943497-cb,biological_sample,943497_cb,2021-02-18,ddPCRclust_control_projected,control-projected sensitivity using ddPCRclust input geometry,12225,12210,794,11408,0,8,15,0,8,11416,ok,NA,"{""source"":""control_geometry"",""package_input"":""ddPCRclust""}"
2021-02-18_SNV_E200K,E200K,H02,CJD-17-12-th,biological_sample,17_12_th,2021-02-18,ddPCRclust_control_projected,control-projected sensitivity using ddPCRclust input geometry,13815,13805,11,13791,0,3,10,0,3,13794,ok,NA,"{""source"":""control_geometry"",""package_input"":""ddPCRclust""}"
2021-02-18_SNV_E200K,E200K,H05,CJD-238501-bg,biological_sample,238501_bg,2021-02-18,ddPCRclust_control_projected,control-projected sensitivity using ddPCRclust input geometry,17375,17358,172,17174,0,12,17,0,12,17186,ok,NA,"{""source"":""control_geometry"",""package_input"":""ddPCRclust""}"
2021-02-18_SNV_E200K,E200K,H08,CJD-943497-fr,biological_sample,943497_fr,2021-02-18,ddPCRclust_control_projected,control-projected sensitivity using ddPCRclust input geometry,11904,11877,948,10920,0,9,27,0,9,10929,ok,NA,"{""source"":""control_geometry"",""package_input"":""ddPCRclust""}"
2021-03-29_SNV_E200K,E200K,A02,NTC,NTC,ntc,2021-03-29,ddPCRclust_control_projected,control-projected sensitivity using ddPCRclust input geometry,14666,14646,14644,1,0,1,20,0,1,2,ok,NA,"{""source"":""control_geometry"",""package_input"":""ddPCRclust""}"
2021-03-29_SNV_E200K,E200K,A05,17-11-sn,biological_sample,17_11_sn,2021-03-29,ddPCRclust_control_projected,control-projected sensitivity using ddPCRclust input geometry,14532,14530,49,14477,0,4,2,0,4,14481,ok,NA,"{""source"":""control_geometry"",""package_input"":""ddPCRclust""}"
2021-03-29_SNV_E200K,E200K,A08,17-8-sn,biological_sample,17_8_sn,2021-03-29,ddPCRclust_control_projected,control-projected sensitivity using ddPCRclust input geometry,16023,16004,296,15703,0,5,19,0,5,15708,ok,NA,"{""source"":""control_geometry"",""package_input"":""ddPCRclust""}"
2021-03-29_SNV_E200K,E200K,A11,14-2-hc,biological_sample,14_2_hc,2021-03-29,ddPCRclust_control_projected,control-projected sensitivity using ddPCRclust input geometry,16236,16209,138,1763,1288,13020,27,0,14308,14783,ok,NA,"{""source"":""control_geometry"",""package_input"":""ddPCRclust""}"
2021-03-29_SNV_E200K,E200K,B02,WT,WT_control,wt,2021-03-29,ddPCRclust_control_projected,control-projected sensitivity using ddPCRclust input geometry,14000,13977,3435,10539,1,2,23,0,3,10541,ok,NA,"{""source"":""control_geometry"",""package_input"":""ddPCRclust""}"
2021-03-29_SNV_E200K,E200K,B05,17-11-th,biological_sample,17_11_th,2021-03-29,ddPCRclust_control_projected,control-projected sensitivity using ddPCRclust input geometry,15874,15863,306,15551,0,6,11,0,6,15557,ok,NA,"{""source"":""control_geometry"",""package_input"":""ddPCRclust""}"
2021-03-29_SNV_E200K,E200K,B08,17-8-th,biological_sample,17_8_th,2021-03-29,ddPCRclust_control_projected,control-projected sensitivity using ddPCRclust input geometry,16899,16892,85,16800,0,7,7,0,7,16807,ok,NA,"{""source"":""control_geometry"",""package_input"":""ddPCRclust""}"
2021-03-29_SNV_E200K,E200K,B11,14-2-sn,biological_sample,14_2_sn,2021-03-29,ddPCRclust_control_projected,control-projected sensitivity using ddPCRclust input geometry,17660,17648,261,2336,1991,13060,12,0,15051,15396,ok,NA,"{""source"":""control_geometry"",""package_input"":""ddPCRclust""}"
2021-03-29_SNV_E200K,E200K,C02,E200K,positive_control,e200k,2021-03-29,ddPCRclust_control_projected,control-projected sensitivity using ddPCRclust input geometry,15900,15846,14097,885,828,36,54,0,864,921,ok,NA,"{""source"":""control_geometry"",""package_input"":""ddPCRclust""}"
2021-03-29_SNV_E200K,E200K,C05,17-12-cb,biological_sample,17_12_cb,2021-03-29,ddPCRclust_control_projected,control-projected sensitivity using ddPCRclust input geometry,16207,16204,144,16056,0,4,3,0,4,16060,ok,NA,"{""source"":""control_geometry"",""package_input"":""ddPCRclust""}"
2021-03-29_SNV_E200K,E200K,C08,17-34-bg,biological_sample,17_34_bg,2021-03-29,ddPCRclust_control_projected,control-projected sensitivity using ddPCRclust input geometry,15887,15874,394,15471,0,9,13,0,9,15480,ok,NA,"{""source"":""control_geometry"",""package_input"":""ddPCRclust""}"
2021-03-29_SNV_E200K,E200K,C11,14-2-th,biological_sample,14_2_th,2021-03-29,ddPCRclust_control_projected,control-projected sensitivity using ddPCRclust input geometry,18711,18705,64,1340,941,16360,6,0,17301,17700,ok,NA,"{""source"":""control_geometry"",""package_input"":""ddPCRclust""}"
2021-03-29_SNV_E200K,E200K,D02,17-31-fr,biological_sample,17_31_fr,2021-03-29,ddPCRclust_control_projected,control-projected sensitivity using ddPCRclust input geometry,15712,15699,1025,14661,1,12,13,0,13,14673,ok,NA,"{""source"":""control_geometry"",""package_input"":""ddPCRclust""}"
2021-03-29_SNV_E200K,E200K,D05,17-12-hc,biological_sample,17_12_hc,2021-03-29,ddPCRclust_control_projected,control-projected sensitivity using ddPCRclust input geometry,15756,15745,462,15276,0,7,11,0,7,15283,ok,NA,"{""source"":""control_geometry"",""package_input"":""ddPCRclust""}"
2021-03-29_SNV_E200K,E200K,D08,17-34-hc,biological_sample,17_34_hc,2021-03-29,ddPCRclust_control_projected,control-projected sensitivity using ddPCRclust input geometry,16484,16466,229,16223,0,14,18,0,14,16237,ok,NA,"{""source"":""control_geometry"",""package_input"":""ddPCRclust""}"
2021-03-29_SNV_E200K,E200K,D11,15-6-bg,biological_sample,15_6_bg,2021-03-29,ddPCRclust_control_projected,control-projected sensitivity using ddPCRclust input geometry,17330,17326,105,17203,0,18,4,0,18,17221,ok,NA,"{""source"":""control_geometry"",""package_input"":""ddPCRclust""}"
2021-03-29_SNV_E200K,E200K,E05,17-5-bg,biological_sample,17_5_bg,2021-03-29,ddPCRclust_control_projected,control-projected sensitivity using ddPCRclust input geometry,16882,16855,939,15910,0,6,27,0,6,15916,ok,NA,"{""source"":""control_geometry"",""package_input"":""ddPCRclust""}"
2021-03-29_SNV_E200K,E200K,E08,929474-th,biological_sample,929474_th,2021-03-29,ddPCRclust_control_projected,control-projected sensitivity using ddPCRclust input geometry,16694,16687,115,16558,0,14,7,0,14,16572,ok,NA,"{""source"":""control_geometry"",""package_input"":""ddPCRclust""}"
2021-03-29_SNV_E200K,E200K,E11,15-6-cb,biological_sample,15_6_cb,2021-03-29,ddPCRclust_control_projected,control-projected sensitivity using ddPCRclust input geometry,18391,18380,207,18159,0,14,11,0,14,18173,ok,NA,"{""source"":""control_geometry"",""package_input"":""ddPCRclust""}"
2021-03-29_SNV_E200K,E200K,F02,18-1-th,biological_sample,18_1_th,2021-03-29,ddPCRclust_control_projected,control-projected sensitivity using ddPCRclust input geometry,15818,15790,22,15759,0,9,28,0,9,15768,ok,NA,"{""source"":""control_geometry"",""package_input"":""ddPCRclust""}"
2021-03-29_SNV_E200K,E200K,F05,17-5-hc,biological_sample,17_5_hc,2021-03-29,ddPCRclust_control_projected,control-projected sensitivity using ddPCRclust input geometry,16309,16294,248,16036,0,10,15,0,10,16046,ok,NA,"{""source"":""control_geometry"",""package_input"":""ddPCRclust""}"
2021-03-29_SNV_E200K,E200K,F08,14-2-bg,biological_sample,14_2_bg,2021-03-29,ddPCRclust_control_projected,control-projected sensitivity using ddPCRclust input geometry,15547,15536,430,2201,2007,10898,11,0,12905,13099,ok,NA,"{""source"":""control_geometry"",""package_input"":""ddPCRclust""}"
2021-03-29_SNV_E200K,E200K,F11,15-6-fr,biological_sample,15_6_fr,2021-03-29,ddPCRclust_control_projected,control-projected sensitivity using ddPCRclust input geometry,15594,15586,695,14865,1,25,8,0,26,14890,ok,NA,"{""source"":""control_geometry"",""package_input"":""ddPCRclust""}"
2021-03-29_SNV_E200K,E200K,G02,17-13-fr,biological_sample,17_13_fr,2021-03-29,ddPCRclust_control_projected,control-projected sensitivity using ddPCRclust input geometry,15532,15521,241,15268,1,11,11,0,12,15279,ok,NA,"{""source"":""control_geometry"",""package_input"":""ddPCRclust""}"
2021-03-29_SNV_E200K,E200K,G05,17-5-sn,biological_sample,17_5_sn,2021-03-29,ddPCRclust_control_projected,control-projected sensitivity using ddPCRclust input geometry,17739,17712,808,16892,0,12,27,0,12,16904,ok,NA,"{""source"":""control_geometry"",""package_input"":""ddPCRclust""}"
2021-03-29_SNV_E200K,E200K,G08,14-2-cb,biological_sample,14_2_cb,2021-03-29,ddPCRclust_control_projected,control-projected sensitivity using ddPCRclust input geometry,15483,15463,892,2909,2752,8910,20,0,11662,11819,ok,NA,"{""source"":""control_geometry"",""package_input"":""ddPCRclust""}"
2021-03-29_SNV_E200K,E200K,G11,15-6-hc,biological_sample,15_6_hc,2021-03-29,ddPCRclust_control_projected,control-projected sensitivity using ddPCRclust input geometry,18387,18378,24,18337,0,17,9,0,17,18354,ok,NA,"{""source"":""control_geometry"",""package_input"":""ddPCRclust""}"
2021-03-29_SNV_E200K,E200K,H02,17-13-th,biological_sample,17_13_th,2021-03-29,ddPCRclust_control_projected,control-projected sensitivity using ddPCRclust input geometry,16185,16149,596,15538,1,14,36,0,15,15552,ok,NA,"{""source"":""control_geometry"",""package_input"":""ddPCRclust""}"
2021-03-29_SNV_E200K,E200K,H05,17-8-hc,biological_sample,17_8_hc,2021-03-29,ddPCRclust_control_projected,control-projected sensitivity using ddPCRclust input geometry,17333,17311,99,17204,0,8,22,0,8,17212,ok,NA,"{""source"":""control_geometry"",""package_input"":""ddPCRclust""}"
2021-03-29_SNV_E200K,E200K,H08,14-2-fr,biological_sample,14_2_fr,2021-03-29,ddPCRclust_control_projected,control-projected sensitivity using ddPCRclust input geometry,16039,16016,396,2263,2154,11203,23,0,13357,13466,ok,NA,"{""source"":""control_geometry"",""package_input"":""ddPCRclust""}"
2021-03-29_SNV_E200K,E200K,H11,15-6-sn,biological_sample,15_6_sn,2021-03-29,ddPCRclust_control_projected,control-projected sensitivity using ddPCRclust input geometry,18668,18612,8,18596,0,8,56,0,8,18604,ok,NA,"{""source"":""control_geometry"",""package_input"":""ddPCRclust""}"
2021-04-06_SNV_E200K,E200K,A02,NTC,NTC,ntc,2021-04-06,ddPCRclust_control_projected,control-projected sensitivity using ddPCRclust input geometry,15880,15769,15739,30,0,0,111,0,0,30,ok,NA,"{""source"":""control_geometry"",""package_input"":""ddPCRclust""}"
2021-04-06_SNV_E200K,E200K,A05,20-08-hc,biological_sample,20_08_hc,2021-04-06,ddPCRclust_control_projected,control-projected sensitivity using ddPCRclust input geometry,12664,12656,11,12636,0,9,8,0,9,12645,ok,NA,"{""source"":""control_geometry"",""package_input"":""ddPCRclust""}"
2021-04-06_SNV_E200K,E200K,B02,WT,WT_control,wt,2021-04-06,ddPCRclust_control_projected,control-projected sensitivity using ddPCRclust input geometry,14822,14783,4207,10566,0,10,39,0,10,10576,ok,NA,"{""source"":""control_geometry"",""package_input"":""ddPCRclust""}"
2021-04-06_SNV_E200K,E200K,B05,20-08-th,biological_sample,20_08_th,2021-04-06,ddPCRclust_control_projected,control-projected sensitivity using ddPCRclust input geometry,12346,12339,66,12266,0,7,7,0,7,12273,ok,NA,"{""source"":""control_geometry"",""package_input"":""ddPCRclust""}"
2021-04-06_SNV_E200K,E200K,C02,E200K,positive_control,e200k,2021-04-06,ddPCRclust_control_projected,control-projected sensitivity using ddPCRclust input geometry,14138,14099,5177,3376,3327,2219,39,0,5546,5595,ok,NA,"{""source"":""control_geometry"",""package_input"":""ddPCRclust""}"
2021-04-06_SNV_E200K,E200K,C05,15-27-bg,biological_sample,15_27_bg,2021-04-06,ddPCRclust_control_projected,control-projected sensitivity using ddPCRclust input geometry,14451,14446,660,13774,0,12,5,0,12,13786,ok,NA,"{""source"":""control_geometry"",""package_input"":""ddPCRclust""}"
2021-04-06_SNV_E200K,E200K,D02,17-20-hc,biological_sample,17_20_hc,2021-04-06,ddPCRclust_control_projected,control-projected sensitivity using ddPCRclust input geometry,13500,13493,22,13457,0,14,7,0,14,13471,ok,NA,"{""source"":""control_geometry"",""package_input"":""ddPCRclust""}"
2021-04-06_SNV_E200K,E200K,D05,15-27-cb,biological_sample,15_27_cb,2021-04-06,ddPCRclust_control_projected,control-projected sensitivity using ddPCRclust input geometry,15377,15372,581,14776,0,15,5,0,15,14791,ok,NA,"{""source"":""control_geometry"",""package_input"":""ddPCRclust""}"
2021-04-06_SNV_E200K,E200K,E02,15-6-th,biological_sample,15_6_th,2021-04-06,ddPCRclust_control_projected,control-projected sensitivity using ddPCRclust input geometry,12645,12637,14,12589,0,34,8,0,34,12623,ok,NA,"{""source"":""control_geometry"",""package_input"":""ddPCRclust""}"
2021-04-06_SNV_E200K,E200K,E05,15-27-pons,biological_sample,15_27_ps,2021-04-06,ddPCRclust_control_projected,control-projected sensitivity using ddPCRclust input geometry,16586,16482,197,15976,289,20,104,0,309,15996,ok,NA,"{""source"":""control_geometry"",""package_input"":""ddPCRclust""}"
2021-04-06_SNV_E200K,E200K,F02,18-1-sn,biological_sample,18_1_sn,2021-04-06,ddPCRclust_control_projected,control-projected sensitivity using ddPCRclust input geometry,14530,14525,66,14440,0,19,5,0,19,14459,ok,NA,"{""source"":""control_geometry"",""package_input"":""ddPCRclust""}"
2021-04-06_SNV_E200K,E200K,F05,15-27-th,biological_sample,15_27_th,2021-04-06,ddPCRclust_control_projected,control-projected sensitivity using ddPCRclust input geometry,15862,15857,258,15578,0,21,5,0,21,15599,ok,NA,"{""source"":""control_geometry"",""package_input"":""ddPCRclust""}"
2021-04-06_SNV_E200K,E200K,G02,943497-th,biological_sample,943497_th,2021-04-06,ddPCRclust_control_projected,control-projected sensitivity using ddPCRclust input geometry,14037,13964,1082,12810,50,22,73,0,72,12832,ok,NA,"{""source"":""control_geometry"",""package_input"":""ddPCRclust""}"
2021-04-06_SNV_E200K,E200K,G05,15-1-hc,biological_sample,15_1_hc,2021-04-06,ddPCRclust_control_projected,control-projected sensitivity using ddPCRclust input geometry,15910,15902,188,15705,0,9,8,0,9,15714,ok,NA,"{""source"":""control_geometry"",""package_input"":""ddPCRclust""}"
2021-04-06_SNV_E200K,E200K,H02,933892-bg,biological_sample,933892_bg,2021-04-06,ddPCRclust_control_projected,control-projected sensitivity using ddPCRclust input geometry,18617,18571,1431,17119,4,17,46,0,21,17136,ok,NA,"{""source"":""control_geometry"",""package_input"":""ddPCRclust""}"
2021-04-06_SNV_E200K,E200K,H05,15-1-sn,biological_sample,15_1_sn,2021-04-06,ddPCRclust_control_projected,control-projected sensitivity using ddPCRclust input geometry,17185,17138,153,16964,0,21,47,0,21,16985,ok,NA,"{""source"":""control_geometry"",""package_input"":""ddPCRclust""}"
2021-05-10_SNV_E200K,E200K,A02,NTC,NTC,ntc,2021-05-10,ddPCRclust_control_projected,control-projected sensitivity using ddPCRclust input geometry,14946,14930,14926,2,1,1,16,0,2,3,ok,NA,"{""source"":""control_geometry"",""package_input"":""ddPCRclust""}"
2021-05-10_SNV_E200K,E200K,A05,09-100-th,biological_sample,09_100_th,2021-05-10,ddPCRclust_control_projected,control-projected sensitivity using ddPCRclust input geometry,16040,16033,238,15780,0,15,7,0,15,15795,ok,NA,"{""source"":""control_geometry"",""package_input"":""ddPCRclust""}"
2021-05-10_SNV_E200K,E200K,A08,03-132-ce,biological_sample,03_132_ce,2021-05-10,ddPCRclust_control_projected,control-projected sensitivity using ddPCRclust input geometry,14178,14165,322,13835,0,8,13,0,8,13843,ok,NA,"{""source"":""control_geometry"",""package_input"":""ddPCRclust""}"
2021-05-10_SNV_E200K,E200K,A11,15-27-bg,biological_sample,15_27_bg,2021-05-10,ddPCRclust_control_projected,control-projected sensitivity using ddPCRclust input geometry,15986,15977,807,15153,1,16,9,0,17,15169,ok,NA,"{""source"":""control_geometry"",""package_input"":""ddPCRclust""}"
2021-05-10_SNV_E200K,E200K,A12,943497-bg,biological_sample,943497_bg,2021-05-10,ddPCRclust_control_projected,control-projected sensitivity using ddPCRclust input geometry,16304,16293,1528,14753,0,12,11,0,12,14765,ok,NA,"{""source"":""control_geometry"",""package_input"":""ddPCRclust""}"
2021-05-10_SNV_E200K,E200K,B02,WT,WT_control,wt,2021-05-10,ddPCRclust_control_projected,control-projected sensitivity using ddPCRclust input geometry,13744,13738,3751,9977,0,10,6,0,10,9987,ok,NA,"{""source"":""control_geometry"",""package_input"":""ddPCRclust""}"
2021-05-10_SNV_E200K,E200K,B05,03-112-cau,biological_sample,03_112_cau,2021-05-10,ddPCRclust_control_projected,control-projected sensitivity using ddPCRclust input geometry,15739,15736,312,15404,0,20,3,0,20,15424,ok,NA,"{""source"":""control_geometry"",""package_input"":""ddPCRclust""}"
2021-05-10_SNV_E200K,E200K,B08,03-132-fc,biological_sample,03_132_fc,2021-05-10,ddPCRclust_control_projected,control-projected sensitivity using ddPCRclust input geometry,15125,15117,9,15079,0,29,8,0,29,15108,ok,NA,"{""source"":""control_geometry"",""package_input"":""ddPCRclust""}"
2021-05-10_SNV_E200K,E200K,B11,15-27-cb,biological_sample,15_27_cb,2021-05-10,ddPCRclust_control_projected,control-projected sensitivity using ddPCRclust input geometry,18350,18347,371,17960,0,16,3,0,16,17976,ok,NA,"{""source"":""control_geometry"",""package_input"":""ddPCRclust""}"
2021-05-10_SNV_E200K,E200K,B12,943497-cb,biological_sample,943497_cb,2021-05-10,ddPCRclust_control_projected,control-projected sensitivity using ddPCRclust input geometry,17296,17281,977,16292,0,12,15,0,12,16304,ok,NA,"{""source"":""control_geometry"",""package_input"":""ddPCRclust""}"
2021-05-10_SNV_E200K,E200K,C02,E200K,positive_control,e200k,2021-05-10,ddPCRclust_control_projected,control-projected sensitivity using ddPCRclust input geometry,14938,14924,5735,3532,3514,2143,14,0,5657,5675,ok,NA,"{""source"":""control_geometry"",""package_input"":""ddPCRclust""}"
2021-05-10_SNV_E200K,E200K,C05,03-112-ce,biological_sample,03_112_ce,2021-05-10,ddPCRclust_control_projected,control-projected sensitivity using ddPCRclust input geometry,16587,16582,35,16528,0,19,5,0,19,16547,ok,NA,"{""source"":""control_geometry"",""package_input"":""ddPCRclust""}"
2021-05-10_SNV_E200K,E200K,C08,03-132-hip,biological_sample,03_132_hip,2021-05-10,ddPCRclust_control_projected,control-projected sensitivity using ddPCRclust input geometry,13571,13564,60,13489,0,15,7,0,15,13504,ok,NA,"{""source"":""control_geometry"",""package_input"":""ddPCRclust""}"
2021-05-10_SNV_E200K,E200K,C11,15-27-fr,biological_sample,15_27_fr,2021-05-10,ddPCRclust_control_projected,control-projected sensitivity using ddPCRclust input geometry,18360,18341,4433,13896,1,11,19,0,12,13907,ok,NA,"{""source"":""control_geometry"",""package_input"":""ddPCRclust""}"
2021-05-10_SNV_E200K,E200K,C12,943497-fr,biological_sample,943497_fr,2021-05-10,ddPCRclust_control_projected,control-projected sensitivity using ddPCRclust input geometry,17871,17842,4997,12834,1,10,29,0,11,12844,ok,NA,"{""source"":""control_geometry"",""package_input"":""ddPCRclust""}"
2021-05-10_SNV_E200K,E200K,D02,09-100-cau,biological_sample,09_100_cau,2021-05-10,ddPCRclust_control_projected,control-projected sensitivity using ddPCRclust input geometry,15632,15628,345,15266,1,16,4,0,17,15282,ok,NA,"{""source"":""control_geometry"",""package_input"":""ddPCRclust""}"
2021-05-10_SNV_E200K,E200K,D05,03-112-fc,biological_sample,03_112_fc,2021-05-10,ddPCRclust_control_projected,control-projected sensitivity using ddPCRclust input geometry,16681,16677,76,16580,0,21,4,0,21,16601,ok,NA,"{""source"":""control_geometry"",""package_input"":""ddPCRclust""}"
2021-05-10_SNV_E200K,E200K,D08,03-132-mdb,biological_sample,03_132_mdb,2021-05-10,ddPCRclust_control_projected,control-projected sensitivity using ddPCRclust input geometry,15965,15959,226,15713,0,20,6,0,20,15733,ok,NA,"{""source"":""control_geometry"",""package_input"":""ddPCRclust""}"
2021-05-10_SNV_E200K,E200K,D11,15-27-pons,biological_sample,15_27_ps,2021-05-10,ddPCRclust_control_projected,control-projected sensitivity using ddPCRclust input geometry,16406,16388,769,15600,2,17,18,0,19,15617,ok,NA,"{""source"":""control_geometry"",""package_input"":""ddPCRclust""}"
2021-05-10_SNV_E200K,E200K,D12,943497-hc,biological_sample,943497_hc,2021-05-10,ddPCRclust_control_projected,control-projected sensitivity using ddPCRclust input geometry,16346,16280,5574,10694,0,12,66,0,12,10706,ok,NA,"{""source"":""control_geometry"",""package_input"":""ddPCRclust""}"
2021-05-10_SNV_E200K,E200K,E02,09-100-ce,biological_sample,09_100_ce,2021-05-10,ddPCRclust_control_projected,control-projected sensitivity using ddPCRclust input geometry,14830,14805,1642,13137,0,26,25,0,26,13163,ok,NA,"{""source"":""control_geometry"",""package_input"":""ddPCRclust""}"
2021-05-10_SNV_E200K,E200K,E05,03-112-hip,biological_sample,03_112_hip,2021-05-10,ddPCRclust_control_projected,control-projected sensitivity using ddPCRclust input geometry,13845,13840,179,13641,0,20,5,0,20,13661,ok,NA,"{""source"":""control_geometry"",""package_input"":""ddPCRclust""}"
2021-05-10_SNV_E200K,E200K,E08,03-132-th,biological_sample,03_132_th,2021-05-10,ddPCRclust_control_projected,control-projected sensitivity using ddPCRclust input geometry,14319,14316,63,14228,0,25,3,0,25,14253,ok,NA,"{""source"":""control_geometry"",""package_input"":""ddPCRclust""}"
2021-05-10_SNV_E200K,E200K,E11,15-27-th,biological_sample,15_27_th,2021-05-10,ddPCRclust_control_projected,control-projected sensitivity using ddPCRclust input geometry,16603,16601,63,16518,0,20,2,0,20,16538,ok,NA,"{""source"":""control_geometry"",""package_input"":""ddPCRclust""}"
2021-05-10_SNV_E200K,E200K,E12,943497-sn,biological_sample,943497_sn,2021-05-10,ddPCRclust_control_projected,control-projected sensitivity using ddPCRclust input geometry,18403,18376,2041,16322,1,12,27,0,13,16334,ok,NA,"{""source"":""control_geometry"",""package_input"":""ddPCRclust""}"
2021-05-10_SNV_E200K,E200K,F02,09-100-fc,biological_sample,09_100_fc,2021-05-10,ddPCRclust_control_projected,control-projected sensitivity using ddPCRclust input geometry,15197,15193,263,14903,0,27,4,0,27,14930,ok,NA,"{""source"":""control_geometry"",""package_input"":""ddPCRclust""}"
2021-05-10_SNV_E200K,E200K,F05,03-112-mdb,biological_sample,03_112_mdb,2021-05-10,ddPCRclust_control_projected,control-projected sensitivity using ddPCRclust input geometry,16615,16607,24,16553,0,30,8,0,30,16583,ok,NA,"{""source"":""control_geometry"",""package_input"":""ddPCRclust""}"
2021-05-10_SNV_E200K,E200K,F08,04-045-cau,biological_sample,04_045_cau,2021-05-10,ddPCRclust_control_projected,control-projected sensitivity using ddPCRclust input geometry,14551,14545,15,14496,0,34,6,0,34,14530,ok,NA,"{""source"":""control_geometry"",""package_input"":""ddPCRclust""}"
2021-05-10_SNV_E200K,E200K,F12,943497-th,biological_sample,943497_th,2021-05-10,ddPCRclust_control_projected,control-projected sensitivity using ddPCRclust input geometry,18661,18635,2122,16497,1,15,26,0,16,16512,ok,NA,"{""source"":""control_geometry"",""package_input"":""ddPCRclust""}"
2021-05-10_SNV_E200K,E200K,G02,09-100-hip,biological_sample,09_100_hip,2021-05-10,ddPCRclust_control_projected,control-projected sensitivity using ddPCRclust input geometry,15397,15393,90,15278,0,25,4,0,25,15303,ok,NA,"{""source"":""control_geometry"",""package_input"":""ddPCRclust""}"
2021-05-10_SNV_E200K,E200K,G05,03-112-th,biological_sample,03_112_th,2021-05-10,ddPCRclust_control_projected,control-projected sensitivity using ddPCRclust input geometry,15419,15403,46,15322,0,35,16,0,35,15357,ok,NA,"{""source"":""control_geometry"",""package_input"":""ddPCRclust""}"
2021-05-10_SNV_E200K,E200K,G08,04-045-ce,biological_sample,04_045_ce,2021-05-10,ddPCRclust_control_projected,control-projected sensitivity using ddPCRclust input geometry,14008,13999,42,13921,0,36,9,0,36,13957,ok,NA,"{""source"":""control_geometry"",""package_input"":""ddPCRclust""}"
2021-05-10_SNV_E200K,E200K,H02,09-100-mdb,biological_sample,09_100_mdb,2021-05-10,ddPCRclust_control_projected,control-projected sensitivity using ddPCRclust input geometry,15604,15594,267,15310,0,17,10,0,17,15327,ok,NA,"{""source"":""control_geometry"",""package_input"":""ddPCRclust""}"
2021-05-10_SNV_E200K,E200K,H05,03-132-cau,biological_sample,03_132_cau,2021-05-10,ddPCRclust_control_projected,control-projected sensitivity using ddPCRclust input geometry,16937,16922,694,16200,0,28,15,0,28,16228,ok,NA,"{""source"":""control_geometry"",""package_input"":""ddPCRclust""}"
2021-05-10_SNV_E200K,E200K,H08,04-045-fc,biological_sample,04_045_fc,2021-05-10,ddPCRclust_control_projected,control-projected sensitivity using ddPCRclust input geometry,15124,15120,28,15055,0,37,4,0,37,15092,ok,NA,"{""source"":""control_geometry"",""package_input"":""ddPCRclust""}"
2021-05-20_SNV_E200K,E200K,A02,NTC,NTC,ntc,2021-05-20,ddPCRclust_control_projected,control-projected sensitivity using ddPCRclust input geometry,17071,17038,17023,8,0,7,33,0,7,15,ok,NA,"{""source"":""control_geometry"",""package_input"":""ddPCRclust""}"
2021-05-20_SNV_E200K,E200K,A05,04-045-hip,biological_sample,04_045_hip,2021-05-20,ddPCRclust_control_projected,control-projected sensitivity using ddPCRclust input geometry,17736,17722,9,17690,0,23,14,0,23,17713,ok,NA,"{""source"":""control_geometry"",""package_input"":""ddPCRclust""}"
2021-05-20_SNV_E200K,E200K,A08,20-357-th,biological_sample,20_357_th,2021-05-20,ddPCRclust_control_projected,control-projected sensitivity using ddPCRclust input geometry,17063,17048,210,16818,0,20,15,0,20,16838,ok,NA,"{""source"":""control_geometry"",""package_input"":""ddPCRclust""}"
2021-05-20_SNV_E200K,E200K,A11,929474-sn,biological_sample,929474_sn,2021-05-20,ddPCRclust_control_projected,control-projected sensitivity using ddPCRclust input geometry,16912,16881,543,16321,0,17,31,0,17,16338,ok,NA,"{""source"":""control_geometry"",""package_input"":""ddPCRclust""}"
2021-05-20_SNV_E200K,E200K,B02,WT,WT_control,wt,2021-05-20,ddPCRclust_control_projected,control-projected sensitivity using ddPCRclust input geometry,17085,17058,5392,11640,0,26,27,0,26,11666,ok,NA,"{""source"":""control_geometry"",""package_input"":""ddPCRclust""}"
2021-05-20_SNV_E200K,E200K,B05,04-045-mdb,biological_sample,04_045_mdb,2021-05-20,ddPCRclust_control_projected,control-projected sensitivity using ddPCRclust input geometry,17805,17793,4,17766,0,23,12,0,23,17789,ok,NA,"{""source"":""control_geometry"",""package_input"":""ddPCRclust""}"
2021-05-20_SNV_E200K,E200K,B08,20-169-cau,biological_sample,20_169_cau,2021-05-20,ddPCRclust_control_projected,control-projected sensitivity using ddPCRclust input geometry,15419,15413,258,15138,0,17,6,0,17,15155,ok,NA,"{""source"":""control_geometry"",""package_input"":""ddPCRclust""}"
2021-05-20_SNV_E200K,E200K,B11,17-13-bg,biological_sample,17_13_bg,2021-05-20,ddPCRclust_control_projected,control-projected sensitivity using ddPCRclust input geometry,16668,16644,509,16112,0,23,24,0,23,16135,ok,NA,"{""source"":""control_geometry"",""package_input"":""ddPCRclust""}"
2021-05-20_SNV_E200K,E200K,C02,E200K,positive_control,e200k,2021-05-20,ddPCRclust_control_projected,control-projected sensitivity using ddPCRclust input geometry,17997,17968,7556,4072,4042,2298,29,0,6340,6370,ok,NA,"{""source"":""control_geometry"",""package_input"":""ddPCRclust""}"
2021-05-20_SNV_E200K,E200K,C05,04-045-th,biological_sample,04_045_th,2021-05-20,ddPCRclust_control_projected,control-projected sensitivity using ddPCRclust input geometry,18316,18314,55,18229,0,30,2,0,30,18259,ok,NA,"{""source"":""control_geometry"",""package_input"":""ddPCRclust""}"
2021-05-20_SNV_E200K,E200K,C08,20-169-ce,biological_sample,20_169_ce,2021-05-20,ddPCRclust_control_projected,control-projected sensitivity using ddPCRclust input geometry,16058,16048,93,15937,0,18,10,0,18,15955,ok,NA,"{""source"":""control_geometry"",""package_input"":""ddPCRclust""}"
2021-05-20_SNV_E200K,E200K,C11,17-8-cb,biological_sample,17_8_cb,2021-05-20,ddPCRclust_control_projected,control-projected sensitivity using ddPCRclust input geometry,15369,15337,3,15326,0,8,32,0,8,15334,ok,NA,"{""source"":""control_geometry"",""package_input"":""ddPCRclust""}"
2021-05-20_SNV_E200K,E200K,D02,19-082-ce,biological_sample,19_082_ce,2021-05-20,ddPCRclust_control_projected,control-projected sensitivity using ddPCRclust input geometry,17232,17221,10,17192,0,19,11,0,19,17211,ok,NA,"{""source"":""control_geometry"",""package_input"":""ddPCRclust""}"
2021-05-20_SNV_E200K,E200K,D05,20-357-cau,biological_sample,20_357_cau,2021-05-20,ddPCRclust_control_projected,control-projected sensitivity using ddPCRclust input geometry,17828,17809,3194,14601,0,14,19,0,14,14615,ok,NA,"{""source"":""control_geometry"",""package_input"":""ddPCRclust""}"
2021-05-20_SNV_E200K,E200K,D08,20-169-fc,biological_sample,20_169_fc,2021-05-20,ddPCRclust_control_projected,control-projected sensitivity using ddPCRclust input geometry,13562,13548,250,13274,1,23,14,0,24,13297,ok,NA,"{""source"":""control_geometry"",""package_input"":""ddPCRclust""}"
2021-05-20_SNV_E200K,E200K,D11,17-8-fr,biological_sample,17_8_fr,2021-05-20,ddPCRclust_control_projected,control-projected sensitivity using ddPCRclust input geometry,16828,16802,133,16642,0,27,26,0,27,16669,ok,NA,"{""source"":""control_geometry"",""package_input"":""ddPCRclust""}"
2021-05-20_SNV_E200K,E200K,E02,19-082-fc,biological_sample,19_082_fc,2021-05-20,ddPCRclust_control_projected,control-projected sensitivity using ddPCRclust input geometry,17438,17428,237,17174,0,17,10,0,17,17191,ok,NA,"{""source"":""control_geometry"",""package_input"":""ddPCRclust""}"
2021-05-20_SNV_E200K,E200K,E05,20-357-ce,biological_sample,20_357_ce,2021-05-20,ddPCRclust_control_projected,control-projected sensitivity using ddPCRclust input geometry,17924,17923,919,16989,0,15,1,0,15,17004,ok,NA,"{""source"":""control_geometry"",""package_input"":""ddPCRclust""}"
2021-05-20_SNV_E200K,E200K,E08,20-169-hip,biological_sample,20_169_hip,2021-05-20,ddPCRclust_control_projected,control-projected sensitivity using ddPCRclust input geometry,14123,14116,105,13995,0,16,7,0,16,14011,ok,NA,"{""source"":""control_geometry"",""package_input"":""ddPCRclust""}"
2021-05-20_SNV_E200K,E200K,F02,19-082-hip,biological_sample,19_082_hip,2021-05-20,ddPCRclust_control_projected,control-projected sensitivity using ddPCRclust input geometry,16763,16748,1630,15102,0,16,15,0,16,15118,ok,NA,"{""source"":""control_geometry"",""package_input"":""ddPCRclust""}"
2021-05-20_SNV_E200K,E200K,F05,20-357-fc,biological_sample,20_357_fc,2021-05-20,ddPCRclust_control_projected,control-projected sensitivity using ddPCRclust input geometry,18561,18535,224,18289,0,22,26,0,22,18311,ok,NA,"{""source"":""control_geometry"",""package_input"":""ddPCRclust""}"
2021-05-20_SNV_E200K,E200K,F08,20-169-mdb,biological_sample,20_169_mdb,2021-05-20,ddPCRclust_control_projected,control-projected sensitivity using ddPCRclust input geometry,13496,13447,268,13158,0,21,49,0,21,13179,ok,NA,"{""source"":""control_geometry"",""package_input"":""ddPCRclust""}"
2021-05-20_SNV_E200K,E200K,F11,17-34-th,biological_sample,17_34_th,2021-05-20,ddPCRclust_control_projected,control-projected sensitivity using ddPCRclust input geometry,16668,16630,99,16498,1,32,38,0,33,16530,ok,NA,"{""source"":""control_geometry"",""package_input"":""ddPCRclust""}"
2021-05-20_SNV_E200K,E200K,G02,19-082-mdb,biological_sample,19_082_mdb,2021-05-20,ddPCRclust_control_projected,control-projected sensitivity using ddPCRclust input geometry,17839,17821,86,17712,1,22,18,0,23,17734,ok,NA,"{""source"":""control_geometry"",""package_input"":""ddPCRclust""}"
2021-05-20_SNV_E200K,E200K,G05,20-357-hip,biological_sample,20_357_hip,2021-05-20,ddPCRclust_control_projected,control-projected sensitivity using ddPCRclust input geometry,18374,18362,381,17955,0,26,12,0,26,17981,ok,NA,"{""source"":""control_geometry"",""package_input"":""ddPCRclust""}"
2021-05-20_SNV_E200K,E200K,G08,20-169-th,biological_sample,20_169_th,2021-05-20,ddPCRclust_control_projected,control-projected sensitivity using ddPCRclust input geometry,14409,14357,1053,13290,0,14,52,0,14,13304,ok,NA,"{""source"":""control_geometry"",""package_input"":""ddPCRclust""}"
2021-05-20_SNV_E200K,E200K,G11,17-31-hc,biological_sample,17_31_hc,2021-05-20,ddPCRclust_control_projected,control-projected sensitivity using ddPCRclust input geometry,16258,16232,2791,13419,1,21,26,0,22,13440,ok,NA,"{""source"":""control_geometry"",""package_input"":""ddPCRclust""}"
2021-05-20_SNV_E200K,E200K,H02,19-082-th,biological_sample,19_082_th,2021-05-20,ddPCRclust_control_projected,control-projected sensitivity using ddPCRclust input geometry,17671,17651,41,17579,0,31,20,0,31,17610,ok,NA,"{""source"":""control_geometry"",""package_input"":""ddPCRclust""}"
2021-05-20_SNV_E200K,E200K,H05,20-357-mdb,biological_sample,20_357_mdb,2021-05-20,ddPCRclust_control_projected,control-projected sensitivity using ddPCRclust input geometry,19535,19516,20,19461,0,35,19,0,35,19496,ok,NA,"{""source"":""control_geometry"",""package_input"":""ddPCRclust""}"
2021-05-20_SNV_E200K,E200K,H08,19-082-cau,biological_sample,19_082_cau,2021-05-20,ddPCRclust_control_projected,control-projected sensitivity using ddPCRclust input geometry,14276,14208,100,14096,0,12,68,0,12,14108,ok,NA,"{""source"":""control_geometry"",""package_input"":""ddPCRclust""}"
2021-05-20_SNV_E200K,E200K,H11,17-32-cb,biological_sample,17_32_cb,2021-05-20,ddPCRclust_control_projected,control-projected sensitivity using ddPCRclust input geometry,16661,16618,3514,13084,0,20,43,0,20,13104,ok,NA,"{""source"":""control_geometry"",""package_input"":""ddPCRclust""}"
2021-05-20_SNV_E200K,E200K,H12,17-11-cb,biological_sample,17_11_cb,2021-05-20,ddPCRclust_control_projected,control-projected sensitivity using ddPCRclust input geometry,17828,17645,4464,13165,0,16,183,0,16,13181,ok,NA,"{""source"":""control_geometry"",""package_input"":""ddPCRclust""}"
2021-10-25_SNV_E200K,E200K,A01,NTC,NTC,ntc,2021-10-25,ddPCRclust_control_projected,control-projected sensitivity using ddPCRclust input geometry,11328,11294,11292,1,0,1,34,0,1,2,ok,NA,"{""source"":""control_geometry"",""package_input"":""ddPCRclust""}"
2021-10-25_SNV_E200K,E200K,B01,WT,WT_control,wt,2021-10-25,ddPCRclust_control_projected,control-projected sensitivity using ddPCRclust input geometry,6306,6282,2003,4272,0,7,24,0,7,4279,ok,NA,"{""source"":""control_geometry"",""package_input"":""ddPCRclust""}"
2021-10-25_SNV_E200K,E200K,C01,E200K-mut,positive_control,,2021-10-25,ddPCRclust_control_projected,control-projected sensitivity using ddPCRclust input geometry,7050,7011,3313,1602,1444,652,39,0,2096,2254,ok,NA,"{""source"":""control_geometry"",""package_input"":""ddPCRclust""}"
2021-10-25_SNV_E200K,E200K,D01,17-34-cb,biological_sample,17_34_cb,2021-10-25,ddPCRclust_control_projected,control-projected sensitivity using ddPCRclust input geometry,13950,13908,4416,9481,0,11,42,0,11,9492,ok,NA,"{""source"":""control_geometry"",""package_input"":""ddPCRclust""}"
2020-12-01_SNV_P102L,P102L,A01,17-34_bg,biological_sample,17_34_bg,2020-12-01,ddPCRclust_control_projected,control-projected sensitivity using ddPCRclust input geometry,14870,14024,726,13298,0,0,846,0,0,13298,ok,NA,"{""source"":""control_geometry"",""package_input"":""ddPCRclust""}"
2020-12-01_SNV_P102L,P102L,A04,17-13_bg,biological_sample,17_13_bg,2020-12-01,ddPCRclust_control_projected,control-projected sensitivity using ddPCRclust input geometry,13725,13227,14,13211,0,2,498,0,2,13213,ok,NA,"{""source"":""control_geometry"",""package_input"":""ddPCRclust""}"
2020-12-01_SNV_P102L,P102L,A05,18-5_bg,biological_sample,18_5_bg,2020-12-01,ddPCRclust_control_projected,control-projected sensitivity using ddPCRclust input geometry,12989,12897,5210,7684,0,3,92,0,3,7687,ok,NA,"{""source"":""control_geometry"",""package_input"":""ddPCRclust""}"
2020-12-01_SNV_P102L,P102L,A06,18-1_bg,biological_sample,18_1_bg,2020-12-01,ddPCRclust_control_projected,control-projected sensitivity using ddPCRclust input geometry,15577,15417,316,15095,0,6,160,0,6,15101,ok,NA,"{""source"":""control_geometry"",""package_input"":""ddPCRclust""}"
2020-12-01_SNV_P102L,P102L,A08,17-30_bg,biological_sample,17_30_bg,2020-12-01,ddPCRclust_control_projected,control-projected sensitivity using ddPCRclust input geometry,15805,15636,166,15470,0,0,169,0,0,15470,ok,NA,"{""source"":""control_geometry"",""package_input"":""ddPCRclust""}"
2020-12-01_SNV_P102L,P102L,A09,17-20_bg,biological_sample,17_20_bg,2020-12-01,ddPCRclust_control_projected,control-projected sensitivity using ddPCRclust input geometry,18805,18730,70,18656,0,4,75,0,4,18660,ok,NA,"{""source"":""control_geometry"",""package_input"":""ddPCRclust""}"
2020-12-01_SNV_P102L,P102L,A10,18-31_sn,biological_sample,18_31_sn,2020-12-01,ddPCRclust_control_projected,control-projected sensitivity using ddPCRclust input geometry,16991,16949,111,16830,0,8,42,0,8,16838,ok,NA,"{""source"":""control_geometry"",""package_input"":""ddPCRclust""}"
2020-12-01_SNV_P102L,P102L,A11,17-8_bg,biological_sample,17_8_bg,2020-12-01,ddPCRclust_control_projected,control-projected sensitivity using ddPCRclust input geometry,17974,17905,13,17892,0,0,69,0,0,17892,ok,NA,"{""source"":""control_geometry"",""package_input"":""ddPCRclust""}"
2020-12-01_SNV_P102L,P102L,A12,NTC,NTC,ntc,2020-12-01,ddPCRclust_control_projected,control-projected sensitivity using ddPCRclust input geometry,17860,17858,17856,2,0,0,2,0,0,2,ok,NA,"{""source"":""control_geometry"",""package_input"":""ddPCRclust""}"
2020-12-01_SNV_P102L,P102L,B04,17-13_cb,biological_sample,17_13_cb,2020-12-01,ddPCRclust_control_projected,control-projected sensitivity using ddPCRclust input geometry,14841,14697,13,14682,0,2,144,0,2,14684,ok,NA,"{""source"":""control_geometry"",""package_input"":""ddPCRclust""}"
2020-12-01_SNV_P102L,P102L,B05,18-5_cb,biological_sample,18_5_cb,2020-12-01,ddPCRclust_control_projected,control-projected sensitivity using ddPCRclust input geometry,15262,15185,115,15069,0,1,77,0,1,15070,ok,NA,"{""source"":""control_geometry"",""package_input"":""ddPCRclust""}"
2020-12-01_SNV_P102L,P102L,B06,18-1_cb,biological_sample,18_1_cb,2020-12-01,ddPCRclust_control_projected,control-projected sensitivity using ddPCRclust input geometry,15497,15314,1684,13627,0,3,183,0,3,13630,ok,NA,"{""source"":""control_geometry"",""package_input"":""ddPCRclust""}"
2020-12-01_SNV_P102L,P102L,B08,17-30_fr,biological_sample,17_30_fr,2020-12-01,ddPCRclust_control_projected,control-projected sensitivity using ddPCRclust input geometry,15228,14851,732,14119,0,0,377,0,0,14119,ok,NA,"{""source"":""control_geometry"",""package_input"":""ddPCRclust""}"
2020-12-01_SNV_P102L,P102L,B09,17-20_cb,biological_sample,17_20_cb,2020-12-01,ddPCRclust_control_projected,control-projected sensitivity using ddPCRclust input geometry,17728,17694,58,17635,0,1,34,0,1,17636,ok,NA,"{""source"":""control_geometry"",""package_input"":""ddPCRclust""}"
2020-12-01_SNV_P102L,P102L,B10,18-31_th,biological_sample,18_31_th,2020-12-01,ddPCRclust_control_projected,control-projected sensitivity using ddPCRclust input geometry,15685,15657,292,15357,0,8,28,0,8,15365,ok,NA,"{""source"":""control_geometry"",""package_input"":""ddPCRclust""}"
2020-12-01_SNV_P102L,P102L,B11,17-8_cb,biological_sample,17_8_cb,2020-12-01,ddPCRclust_control_projected,control-projected sensitivity using ddPCRclust input geometry,16154,16124,3,16121,0,0,30,0,0,16121,ok,NA,"{""source"":""control_geometry"",""package_input"":""ddPCRclust""}"
2020-12-01_SNV_P102L,P102L,B12,WT,WT_control,wt,2020-12-01,ddPCRclust_control_projected,control-projected sensitivity using ddPCRclust input geometry,15419,15215,3079,12136,0,0,204,0,0,12136,ok,NA,"{""source"":""control_geometry"",""package_input"":""ddPCRclust""}"
2020-12-01_SNV_P102L,P102L,C01,17-34_fr,biological_sample,17_34_fr,2020-12-01,ddPCRclust_control_projected,control-projected sensitivity using ddPCRclust input geometry,13361,12886,330,12556,0,0,475,0,0,12556,ok,NA,"{""source"":""control_geometry"",""package_input"":""ddPCRclust""}"
2020-12-01_SNV_P102L,P102L,C04,17-13_hc,biological_sample,17_13_hc,2020-12-01,ddPCRclust_control_projected,control-projected sensitivity using ddPCRclust input geometry,15052,14581,199,14382,0,0,471,0,0,14382,ok,NA,"{""source"":""control_geometry"",""package_input"":""ddPCRclust""}"
2020-12-01_SNV_P102L,P102L,C05,18-5_fr,biological_sample,18_5_fr,2020-12-01,ddPCRclust_control_projected,control-projected sensitivity using ddPCRclust input geometry,16432,16208,1209,14998,0,1,224,0,1,14999,ok,NA,"{""source"":""control_geometry"",""package_input"":""ddPCRclust""}"
2020-12-01_SNV_P102L,P102L,C06,18-1_fr,biological_sample,18_1_fr,2020-12-01,ddPCRclust_control_projected,control-projected sensitivity using ddPCRclust input geometry,15141,14913,472,14435,0,6,228,0,6,14441,ok,NA,"{""source"":""control_geometry"",""package_input"":""ddPCRclust""}"
2020-12-01_SNV_P102L,P102L,C08,17-30_hc,biological_sample,17_30_hc,2020-12-01,ddPCRclust_control_projected,control-projected sensitivity using ddPCRclust input geometry,15425,15311,2210,13095,0,6,114,0,6,13101,ok,NA,"{""source"":""control_geometry"",""package_input"":""ddPCRclust""}"
2020-12-01_SNV_P102L,P102L,C09,17-20_fr,biological_sample,17_20_fr,2020-12-01,ddPCRclust_control_projected,control-projected sensitivity using ddPCRclust input geometry,17124,17077,60,17015,0,2,47,0,2,17017,ok,NA,"{""source"":""control_geometry"",""package_input"":""ddPCRclust""}"
2020-12-01_SNV_P102L,P102L,C12,P102L-mut,positive_control,,2020-12-01,ddPCRclust_control_projected,control-projected sensitivity using ddPCRclust input geometry,17693,17615,13666,1848,1861,240,78,0,2101,2088,ok,NA,"{""source"":""control_geometry"",""package_input"":""ddPCRclust""}"
2020-12-01_SNV_P102L,P102L,D01,17-34_sn,biological_sample,17_34_sn,2020-12-01,ddPCRclust_control_projected,control-projected sensitivity using ddPCRclust input geometry,14349,14028,171,13857,0,0,321,0,0,13857,ok,NA,"{""source"":""control_geometry"",""package_input"":""ddPCRclust""}"
2020-12-01_SNV_P102L,P102L,D02,17-5_cb,biological_sample,17_5_cb,2020-12-01,ddPCRclust_control_projected,control-projected sensitivity using ddPCRclust input geometry,14783,14470,185,14285,0,0,313,0,0,14285,ok,NA,"{""source"":""control_geometry"",""package_input"":""ddPCRclust""}"
2020-12-01_SNV_P102L,P102L,D04,17-13_sn,biological_sample,17_13_sn,2020-12-01,ddPCRclust_control_projected,control-projected sensitivity using ddPCRclust input geometry,11897,11474,468,11006,0,0,423,0,0,11006,ok,NA,"{""source"":""control_geometry"",""package_input"":""ddPCRclust""}"
2020-12-01_SNV_P102L,P102L,D05,18-5_hc,biological_sample,18_5_hc,2020-12-01,ddPCRclust_control_projected,control-projected sensitivity using ddPCRclust input geometry,14883,14714,365,14345,0,4,169,0,4,14349,ok,NA,"{""source"":""control_geometry"",""package_input"":""ddPCRclust""}"
2020-12-01_SNV_P102L,P102L,D06,18-1_hc,biological_sample,18_1_hc,2020-12-01,ddPCRclust_control_projected,control-projected sensitivity using ddPCRclust input geometry,13932,13798,87,13711,0,0,134,0,0,13711,ok,NA,"{""source"":""control_geometry"",""package_input"":""ddPCRclust""}"
2020-12-01_SNV_P102L,P102L,D07,17-32_hc,biological_sample,17_32_hc,2020-12-01,ddPCRclust_control_projected,control-projected sensitivity using ddPCRclust input geometry,15321,15135,111,15023,0,1,186,0,1,15024,ok,NA,"{""source"":""control_geometry"",""package_input"":""ddPCRclust""}"
2020-12-01_SNV_P102L,P102L,D08,17-30_sn,biological_sample,17_30_sn,2020-12-01,ddPCRclust_control_projected,control-projected sensitivity using ddPCRclust input geometry,14775,14668,140,14517,0,11,107,0,11,14528,ok,NA,"{""source"":""control_geometry"",""package_input"":""ddPCRclust""}"
2020-12-01_SNV_P102L,P102L,D09,17-20_sn,biological_sample,17_20_sn,2020-12-01,ddPCRclust_control_projected,control-projected sensitivity using ddPCRclust input geometry,17541,17521,370,17142,0,9,20,0,9,17151,ok,NA,"{""source"":""control_geometry"",""package_input"":""ddPCRclust""}"
2020-12-01_SNV_P102L,P102L,E01,17-34-th,biological_sample,17_34_th,2020-12-01,ddPCRclust_control_projected,control-projected sensitivity using ddPCRclust input geometry,12533,12378,136,12242,0,0,155,0,0,12242,ok,NA,"{""source"":""control_geometry"",""package_input"":""ddPCRclust""}"
2020-12-01_SNV_P102L,P102L,E02,17-5_fr,biological_sample,17_5_fr,2020-12-01,ddPCRclust_control_projected,control-projected sensitivity using ddPCRclust input geometry,14639,14015,127,13888,0,0,624,0,0,13888,ok,NA,"{""source"":""control_geometry"",""package_input"":""ddPCRclust""}"
2020-12-01_SNV_P102L,P102L,E04,17-13_th,biological_sample,17_13_th,2020-12-01,ddPCRclust_control_projected,control-projected sensitivity using ddPCRclust input geometry,13930,13304,929,12372,0,3,626,0,3,12375,ok,NA,"{""source"":""control_geometry"",""package_input"":""ddPCRclust""}"
2020-12-01_SNV_P102L,P102L,E05,18-5_sn,biological_sample,18_5_sn,2020-12-01,ddPCRclust_control_projected,control-projected sensitivity using ddPCRclust input geometry,15400,15124,499,14625,0,0,276,0,0,14625,ok,NA,"{""source"":""control_geometry"",""package_input"":""ddPCRclust""}"
2020-12-01_SNV_P102L,P102L,E06,17-31_bg,biological_sample,17_31_bg,2020-12-01,ddPCRclust_control_projected,control-projected sensitivity using ddPCRclust input geometry,13222,12752,627,12121,0,4,470,0,4,12125,ok,NA,"{""source"":""control_geometry"",""package_input"":""ddPCRclust""}"
2020-12-01_SNV_P102L,P102L,E07,17-32_sn,biological_sample,17_32_sn,2020-12-01,ddPCRclust_control_projected,control-projected sensitivity using ddPCRclust input geometry,14049,13830,346,13484,0,0,219,0,0,13484,ok,NA,"{""source"":""control_geometry"",""package_input"":""ddPCRclust""}"
2020-12-01_SNV_P102L,P102L,E08,17-30_th,biological_sample,17_30_th,2020-12-01,ddPCRclust_control_projected,control-projected sensitivity using ddPCRclust input geometry,16216,15982,1236,14741,1,4,234,0,5,14745,ok,NA,"{""source"":""control_geometry"",""package_input"":""ddPCRclust""}"
2020-12-01_SNV_P102L,P102L,E09,17-20_th,biological_sample,17_20_th,2020-12-01,ddPCRclust_control_projected,control-projected sensitivity using ddPCRclust input geometry,17907,17856,1098,16745,0,13,51,0,13,16758,ok,NA,"{""source"":""control_geometry"",""package_input"":""ddPCRclust""}"
2020-12-01_SNV_P102L,P102L,F02,17-5_th,biological_sample,17_5_th,2020-12-01,ddPCRclust_control_projected,control-projected sensitivity using ddPCRclust input geometry,14197,13817,270,13545,0,2,380,0,2,13547,ok,NA,"{""source"":""control_geometry"",""package_input"":""ddPCRclust""}"
2020-12-01_SNV_P102L,P102L,F04,17-15_cb,biological_sample,17_15_cb,2020-12-01,ddPCRclust_control_projected,control-projected sensitivity using ddPCRclust input geometry,14154,13586,589,12997,0,0,568,0,0,12997,ok,NA,"{""source"":""control_geometry"",""package_input"":""ddPCRclust""}"
2020-12-01_SNV_P102L,P102L,F05,18-5_th,biological_sample,18_5_th,2020-12-01,ddPCRclust_control_projected,control-projected sensitivity using ddPCRclust input geometry,16408,16241,502,15735,0,4,167,0,4,15739,ok,NA,"{""source"":""control_geometry"",""package_input"":""ddPCRclust""}"
2020-12-01_SNV_P102L,P102L,F06,17-31_hc,biological_sample,17_31_hc,2020-12-01,ddPCRclust_control_projected,control-projected sensitivity using ddPCRclust input geometry,15459,15333,174,15153,0,6,126,0,6,15159,ok,NA,"{""source"":""control_geometry"",""package_input"":""ddPCRclust""}"
2020-12-01_SNV_P102L,P102L,F07,17-32_th,biological_sample,17_32_th,2020-12-01,ddPCRclust_control_projected,control-projected sensitivity using ddPCRclust input geometry,14516,14389,215,14166,0,8,127,0,8,14174,ok,NA,"{""source"":""control_geometry"",""package_input"":""ddPCRclust""}"
2020-12-01_SNV_P102L,P102L,G06,17-31_sn,biological_sample,17_31_sn,2020-12-01,ddPCRclust_control_projected,control-projected sensitivity using ddPCRclust input geometry,12096,11476,1044,10432,0,0,620,0,0,10432,ok,NA,"{""source"":""control_geometry"",""package_input"":""ddPCRclust""}"
2020-12-01_SNV_P102L,P102L,H06,17-31_th,biological_sample,17_31_th,2020-12-01,ddPCRclust_control_projected,control-projected sensitivity using ddPCRclust input geometry,14646,14434,429,13999,0,6,212,0,6,14005,ok,NA,"{""source"":""control_geometry"",""package_input"":""ddPCRclust""}"
2021-01-26_SNV_P102L,P102L,A03,NTC,NTC,ntc,2021-01-26,ddPCRclust_control_projected,control-projected sensitivity using ddPCRclust input geometry,14644,14344,14344,0,0,0,300,0,0,0,ok,NA,"{""source"":""control_geometry"",""package_input"":""ddPCRclust""}"
2021-01-26_SNV_P102L,P102L,A06,924486-th,biological_sample,924486_th,2021-01-26,ddPCRclust_control_projected,control-projected sensitivity using ddPCRclust input geometry,14840,14489,1747,12739,0,3,351,0,3,12742,ok,NA,"{""source"":""control_geometry"",""package_input"":""ddPCRclust""}"
2021-01-26_SNV_P102L,P102L,A09,955427-bg,biological_sample,955427_bg,2021-01-26,ddPCRclust_control_projected,control-projected sensitivity using ddPCRclust input geometry,14767,14576,738,13836,1,1,191,0,2,13837,ok,NA,"{""source"":""control_geometry"",""package_input"":""ddPCRclust""}"
2021-01-26_SNV_P102L,P102L,B03,P102L-mut,positive_control,,2021-01-26,ddPCRclust_control_projected,control-projected sensitivity using ddPCRclust input geometry,15329,14947,10775,2007,1754,411,382,0,2165,2418,ok,NA,"{""source"":""control_geometry"",""package_input"":""ddPCRclust""}"
2021-01-26_SNV_P102L,P102L,B06,953891-bg,biological_sample,953891_bg,2021-01-26,ddPCRclust_control_projected,control-projected sensitivity using ddPCRclust input geometry,15841,15472,785,14685,0,2,369,0,2,14687,ok,NA,"{""source"":""control_geometry"",""package_input"":""ddPCRclust""}"
2021-01-26_SNV_P102L,P102L,B09,955427-cb,biological_sample,955427_cb,2021-01-26,ddPCRclust_control_projected,control-projected sensitivity using ddPCRclust input geometry,13644,13502,516,12986,0,0,142,0,0,12986,ok,NA,"{""source"":""control_geometry"",""package_input"":""ddPCRclust""}"
2021-01-26_SNV_P102L,P102L,C03,WT,WT_control,wt,2021-01-26,ddPCRclust_control_projected,control-projected sensitivity using ddPCRclust input geometry,16381,15127,2641,12485,0,1,1254,0,1,12486,ok,NA,"{""source"":""control_geometry"",""package_input"":""ddPCRclust""}"
2021-01-26_SNV_P102L,P102L,C06,953891-cb,biological_sample,953891_cb,2021-01-26,ddPCRclust_control_projected,control-projected sensitivity using ddPCRclust input geometry,15460,15093,693,14400,0,0,367,0,0,14400,ok,NA,"{""source"":""control_geometry"",""package_input"":""ddPCRclust""}"
2021-01-26_SNV_P102L,P102L,C09,955427-fr,biological_sample,955427_fr,2021-01-26,ddPCRclust_control_projected,control-projected sensitivity using ddPCRclust input geometry,14977,14770,754,14014,1,1,207,0,2,14015,ok,NA,"{""source"":""control_geometry"",""package_input"":""ddPCRclust""}"
2021-01-26_SNV_P102L,P102L,D03,924486-bg,biological_sample,924486_bg,2021-01-26,ddPCRclust_control_projected,control-projected sensitivity using ddPCRclust input geometry,15299,14036,661,13374,0,1,1263,0,1,13375,ok,NA,"{""source"":""control_geometry"",""package_input"":""ddPCRclust""}"
2021-01-26_SNV_P102L,P102L,D06,953891-fr,biological_sample,953891_fr,2021-01-26,ddPCRclust_control_projected,control-projected sensitivity using ddPCRclust input geometry,14901,14494,703,13790,0,1,407,0,1,13791,ok,NA,"{""source"":""control_geometry"",""package_input"":""ddPCRclust""}"
2021-01-26_SNV_P102L,P102L,D09,955427-hc,biological_sample,955427_hc,2021-01-26,ddPCRclust_control_projected,control-projected sensitivity using ddPCRclust input geometry,15001,14826,158,14668,0,0,175,0,0,14668,ok,NA,"{""source"":""control_geometry"",""package_input"":""ddPCRclust""}"
2021-01-26_SNV_P102L,P102L,E03,924486-cb,biological_sample,924486_cb,2021-01-26,ddPCRclust_control_projected,control-projected sensitivity using ddPCRclust input geometry,15575,13632,1471,12160,0,1,1943,0,1,12161,ok,NA,"{""source"":""control_geometry"",""package_input"":""ddPCRclust""}"
2021-01-26_SNV_P102L,P102L,E06,953891-hc,biological_sample,953891_hc,2021-01-26,ddPCRclust_control_projected,control-projected sensitivity using ddPCRclust input geometry,16176,15537,3274,12259,0,4,639,0,4,12263,ok,NA,"{""source"":""control_geometry"",""package_input"":""ddPCRclust""}"
2021-01-26_SNV_P102L,P102L,E09,955427-sn,biological_sample,955427_sn,2021-01-26,ddPCRclust_control_projected,control-projected sensitivity using ddPCRclust input geometry,14144,14047,187,13858,0,2,97,0,2,13860,ok,NA,"{""source"":""control_geometry"",""package_input"":""ddPCRclust""}"
2021-01-26_SNV_P102L,P102L,F03,924486-fr,biological_sample,924486_fr,2021-01-26,ddPCRclust_control_projected,control-projected sensitivity using ddPCRclust input geometry,15841,14711,1035,13676,0,0,1130,0,0,13676,ok,NA,"{""source"":""control_geometry"",""package_input"":""ddPCRclust""}"
2021-01-26_SNV_P102L,P102L,F06,953891-sn,biological_sample,953891_sn,2021-01-26,ddPCRclust_control_projected,control-projected sensitivity using ddPCRclust input geometry,15006,14527,633,13894,0,0,479,0,0,13894,ok,NA,"{""source"":""control_geometry"",""package_input"":""ddPCRclust""}"
2021-01-26_SNV_P102L,P102L,F09,955427-th,biological_sample,955427_th,2021-01-26,ddPCRclust_control_projected,control-projected sensitivity using ddPCRclust input geometry,15257,15074,403,14671,0,0,183,0,0,14671,ok,NA,"{""source"":""control_geometry"",""package_input"":""ddPCRclust""}"
2021-01-26_SNV_P102L,P102L,G03,924486-hc,biological_sample,924486_hc,2021-01-26,ddPCRclust_control_projected,control-projected sensitivity using ddPCRclust input geometry,15934,14369,1491,12878,0,0,1565,0,0,12878,ok,NA,"{""source"":""control_geometry"",""package_input"":""ddPCRclust""}"
2021-01-26_SNV_P102L,P102L,G06,953891-th,biological_sample,953891_th,2021-01-26,ddPCRclust_control_projected,control-projected sensitivity using ddPCRclust input geometry,14025,12696,864,11831,0,1,1329,0,1,11832,ok,NA,"{""source"":""control_geometry"",""package_input"":""ddPCRclust""}"
2021-01-26_SNV_P102L,P102L,G09,929474-bg,biological_sample,929474_bg,2021-01-26,ddPCRclust_control_projected,control-projected sensitivity using ddPCRclust input geometry,14194,14023,302,13721,0,0,171,0,0,13721,ok,NA,"{""source"":""control_geometry"",""package_input"":""ddPCRclust""}"
2021-01-26_SNV_P102L,P102L,H03,924486-sn,biological_sample,924486_sn,2021-01-26,ddPCRclust_control_projected,control-projected sensitivity using ddPCRclust input geometry,15177,13732,873,12857,0,2,1445,0,2,12859,ok,NA,"{""source"":""control_geometry"",""package_input"":""ddPCRclust""}"
2021-01-26_SNV_P102L,P102L,H06,18-5-th,biological_sample,18_5_th,2021-01-26,ddPCRclust_control_projected,control-projected sensitivity using ddPCRclust input geometry,14887,13778,1059,12717,0,2,1109,0,2,12719,ok,NA,"{""source"":""control_geometry"",""package_input"":""ddPCRclust""}"
2021-01-26_SNV_P102L,P102L,H09,929474-cb,biological_sample,929474_cb,2021-01-26,ddPCRclust_control_projected,control-projected sensitivity using ddPCRclust input geometry,14779,14604,215,14389,0,0,175,0,0,14389,ok,NA,"{""source"":""control_geometry"",""package_input"":""ddPCRclust""}"
2021-01-28_SNV_P102L,P102L,A03,NTC,NTC,ntc,2021-01-28,ddPCRclust_control_projected,control-projected sensitivity using ddPCRclust input geometry,15113,15113,15109,4,0,0,0,0,0,4,ok,NA,"{""source"":""control_geometry"",""package_input"":""ddPCRclust""}"
2021-01-28_SNV_P102L,P102L,A06,933892-th,biological_sample,933892_th,2021-01-28,ddPCRclust_control_projected,control-projected sensitivity using ddPCRclust input geometry,14741,14714,307,14381,0,26,27,0,26,14407,ok,NA,"{""source"":""control_geometry"",""package_input"":""ddPCRclust""}"
2021-01-28_SNV_P102L,P102L,A09,238501-cb,biological_sample,238501_cb,2021-01-28,ddPCRclust_control_projected,control-projected sensitivity using ddPCRclust input geometry,15297,15271,4644,10617,0,10,26,0,10,10627,ok,NA,"{""source"":""control_geometry"",""package_input"":""ddPCRclust""}"
2021-01-28_SNV_P102L,P102L,B03,WT,WT_control,wt,2021-01-28,ddPCRclust_control_projected,control-projected sensitivity using ddPCRclust input geometry,13200,13168,2239,10917,1,11,32,0,12,10928,ok,NA,"{""source"":""control_geometry"",""package_input"":""ddPCRclust""}"
2021-01-28_SNV_P102L,P102L,B06,943497-bg,biological_sample,943497_bg,2021-01-28,ddPCRclust_control_projected,control-projected sensitivity using ddPCRclust input geometry,14908,14876,2065,12795,0,16,32,0,16,12811,ok,NA,"{""source"":""control_geometry"",""package_input"":""ddPCRclust""}"
2021-01-28_SNV_P102L,P102L,B09,238501-fr,biological_sample,238501_fr,2021-01-28,ddPCRclust_control_projected,control-projected sensitivity using ddPCRclust input geometry,15310,15281,776,14492,0,13,29,0,13,14505,ok,NA,"{""source"":""control_geometry"",""package_input"":""ddPCRclust""}"
2021-01-28_SNV_P102L,P102L,C03,P102L-mut,positive_control,,2021-01-28,ddPCRclust_control_projected,control-projected sensitivity using ddPCRclust input geometry,15678,15665,8642,2989,2980,1054,13,0,4034,4043,ok,NA,"{""source"":""control_geometry"",""package_input"":""ddPCRclust""}"
2021-01-28_SNV_P102L,P102L,C06,943497-cb,biological_sample,943497_cb,2021-01-28,ddPCRclust_control_projected,control-projected sensitivity using ddPCRclust input geometry,14937,14909,569,14327,0,13,28,0,13,14340,ok,NA,"{""source"":""control_geometry"",""package_input"":""ddPCRclust""}"
2021-01-28_SNV_P102L,P102L,C09,238501-hc,biological_sample,238501_hc,2021-01-28,ddPCRclust_control_projected,control-projected sensitivity using ddPCRclust input geometry,15589,15554,1126,14411,0,17,35,0,17,14428,ok,NA,"{""source"":""control_geometry"",""package_input"":""ddPCRclust""}"
2021-01-28_SNV_P102L,P102L,D03,933892-bg,biological_sample,933892_bg,2021-01-28,ddPCRclust_control_projected,control-projected sensitivity using ddPCRclust input geometry,16172,16145,2157,13971,0,17,27,0,17,13988,ok,NA,"{""source"":""control_geometry"",""package_input"":""ddPCRclust""}"
2021-01-28_SNV_P102L,P102L,D06,943497-fr,biological_sample,943497_fr,2021-01-28,ddPCRclust_control_projected,control-projected sensitivity using ddPCRclust input geometry,15556,15532,2339,13185,0,8,24,0,8,13193,ok,NA,"{""source"":""control_geometry"",""package_input"":""ddPCRclust""}"
2021-01-28_SNV_P102L,P102L,E03,933892-cb,biological_sample,933892_cb,2021-01-28,ddPCRclust_control_projected,control-projected sensitivity using ddPCRclust input geometry,16125,16099,691,15396,0,12,26,0,12,15408,ok,NA,"{""source"":""control_geometry"",""package_input"":""ddPCRclust""}"
2021-01-28_SNV_P102L,P102L,E06,943497-hc,biological_sample,943497_hc,2021-01-28,ddPCRclust_control_projected,control-projected sensitivity using ddPCRclust input geometry,15816,15784,1061,14710,0,13,32,0,13,14723,ok,NA,"{""source"":""control_geometry"",""package_input"":""ddPCRclust""}"
2021-01-28_SNV_P102L,P102L,E09,238501-th,biological_sample,238501_th,2021-01-28,ddPCRclust_control_projected,control-projected sensitivity using ddPCRclust input geometry,14016,13988,840,13135,0,13,28,0,13,13148,ok,NA,"{""source"":""control_geometry"",""package_input"":""ddPCRclust""}"
2021-01-28_SNV_P102L,P102L,F03,933892-fr,biological_sample,933892_fr,2021-01-28,ddPCRclust_control_projected,control-projected sensitivity using ddPCRclust input geometry,15816,15790,219,15556,0,15,26,0,15,15571,ok,NA,"{""source"":""control_geometry"",""package_input"":""ddPCRclust""}"
2021-01-28_SNV_P102L,P102L,F06,943497-sn,biological_sample,943497_sn,2021-01-28,ddPCRclust_control_projected,control-projected sensitivity using ddPCRclust input geometry,15568,15545,121,15403,0,21,23,0,21,15424,ok,NA,"{""source"":""control_geometry"",""package_input"":""ddPCRclust""}"
2021-01-28_SNV_P102L,P102L,F09,929474-fr,biological_sample,929474_fr,2021-01-28,ddPCRclust_control_projected,control-projected sensitivity using ddPCRclust input geometry,14976,14948,903,14025,0,20,28,0,20,14045,ok,NA,"{""source"":""control_geometry"",""package_input"":""ddPCRclust""}"
2021-01-28_SNV_P102L,P102L,G03,933892-hc,biological_sample,933892_hc,2021-01-28,ddPCRclust_control_projected,control-projected sensitivity using ddPCRclust input geometry,14650,14625,852,13757,0,16,25,0,16,13773,ok,NA,"{""source"":""control_geometry"",""package_input"":""ddPCRclust""}"
2021-01-28_SNV_P102L,P102L,G06,943497-th,biological_sample,943497_th,2021-01-28,ddPCRclust_control_projected,control-projected sensitivity using ddPCRclust input geometry,15538,15509,2091,13406,0,12,29,0,12,13418,ok,NA,"{""source"":""control_geometry"",""package_input"":""ddPCRclust""}"
2021-01-28_SNV_P102L,P102L,G09,929474-hc,biological_sample,929474_hc,2021-01-28,ddPCRclust_control_projected,control-projected sensitivity using ddPCRclust input geometry,15549,15521,861,14646,0,14,28,0,14,14660,ok,NA,"{""source"":""control_geometry"",""package_input"":""ddPCRclust""}"
2021-01-28_SNV_P102L,P102L,H03,933892-sn,biological_sample,933892_sn,2021-01-28,ddPCRclust_control_projected,control-projected sensitivity using ddPCRclust input geometry,14972,14933,3125,11802,0,6,39,0,6,11808,ok,NA,"{""source"":""control_geometry"",""package_input"":""ddPCRclust""}"
2021-01-28_SNV_P102L,P102L,H06,238501-bg,biological_sample,238501_bg,2021-01-28,ddPCRclust_control_projected,control-projected sensitivity using ddPCRclust input geometry,15503,15467,39,15420,0,8,36,0,8,15428,ok,NA,"{""source"":""control_geometry"",""package_input"":""ddPCRclust""}"
2021-02-02_SNV_P102L,P102L,A01,NTC,NTC,ntc,2021-02-02,ddPCRclust_control_projected,control-projected sensitivity using ddPCRclust input geometry,16027,16023,16022,0,0,1,4,0,1,1,ok,NA,"{""source"":""control_geometry"",""package_input"":""ddPCRclust""}"
2021-02-02_SNV_P102L,P102L,A02,18-17-cb,biological_sample,18_17_cb,2021-02-02,ddPCRclust_control_projected,control-projected sensitivity using ddPCRclust input geometry,14222,14186,1350,12821,0,15,36,0,15,12836,ok,NA,"{""source"":""control_geometry"",""package_input"":""ddPCRclust""}"
2021-02-02_SNV_P102L,P102L,A03,18-24-sn,biological_sample,18_24_sn,2021-02-02,ddPCRclust_control_projected,control-projected sensitivity using ddPCRclust input geometry,14580,14552,1134,13400,1,17,28,0,18,13417,ok,NA,"{""source"":""control_geometry"",""package_input"":""ddPCRclust""}"
2021-02-02_SNV_P102L,P102L,A04,17-20-fr,biological_sample,17_20_fr,2021-02-02,ddPCRclust_control_projected,control-projected sensitivity using ddPCRclust input geometry,15787,15755,1645,14086,0,24,32,0,24,14110,ok,NA,"{""source"":""control_geometry"",""package_input"":""ddPCRclust""}"
2021-02-02_SNV_P102L,P102L,A05,18-1-bg,biological_sample,18_1_bg,2021-02-02,ddPCRclust_control_projected,control-projected sensitivity using ddPCRclust input geometry,15714,15654,2262,13381,0,11,60,0,11,13392,ok,NA,"{""source"":""control_geometry"",""package_input"":""ddPCRclust""}"
2021-02-02_SNV_P102L,P102L,A06,18-6-bg,biological_sample,18_6_bg,2021-02-02,ddPCRclust_control_projected,control-projected sensitivity using ddPCRclust input geometry,15037,15013,816,14177,0,20,24,0,20,14197,ok,NA,"{""source"":""control_geometry"",""package_input"":""ddPCRclust""}"
2021-02-02_SNV_P102L,P102L,A08,14-24-sn,biological_sample,14_24_sn,2021-02-02,ddPCRclust_control_projected,control-projected sensitivity using ddPCRclust input geometry,16803,16711,3586,13120,3,2,92,0,5,13122,ok,NA,"{""source"":""control_geometry"",""package_input"":""ddPCRclust""}"
2021-02-02_SNV_P102L,P102L,B01,WT,WT_control,wt,2021-02-02,ddPCRclust_control_projected,control-projected sensitivity using ddPCRclust input geometry,15341,15307,2499,12797,0,11,34,0,11,12808,ok,NA,"{""source"":""control_geometry"",""package_input"":""ddPCRclust""}"
2021-02-02_SNV_P102L,P102L,B02,18-17-fr,biological_sample,18_17_fr,2021-02-02,ddPCRclust_control_projected,control-projected sensitivity using ddPCRclust input geometry,15220,15193,915,14267,0,11,27,0,11,14278,ok,NA,"{""source"":""control_geometry"",""package_input"":""ddPCRclust""}"
2021-02-02_SNV_P102L,P102L,B03,18-24-th,biological_sample,18_24_th,2021-02-02,ddPCRclust_control_projected,control-projected sensitivity using ddPCRclust input geometry,15463,15443,514,14916,0,13,20,0,13,14929,ok,NA,"{""source"":""control_geometry"",""package_input"":""ddPCRclust""}"
2021-02-02_SNV_P102L,P102L,B04,17-20-sn,biological_sample,17_20_sn,2021-02-02,ddPCRclust_control_projected,control-projected sensitivity using ddPCRclust input geometry,14899,14867,2330,12520,0,17,32,0,17,12537,ok,NA,"{""source"":""control_geometry"",""package_input"":""ddPCRclust""}"
2021-02-02_SNV_P102L,P102L,B05,18-1-cb,biological_sample,18_1_cb,2021-02-02,ddPCRclust_control_projected,control-projected sensitivity using ddPCRclust input geometry,16696,16658,5112,11530,1,15,38,0,16,11545,ok,NA,"{""source"":""control_geometry"",""package_input"":""ddPCRclust""}"
2021-02-02_SNV_P102L,P102L,B06,18-6-cb,biological_sample,18_6_cb,2021-02-02,ddPCRclust_control_projected,control-projected sensitivity using ddPCRclust input geometry,15887,15874,791,15076,0,7,13,0,7,15083,ok,NA,"{""source"":""control_geometry"",""package_input"":""ddPCRclust""}"
2021-02-02_SNV_P102L,P102L,B08,14-24-th,biological_sample,14_24_th,2021-02-02,ddPCRclust_control_projected,control-projected sensitivity using ddPCRclust input geometry,15970,15922,2,15919,0,1,48,0,1,15920,ok,NA,"{""source"":""control_geometry"",""package_input"":""ddPCRclust""}"
2021-02-02_SNV_P102L,P102L,C01,P102L-mut,positive_control,,2021-02-02,ddPCRclust_control_projected,control-projected sensitivity using ddPCRclust input geometry,14350,14339,6741,3042,3117,1439,11,0,4556,4481,ok,NA,"{""source"":""control_geometry"",""package_input"":""ddPCRclust""}"
2021-02-02_SNV_P102L,P102L,C02,18-17-sn,biological_sample,18_17_sn,2021-02-02,ddPCRclust_control_projected,control-projected sensitivity using ddPCRclust input geometry,14965,14943,1242,13689,0,12,22,0,12,13701,ok,NA,"{""source"":""control_geometry"",""package_input"":""ddPCRclust""}"
2021-02-02_SNV_P102L,P102L,C03,18-31-bg,biological_sample,18_31_bg,2021-02-02,ddPCRclust_control_projected,control-projected sensitivity using ddPCRclust input geometry,15911,15886,886,14986,1,13,25,0,14,14999,ok,NA,"{""source"":""control_geometry"",""package_input"":""ddPCRclust""}"
2021-02-02_SNV_P102L,P102L,C04,17-20-th,biological_sample,17_20_th,2021-02-02,ddPCRclust_control_projected,control-projected sensitivity using ddPCRclust input geometry,15491,15465,5211,10247,1,6,26,0,7,10253,ok,NA,"{""source"":""control_geometry"",""package_input"":""ddPCRclust""}"
2021-02-02_SNV_P102L,P102L,C05,18-1-fr,biological_sample,18_1_fr,2021-02-02,ddPCRclust_control_projected,control-projected sensitivity using ddPCRclust input geometry,16711,16672,1177,15479,0,16,39,0,16,15495,ok,NA,"{""source"":""control_geometry"",""package_input"":""ddPCRclust""}"
2021-02-02_SNV_P102L,P102L,C06,18-6-fr,biological_sample,18_6_fr,2021-02-02,ddPCRclust_control_projected,control-projected sensitivity using ddPCRclust input geometry,15883,15857,2089,13752,2,14,26,0,16,13766,ok,NA,"{""source"":""control_geometry"",""package_input"":""ddPCRclust""}"
2021-02-02_SNV_P102L,P102L,C08,18-31-cb,biological_sample,18_31_cb,2021-02-02,ddPCRclust_control_projected,control-projected sensitivity using ddPCRclust input geometry,14797,14514,639,13875,0,0,283,0,0,13875,ok,NA,"{""source"":""control_geometry"",""package_input"":""ddPCRclust""}"
2021-02-02_SNV_P102L,P102L,D01,14-24-bg,biological_sample,14_24_bg,2021-02-02,ddPCRclust_control_projected,control-projected sensitivity using ddPCRclust input geometry,22950,22927,9485,13433,1,8,23,0,9,13441,ok,NA,"{""source"":""control_geometry"",""package_input"":""ddPCRclust""}"
2021-02-02_SNV_P102L,P102L,D02,18-17-th,biological_sample,18_17_th,2021-02-02,ddPCRclust_control_projected,control-projected sensitivity using ddPCRclust input geometry,16170,16138,1315,14805,0,18,32,0,18,14823,ok,NA,"{""source"":""control_geometry"",""package_input"":""ddPCRclust""}"
2021-02-02_SNV_P102L,P102L,D03,18-31-hc,biological_sample,18_31_hc,2021-02-02,ddPCRclust_control_projected,control-projected sensitivity using ddPCRclust input geometry,17010,16990,1579,15395,1,15,20,0,16,15410,ok,NA,"{""source"":""control_geometry"",""package_input"":""ddPCRclust""}"
2021-02-02_SNV_P102L,P102L,D04,17-32-bg,biological_sample,17_32_bg,2021-02-02,ddPCRclust_control_projected,control-projected sensitivity using ddPCRclust input geometry,15122,15104,1671,13411,0,22,18,0,22,13433,ok,NA,"{""source"":""control_geometry"",""package_input"":""ddPCRclust""}"
2021-02-02_SNV_P102L,P102L,D05,18-1-hc,biological_sample,18_1_hc,2021-02-02,ddPCRclust_control_projected,control-projected sensitivity using ddPCRclust input geometry,15246,15203,1419,13769,0,15,43,0,15,13784,ok,NA,"{""source"":""control_geometry"",""package_input"":""ddPCRclust""}"
2021-02-02_SNV_P102L,P102L,D06,18-6-hc,biological_sample,18_6_hc,2021-02-02,ddPCRclust_control_projected,control-projected sensitivity using ddPCRclust input geometry,17174,17141,743,16382,0,16,33,0,16,16398,ok,NA,"{""source"":""control_geometry"",""package_input"":""ddPCRclust""}"
2021-02-02_SNV_P102L,P102L,D08,18-31-fr,biological_sample,18_31_fr,2021-02-02,ddPCRclust_control_projected,control-projected sensitivity using ddPCRclust input geometry,16218,16186,2329,13852,1,4,32,0,5,13856,ok,NA,"{""source"":""control_geometry"",""package_input"":""ddPCRclust""}"
2021-02-02_SNV_P102L,P102L,E02,18-24-bg,biological_sample,18_24_bg,2021-02-02,ddPCRclust_control_projected,control-projected sensitivity using ddPCRclust input geometry,15514,15482,934,14529,1,18,32,0,19,14547,ok,NA,"{""source"":""control_geometry"",""package_input"":""ddPCRclust""}"
2021-02-02_SNV_P102L,P102L,E03,18-31-sn,biological_sample,18_31_sn,2021-02-02,ddPCRclust_control_projected,control-projected sensitivity using ddPCRclust input geometry,16547,16526,646,15861,0,19,21,0,19,15880,ok,NA,"{""source"":""control_geometry"",""package_input"":""ddPCRclust""}"
2021-02-02_SNV_P102L,P102L,E04,17-32-cb,biological_sample,17_32_cb,2021-02-02,ddPCRclust_control_projected,control-projected sensitivity using ddPCRclust input geometry,15597,15574,3874,11693,0,7,23,0,7,11700,ok,NA,"{""source"":""control_geometry"",""package_input"":""ddPCRclust""}"
2021-02-02_SNV_P102L,P102L,E05,18-5-cb,biological_sample,18_5_cb,2021-02-02,ddPCRclust_control_projected,control-projected sensitivity using ddPCRclust input geometry,15599,15576,754,14812,0,10,23,0,10,14822,ok,NA,"{""source"":""control_geometry"",""package_input"":""ddPCRclust""}"
2021-02-02_SNV_P102L,P102L,E06,18-17-hc,biological_sample,18_17_hc,2021-02-02,ddPCRclust_control_projected,control-projected sensitivity using ddPCRclust input geometry,14642,14623,1973,12640,0,10,19,0,10,12650,ok,NA,"{""source"":""control_geometry"",""package_input"":""ddPCRclust""}"
2021-02-02_SNV_P102L,P102L,E08,17-32-sn,biological_sample,17_32_sn,2021-02-02,ddPCRclust_control_projected,control-projected sensitivity using ddPCRclust input geometry,16272,16103,1058,15039,0,6,169,0,6,15045,ok,NA,"{""source"":""control_geometry"",""package_input"":""ddPCRclust""}"
2021-02-02_SNV_P102L,P102L,F01,14-24-fr,biological_sample,14_24_fr,2021-02-02,ddPCRclust_control_projected,control-projected sensitivity using ddPCRclust input geometry,18091,18063,5064,12989,1,9,28,0,10,12998,ok,NA,"{""source"":""control_geometry"",""package_input"":""ddPCRclust""}"
2021-02-02_SNV_P102L,P102L,F02,18-24-cb,biological_sample,18_24_cb,2021-02-02,ddPCRclust_control_projected,control-projected sensitivity using ddPCRclust input geometry,15537,15516,2002,13505,0,9,21,0,9,13514,ok,NA,"{""source"":""control_geometry"",""package_input"":""ddPCRclust""}"
2021-02-02_SNV_P102L,P102L,F03,18-31-th,biological_sample,18_31_th,2021-02-02,ddPCRclust_control_projected,control-projected sensitivity using ddPCRclust input geometry,16097,16078,2780,13293,0,5,19,0,5,13298,ok,NA,"{""source"":""control_geometry"",""package_input"":""ddPCRclust""}"
2021-02-02_SNV_P102L,P102L,F04,17-32-fr,biological_sample,17_32_fr,2021-02-02,ddPCRclust_control_projected,control-projected sensitivity using ddPCRclust input geometry,16990,16966,1660,15293,0,13,24,0,13,15306,ok,NA,"{""source"":""control_geometry"",""package_input"":""ddPCRclust""}"
2021-02-02_SNV_P102L,P102L,F05,18-5-fr,biological_sample,18_5_fr,2021-02-02,ddPCRclust_control_projected,control-projected sensitivity using ddPCRclust input geometry,16128,16096,3505,12586,1,4,32,0,5,12590,ok,NA,"{""source"":""control_geometry"",""package_input"":""ddPCRclust""}"
2021-02-02_SNV_P102L,P102L,F08,18-5-bg,biological_sample,18_5_bg,2021-02-02,ddPCRclust_control_projected,control-projected sensitivity using ddPCRclust input geometry,16768,16719,606,16109,0,4,49,0,4,16113,ok,NA,"{""source"":""control_geometry"",""package_input"":""ddPCRclust""}"
2021-02-02_SNV_P102L,P102L,G01,14-24-hc,biological_sample,14_24_hc,2021-02-02,ddPCRclust_control_projected,control-projected sensitivity using ddPCRclust input geometry,17009,16968,6616,10348,0,4,41,0,4,10352,ok,NA,"{""source"":""control_geometry"",""package_input"":""ddPCRclust""}"
2021-02-02_SNV_P102L,P102L,G02,18-24-fr,biological_sample,18_24_fr,2021-02-02,ddPCRclust_control_projected,control-projected sensitivity using ddPCRclust input geometry,15514,15487,920,14559,0,8,27,0,8,14567,ok,NA,"{""source"":""control_geometry"",""package_input"":""ddPCRclust""}"
2021-02-02_SNV_P102L,P102L,G03,17-20-bg,biological_sample,17_20_bg,2021-02-02,ddPCRclust_control_projected,control-projected sensitivity using ddPCRclust input geometry,15799,15780,2924,12846,0,10,19,0,10,12856,ok,NA,"{""source"":""control_geometry"",""package_input"":""ddPCRclust""}"
2021-02-02_SNV_P102L,P102L,G04,17-32-hc,biological_sample,17_32_hc,2021-02-02,ddPCRclust_control_projected,control-projected sensitivity using ddPCRclust input geometry,15217,15193,874,14304,1,14,24,0,15,14318,ok,NA,"{""source"":""control_geometry"",""package_input"":""ddPCRclust""}"
2021-02-02_SNV_P102L,P102L,G05,18-5-hc,biological_sample,18_5_hc,2021-02-02,ddPCRclust_control_projected,control-projected sensitivity using ddPCRclust input geometry,15820,15788,691,15084,0,13,32,0,13,15097,ok,NA,"{""source"":""control_geometry"",""package_input"":""ddPCRclust""}"
2021-02-02_SNV_P102L,P102L,G08,18-5-sn,biological_sample,18_5_sn,2021-02-02,ddPCRclust_control_projected,control-projected sensitivity using ddPCRclust input geometry,17741,17726,287,17430,0,9,15,0,9,17439,ok,NA,"{""source"":""control_geometry"",""package_input"":""ddPCRclust""}"
2021-02-02_SNV_P102L,P102L,H01,18-17-bg,biological_sample,18_17_bg,2021-02-02,ddPCRclust_control_projected,control-projected sensitivity using ddPCRclust input geometry,17706,17672,2846,14811,0,15,34,0,15,14826,ok,NA,"{""source"":""control_geometry"",""package_input"":""ddPCRclust""}"
2021-02-02_SNV_P102L,P102L,H02,18-24-hc,biological_sample,18_24_hc,2021-02-02,ddPCRclust_control_projected,control-projected sensitivity using ddPCRclust input geometry,14191,14166,754,13401,0,11,25,0,11,13412,ok,NA,"{""source"":""control_geometry"",""package_input"":""ddPCRclust""}"
2021-02-02_SNV_P102L,P102L,H03,17-20-cb,biological_sample,17_20_cb,2021-02-02,ddPCRclust_control_projected,control-projected sensitivity using ddPCRclust input geometry,14189,14171,1015,13151,0,5,18,0,5,13156,ok,NA,"{""source"":""control_geometry"",""package_input"":""ddPCRclust""}"
2021-02-02_SNV_P102L,P102L,H04,17-32-th,biological_sample,17_32_th,2021-02-02,ddPCRclust_control_projected,control-projected sensitivity using ddPCRclust input geometry,17425,17387,2105,15269,0,13,38,0,13,15282,ok,NA,"{""source"":""control_geometry"",""package_input"":""ddPCRclust""}"
2021-02-02_SNV_P102L,P102L,H05,18-5-th,biological_sample,18_5_th,2021-02-02,ddPCRclust_control_projected,control-projected sensitivity using ddPCRclust input geometry,15093,15059,855,14190,0,14,34,0,14,14204,ok,NA,"{""source"":""control_geometry"",""package_input"":""ddPCRclust""}"
2021-02-17_SNV_P102L,P102L,A03,NTC,NTC,ntc,2021-02-17,ddPCRclust_control_projected,control-projected sensitivity using ddPCRclust input geometry,15602,15595,15595,0,0,0,7,0,0,0,ok,NA,"{""source"":""control_geometry"",""package_input"":""ddPCRclust""}"
2021-02-17_SNV_P102L,P102L,A06,CJD-20-08-bg,biological_sample,20_08_bg,2021-02-17,ddPCRclust_control_projected,control-projected sensitivity using ddPCRclust input geometry,16577,16560,1172,15376,1,11,17,0,12,15387,ok,NA,"{""source"":""control_geometry"",""package_input"":""ddPCRclust""}"
2021-02-17_SNV_P102L,P102L,A09,P102L-mut,positive_control,,2021-02-17,ddPCRclust_control_projected,control-projected sensitivity using ddPCRclust input geometry,18386,18370,9540,3566,3686,1578,16,0,5264,5144,ok,NA,"{""source"":""control_geometry"",""package_input"":""ddPCRclust""}"
2021-02-17_SNV_P102L,P102L,B03,WT,WT_control,wt,2021-02-17,ddPCRclust_control_projected,control-projected sensitivity using ddPCRclust input geometry,16164,16135,254,15868,1,12,29,0,13,15880,ok,NA,"{""source"":""control_geometry"",""package_input"":""ddPCRclust""}"
2021-02-17_SNV_P102L,P102L,B06,CJD-20-08-cb,biological_sample,20_08_cb,2021-02-17,ddPCRclust_control_projected,control-projected sensitivity using ddPCRclust input geometry,15168,15142,2585,12545,0,12,26,0,12,12557,ok,NA,"{""source"":""control_geometry"",""package_input"":""ddPCRclust""}"
2021-02-17_SNV_P102L,P102L,C03,CJD-13-21-bg,biological_sample,13_21_bg,2021-02-17,ddPCRclust_control_projected,control-projected sensitivity using ddPCRclust input geometry,14552,14530,1330,13190,0,10,22,0,10,13200,ok,NA,"{""source"":""control_geometry"",""package_input"":""ddPCRclust""}"
2021-02-17_SNV_P102L,P102L,C06,CJD-20-08-fr,biological_sample,20_08_fr,2021-02-17,ddPCRclust_control_projected,control-projected sensitivity using ddPCRclust input geometry,14946,14926,1920,12988,0,18,20,0,18,13006,ok,NA,"{""source"":""control_geometry"",""package_input"":""ddPCRclust""}"
2021-02-17_SNV_P102L,P102L,C09,CJD-14-24-cb,biological_sample,14_24_cb,2021-02-17,ddPCRclust_control_projected,control-projected sensitivity using ddPCRclust input geometry,16344,14663,3847,10814,0,2,1681,0,2,10816,ok,NA,"{""source"":""control_geometry"",""package_input"":""ddPCRclust""}"
2021-02-17_SNV_P102L,P102L,D03,CJD-17-12-sn,biological_sample,17_12_sn,2021-02-17,ddPCRclust_control_projected,control-projected sensitivity using ddPCRclust input geometry,16297,16253,4,16244,0,5,44,0,5,16249,ok,NA,"{""source"":""control_geometry"",""package_input"":""ddPCRclust""}"
2021-02-17_SNV_P102L,P102L,D06,CJD-20-08-sn,biological_sample,20_08_sn,2021-02-17,ddPCRclust_control_projected,control-projected sensitivity using ddPCRclust input geometry,16266,16246,5772,10462,1,11,20,0,12,10473,ok,NA,"{""source"":""control_geometry"",""package_input"":""ddPCRclust""}"
2021-02-17_SNV_P102L,P102L,E03,CJD-13-21-fr,biological_sample,13_21_fr,2021-02-17,ddPCRclust_control_projected,control-projected sensitivity using ddPCRclust input geometry,16093,16066,2763,13292,0,11,27,0,11,13303,ok,NA,"{""source"":""control_geometry"",""package_input"":""ddPCRclust""}"
2021-02-17_SNV_P102L,P102L,E06,CJD-15-1-fr,biological_sample,15_1_fr,2021-02-17,ddPCRclust_control_projected,control-projected sensitivity using ddPCRclust input geometry,15356,15339,6461,8866,2,10,17,0,12,8876,ok,NA,"{""source"":""control_geometry"",""package_input"":""ddPCRclust""}"
2021-02-17_SNV_P102L,P102L,F03,CJD-13-21-sn,biological_sample,13_21_sn,2021-02-17,ddPCRclust_control_projected,control-projected sensitivity using ddPCRclust input geometry,15639,15626,1508,14106,0,12,13,0,12,14118,ok,NA,"{""source"":""control_geometry"",""package_input"":""ddPCRclust""}"
2021-02-17_SNV_P102L,P102L,G06,CJD-17-30-cb,biological_sample,17_30_cb,2021-02-17,ddPCRclust_control_projected,control-projected sensitivity using ddPCRclust input geometry,15659,15632,3529,12093,0,10,27,0,10,12103,ok,NA,"{""source"":""control_geometry"",""package_input"":""ddPCRclust""}"
2021-02-17_SNV_P102L,P102L,H03,CJD-15-27-fr,biological_sample,15_27_fr,2021-02-17,ddPCRclust_control_projected,control-projected sensitivity using ddPCRclust input geometry,16340,16312,4975,11331,1,5,28,0,6,11336,ok,NA,"{""source"":""control_geometry"",""package_input"":""ddPCRclust""}"
2021-02-17_SNV_P102L,P102L,H06,CJD-17-31-cb,biological_sample,17_31_cb,2021-02-17,ddPCRclust_control_projected,control-projected sensitivity using ddPCRclust input geometry,17283,17230,3368,13851,0,11,53,0,11,13862,ok,NA,"{""source"":""control_geometry"",""package_input"":""ddPCRclust""}"
2021-02-18_SNV_P102L,P102L,A03,NTC,NTC,ntc,2021-02-18,ddPCRclust_control_projected,control-projected sensitivity using ddPCRclust input geometry,14312,14310,14310,0,0,0,2,0,0,0,ok,NA,"{""source"":""control_geometry"",""package_input"":""ddPCRclust""}"
2021-02-18_SNV_P102L,P102L,A06,P102L-mut,positive_control,,2021-02-18,ddPCRclust_control_projected,control-projected sensitivity using ddPCRclust input geometry,17455,17099,9829,3113,3200,957,356,0,4157,4070,ok,NA,"{""source"":""control_geometry"",""package_input"":""ddPCRclust""}"
2021-02-18_SNV_P102L,P102L,A09,CJD-17-8-bg,biological_sample,17_8_bg,2021-02-18,ddPCRclust_control_projected,control-projected sensitivity using ddPCRclust input geometry,15968,15937,440,15485,1,11,31,0,12,15496,ok,NA,"{""source"":""control_geometry"",""package_input"":""ddPCRclust""}"
2021-02-18_SNV_P102L,P102L,B03,WT,WT_control,wt,2021-02-18,ddPCRclust_control_projected,control-projected sensitivity using ddPCRclust input geometry,18248,18220,5919,12288,1,12,28,0,13,12300,ok,NA,"{""source"":""control_geometry"",""package_input"":""ddPCRclust""}"
2021-02-18_SNV_P102L,P102L,B06,CJD-17-11-bg,biological_sample,17_11_bg,2021-02-18,ddPCRclust_control_projected,control-projected sensitivity using ddPCRclust input geometry,14152,14132,613,13498,0,21,20,0,21,13519,ok,NA,"{""source"":""control_geometry"",""package_input"":""ddPCRclust""}"
2021-02-18_SNV_P102L,P102L,B09,CJD-17-8-cb,biological_sample,17_8_cb,2021-02-18,ddPCRclust_control_projected,control-projected sensitivity using ddPCRclust input geometry,17467,17447,3,17440,0,4,20,0,4,17444,ok,NA,"{""source"":""control_geometry"",""package_input"":""ddPCRclust""}"
2021-02-18_SNV_P102L,P102L,C03,CJD-15-1-bg,biological_sample,15_1_bg,2021-02-18,ddPCRclust_control_projected,control-projected sensitivity using ddPCRclust input geometry,17066,17035,1373,15649,0,13,31,0,13,15662,ok,NA,"{""source"":""control_geometry"",""package_input"":""ddPCRclust""}"
2021-02-18_SNV_P102L,P102L,C06,CJD-17-11-fr,biological_sample,17_11_fr,2021-02-18,ddPCRclust_control_projected,control-projected sensitivity using ddPCRclust input geometry,14457,14431,172,14249,0,10,26,0,10,14259,ok,NA,"{""source"":""control_geometry"",""package_input"":""ddPCRclust""}"
2021-02-18_SNV_P102L,P102L,C09,CJD-17-8-fr,biological_sample,17_8_fr,2021-02-18,ddPCRclust_control_projected,control-projected sensitivity using ddPCRclust input geometry,14629,14601,12,14576,0,13,28,0,13,14589,ok,NA,"{""source"":""control_geometry"",""package_input"":""ddPCRclust""}"
2021-02-18_SNV_P102L,P102L,D03,CJD-15-1-cb,biological_sample,15_1_cb,2021-02-18,ddPCRclust_control_projected,control-projected sensitivity using ddPCRclust input geometry,16934,16914,1668,15236,1,9,20,0,10,15245,ok,NA,"{""source"":""control_geometry"",""package_input"":""ddPCRclust""}"
2021-02-18_SNV_P102L,P102L,D06,CJD-17-11-hc,biological_sample,17_11_hc,2021-02-18,ddPCRclust_control_projected,control-projected sensitivity using ddPCRclust input geometry,15536,15520,300,15209,0,11,16,0,11,15220,ok,NA,"{""source"":""control_geometry"",""package_input"":""ddPCRclust""}"
2021-02-18_SNV_P102L,P102L,E03,CJD-15-1-th,biological_sample,15_1_th,2021-02-18,ddPCRclust_control_projected,control-projected sensitivity using ddPCRclust input geometry,16049,16037,3819,12206,0,12,12,0,12,12218,ok,NA,"{""source"":""control_geometry"",""package_input"":""ddPCRclust""}"
2021-02-18_SNV_P102L,P102L,E06,CJD-17-12-bg,biological_sample,17_12_bg,2021-02-18,ddPCRclust_control_projected,control-projected sensitivity using ddPCRclust input geometry,16129,16107,189,15905,0,13,22,0,13,15918,ok,NA,"{""source"":""control_geometry"",""package_input"":""ddPCRclust""}"
2021-02-18_SNV_P102L,P102L,F06,CJD-17-12-fr,biological_sample,17_12_fr,2021-02-18,ddPCRclust_control_projected,control-projected sensitivity using ddPCRclust input geometry,15096,15075,60,15009,0,6,21,0,6,15015,ok,NA,"{""source"":""control_geometry"",""package_input"":""ddPCRclust""}"
2021-02-18_SNV_P102L,P102L,G03,CJD-17-11-cb,biological_sample,17_11_cb,2021-02-18,ddPCRclust_control_projected,control-projected sensitivity using ddPCRclust input geometry,17004,16985,8555,8423,0,7,19,0,7,8430,ok,NA,"{""source"":""control_geometry"",""package_input"":""ddPCRclust""}"
2021-02-18_SNV_P102L,P102L,H03,CJD-17-12-th,biological_sample,17_12_th,2021-02-18,ddPCRclust_control_projected,control-projected sensitivity using ddPCRclust input geometry,16726,16695,140,16536,0,19,31,0,19,16555,ok,NA,"{""source"":""control_geometry"",""package_input"":""ddPCRclust""}"
2021-03-05_SNV_P102L,P102L,A03,NTC,NTC,ntc,2021-03-05,ddPCRclust_control_projected,control-projected sensitivity using ddPCRclust input geometry,13706,13704,13704,0,0,0,2,0,0,0,ok,NA,"{""source"":""control_geometry"",""package_input"":""ddPCRclust""}"
2021-03-05_SNV_P102L,P102L,A07,19-29-fr,biological_sample,19_29_fr,2021-03-05,ddPCRclust_control_projected,control-projected sensitivity using ddPCRclust input geometry,15084,15065,7214,7840,0,11,19,0,11,7851,ok,NA,"{""source"":""control_geometry"",""package_input"":""ddPCRclust""}"
2021-03-05_SNV_P102L,P102L,B03,WT,WT_control,wt,2021-03-05,ddPCRclust_control_projected,control-projected sensitivity using ddPCRclust input geometry,13119,13092,4323,8760,1,8,27,0,9,8768,ok,NA,"{""source"":""control_geometry"",""package_input"":""ddPCRclust""}"
2021-03-05_SNV_P102L,P102L,B07,15-27-fr,biological_sample,15_27_fr,2021-03-05,ddPCRclust_control_projected,control-projected sensitivity using ddPCRclust input geometry,13217,13195,3994,9191,0,10,22,0,10,9201,ok,NA,"{""source"":""control_geometry"",""package_input"":""ddPCRclust""}"
2021-03-05_SNV_P102L,P102L,C03,P102L-mut,positive_control,,2021-03-05,ddPCRclust_control_projected,control-projected sensitivity using ddPCRclust input geometry,13612,13605,6826,2843,2746,1190,7,0,3936,4033,ok,NA,"{""source"":""control_geometry"",""package_input"":""ddPCRclust""}"
2021-03-05_SNV_P102L,P102L,C07,17-34-cb,biological_sample,17_34_cb,2021-03-05,ddPCRclust_control_projected,control-projected sensitivity using ddPCRclust input geometry,14576,14555,7462,7084,0,9,21,0,9,7093,ok,NA,"{""source"":""control_geometry"",""package_input"":""ddPCRclust""}"
2021-03-05_SNV_P102L,P102L,D03,14-24-th,biological_sample,14_24_th,2021-03-05,ddPCRclust_control_projected,control-projected sensitivity using ddPCRclust input geometry,13771,13737,6162,7565,2,8,34,0,10,7573,ok,NA,"{""source"":""control_geometry"",""package_input"":""ddPCRclust""}"
2021-03-05_SNV_P102L,P102L,E03,17-12-sn,biological_sample,17_12_sn,2021-03-05,ddPCRclust_control_projected,control-projected sensitivity using ddPCRclust input geometry,11656,11624,2,11610,0,12,32,0,12,11622,ok,NA,"{""source"":""control_geometry"",""package_input"":""ddPCRclust""}"
2021-03-29_SNV_P102L,P102L,A03,NTC,NTC,ntc,2021-03-29,ddPCRclust_control_projected,control-projected sensitivity using ddPCRclust input geometry,15224,15215,15215,0,0,0,9,0,0,0,ok,NA,"{""source"":""control_geometry"",""package_input"":""ddPCRclust""}"
2021-03-29_SNV_P102L,P102L,A06,17-11-sn,biological_sample,17_11_sn,2021-03-29,ddPCRclust_control_projected,control-projected sensitivity using ddPCRclust input geometry,15553,15500,40,15437,0,23,53,0,23,15460,ok,NA,"{""source"":""control_geometry"",""package_input"":""ddPCRclust""}"
2021-03-29_SNV_P102L,P102L,A12,14-2-hc,biological_sample,14_2_hc,2021-03-29,ddPCRclust_control_projected,control-projected sensitivity using ddPCRclust input geometry,16097,16073,203,15846,0,24,24,0,24,15870,ok,NA,"{""source"":""control_geometry"",""package_input"":""ddPCRclust""}"
2021-03-29_SNV_P102L,P102L,B03,WT,WT_control,wt,2021-03-29,ddPCRclust_control_projected,control-projected sensitivity using ddPCRclust input geometry,15947,15927,4625,11288,0,14,20,0,14,11302,ok,NA,"{""source"":""control_geometry"",""package_input"":""ddPCRclust""}"
2021-03-29_SNV_P102L,P102L,B06,17-11-th,biological_sample,17_11_th,2021-03-29,ddPCRclust_control_projected,control-projected sensitivity using ddPCRclust input geometry,14797,14756,297,14433,0,26,41,0,26,14459,ok,NA,"{""source"":""control_geometry"",""package_input"":""ddPCRclust""}"
2021-03-29_SNV_P102L,P102L,B12,14-2-sn,biological_sample,14_2_sn,2021-03-29,ddPCRclust_control_projected,control-projected sensitivity using ddPCRclust input geometry,16702,16677,259,16391,0,27,25,0,27,16418,ok,NA,"{""source"":""control_geometry"",""package_input"":""ddPCRclust""}"
2021-03-29_SNV_P102L,P102L,C03,P102L,positive_control,p102l,2021-03-29,ddPCRclust_control_projected,control-projected sensitivity using ddPCRclust input geometry,15155,15145,5142,3679,3696,2628,10,0,6324,6307,ok,NA,"{""source"":""control_geometry"",""package_input"":""ddPCRclust""}"
2021-03-29_SNV_P102L,P102L,C06,17-12-cb,biological_sample,17_12_cb,2021-03-29,ddPCRclust_control_projected,control-projected sensitivity using ddPCRclust input geometry,14846,14819,186,14609,0,24,27,0,24,14633,ok,NA,"{""source"":""control_geometry"",""package_input"":""ddPCRclust""}"
2021-03-29_SNV_P102L,P102L,C12,14-2-th,biological_sample,14_2_th,2021-03-29,ddPCRclust_control_projected,control-projected sensitivity using ddPCRclust input geometry,17937,17917,138,17747,0,32,20,0,32,17779,ok,NA,"{""source"":""control_geometry"",""package_input"":""ddPCRclust""}"
2021-03-29_SNV_P102L,P102L,D03,17-31-fr,biological_sample,17_31_fr,2021-03-29,ddPCRclust_control_projected,control-projected sensitivity using ddPCRclust input geometry,16633,16599,1431,15143,1,24,34,0,25,15167,ok,NA,"{""source"":""control_geometry"",""package_input"":""ddPCRclust""}"
2021-03-29_SNV_P102L,P102L,D06,17-12-hc,biological_sample,17_12_hc,2021-03-29,ddPCRclust_control_projected,control-projected sensitivity using ddPCRclust input geometry,15134,15099,635,14445,1,18,35,0,19,14463,ok,NA,"{""source"":""control_geometry"",""package_input"":""ddPCRclust""}"
2021-03-29_SNV_P102L,P102L,D12,15-6-bg,biological_sample,15_6_bg,2021-03-29,ddPCRclust_control_projected,control-projected sensitivity using ddPCRclust input geometry,16887,16866,259,16579,0,28,21,0,28,16607,ok,NA,"{""source"":""control_geometry"",""package_input"":""ddPCRclust""}"
2021-03-29_SNV_P102L,P102L,E03,18-1-sn,biological_sample,18_1_sn,2021-03-29,ddPCRclust_control_projected,control-projected sensitivity using ddPCRclust input geometry,15207,15146,141,14982,0,23,61,0,23,15005,ok,NA,"{""source"":""control_geometry"",""package_input"":""ddPCRclust""}"
2021-03-29_SNV_P102L,P102L,E06,17-5-bg,biological_sample,17_5_bg,2021-03-29,ddPCRclust_control_projected,control-projected sensitivity using ddPCRclust input geometry,16438,16395,959,15423,1,12,43,0,13,15435,ok,NA,"{""source"":""control_geometry"",""package_input"":""ddPCRclust""}"
2021-03-29_SNV_P102L,P102L,E12,15-6-cb,biological_sample,15_6_cb,2021-03-29,ddPCRclust_control_projected,control-projected sensitivity using ddPCRclust input geometry,16143,16122,498,15609,0,15,21,0,15,15624,ok,NA,"{""source"":""control_geometry"",""package_input"":""ddPCRclust""}"
2021-03-29_SNV_P102L,P102L,F03,18-1-th,biological_sample,18_1_th,2021-03-29,ddPCRclust_control_projected,control-projected sensitivity using ddPCRclust input geometry,16853,16832,23,16778,0,31,21,0,31,16809,ok,NA,"{""source"":""control_geometry"",""package_input"":""ddPCRclust""}"
2021-03-29_SNV_P102L,P102L,F06,17-5-hc,biological_sample,17_5_hc,2021-03-29,ddPCRclust_control_projected,control-projected sensitivity using ddPCRclust input geometry,16450,16419,277,16119,0,23,31,0,23,16142,ok,NA,"{""source"":""control_geometry"",""package_input"":""ddPCRclust""}"
2021-03-29_SNV_P102L,P102L,F12,15-6-fr,biological_sample,15_6_fr,2021-03-29,ddPCRclust_control_projected,control-projected sensitivity using ddPCRclust input geometry,16536,16513,916,15575,0,22,23,0,22,15597,ok,NA,"{""source"":""control_geometry"",""package_input"":""ddPCRclust""}"
2021-03-29_SNV_P102L,P102L,G03,17-13-fr,biological_sample,17_13_fr,2021-03-29,ddPCRclust_control_projected,control-projected sensitivity using ddPCRclust input geometry,14407,14380,414,13944,1,21,27,0,22,13965,ok,NA,"{""source"":""control_geometry"",""package_input"":""ddPCRclust""}"
2021-03-29_SNV_P102L,P102L,G06,17-5-sn,biological_sample,17_5_sn,2021-03-29,ddPCRclust_control_projected,control-projected sensitivity using ddPCRclust input geometry,15710,15672,872,14781,0,19,38,0,19,14800,ok,NA,"{""source"":""control_geometry"",""package_input"":""ddPCRclust""}"
2021-03-29_SNV_P102L,P102L,G12,15-6-hc,biological_sample,15_6_hc,2021-03-29,ddPCRclust_control_projected,control-projected sensitivity using ddPCRclust input geometry,15867,15845,34,15785,0,26,22,0,26,15811,ok,NA,"{""source"":""control_geometry"",""package_input"":""ddPCRclust""}"
2021-03-29_SNV_P102L,P102L,H03,17-13-th,biological_sample,17_13_th,2021-03-29,ddPCRclust_control_projected,control-projected sensitivity using ddPCRclust input geometry,15092,15057,667,14370,0,20,35,0,20,14390,ok,NA,"{""source"":""control_geometry"",""package_input"":""ddPCRclust""}"
2021-03-29_SNV_P102L,P102L,H06,17-8-hc,biological_sample,17_8_hc,2021-03-29,ddPCRclust_control_projected,control-projected sensitivity using ddPCRclust input geometry,16207,16136,172,15944,0,20,71,0,20,15964,ok,NA,"{""source"":""control_geometry"",""package_input"":""ddPCRclust""}"
2021-03-29_SNV_P102L,P102L,H12,15-6-sn,biological_sample,15_6_sn,2021-03-29,ddPCRclust_control_projected,control-projected sensitivity using ddPCRclust input geometry,15535,15474,15,15430,0,29,61,0,29,15459,ok,NA,"{""source"":""control_geometry"",""package_input"":""ddPCRclust""}"
2021-04-06_SNV_P102L,P102L,A03,NTC,NTC,ntc,2021-04-06,ddPCRclust_control_projected,control-projected sensitivity using ddPCRclust input geometry,14977,14970,14970,0,0,0,7,0,0,0,ok,NA,"{""source"":""control_geometry"",""package_input"":""ddPCRclust""}"
2021-04-06_SNV_P102L,P102L,A06,20-08-hc,biological_sample,20_08_hc,2021-04-06,ddPCRclust_control_projected,control-projected sensitivity using ddPCRclust input geometry,11655,11632,48,11572,0,12,23,0,12,11584,ok,NA,"{""source"":""control_geometry"",""package_input"":""ddPCRclust""}"
2021-04-06_SNV_P102L,P102L,A09,17-8-sn,biological_sample,17_8_sn,2021-04-06,ddPCRclust_control_projected,control-projected sensitivity using ddPCRclust input geometry,15078,15054,507,14517,1,29,24,0,30,14546,ok,NA,"{""source"":""control_geometry"",""package_input"":""ddPCRclust""}"
2021-04-06_SNV_P102L,P102L,B03,WT,WT_control,wt,2021-04-06,ddPCRclust_control_projected,control-projected sensitivity using ddPCRclust input geometry,14186,14161,3608,10541,0,12,25,0,12,10553,ok,NA,"{""source"":""control_geometry"",""package_input"":""ddPCRclust""}"
2021-04-06_SNV_P102L,P102L,B06,20-08-th,biological_sample,20_08_th,2021-04-06,ddPCRclust_control_projected,control-projected sensitivity using ddPCRclust input geometry,11463,11443,131,11289,0,23,20,0,23,11312,ok,NA,"{""source"":""control_geometry"",""package_input"":""ddPCRclust""}"
2021-04-06_SNV_P102L,P102L,B09,17-8-th,biological_sample,17_8_th,2021-04-06,ddPCRclust_control_projected,control-projected sensitivity using ddPCRclust input geometry,14594,14566,269,14276,0,21,28,0,21,14297,ok,NA,"{""source"":""control_geometry"",""package_input"":""ddPCRclust""}"
2021-04-06_SNV_P102L,P102L,C03,P102L,positive_control,p102l,2021-04-06,ddPCRclust_control_projected,control-projected sensitivity using ddPCRclust input geometry,12002,11990,1964,2522,2542,4962,12,0,7504,7484,ok,NA,"{""source"":""control_geometry"",""package_input"":""ddPCRclust""}"
2021-04-06_SNV_P102L,P102L,C06,15-27-bg,biological_sample,15_27_bg,2021-04-06,ddPCRclust_control_projected,control-projected sensitivity using ddPCRclust input geometry,12103,12088,505,11571,0,12,15,0,12,11583,ok,NA,"{""source"":""control_geometry"",""package_input"":""ddPCRclust""}"
2021-04-06_SNV_P102L,P102L,C09,17-34-bg,biological_sample,17_34_bg,2021-04-06,ddPCRclust_control_projected,control-projected sensitivity using ddPCRclust input geometry,14083,14067,642,13410,0,15,16,0,15,13425,ok,NA,"{""source"":""control_geometry"",""package_input"":""ddPCRclust""}"
2021-04-06_SNV_P102L,P102L,D03,17-20-hc,biological_sample,17_20_hc,2021-04-06,ddPCRclust_control_projected,control-projected sensitivity using ddPCRclust input geometry,11987,11968,11,11943,0,14,19,0,14,11957,ok,NA,"{""source"":""control_geometry"",""package_input"":""ddPCRclust""}"
2021-04-06_SNV_P102L,P102L,D06,15-27-cb,biological_sample,15_27_cb,2021-04-06,ddPCRclust_control_projected,control-projected sensitivity using ddPCRclust input geometry,14126,14094,625,13458,0,11,32,0,11,13469,ok,NA,"{""source"":""control_geometry"",""package_input"":""ddPCRclust""}"
2021-04-06_SNV_P102L,P102L,D09,17-34-hc,biological_sample,17_34_hc,2021-04-06,ddPCRclust_control_projected,control-projected sensitivity using ddPCRclust input geometry,10589,10577,310,10257,0,10,12,0,10,10267,ok,NA,"{""source"":""control_geometry"",""package_input"":""ddPCRclust""}"
2021-04-06_SNV_P102L,P102L,E03,15-6-th,biological_sample,15_6_th,2021-04-06,ddPCRclust_control_projected,control-projected sensitivity using ddPCRclust input geometry,14310,14285,210,14056,0,19,25,0,19,14075,ok,NA,"{""source"":""control_geometry"",""package_input"":""ddPCRclust""}"
2021-04-06_SNV_P102L,P102L,E06,15-27-pons,biological_sample,15_27_ps,2021-04-06,ddPCRclust_control_projected,control-projected sensitivity using ddPCRclust input geometry,12522,12418,16,12385,0,17,104,0,17,12402,ok,NA,"{""source"":""control_geometry"",""package_input"":""ddPCRclust""}"
2021-04-06_SNV_P102L,P102L,E09,929474-th,biological_sample,929474_th,2021-04-06,ddPCRclust_control_projected,control-projected sensitivity using ddPCRclust input geometry,15419,15382,243,15119,0,20,37,0,20,15139,ok,NA,"{""source"":""control_geometry"",""package_input"":""ddPCRclust""}"
2021-04-06_SNV_P102L,P102L,F03,18-6-sn,biological_sample,18_6_sn,2021-04-06,ddPCRclust_control_projected,control-projected sensitivity using ddPCRclust input geometry,12665,12653,6292,6355,0,6,12,0,6,6361,ok,NA,"{""source"":""control_geometry"",""package_input"":""ddPCRclust""}"
2021-04-06_SNV_P102L,P102L,F06,15-27-th,biological_sample,15_27_th,2021-04-06,ddPCRclust_control_projected,control-projected sensitivity using ddPCRclust input geometry,13258,13172,201,12956,0,15,86,0,15,12971,ok,NA,"{""source"":""control_geometry"",""package_input"":""ddPCRclust""}"
2021-04-06_SNV_P102L,P102L,F09,14-2-bg,biological_sample,14_2_bg,2021-04-06,ddPCRclust_control_projected,control-projected sensitivity using ddPCRclust input geometry,16337,16286,595,15670,0,21,51,0,21,15691,ok,NA,"{""source"":""control_geometry"",""package_input"":""ddPCRclust""}"
2021-04-06_SNV_P102L,P102L,G06,15-1-hc,biological_sample,15_1_hc,2021-04-06,ddPCRclust_control_projected,control-projected sensitivity using ddPCRclust input geometry,12604,12532,219,12300,0,13,72,0,13,12313,ok,NA,"{""source"":""control_geometry"",""package_input"":""ddPCRclust""}"
2021-04-06_SNV_P102L,P102L,G09,14-2-cb,biological_sample,14_2_cb,2021-04-06,ddPCRclust_control_projected,control-projected sensitivity using ddPCRclust input geometry,14213,14180,1125,13044,0,11,33,0,11,13055,ok,NA,"{""source"":""control_geometry"",""package_input"":""ddPCRclust""}"
2021-04-06_SNV_P102L,P102L,H06,15-1-sn,biological_sample,15_1_sn,2021-04-06,ddPCRclust_control_projected,control-projected sensitivity using ddPCRclust input geometry,13189,13073,92,12956,0,25,116,0,25,12981,ok,NA,"{""source"":""control_geometry"",""package_input"":""ddPCRclust""}"
2021-04-06_SNV_P102L,P102L,H09,14-2-fr,biological_sample,14_2_fr,2021-04-06,ddPCRclust_control_projected,control-projected sensitivity using ddPCRclust input geometry,15379,15365,633,14719,0,13,14,0,13,14732,ok,NA,"{""source"":""control_geometry"",""package_input"":""ddPCRclust""}"
2021-05-10_SNV_P102L,P102L,A03,NTC,NTC,ntc,2021-05-10,ddPCRclust_control_projected,control-projected sensitivity using ddPCRclust input geometry,15040,15032,15024,8,0,0,8,0,0,8,ok,NA,"{""source"":""control_geometry"",""package_input"":""ddPCRclust""}"
2021-05-10_SNV_P102L,P102L,A06,09-100-th,biological_sample,09_100_th,2021-05-10,ddPCRclust_control_projected,control-projected sensitivity using ddPCRclust input geometry,9975,9948,428,9509,0,11,27,0,11,9520,ok,NA,"{""source"":""control_geometry"",""package_input"":""ddPCRclust""}"
2021-05-10_SNV_P102L,P102L,A09,03-132-ce,biological_sample,03_132_ce,2021-05-10,ddPCRclust_control_projected,control-projected sensitivity using ddPCRclust input geometry,15333,15306,652,14635,0,19,27,0,19,14654,ok,NA,"{""source"":""control_geometry"",""package_input"":""ddPCRclust""}"
2021-05-10_SNV_P102L,P102L,B03,WT,WT_control,wt,2021-05-10,ddPCRclust_control_projected,control-projected sensitivity using ddPCRclust input geometry,14581,14567,4011,10539,0,17,14,0,17,10556,ok,NA,"{""source"":""control_geometry"",""package_input"":""ddPCRclust""}"
2021-05-10_SNV_P102L,P102L,B06,03-112-cau,biological_sample,03_112_cau,2021-05-10,ddPCRclust_control_projected,control-projected sensitivity using ddPCRclust input geometry,11677,11655,583,11056,0,16,22,0,16,11072,ok,NA,"{""source"":""control_geometry"",""package_input"":""ddPCRclust""}"
2021-05-10_SNV_P102L,P102L,B09,03-132-fc,biological_sample,03_132_fc,2021-05-10,ddPCRclust_control_projected,control-projected sensitivity using ddPCRclust input geometry,16014,15977,83,15866,0,28,37,0,28,15894,ok,NA,"{""source"":""control_geometry"",""package_input"":""ddPCRclust""}"
2021-05-10_SNV_P102L,P102L,C03,P102L,positive_control,p102l,2021-05-10,ddPCRclust_control_projected,control-projected sensitivity using ddPCRclust input geometry,15471,15465,1893,3575,3553,6444,6,0,9997,10019,ok,NA,"{""source"":""control_geometry"",""package_input"":""ddPCRclust""}"
2021-05-10_SNV_P102L,P102L,C06,03-112-ce,biological_sample,03_112_ce,2021-05-10,ddPCRclust_control_projected,control-projected sensitivity using ddPCRclust input geometry,14558,14524,82,14427,1,14,34,0,15,14441,ok,NA,"{""source"":""control_geometry"",""package_input"":""ddPCRclust""}"
2021-05-10_SNV_P102L,P102L,C09,03-132-hip,biological_sample,03_132_hip,2021-05-10,ddPCRclust_control_projected,control-projected sensitivity using ddPCRclust input geometry,15608,15575,277,15274,0,24,33,0,24,15298,ok,NA,"{""source"":""control_geometry"",""package_input"":""ddPCRclust""}"
2021-05-10_SNV_P102L,P102L,D03,09-100-cau,biological_sample,09_100_cau,2021-05-10,ddPCRclust_control_projected,control-projected sensitivity using ddPCRclust input geometry,17215,17178,1099,16055,0,24,37,0,24,16079,ok,NA,"{""source"":""control_geometry"",""package_input"":""ddPCRclust""}"
2021-05-10_SNV_P102L,P102L,D06,03-112-fc,biological_sample,03_112_fc,2021-05-10,ddPCRclust_control_projected,control-projected sensitivity using ddPCRclust input geometry,15313,15289,328,14935,0,26,24,0,26,14961,ok,NA,"{""source"":""control_geometry"",""package_input"":""ddPCRclust""}"
2021-05-10_SNV_P102L,P102L,D09,03-132-mdb,biological_sample,03_132_mdb,2021-05-10,ddPCRclust_control_projected,control-projected sensitivity using ddPCRclust input geometry,16813,16771,311,16436,0,24,42,0,24,16460,ok,NA,"{""source"":""control_geometry"",""package_input"":""ddPCRclust""}"
2021-05-10_SNV_P102L,P102L,E03,09-100-ce,biological_sample,09_100_ce,2021-05-10,ddPCRclust_control_projected,control-projected sensitivity using ddPCRclust input geometry,15893,15863,2615,13237,0,11,30,0,11,13248,ok,NA,"{""source"":""control_geometry"",""package_input"":""ddPCRclust""}"
2021-05-10_SNV_P102L,P102L,E06,03-112-hip,biological_sample,03_112_hip,2021-05-10,ddPCRclust_control_projected,control-projected sensitivity using ddPCRclust input geometry,12349,12319,271,12028,0,20,30,0,20,12048,ok,NA,"{""source"":""control_geometry"",""package_input"":""ddPCRclust""}"
2021-05-10_SNV_P102L,P102L,E09,03-132-th,biological_sample,03_132_th,2021-05-10,ddPCRclust_control_projected,control-projected sensitivity using ddPCRclust input geometry,16520,16489,153,16311,1,24,31,0,25,16335,ok,NA,"{""source"":""control_geometry"",""package_input"":""ddPCRclust""}"
2021-05-10_SNV_P102L,P102L,F03,09-100-fc,biological_sample,09_100_fc,2021-05-10,ddPCRclust_control_projected,control-projected sensitivity using ddPCRclust input geometry,16569,16540,277,16247,0,16,29,0,16,16263,ok,NA,"{""source"":""control_geometry"",""package_input"":""ddPCRclust""}"
2021-05-10_SNV_P102L,P102L,F06,03-112-mdb,biological_sample,03_112_mdb,2021-05-10,ddPCRclust_control_projected,control-projected sensitivity using ddPCRclust input geometry,14923,14900,81,14789,0,30,23,0,30,14819,ok,NA,"{""source"":""control_geometry"",""package_input"":""ddPCRclust""}"
2021-05-10_SNV_P102L,P102L,F09,04-045-cau,biological_sample,04_045_cau,2021-05-10,ddPCRclust_control_projected,control-projected sensitivity using ddPCRclust input geometry,16702,16661,61,16572,0,28,41,0,28,16600,ok,NA,"{""source"":""control_geometry"",""package_input"":""ddPCRclust""}"
2021-05-10_SNV_P102L,P102L,G03,09-100-hip,biological_sample,09_100_hip,2021-05-10,ddPCRclust_control_projected,control-projected sensitivity using ddPCRclust input geometry,15396,15376,321,15026,0,29,20,0,29,15055,ok,NA,"{""source"":""control_geometry"",""package_input"":""ddPCRclust""}"
2021-05-10_SNV_P102L,P102L,G06,03-112-th,biological_sample,03_112_th,2021-05-10,ddPCRclust_control_projected,control-projected sensitivity using ddPCRclust input geometry,15629,15602,136,15445,0,21,27,0,21,15466,ok,NA,"{""source"":""control_geometry"",""package_input"":""ddPCRclust""}"
2021-05-10_SNV_P102L,P102L,G09,04-045-ce,biological_sample,04_045_ce,2021-05-10,ddPCRclust_control_projected,control-projected sensitivity using ddPCRclust input geometry,16278,16249,48,16190,0,11,29,0,11,16201,ok,NA,"{""source"":""control_geometry"",""package_input"":""ddPCRclust""}"
2021-05-10_SNV_P102L,P102L,H03,09-100-mdb,biological_sample,09_100_mdb,2021-05-10,ddPCRclust_control_projected,control-projected sensitivity using ddPCRclust input geometry,16886,16857,378,16451,0,28,29,0,28,16479,ok,NA,"{""source"":""control_geometry"",""package_input"":""ddPCRclust""}"
2021-05-10_SNV_P102L,P102L,H06,03-132-cau,biological_sample,03_132_cau,2021-05-10,ddPCRclust_control_projected,control-projected sensitivity using ddPCRclust input geometry,12784,12743,1719,11010,1,13,41,0,14,11023,ok,NA,"{""source"":""control_geometry"",""package_input"":""ddPCRclust""}"
2021-05-10_SNV_P102L,P102L,H09,04-045-fc,biological_sample,04_045_fc,2021-05-10,ddPCRclust_control_projected,control-projected sensitivity using ddPCRclust input geometry,18259,18207,77,18109,0,21,52,0,21,18130,ok,NA,"{""source"":""control_geometry"",""package_input"":""ddPCRclust""}"
2021-05-20_SNV_P102L,P102L,A03,NTC,NTC,ntc,2021-05-20,ddPCRclust_control_projected,control-projected sensitivity using ddPCRclust input geometry,17375,17375,17375,0,0,0,0,0,0,0,ok,NA,"{""source"":""control_geometry"",""package_input"":""ddPCRclust""}"
2021-05-20_SNV_P102L,P102L,A06,04-045-hip,biological_sample,04_045_hip,2021-05-20,ddPCRclust_control_projected,control-projected sensitivity using ddPCRclust input geometry,17556,17519,43,17457,0,19,37,0,19,17476,ok,NA,"{""source"":""control_geometry"",""package_input"":""ddPCRclust""}"
2021-05-20_SNV_P102L,P102L,A09,20-357-th,biological_sample,20_357_th,2021-05-20,ddPCRclust_control_projected,control-projected sensitivity using ddPCRclust input geometry,16248,16172,308,15852,0,12,76,0,12,15864,ok,NA,"{""source"":""control_geometry"",""package_input"":""ddPCRclust""}"
2021-05-20_SNV_P102L,P102L,A12,929474-sn,biological_sample,929474_sn,2021-05-20,ddPCRclust_control_projected,control-projected sensitivity using ddPCRclust input geometry,16877,16853,991,15846,0,16,24,0,16,15862,ok,NA,"{""source"":""control_geometry"",""package_input"":""ddPCRclust""}"
2021-05-20_SNV_P102L,P102L,B03,WT,WT_control,wt,2021-05-20,ddPCRclust_control_projected,control-projected sensitivity using ddPCRclust input geometry,14707,14685,6502,8175,0,8,22,0,8,8183,ok,NA,"{""source"":""control_geometry"",""package_input"":""ddPCRclust""}"
2021-05-20_SNV_P102L,P102L,B06,04-045-mdb,biological_sample,04_045_mdb,2021-05-20,ddPCRclust_control_projected,control-projected sensitivity using ddPCRclust input geometry,17007,16959,37,16903,0,19,48,0,19,16922,ok,NA,"{""source"":""control_geometry"",""package_input"":""ddPCRclust""}"
2021-05-20_SNV_P102L,P102L,B09,20-169-cau,biological_sample,20_169_cau,2021-05-20,ddPCRclust_control_projected,control-projected sensitivity using ddPCRclust input geometry,16225,16167,402,15739,0,26,58,0,26,15765,ok,NA,"{""source"":""control_geometry"",""package_input"":""ddPCRclust""}"
2021-05-20_SNV_P102L,P102L,C03,P102L,positive_control,p102l,2021-05-20,ddPCRclust_control_projected,control-projected sensitivity using ddPCRclust input geometry,16823,16803,2594,3951,3871,6387,20,0,10258,10338,ok,NA,"{""source"":""control_geometry"",""package_input"":""ddPCRclust""}"
2021-05-20_SNV_P102L,P102L,C06,04-045-th,biological_sample,04_045_th,2021-05-20,ddPCRclust_control_projected,control-projected sensitivity using ddPCRclust input geometry,17339,17303,107,17182,0,14,36,0,14,17196,ok,NA,"{""source"":""control_geometry"",""package_input"":""ddPCRclust""}"
2021-05-20_SNV_P102L,P102L,C09,20-169-ce,biological_sample,20_169_ce,2021-05-20,ddPCRclust_control_projected,control-projected sensitivity using ddPCRclust input geometry,16406,16337,239,16079,0,19,69,0,19,16098,ok,NA,"{""source"":""control_geometry"",""package_input"":""ddPCRclust""}"
2021-05-20_SNV_P102L,P102L,C12,13-21-th,biological_sample,13_21_th,2021-05-20,ddPCRclust_control_projected,control-projected sensitivity using ddPCRclust input geometry,18322,18280,1830,16441,0,9,42,0,9,16450,ok,NA,"{""source"":""control_geometry"",""package_input"":""ddPCRclust""}"
2021-05-20_SNV_P102L,P102L,D03,19-082-ce,biological_sample,19_082_ce,2021-05-20,ddPCRclust_control_projected,control-projected sensitivity using ddPCRclust input geometry,16025,15983,25,15947,0,11,42,0,11,15958,ok,NA,"{""source"":""control_geometry"",""package_input"":""ddPCRclust""}"
2021-05-20_SNV_P102L,P102L,D06,20-357-cau,biological_sample,20_357_cau,2021-05-20,ddPCRclust_control_projected,control-projected sensitivity using ddPCRclust input geometry,17636,17613,3322,14279,0,12,23,0,12,14291,ok,NA,"{""source"":""control_geometry"",""package_input"":""ddPCRclust""}"
2021-05-20_SNV_P102L,P102L,D09,20-169-fc,biological_sample,20_169_fc,2021-05-20,ddPCRclust_control_projected,control-projected sensitivity using ddPCRclust input geometry,15753,15723,288,15414,0,21,30,0,21,15435,ok,NA,"{""source"":""control_geometry"",""package_input"":""ddPCRclust""}"
2021-05-20_SNV_P102L,P102L,D12,18-6-th,biological_sample,18_6_th,2021-05-20,ddPCRclust_control_projected,control-projected sensitivity using ddPCRclust input geometry,18089,18057,5240,12798,0,19,32,0,19,12817,ok,NA,"{""source"":""control_geometry"",""package_input"":""ddPCRclust""}"
2021-05-20_SNV_P102L,P102L,E03,19-082-fc,biological_sample,19_082_fc,2021-05-20,ddPCRclust_control_projected,control-projected sensitivity using ddPCRclust input geometry,16671,16648,357,16277,0,14,23,0,14,16291,ok,NA,"{""source"":""control_geometry"",""package_input"":""ddPCRclust""}"
2021-05-20_SNV_P102L,P102L,E06,20-357-ce,biological_sample,20_357_ce,2021-05-20,ddPCRclust_control_projected,control-projected sensitivity using ddPCRclust input geometry,16733,16709,800,15897,0,12,24,0,12,15909,ok,NA,"{""source"":""control_geometry"",""package_input"":""ddPCRclust""}"
2021-05-20_SNV_P102L,P102L,E09,20-169-hip,biological_sample,20_169_hip,2021-05-20,ddPCRclust_control_projected,control-projected sensitivity using ddPCRclust input geometry,16199,16147,206,15921,0,20,52,0,20,15941,ok,NA,"{""source"":""control_geometry"",""package_input"":""ddPCRclust""}"
2021-05-20_SNV_P102L,P102L,E12,238501-sn,biological_sample,238501_sn,2021-05-20,ddPCRclust_control_projected,control-projected sensitivity using ddPCRclust input geometry,17671,17626,681,16927,0,18,45,0,18,16945,ok,NA,"{""source"":""control_geometry"",""package_input"":""ddPCRclust""}"
2021-05-20_SNV_P102L,P102L,F03,19-082-hip,biological_sample,19_082_hip,2021-05-20,ddPCRclust_control_projected,control-projected sensitivity using ddPCRclust input geometry,17186,17158,2375,14767,0,16,28,0,16,14783,ok,NA,"{""source"":""control_geometry"",""package_input"":""ddPCRclust""}"
2021-05-20_SNV_P102L,P102L,F06,20-357-fc,biological_sample,20_357_fc,2021-05-20,ddPCRclust_control_projected,control-projected sensitivity using ddPCRclust input geometry,16885,16855,71,16764,0,20,30,0,20,16784,ok,NA,"{""source"":""control_geometry"",""package_input"":""ddPCRclust""}"
2021-05-20_SNV_P102L,P102L,F09,20-169-mdb,biological_sample,20_169_mdb,2021-05-20,ddPCRclust_control_projected,control-projected sensitivity using ddPCRclust input geometry,16473,16420,301,16092,0,27,53,0,27,16119,ok,NA,"{""source"":""control_geometry"",""package_input"":""ddPCRclust""}"
2021-05-20_SNV_P102L,P102L,G03,19-082-mdb,biological_sample,19_082_mdb,2021-05-20,ddPCRclust_control_projected,control-projected sensitivity using ddPCRclust input geometry,16756,16730,174,16540,0,16,26,0,16,16556,ok,NA,"{""source"":""control_geometry"",""package_input"":""ddPCRclust""}"
2021-05-20_SNV_P102L,P102L,G06,20-357-hip,biological_sample,20_357_hip,2021-05-20,ddPCRclust_control_projected,control-projected sensitivity using ddPCRclust input geometry,16517,16490,306,16166,0,18,27,0,18,16184,ok,NA,"{""source"":""control_geometry"",""package_input"":""ddPCRclust""}"
2021-05-20_SNV_P102L,P102L,G09,20-169-th,biological_sample,20_169_th,2021-05-20,ddPCRclust_control_projected,control-projected sensitivity using ddPCRclust input geometry,16320,16286,1458,14812,0,16,34,0,16,14828,ok,NA,"{""source"":""control_geometry"",""package_input"":""ddPCRclust""}"
2021-05-20_SNV_P102L,P102L,H03,19-082-th,biological_sample,19_082_th,2021-05-20,ddPCRclust_control_projected,control-projected sensitivity using ddPCRclust input geometry,15473,15438,103,15317,1,17,35,0,18,15334,ok,NA,"{""source"":""control_geometry"",""package_input"":""ddPCRclust""}"
2021-05-20_SNV_P102L,P102L,H06,20-357-mdb,biological_sample,20_357_mdb,2021-05-20,ddPCRclust_control_projected,control-projected sensitivity using ddPCRclust input geometry,16393,16354,17,16317,0,20,39,0,20,16337,ok,NA,"{""source"":""control_geometry"",""package_input"":""ddPCRclust""}"
2021-05-20_SNV_P102L,P102L,H09,19-082-cau,biological_sample,19_082_cau,2021-05-20,ddPCRclust_control_projected,control-projected sensitivity using ddPCRclust input geometry,16927,16857,269,16562,0,26,70,0,26,16588,ok,NA,"{""source"":""control_geometry"",""package_input"":""ddPCRclust""}"
2021-10-14_SNV_P102L,P102L,A03,NTC,NTC,ntc,2021-10-14,ddPCRclust_control_projected,control-projected sensitivity using ddPCRclust input geometry,14134,14122,14122,0,0,0,12,0,0,0,ok,NA,"{""source"":""control_geometry"",""package_input"":""ddPCRclust""}"
2021-10-14_SNV_P102L,P102L,B03,WT,WT_control,wt,2021-10-14,ddPCRclust_control_projected,control-projected sensitivity using ddPCRclust input geometry,14475,14427,3679,10740,0,8,48,0,8,10748,ok,NA,"{""source"":""control_geometry"",""package_input"":""ddPCRclust""}"
2021-10-14_SNV_P102L,P102L,C03,P102L-mut,positive_control,,2021-10-14,ddPCRclust_control_projected,control-projected sensitivity using ddPCRclust input geometry,14214,14200,1863,3251,3148,5938,14,0,9086,9189,ok,NA,"{""source"":""control_geometry"",""package_input"":""ddPCRclust""}"
2021-10-14_SNV_P102L,P102L,D03,13-21-cb,biological_sample,13_21_cb,2021-10-14,ddPCRclust_control_projected,control-projected sensitivity using ddPCRclust input geometry,14823,14805,785,14011,1,8,18,0,9,14019,ok,NA,"{""source"":""control_geometry"",""package_input"":""ddPCRclust""}"
2020-10-12_SNV_D178N,D178N,A01,NTC_D178N,NTC,ntc,2020-10-12,ddPCRclust_template_fast,"native template workflow, fast density mode",15305,NA,NA,NA,NA,NA,NA,NA,NA,NA,failed,attempt to set 'colnames' on an object with less than two dimensions,"{""mode"":""fast"",""numOfMarkers"":2,""multithread"":false}"
2020-10-12_SNV_D178N,D178N,A07,CJD15-1_fr_D178N,biological_sample,15_1_fr,2020-10-12,ddPCRclust_template_fast,"native template workflow, fast density mode",17133,17133,4642,12491,0,0,0,0,0,12491,ok,NA,"{""mode"":""fast"",""numOfMarkers"":2,""multithread"":false}"
2020-10-12_SNV_D178N,D178N,B01,WT_D178N,WT_control,wt,2020-10-12,ddPCRclust_template_fast,"native template workflow, fast density mode",13319,13319,1298,12021,0,0,0,0,0,12021,ok,NA,"{""mode"":""fast"",""numOfMarkers"":2,""multithread"":false}"
2020-10-12_SNV_D178N,D178N,B04,CJD15-27_cb_D178N,biological_sample,15_27_cb,2020-10-12,ddPCRclust_template_fast,"native template workflow, fast density mode",14872,14872,6901,7971,0,0,0,0,0,7971,ok,NA,"{""mode"":""fast"",""numOfMarkers"":2,""multithread"":false}"
2020-10-12_SNV_D178N,D178N,C01,Mut_D178N,positive_control,mut,2020-10-12,ddPCRclust_template_fast,"native template workflow, fast density mode",15700,NA,NA,NA,NA,NA,NA,NA,NA,NA,failed,attempt to set 'colnames' on an object with less than two dimensions,"{""mode"":""fast"",""numOfMarkers"":2,""multithread"":false}"
2020-10-12_SNV_D178N,D178N,C04,CJD15-27_fr_D178N,biological_sample,15_27_fr,2020-10-12,ddPCRclust_template_fast,"native template workflow, fast density mode",13022,13022,2457,10565,0,0,0,0,0,10565,ok,NA,"{""mode"":""fast"",""numOfMarkers"":2,""multithread"":false}"
2020-10-15_SNV_D178N,D178N,A01,NTC_D178N,NTC,ntc,2020-10-15,ddPCRclust_template_fast,"native template workflow, fast density mode",10394,NA,NA,NA,NA,NA,NA,NA,NA,NA,failed,attempt to set 'colnames' on an object with less than two dimensions,"{""mode"":""fast"",""numOfMarkers"":2,""multithread"":false}"
2020-10-15_SNV_D178N,D178N,A03,CJD18-6_bg_D178N,biological_sample,18_6_bg,2020-10-15,ddPCRclust_template_fast,"native template workflow, fast density mode",14022,14022,2358,11664,0,0,0,0,0,11664,ok,NA,"{""mode"":""fast"",""numOfMarkers"":2,""multithread"":false}"
2020-10-15_SNV_D178N,D178N,A05,CJD18-17_bg_D178N,biological_sample,18_17_bg,2020-10-15,ddPCRclust_template_fast,"native template workflow, fast density mode",11938,11938,1237,10701,0,0,0,0,0,10701,ok,NA,"{""mode"":""fast"",""numOfMarkers"":2,""multithread"":false}"
2020-10-15_SNV_D178N,D178N,A07,CJD18-24_bg_D178N,biological_sample,18_24_bg,2020-10-15,ddPCRclust_template_fast,"native template workflow, fast density mode",13793,13793,4208,9585,0,0,0,0,0,9585,ok,NA,"{""mode"":""fast"",""numOfMarkers"":2,""multithread"":false}"
2020-10-15_SNV_D178N,D178N,A09,CJD18-31_bg_D178N,biological_sample,18_31_bg,2020-10-15,ddPCRclust_template_fast,"native template workflow, fast density mode",12762,12762,238,10107,2417,0,0,0,2417,10107,ok,NA,"{""mode"":""fast"",""numOfMarkers"":2,""multithread"":false}"
2020-10-15_SNV_D178N,D178N,B01,WT_D178N,WT_control,wt,2020-10-15,ddPCRclust_template_fast,"native template workflow, fast density mode",10440,10440,371,10069,0,0,0,0,0,10069,ok,NA,"{""mode"":""fast"",""numOfMarkers"":2,""multithread"":false}"
2020-10-15_SNV_D178N,D178N,B03,CJD18-6_cb_D178N,biological_sample,18_6_cb,2020-10-15,ddPCRclust_template_fast,"native template workflow, fast density mode",14641,14641,3106,11535,0,0,0,0,0,11535,ok,NA,"{""mode"":""fast"",""numOfMarkers"":2,""multithread"":false}"
2020-10-15_SNV_D178N,D178N,B05,CJD18-17_cb_D178N,biological_sample,18_17_cb,2020-10-15,ddPCRclust_template_fast,"native template workflow, fast density mode",12393,12393,2782,9611,0,0,0,0,0,9611,ok,NA,"{""mode"":""fast"",""numOfMarkers"":2,""multithread"":false}"
2020-10-15_SNV_D178N,D178N,B07,CJD18-24_cb_D178N,biological_sample,18_24_cb,2020-10-15,ddPCRclust_template_fast,"native template workflow, fast density mode",13849,13849,3465,10384,0,0,0,0,0,10384,ok,NA,"{""mode"":""fast"",""numOfMarkers"":2,""multithread"":false}"
2020-10-15_SNV_D178N,D178N,B09,CJD18-31_cb_D178N,biological_sample,18_31_cb,2020-10-15,ddPCRclust_template_fast,"native template workflow, fast density mode",15381,15381,3217,12164,0,0,0,0,0,12164,ok,NA,"{""mode"":""fast"",""numOfMarkers"":2,""multithread"":false}"
2020-10-15_SNV_D178N,D178N,C01,Mut_D178N,positive_control,mut,2020-10-15,ddPCRclust_template_fast,"native template workflow, fast density mode",5827,5827,3522,1041,1264,0,0,0,1264,1041,ok,NA,"{""mode"":""fast"",""numOfMarkers"":2,""multithread"":false}"
2020-10-15_SNV_D178N,D178N,C03,CJD18-6_fr_D178N,biological_sample,18_6_fr,2020-10-15,ddPCRclust_template_fast,"native template workflow, fast density mode",15621,15621,4223,11398,0,0,0,0,0,11398,ok,NA,"{""mode"":""fast"",""numOfMarkers"":2,""multithread"":false}"
2020-10-15_SNV_D178N,D178N,C05,CJD18-17_fr_D178N,biological_sample,18_17_fr,2020-10-15,ddPCRclust_template_fast,"native template workflow, fast density mode",13888,13888,2284,11604,0,0,0,0,0,11604,ok,NA,"{""mode"":""fast"",""numOfMarkers"":2,""multithread"":false}"
2020-10-15_SNV_D178N,D178N,C07,CJD18-24_fr_D178N,biological_sample,18_24_fr,2020-10-15,ddPCRclust_template_fast,"native template workflow, fast density mode",15049,15049,2060,12989,0,0,0,0,0,12989,ok,NA,"{""mode"":""fast"",""numOfMarkers"":2,""multithread"":false}"
2020-10-15_SNV_D178N,D178N,D03,CJD18-6_hc_D178N,biological_sample,18_6_hc,2020-10-15,ddPCRclust_template_fast,"native template workflow, fast density mode",12400,12400,1950,10450,0,0,0,0,0,10450,ok,NA,"{""mode"":""fast"",""numOfMarkers"":2,""multithread"":false}"
2020-10-15_SNV_D178N,D178N,D05,CJD18-17_hc_D178N,biological_sample,18_17_hc,2020-10-15,ddPCRclust_template_fast,"native template workflow, fast density mode",12930,12930,2486,10444,0,0,0,0,0,10444,ok,NA,"{""mode"":""fast"",""numOfMarkers"":2,""multithread"":false}"
2020-10-15_SNV_D178N,D178N,D07,CJD18-24_hc_D178N,biological_sample,18_24_hc,2020-10-15,ddPCRclust_template_fast,"native template workflow, fast density mode",12035,12035,1551,10477,7,0,0,0,7,10477,ok,NA,"{""mode"":""fast"",""numOfMarkers"":2,""multithread"":false}"
2020-10-15_SNV_D178N,D178N,D09,CJD18-31_hc_D178N,biological_sample,18_31_hc,2020-10-15,ddPCRclust_template_fast,"native template workflow, fast density mode",10005,10005,3453,6552,0,0,0,0,0,6552,ok,NA,"{""mode"":""fast"",""numOfMarkers"":2,""multithread"":false}"
2020-10-15_SNV_D178N,D178N,E03,CJD18-6_sn_D178N,biological_sample,18_6_sn,2020-10-15,ddPCRclust_template_fast,"native template workflow, fast density mode",13010,13010,2264,10746,0,0,0,0,0,10746,ok,NA,"{""mode"":""fast"",""numOfMarkers"":2,""multithread"":false}"
2020-10-15_SNV_D178N,D178N,E05,CJD18-17_sn_D178N,biological_sample,18_17_sn,2020-10-15,ddPCRclust_template_fast,"native template workflow, fast density mode",13175,13175,3823,9352,0,0,0,0,0,9352,ok,NA,"{""mode"":""fast"",""numOfMarkers"":2,""multithread"":false}"
2020-10-15_SNV_D178N,D178N,E07,CJD18-24_sn_D178N,biological_sample,18_24_sn,2020-10-15,ddPCRclust_template_fast,"native template workflow, fast density mode",11173,11173,2736,8437,0,0,0,0,0,8437,ok,NA,"{""mode"":""fast"",""numOfMarkers"":2,""multithread"":false}"
2020-10-15_SNV_D178N,D178N,E09,CJD18-31_sn_D178N,biological_sample,18_31_sn,2020-10-15,ddPCRclust_template_fast,"native template workflow, fast density mode",11011,11011,2293,8718,0,0,0,0,0,8718,ok,NA,"{""mode"":""fast"",""numOfMarkers"":2,""multithread"":false}"
2020-10-15_SNV_D178N,D178N,F03,CJD18-6_th_D178N,biological_sample,18_6_th,2020-10-15,ddPCRclust_template_fast,"native template workflow, fast density mode",10976,10976,1470,9506,0,0,0,0,0,9506,ok,NA,"{""mode"":""fast"",""numOfMarkers"":2,""multithread"":false}"
2020-10-15_SNV_D178N,D178N,F05,CJD18-17_th_D178N,biological_sample,18_17_th,2020-10-15,ddPCRclust_template_fast,"native template workflow, fast density mode",12407,12407,2352,10055,0,0,0,0,0,10055,ok,NA,"{""mode"":""fast"",""numOfMarkers"":2,""multithread"":false}"
2020-10-22_SNV_D178N,D178N,A01,NTC_E200K,NTC,ntc,2020-10-22,ddPCRclust_template_fast,"native template workflow, fast density mode",14594,14594,14594,0,0,0,0,0,0,0,ok,NA,"{""mode"":""fast"",""numOfMarkers"":2,""multithread"":false}"
2020-10-22_SNV_D178N,D178N,A03,CJD13-21_bg_D178N,biological_sample,13_21_bg,2020-10-22,ddPCRclust_template_fast,"native template workflow, fast density mode",13792,13792,1772,12020,0,0,0,0,0,12020,ok,NA,"{""mode"":""fast"",""numOfMarkers"":2,""multithread"":false}"
2020-10-22_SNV_D178N,D178N,A05,CJD14-24_bg_D178N,biological_sample,14_24_bg,2020-10-22,ddPCRclust_template_fast,"native template workflow, fast density mode",13917,13917,3436,10441,40,0,0,0,40,10441,ok,NA,"{""mode"":""fast"",""numOfMarkers"":2,""multithread"":false}"
2020-10-22_SNV_D178N,D178N,A07,CJD20-08_bg_D178N,biological_sample,20_08_bg,2020-10-22,ddPCRclust_template_fast,"native template workflow, fast density mode",14933,14933,4150,10783,0,0,0,0,0,10783,ok,NA,"{""mode"":""fast"",""numOfMarkers"":2,""multithread"":false}"
2020-10-22_SNV_D178N,D178N,A09,CJD19-29_fr_D178N,biological_sample,19_29_fr,2020-10-22,ddPCRclust_template_fast,"native template workflow, fast density mode",15716,15716,4385,9277,2054,0,0,0,2054,9277,ok,NA,"{""mode"":""fast"",""numOfMarkers"":2,""multithread"":false}"
2020-10-22_SNV_D178N,D178N,B01,WT_D178N,WT_control,wt,2020-10-22,ddPCRclust_template_fast,"native template workflow, fast density mode",10594,10594,2218,8376,0,0,0,0,0,8376,ok,NA,"{""mode"":""fast"",""numOfMarkers"":2,""multithread"":false}"
2020-10-22_SNV_D178N,D178N,B03,CJD13-21_cb_D178N,biological_sample,13_21_cb,2020-10-22,ddPCRclust_template_fast,"native template workflow, fast density mode",16247,16247,1816,14431,0,0,0,0,0,14431,ok,NA,"{""mode"":""fast"",""numOfMarkers"":2,""multithread"":false}"
2020-10-22_SNV_D178N,D178N,B05,CJD14-24_cb_D178N,biological_sample,14_24_cb,2020-10-22,ddPCRclust_template_fast,"native template workflow, fast density mode",13431,13431,4589,8842,0,0,0,0,0,8842,ok,NA,"{""mode"":""fast"",""numOfMarkers"":2,""multithread"":false}"
2020-10-22_SNV_D178N,D178N,B07,CJD20-08_cb_D178N,biological_sample,20_08_cb,2020-10-22,ddPCRclust_template_fast,"native template workflow, fast density mode",13836,13836,2736,11100,0,0,0,0,0,11100,ok,NA,"{""mode"":""fast"",""numOfMarkers"":2,""multithread"":false}"
2020-10-22_SNV_D178N,D178N,C01,D178N-mut,positive_control,,2020-10-22,ddPCRclust_template_fast,"native template workflow, fast density mode",15354,NA,NA,NA,NA,NA,NA,NA,NA,NA,failed,attempt to set 'colnames' on an object with less than two dimensions,"{""mode"":""fast"",""numOfMarkers"":2,""multithread"":false}"
2020-10-22_SNV_D178N,D178N,C03,CJD13-21_fr_D178N,biological_sample,13_21_fr,2020-10-22,ddPCRclust_template_fast,"native template workflow, fast density mode",12568,12568,1562,11006,0,0,0,0,0,11006,ok,NA,"{""mode"":""fast"",""numOfMarkers"":2,""multithread"":false}"
2020-10-22_SNV_D178N,D178N,C05,CJD14-24_fr_D178N,biological_sample,14_24_fr,2020-10-22,ddPCRclust_template_fast,"native template workflow, fast density mode",15282,15282,3720,11562,0,0,0,0,0,11562,ok,NA,"{""mode"":""fast"",""numOfMarkers"":2,""multithread"":false}"
2020-10-22_SNV_D178N,D178N,C07,CJD20-08_fr_D178N,biological_sample,20_08_fr,2020-10-22,ddPCRclust_template_fast,"native template workflow, fast density mode",15760,15760,3924,11836,0,0,0,0,0,11836,ok,NA,"{""mode"":""fast"",""numOfMarkers"":2,""multithread"":false}"
2020-10-22_SNV_D178N,D178N,D03,CJD13-21_sn_D178N,biological_sample,13_21_sn,2020-10-22,ddPCRclust_template_fast,"native template workflow, fast density mode",14888,14888,2270,12618,0,0,0,0,0,12618,ok,NA,"{""mode"":""fast"",""numOfMarkers"":2,""multithread"":false}"
2020-10-22_SNV_D178N,D178N,D05,CJD14-24_hc_D178N,biological_sample,14_24_hc,2020-10-22,ddPCRclust_template_fast,"native template workflow, fast density mode",11561,11561,1729,9832,0,0,0,0,0,9832,ok,NA,"{""mode"":""fast"",""numOfMarkers"":2,""multithread"":false}"
2020-10-22_SNV_D178N,D178N,D07,CJD20-08_sn_D178N,biological_sample,20_08_sn,2020-10-22,ddPCRclust_template_fast,"native template workflow, fast density mode",14810,14810,3543,11267,0,0,0,0,0,11267,ok,NA,"{""mode"":""fast"",""numOfMarkers"":2,""multithread"":false}"
2020-10-22_SNV_D178N,D178N,E03,CJD13-21_th_D178N,biological_sample,13_21_th,2020-10-22,ddPCRclust_template_fast,"native template workflow, fast density mode",15117,15117,9026,6091,0,0,0,0,0,6091,ok,NA,"{""mode"":""fast"",""numOfMarkers"":2,""multithread"":false}"
2020-10-22_SNV_D178N,D178N,E05,CJD14-24_sn_D178N,biological_sample,14_24_sn,2020-10-22,ddPCRclust_template_fast,"native template workflow, fast density mode",14604,14604,719,13885,0,0,0,0,0,13885,ok,NA,"{""mode"":""fast"",""numOfMarkers"":2,""multithread"":false}"
2020-10-22_SNV_D178N,D178N,E07,CJD20-08_th_D178N,biological_sample,20_08_th,2020-10-22,ddPCRclust_template_fast,"native template workflow, fast density mode",14117,14117,5586,8531,0,0,0,0,0,8531,ok,NA,"{""mode"":""fast"",""numOfMarkers"":2,""multithread"":false}"
2020-10-22_SNV_D178N,D178N,F05,CJD14-24_th_D178N,biological_sample,14_24_th,2020-10-22,ddPCRclust_template_fast,"native template workflow, fast density mode",13442,13442,182,13260,0,0,0,0,0,13260,ok,NA,"{""mode"":""fast"",""numOfMarkers"":2,""multithread"":false}"
2020-10-29_SNV_D178N,D178N,A01,CJD17-20_bg,biological_sample,17_20_bg,2020-10-29,ddPCRclust_template_fast,"native template workflow, fast density mode",14623,14623,2307,12296,20,0,0,0,20,12296,ok,NA,"{""mode"":""fast"",""numOfMarkers"":2,""multithread"":false}"
2020-10-29_SNV_D178N,D178N,A05,CJD17-31_bg,biological_sample,17_31_bg,2020-10-29,ddPCRclust_template_fast,"native template workflow, fast density mode",13105,13105,1185,11920,0,0,0,0,0,11920,ok,NA,"{""mode"":""fast"",""numOfMarkers"":2,""multithread"":false}"
2020-10-29_SNV_D178N,D178N,A07,CJD17-32_bg,biological_sample,17_32_bg,2020-10-29,ddPCRclust_template_fast,"native template workflow, fast density mode",9128,9128,3997,5131,0,0,0,0,0,5131,ok,NA,"{""mode"":""fast"",""numOfMarkers"":2,""multithread"":false}"
2020-10-29_SNV_D178N,D178N,A09,CJD18-5_bg,biological_sample,18_5_bg,2020-10-29,ddPCRclust_template_fast,"native template workflow, fast density mode",12999,12999,3488,9511,0,0,0,0,0,9511,ok,NA,"{""mode"":""fast"",""numOfMarkers"":2,""multithread"":false}"
2020-10-29_SNV_D178N,D178N,B01,CJD17-20_cb,biological_sample,17_20_cb,2020-10-29,ddPCRclust_template_fast,"native template workflow, fast density mode",15623,15623,1714,13909,0,0,0,0,0,13909,ok,NA,"{""mode"":""fast"",""numOfMarkers"":2,""multithread"":false}"
2020-10-29_SNV_D178N,D178N,B05,CJD17-31_hc,biological_sample,17_31_hc,2020-10-29,ddPCRclust_template_fast,"native template workflow, fast density mode",12912,12912,1090,11822,0,0,0,0,0,11822,ok,NA,"{""mode"":""fast"",""numOfMarkers"":2,""multithread"":false}"
2020-10-29_SNV_D178N,D178N,B07,CJD17-32_cb,biological_sample,17_32_cb,2020-10-29,ddPCRclust_template_fast,"native template workflow, fast density mode",12520,12520,5555,6965,0,0,0,0,0,6965,ok,NA,"{""mode"":""fast"",""numOfMarkers"":2,""multithread"":false}"
2020-10-29_SNV_D178N,D178N,B09,CJD18-5_cb,biological_sample,18_5_cb,2020-10-29,ddPCRclust_template_fast,"native template workflow, fast density mode",9194,9194,1644,7550,0,0,0,0,0,7550,ok,NA,"{""mode"":""fast"",""numOfMarkers"":2,""multithread"":false}"
2020-10-29_SNV_D178N,D178N,C01,CJD17-20_fr,biological_sample,17_20_fr,2020-10-29,ddPCRclust_template_fast,"native template workflow, fast density mode",15777,15777,1188,14589,0,0,0,0,0,14589,ok,NA,"{""mode"":""fast"",""numOfMarkers"":2,""multithread"":false}"
2020-10-29_SNV_D178N,D178N,C05,CJD17-31_sn,biological_sample,17_31_sn,2020-10-29,ddPCRclust_template_fast,"native template workflow, fast density mode",12274,12274,4416,7858,0,0,0,0,0,7858,ok,NA,"{""mode"":""fast"",""numOfMarkers"":2,""multithread"":false}"
2020-10-29_SNV_D178N,D178N,C07,CJD17-32_fr,biological_sample,17_32_fr,2020-10-29,ddPCRclust_template_fast,"native template workflow, fast density mode",13841,13841,6653,7188,0,0,0,0,0,7188,ok,NA,"{""mode"":""fast"",""numOfMarkers"":2,""multithread"":false}"
2020-10-29_SNV_D178N,D178N,C09,CJD18-5_fr,biological_sample,18_5_fr,2020-10-29,ddPCRclust_template_fast,"native template workflow, fast density mode",12757,12757,2100,10657,0,0,0,0,0,10657,ok,NA,"{""mode"":""fast"",""numOfMarkers"":2,""multithread"":false}"
2020-10-29_SNV_D178N,D178N,D01,CJD17-20_sn,biological_sample,17_20_sn,2020-10-29,ddPCRclust_template_fast,"native template workflow, fast density mode",17008,17008,3694,13314,0,0,0,0,0,13314,ok,NA,"{""mode"":""fast"",""numOfMarkers"":2,""multithread"":false}"
2020-10-29_SNV_D178N,D178N,D05,CJD17-31_th,biological_sample,17_31_th,2020-10-29,ddPCRclust_template_fast,"native template workflow, fast density mode",14061,14061,3401,10660,0,0,0,0,0,10660,ok,NA,"{""mode"":""fast"",""numOfMarkers"":2,""multithread"":false}"
2020-10-29_SNV_D178N,D178N,D07,CJD17-32_hc,biological_sample,17_32_hc,2020-10-29,ddPCRclust_template_fast,"native template workflow, fast density mode",13447,13447,7909,5538,0,0,0,0,0,5538,ok,NA,"{""mode"":""fast"",""numOfMarkers"":2,""multithread"":false}"
2020-10-29_SNV_D178N,D178N,D09,CJD18-5_hc,biological_sample,18_5_hc,2020-10-29,ddPCRclust_template_fast,"native template workflow, fast density mode",11574,11574,1906,9668,0,0,0,0,0,9668,ok,NA,"{""mode"":""fast"",""numOfMarkers"":2,""multithread"":false}"
2020-10-29_SNV_D178N,D178N,E01,CJD17-20_th,biological_sample,17_20_th,2020-10-29,ddPCRclust_template_fast,"native template workflow, fast density mode",11943,11943,7692,4251,0,0,0,0,0,4251,ok,NA,"{""mode"":""fast"",""numOfMarkers"":2,""multithread"":false}"
2020-10-29_SNV_D178N,D178N,E03,CJD17-30_th,biological_sample,17_30_th,2020-10-29,ddPCRclust_template_fast,"native template workflow, fast density mode",15368,15368,1415,13953,0,0,0,0,0,13953,ok,NA,"{""mode"":""fast"",""numOfMarkers"":2,""multithread"":false}"
2020-10-29_SNV_D178N,D178N,E05,CJD18-1_bg,biological_sample,18_1_bg,2020-10-29,ddPCRclust_template_fast,"native template workflow, fast density mode",13210,13210,7416,5794,0,0,0,0,0,5794,ok,NA,"{""mode"":""fast"",""numOfMarkers"":2,""multithread"":false}"
2020-10-29_SNV_D178N,D178N,E07,CJD17-32_sn,biological_sample,17_32_sn,2020-10-29,ddPCRclust_template_fast,"native template workflow, fast density mode",13143,13143,2065,11078,0,0,0,0,0,11078,ok,NA,"{""mode"":""fast"",""numOfMarkers"":2,""multithread"":false}"
2020-10-29_SNV_D178N,D178N,E09,CJD18-5_sn,biological_sample,18_5_sn,2020-10-29,ddPCRclust_template_fast,"native template workflow, fast density mode",13404,13404,2635,10769,0,0,0,0,0,10769,ok,NA,"{""mode"":""fast"",""numOfMarkers"":2,""multithread"":false}"
2020-10-29_SNV_D178N,D178N,F01,NTC,NTC,ntc,2020-10-29,ddPCRclust_template_fast,"native template workflow, fast density mode",15177,NA,NA,NA,NA,NA,NA,NA,NA,NA,failed,attempt to set 'colnames' on an object with less than two dimensions,"{""mode"":""fast"",""numOfMarkers"":2,""multithread"":false}"
2020-10-29_SNV_D178N,D178N,F05,CJD18-1_cb,biological_sample,18_1_cb,2020-10-29,ddPCRclust_template_fast,"native template workflow, fast density mode",13637,13637,5939,7698,0,0,0,0,0,7698,ok,NA,"{""mode"":""fast"",""numOfMarkers"":2,""multithread"":false}"
2020-10-29_SNV_D178N,D178N,F07,CJD17-32_th,biological_sample,17_32_th,2020-10-29,ddPCRclust_template_fast,"native template workflow, fast density mode",9126,9126,2462,6664,0,0,0,0,0,6664,ok,NA,"{""mode"":""fast"",""numOfMarkers"":2,""multithread"":false}"
2020-10-29_SNV_D178N,D178N,G01,WT,WT_control,wt,2020-10-29,ddPCRclust_template_fast,"native template workflow, fast density mode",11098,11098,251,10847,0,0,0,0,0,10847,ok,NA,"{""mode"":""fast"",""numOfMarkers"":2,""multithread"":false}"
2020-10-29_SNV_D178N,D178N,G05,CJD18-1_fr,biological_sample,18_1_fr,2020-10-29,ddPCRclust_template_fast,"native template workflow, fast density mode",13116,13116,2009,11107,0,0,0,0,0,11107,ok,NA,"{""mode"":""fast"",""numOfMarkers"":2,""multithread"":false}"
2020-10-29_SNV_D178N,D178N,H01,D178N-mut,positive_control,,2020-10-29,ddPCRclust_template_fast,"native template workflow, fast density mode",16050,NA,NA,NA,NA,NA,NA,NA,NA,NA,failed,attempt to set 'colnames' on an object with less than two dimensions,"{""mode"":""fast"",""numOfMarkers"":2,""multithread"":false}"
2020-10-29_SNV_D178N,D178N,H05,CJD18-1_hc,biological_sample,18_1_hc,2020-10-29,ddPCRclust_template_fast,"native template workflow, fast density mode",12354,12354,4446,7908,0,0,0,0,0,7908,ok,NA,"{""mode"":""fast"",""numOfMarkers"":2,""multithread"":false}"
2020-11-05_SNV_D178N,D178N,A01,CJD17-15_th,biological_sample,17_15_th,2020-11-05,ddPCRclust_template_fast,"native template workflow, fast density mode",17302,NA,NA,NA,NA,NA,NA,NA,NA,NA,failed,attempt to set 'colnames' on an object with less than two dimensions,"{""mode"":""fast"",""numOfMarkers"":2,""multithread"":false}"
2020-11-05_SNV_D178N,D178N,A03,CJD17-13_bg,biological_sample,17_13_bg,2020-11-05,ddPCRclust_template_fast,"native template workflow, fast density mode",18564,18556,0,18556,0,0,8,0,0,18556,ok,NA,"{""mode"":""fast"",""numOfMarkers"":2,""multithread"":false}"
2020-11-05_SNV_D178N,D178N,A05,CJD17-11_bg,biological_sample,17_11_bg,2020-11-05,ddPCRclust_template_fast,"native template workflow, fast density mode",16613,NA,NA,NA,NA,NA,NA,NA,NA,NA,failed,attempt to set 'colnames' on an object with less than two dimensions,"{""mode"":""fast"",""numOfMarkers"":2,""multithread"":false}"
2020-11-05_SNV_D178N,D178N,A07,CJD17-5_cb,biological_sample,17_5_cb,2020-11-05,ddPCRclust_template_fast,"native template workflow, fast density mode",16601,16601,17,16584,0,0,0,0,0,16584,ok,NA,"{""mode"":""fast"",""numOfMarkers"":2,""multithread"":false}"
2020-11-05_SNV_D178N,D178N,A09,CJD17-34_bg,biological_sample,17_34_bg,2020-11-05,ddPCRclust_template_fast,"native template workflow, fast density mode",16009,NA,NA,NA,NA,NA,NA,NA,NA,NA,failed,attempt to set 'colnames' on an object with less than two dimensions,"{""mode"":""fast"",""numOfMarkers"":2,""multithread"":false}"
2020-11-05_SNV_D178N,D178N,B03,CJD17-13_cb,biological_sample,17_13_cb,2020-11-05,ddPCRclust_template_fast,"native template workflow, fast density mode",17298,17279,0,17279,0,0,19,0,0,17279,ok,NA,"{""mode"":""fast"",""numOfMarkers"":2,""multithread"":false}"
2020-11-05_SNV_D178N,D178N,B07,CJD17-5_fr,biological_sample,17_5_fr,2020-11-05,ddPCRclust_template_fast,"native template workflow, fast density mode",17242,17214,0,17214,0,0,28,0,0,17214,ok,NA,"{""mode"":""fast"",""numOfMarkers"":2,""multithread"":false}"
2020-11-05_SNV_D178N,D178N,C03,CJD17-13_hc,biological_sample,17_13_hc,2020-11-05,ddPCRclust_template_fast,"native template workflow, fast density mode",18363,18363,93,18270,0,0,0,0,0,18270,ok,NA,"{""mode"":""fast"",""numOfMarkers"":2,""multithread"":false}"
2020-11-05_SNV_D178N,D178N,C05,CJD17-11_fr,biological_sample,17_11_fr,2020-11-05,ddPCRclust_template_fast,"native template workflow, fast density mode",17461,NA,NA,NA,NA,NA,NA,NA,NA,NA,failed,attempt to set 'colnames' on an object with less than two dimensions,"{""mode"":""fast"",""numOfMarkers"":2,""multithread"":false}"
2020-11-05_SNV_D178N,D178N,C07,CJD17-5_th,biological_sample,17_5_th,2020-11-05,ddPCRclust_template_fast,"native template workflow, fast density mode",17555,17555,0,17555,0,0,0,0,0,17555,ok,NA,"{""mode"":""fast"",""numOfMarkers"":2,""multithread"":false}"
2020-11-05_SNV_D178N,D178N,D03,CJD17-13_sn,biological_sample,17_13_sn,2020-11-05,ddPCRclust_template_fast,"native template workflow, fast density mode",18672,18672,0,18672,0,0,0,0,0,18672,ok,NA,"{""mode"":""fast"",""numOfMarkers"":2,""multithread"":false}"
2020-11-05_SNV_D178N,D178N,D05,CJD17-11_hc,biological_sample,17_11_hc,2020-11-05,ddPCRclust_template_fast,"native template workflow, fast density mode",17453,17444,268,17176,0,0,9,0,0,17176,ok,NA,"{""mode"":""fast"",""numOfMarkers"":2,""multithread"":false}"
2020-11-05_SNV_D178N,D178N,D07,CJD17-8_bg,biological_sample,17_8_bg,2020-11-05,ddPCRclust_template_fast,"native template workflow, fast density mode",17225,NA,NA,NA,NA,NA,NA,NA,NA,NA,failed,attempt to set 'colnames' on an object with less than two dimensions,"{""mode"":""fast"",""numOfMarkers"":2,""multithread"":false}"
2020-11-05_SNV_D178N,D178N,E01,CJD17-15_th,biological_sample,17_15_th,2020-11-05,ddPCRclust_template_fast,"native template workflow, fast density mode",15309,15309,18,15291,0,0,0,0,0,15291,ok,NA,"{""mode"":""fast"",""numOfMarkers"":2,""multithread"":false}"
2020-11-05_SNV_D178N,D178N,E03,CJD17-13_th,biological_sample,17_13_th,2020-11-05,ddPCRclust_template_fast,"native template workflow, fast density mode",17628,NA,NA,NA,NA,NA,NA,NA,NA,NA,failed,attempt to set 'colnames' on an object with less than two dimensions,"{""mode"":""fast"",""numOfMarkers"":2,""multithread"":false}"
2020-11-05_SNV_D178N,D178N,E05,CJD17-12_bg,biological_sample,17_12_bg,2020-11-05,ddPCRclust_template_fast,"native template workflow, fast density mode",16718,16718,70,16648,0,0,0,0,0,16648,ok,NA,"{""mode"":""fast"",""numOfMarkers"":2,""multithread"":false}"
2020-11-05_SNV_D178N,D178N,F01,NTC,NTC,ntc,2020-11-05,ddPCRclust_template_fast,"native template workflow, fast density mode",15201,NA,NA,NA,NA,NA,NA,NA,NA,NA,failed,attempt to set 'colnames' on an object with less than two dimensions,"{""mode"":""fast"",""numOfMarkers"":2,""multithread"":false}"
2020-11-05_SNV_D178N,D178N,F05,CJD17-12_fr,biological_sample,17_12_fr,2020-11-05,ddPCRclust_template_fast,"native template workflow, fast density mode",16679,16679,375,16295,9,0,0,0,9,16295,ok,NA,"{""mode"":""fast"",""numOfMarkers"":2,""multithread"":false}"
2020-11-05_SNV_D178N,D178N,G01,WT,WT_control,wt,2020-11-05,ddPCRclust_template_fast,"native template workflow, fast density mode",16106,16106,464,15642,0,0,0,0,0,15642,ok,NA,"{""mode"":""fast"",""numOfMarkers"":2,""multithread"":false}"
2020-11-05_SNV_D178N,D178N,G05,CJD17-12_sn,biological_sample,17_12_sn,2020-11-05,ddPCRclust_template_fast,"native template workflow, fast density mode",17471,17449,0,17449,0,0,22,0,0,17449,ok,NA,"{""mode"":""fast"",""numOfMarkers"":2,""multithread"":false}"
2020-11-05_SNV_D178N,D178N,H01,D178N-mut,positive_control,,2020-11-05,ddPCRclust_template_fast,"native template workflow, fast density mode",16195,NA,NA,NA,NA,NA,NA,NA,NA,NA,failed,attempt to set 'colnames' on an object with less than two dimensions,"{""mode"":""fast"",""numOfMarkers"":2,""multithread"":false}"
2020-11-24_SNV_D178N,D178N,A03,CJD17-32_bg_D178N,biological_sample,17_32_bg,2020-11-24,ddPCRclust_template_fast,"native template workflow, fast density mode",16147,16147,510,15637,0,0,0,0,0,15637,ok,NA,"{""mode"":""fast"",""numOfMarkers"":2,""multithread"":false}"
2020-11-24_SNV_D178N,D178N,B01,CJD17-30_fr_D178N,biological_sample,17_30_fr,2020-11-24,ddPCRclust_template_fast,"native template workflow, fast density mode",15706,NA,NA,NA,NA,NA,NA,NA,NA,NA,failed,attempt to set 'colnames' on an object with less than two dimensions,"{""mode"":""fast"",""numOfMarkers"":2,""multithread"":false}"
2020-11-24_SNV_D178N,D178N,B03,CJD17-32_th_D178N,biological_sample,17_32_th,2020-11-24,ddPCRclust_template_fast,"native template workflow, fast density mode",15183,15183,953,14230,0,0,0,0,0,14230,ok,NA,"{""mode"":""fast"",""numOfMarkers"":2,""multithread"":false}"
2020-11-24_SNV_D178N,D178N,B05,CJD17-15_cb_D178N,biological_sample,17_15_cb,2020-11-24,ddPCRclust_template_fast,"native template workflow, fast density mode",15887,NA,NA,NA,NA,NA,NA,NA,NA,NA,failed,attempt to set 'colnames' on an object with less than two dimensions,"{""mode"":""fast"",""numOfMarkers"":2,""multithread"":false}"
2020-11-24_SNV_D178N,D178N,B07,CJD18-5_cb_D178N,biological_sample,18_5_cb,2020-11-24,ddPCRclust_template_fast,"native template workflow, fast density mode",17289,NA,NA,NA,NA,NA,NA,NA,NA,NA,failed,attempt to set 'colnames' on an object with less than two dimensions,"{""mode"":""fast"",""numOfMarkers"":2,""multithread"":false}"
2020-11-24_SNV_D178N,D178N,C01,CJD17-30_hc_D178N,biological_sample,17_30_hc,2020-11-24,ddPCRclust_template_fast,"native template workflow, fast density mode",16003,16003,4285,11718,0,0,0,0,0,11718,ok,NA,"{""mode"":""fast"",""numOfMarkers"":2,""multithread"":false}"
2020-11-24_SNV_D178N,D178N,C09,CJD17-34_fr_D178N,biological_sample,17_34_fr,2020-11-24,ddPCRclust_template_fast,"native template workflow, fast density mode",16907,NA,NA,NA,NA,NA,NA,NA,NA,NA,failed,attempt to set 'colnames' on an object with less than two dimensions,"{""mode"":""fast"",""numOfMarkers"":2,""multithread"":false}"
2020-11-24_SNV_D178N,D178N,D01,CJD17-30_sn_D178N,biological_sample,17_30_sn,2020-11-24,ddPCRclust_template_fast,"native template workflow, fast density mode",15925,NA,NA,NA,NA,NA,NA,NA,NA,NA,failed,attempt to set 'colnames' on an object with less than two dimensions,"{""mode"":""fast"",""numOfMarkers"":2,""multithread"":false}"
2020-11-24_SNV_D178N,D178N,F01,NTC_D178N,NTC,ntc,2020-11-24,ddPCRclust_template_fast,"native template workflow, fast density mode",15912,NA,NA,NA,NA,NA,NA,NA,NA,NA,failed,attempt to set 'colnames' on an object with less than two dimensions,"{""mode"":""fast"",""numOfMarkers"":2,""multithread"":false}"
2020-11-24_SNV_D178N,D178N,G01,WT_D178N,WT_control,wt,2020-11-24,ddPCRclust_template_fast,"native template workflow, fast density mode",16269,16269,2533,13736,0,0,0,0,0,13736,ok,NA,"{""mode"":""fast"",""numOfMarkers"":2,""multithread"":false}"
2020-11-24_SNV_D178N,D178N,H01,D178N_mut,positive_control,,2020-11-24,ddPCRclust_template_fast,"native template workflow, fast density mode",15831,15831,12125,1688,2018,0,0,0,2018,1688,ok,NA,"{""mode"":""fast"",""numOfMarkers"":2,""multithread"":false}"
2021-01-26_SNV_D178N,D178N,A01,NTC,NTC,ntc,2021-01-26,ddPCRclust_template_fast,"native template workflow, fast density mode",13301,NA,NA,NA,NA,NA,NA,NA,NA,NA,failed,attempt to set 'colnames' on an object with less than two dimensions,"{""mode"":""fast"",""numOfMarkers"":2,""multithread"":false}"
2021-01-26_SNV_D178N,D178N,A04,924486-th,biological_sample,924486_th,2021-01-26,ddPCRclust_template_fast,"native template workflow, fast density mode",12968,12968,1973,10995,0,0,0,0,0,10995,ok,NA,"{""mode"":""fast"",""numOfMarkers"":2,""multithread"":false}"
2021-01-26_SNV_D178N,D178N,B01,D178N-mut,positive_control,,2021-01-26,ddPCRclust_template_fast,"native template workflow, fast density mode",14358,14358,10945,1577,1836,0,0,0,1836,1577,ok,NA,"{""mode"":""fast"",""numOfMarkers"":2,""multithread"":false}"
2021-01-26_SNV_D178N,D178N,B04,953891-bg,biological_sample,953891_bg,2021-01-26,ddPCRclust_template_fast,"native template workflow, fast density mode",12706,12706,821,11885,0,0,0,0,0,11885,ok,NA,"{""mode"":""fast"",""numOfMarkers"":2,""multithread"":false}"
2021-01-26_SNV_D178N,D178N,B07,955427-cb,biological_sample,955427_cb,2021-01-26,ddPCRclust_template_fast,"native template workflow, fast density mode",17060,17060,580,16480,0,0,0,0,0,16480,ok,NA,"{""mode"":""fast"",""numOfMarkers"":2,""multithread"":false}"
2021-01-26_SNV_D178N,D178N,C01,WT,WT_control,wt,2021-01-26,ddPCRclust_template_fast,"native template workflow, fast density mode",11997,11997,2493,9504,0,0,0,0,0,9504,ok,NA,"{""mode"":""fast"",""numOfMarkers"":2,""multithread"":false}"
2021-01-26_SNV_D178N,D178N,C04,953891-cb,biological_sample,953891_cb,2021-01-26,ddPCRclust_template_fast,"native template workflow, fast density mode",12944,12944,754,12190,0,0,0,0,0,12190,ok,NA,"{""mode"":""fast"",""numOfMarkers"":2,""multithread"":false}"
2021-01-26_SNV_D178N,D178N,C07,955427-fr,biological_sample,955427_fr,2021-01-26,ddPCRclust_template_fast,"native template workflow, fast density mode",16294,16294,1152,15142,0,0,0,0,0,15142,ok,NA,"{""mode"":""fast"",""numOfMarkers"":2,""multithread"":false}"
2021-01-26_SNV_D178N,D178N,D01,924486-bg,biological_sample,924486_bg,2021-01-26,ddPCRclust_template_fast,"native template workflow, fast density mode",13959,13959,1687,12272,0,0,0,0,0,12272,ok,NA,"{""mode"":""fast"",""numOfMarkers"":2,""multithread"":false}"
2021-01-26_SNV_D178N,D178N,D04,953891-fr,biological_sample,953891_fr,2021-01-26,ddPCRclust_template_fast,"native template workflow, fast density mode",15213,15213,1143,14070,0,0,0,0,0,14070,ok,NA,"{""mode"":""fast"",""numOfMarkers"":2,""multithread"":false}"
2021-01-26_SNV_D178N,D178N,D07,955427-hc,biological_sample,955427_hc,2021-01-26,ddPCRclust_template_fast,"native template workflow, fast density mode",15583,15583,257,15326,0,0,0,0,0,15326,ok,NA,"{""mode"":""fast"",""numOfMarkers"":2,""multithread"":false}"
2021-01-26_SNV_D178N,D178N,E01,924486-cb,biological_sample,924486_cb,2021-01-26,ddPCRclust_template_fast,"native template workflow, fast density mode",13533,13533,1770,11763,0,0,0,0,0,11763,ok,NA,"{""mode"":""fast"",""numOfMarkers"":2,""multithread"":false}"
2021-01-26_SNV_D178N,D178N,E04,953891-hc,biological_sample,953891_hc,2021-01-26,ddPCRclust_template_fast,"native template workflow, fast density mode",13105,13105,2580,10525,0,0,0,0,0,10525,ok,NA,"{""mode"":""fast"",""numOfMarkers"":2,""multithread"":false}"
2021-01-26_SNV_D178N,D178N,E07,955427-sn,biological_sample,955427_sn,2021-01-26,ddPCRclust_template_fast,"native template workflow, fast density mode",15660,NA,NA,NA,NA,NA,NA,NA,NA,NA,failed,attempt to set 'colnames' on an object with less than two dimensions,"{""mode"":""fast"",""numOfMarkers"":2,""multithread"":false}"
2021-01-26_SNV_D178N,D178N,F01,924486-fr,biological_sample,924486_fr,2021-01-26,ddPCRclust_template_fast,"native template workflow, fast density mode",14297,14297,1314,12983,0,0,0,0,0,12983,ok,NA,"{""mode"":""fast"",""numOfMarkers"":2,""multithread"":false}"
2021-01-26_SNV_D178N,D178N,F04,953891-sn,biological_sample,953891_sn,2021-01-26,ddPCRclust_template_fast,"native template workflow, fast density mode",13036,13036,609,12427,0,0,0,0,0,12427,ok,NA,"{""mode"":""fast"",""numOfMarkers"":2,""multithread"":false}"
2021-01-26_SNV_D178N,D178N,F07,955427-th,biological_sample,955427_th,2021-01-26,ddPCRclust_template_fast,"native template workflow, fast density mode",17752,17752,607,17145,0,0,0,0,0,17145,ok,NA,"{""mode"":""fast"",""numOfMarkers"":2,""multithread"":false}"
2021-01-26_SNV_D178N,D178N,G01,924486-hc,biological_sample,924486_hc,2021-01-26,ddPCRclust_template_fast,"native template workflow, fast density mode",14515,14515,2234,12281,0,0,0,0,0,12281,ok,NA,"{""mode"":""fast"",""numOfMarkers"":2,""multithread"":false}"
2021-01-26_SNV_D178N,D178N,G04,953891-th,biological_sample,953891_th,2021-01-26,ddPCRclust_template_fast,"native template workflow, fast density mode",13873,13873,843,13030,0,0,0,0,0,13030,ok,NA,"{""mode"":""fast"",""numOfMarkers"":2,""multithread"":false}"
2021-01-26_SNV_D178N,D178N,G07,929474-bg,biological_sample,929474_bg,2021-01-26,ddPCRclust_template_fast,"native template workflow, fast density mode",17599,17599,468,17131,0,0,0,0,0,17131,ok,NA,"{""mode"":""fast"",""numOfMarkers"":2,""multithread"":false}"
2021-01-26_SNV_D178N,D178N,H01,924486-sn,biological_sample,924486_sn,2021-01-26,ddPCRclust_template_fast,"native template workflow, fast density mode",15255,15255,1735,13520,0,0,0,0,0,13520,ok,NA,"{""mode"":""fast"",""numOfMarkers"":2,""multithread"":false}"
2021-01-26_SNV_D178N,D178N,H04,18-5-th,biological_sample,18_5_th,2021-01-26,ddPCRclust_template_fast,"native template workflow, fast density mode",15610,15610,1875,13735,0,0,0,0,0,13735,ok,NA,"{""mode"":""fast"",""numOfMarkers"":2,""multithread"":false}"
2021-01-26_SNV_D178N,D178N,H07,929474-cb,biological_sample,929474_cb,2021-01-26,ddPCRclust_template_fast,"native template workflow, fast density mode",16041,16041,442,15599,0,0,0,0,0,15599,ok,NA,"{""mode"":""fast"",""numOfMarkers"":2,""multithread"":false}"
2021-02-17_SNV_D178N,D178N,A01,NTC,NTC,ntc,2021-02-17,ddPCRclust_template_fast,"native template workflow, fast density mode",13342,NA,NA,NA,NA,NA,NA,NA,NA,NA,failed,attempt to set 'colnames' on an object with less than two dimensions,"{""mode"":""fast"",""numOfMarkers"":2,""multithread"":false}"
2021-02-17_SNV_D178N,D178N,A04,CJD-933892-hc,biological_sample,933892_hc,2021-02-17,ddPCRclust_template_fast,"native template workflow, fast density mode",16784,NA,NA,NA,NA,NA,NA,NA,NA,NA,failed,attempt to set 'colnames' on an object with less than two dimensions,"{""mode"":""fast"",""numOfMarkers"":2,""multithread"":false}"
2021-02-17_SNV_D178N,D178N,A07,D178N-mut,positive_control,,2021-02-17,ddPCRclust_template_fast,"native template workflow, fast density mode",19272,19272,13037,5530,705,0,0,0,705,5530,ok,NA,"{""mode"":""fast"",""numOfMarkers"":2,""multithread"":false}"
2021-02-17_SNV_D178N,D178N,B01,WT,WT_control,wt,2021-02-17,ddPCRclust_template_fast,"native template workflow, fast density mode",13010,13010,815,12195,0,0,0,0,0,12195,ok,NA,"{""mode"":""fast"",""numOfMarkers"":2,""multithread"":false}"
2021-02-17_SNV_D178N,D178N,B04,CJD-933892-sn,biological_sample,933892_sn,2021-02-17,ddPCRclust_template_fast,"native template workflow, fast density mode",16451,NA,NA,NA,NA,NA,NA,NA,NA,NA,failed,attempt to set 'colnames' on an object with less than two dimensions,"{""mode"":""fast"",""numOfMarkers"":2,""multithread"":false}"
2021-02-17_SNV_D178N,D178N,B07,CJD-18-24-th,biological_sample,18_24_th,2021-02-17,ddPCRclust_template_fast,"native template workflow, fast density mode",17707,NA,NA,NA,NA,NA,NA,NA,NA,NA,failed,attempt to set 'colnames' on an object with less than two dimensions,"{""mode"":""fast"",""numOfMarkers"":2,""multithread"":false}"
2021-02-17_SNV_D178N,D178N,C01,CJD-943497-hc,biological_sample,943497_hc,2021-02-17,ddPCRclust_template_fast,"native template workflow, fast density mode",13542,NA,NA,NA,NA,NA,NA,NA,NA,NA,failed,attempt to set 'colnames' on an object with less than two dimensions,"{""mode"":""fast"",""numOfMarkers"":2,""multithread"":false}"
2021-02-17_SNV_D178N,D178N,C04,CJD-933892-th,biological_sample,933892_th,2021-02-17,ddPCRclust_template_fast,"native template workflow, fast density mode",15113,NA,NA,NA,NA,NA,NA,NA,NA,NA,failed,attempt to set 'colnames' on an object with less than two dimensions,"{""mode"":""fast"",""numOfMarkers"":2,""multithread"":false}"
2021-02-17_SNV_D178N,D178N,C07,CJD-955427-bg,biological_sample,955427_bg,2021-02-17,ddPCRclust_template_fast,"native template workflow, fast density mode",17261,NA,NA,NA,NA,NA,NA,NA,NA,NA,failed,attempt to set 'colnames' on an object with less than two dimensions,"{""mode"":""fast"",""numOfMarkers"":2,""multithread"":false}"
2021-02-17_SNV_D178N,D178N,D01,CJD-943497-sn,biological_sample,943497_sn,2021-02-17,ddPCRclust_template_fast,"native template workflow, fast density mode",12743,NA,NA,NA,NA,NA,NA,NA,NA,NA,failed,attempt to set 'colnames' on an object with less than two dimensions,"{""mode"":""fast"",""numOfMarkers"":2,""multithread"":false}"
2021-02-17_SNV_D178N,D178N,E01,CJD-943497-th,biological_sample,943497_th,2021-02-17,ddPCRclust_template_fast,"native template workflow, fast density mode",12983,NA,NA,NA,NA,NA,NA,NA,NA,NA,failed,attempt to set 'colnames' on an object with less than two dimensions,"{""mode"":""fast"",""numOfMarkers"":2,""multithread"":false}"
2021-02-17_SNV_D178N,D178N,E04,CJD-18-31-th,biological_sample,18_31_th,2021-02-17,ddPCRclust_template_fast,"native template workflow, fast density mode",16204,16204,1833,14371,0,0,0,0,0,14371,ok,NA,"{""mode"":""fast"",""numOfMarkers"":2,""multithread"":false}"
2021-02-17_SNV_D178N,D178N,F04,CJD-17-30-bg,biological_sample,17_30_bg,2021-02-17,ddPCRclust_template_fast,"native template workflow, fast density mode",15831,NA,NA,NA,NA,NA,NA,NA,NA,NA,failed,attempt to set 'colnames' on an object with less than two dimensions,"{""mode"":""fast"",""numOfMarkers"":2,""multithread"":false}"
2021-02-17_SNV_D178N,D178N,G01,CJD-933892-cb,biological_sample,933892_cb,2021-02-17,ddPCRclust_template_fast,"native template workflow, fast density mode",12525,12525,628,11897,0,0,0,0,0,11897,ok,NA,"{""mode"":""fast"",""numOfMarkers"":2,""multithread"":false}"
2021-02-17_SNV_D178N,D178N,G04,CJD-17-30-cb,biological_sample,17_30_cb,2021-02-17,ddPCRclust_template_fast,"native template workflow, fast density mode",16218,NA,NA,NA,NA,NA,NA,NA,NA,NA,failed,attempt to set 'colnames' on an object with less than two dimensions,"{""mode"":""fast"",""numOfMarkers"":2,""multithread"":false}"
2021-02-17_SNV_D178N,D178N,H01,CJD-933892-fr,biological_sample,933892_fr,2021-02-17,ddPCRclust_template_fast,"native template workflow, fast density mode",11727,NA,NA,NA,NA,NA,NA,NA,NA,NA,failed,attempt to set 'colnames' on an object with less than two dimensions,"{""mode"":""fast"",""numOfMarkers"":2,""multithread"":false}"
2021-02-17_SNV_D178N,D178N,H04,CJD-17-31-cb,biological_sample,17_31_cb,2021-02-17,ddPCRclust_template_fast,"native template workflow, fast density mode",16219,16219,1678,14541,0,0,0,0,0,14541,ok,NA,"{""mode"":""fast"",""numOfMarkers"":2,""multithread"":false}"
2021-03-29_SNV_D178N,D178N,A01,NTC,NTC,ntc,2021-03-29,ddPCRclust_template_fast,"native template workflow, fast density mode",13056,13056,13056,0,0,0,0,0,0,0,ok,NA,"{""mode"":""fast"",""numOfMarkers"":2,""multithread"":false}"
2021-03-29_SNV_D178N,D178N,A04,17-11-sn,biological_sample,17_11_sn,2021-03-29,ddPCRclust_template_fast,"native template workflow, fast density mode",16713,16713,45,16668,0,0,0,0,0,16668,ok,NA,"{""mode"":""fast"",""numOfMarkers"":2,""multithread"":false}"
2021-03-29_SNV_D178N,D178N,A07,17-8-sn,biological_sample,17_8_sn,2021-03-29,ddPCRclust_template_fast,"native template workflow, fast density mode",15353,15353,282,15071,0,0,0,0,0,15071,ok,NA,"{""mode"":""fast"",""numOfMarkers"":2,""multithread"":false}"
2021-03-29_SNV_D178N,D178N,B01,WT,WT_control,wt,2021-03-29,ddPCRclust_template_fast,"native template workflow, fast density mode",13984,13984,1903,12081,0,0,0,0,0,12081,ok,NA,"{""mode"":""fast"",""numOfMarkers"":2,""multithread"":false}"
2021-03-29_SNV_D178N,D178N,B04,17-11-th,biological_sample,17_11_th,2021-03-29,ddPCRclust_template_fast,"native template workflow, fast density mode",15499,15499,253,15246,0,0,0,0,0,15246,ok,NA,"{""mode"":""fast"",""numOfMarkers"":2,""multithread"":false}"
2021-03-29_SNV_D178N,D178N,C01,D178N,positive_control,d178n,2021-03-29,ddPCRclust_template_fast,"native template workflow, fast density mode",14485,14485,9789,4696,0,0,0,0,0,4696,ok,NA,"{""mode"":""fast"",""numOfMarkers"":2,""multithread"":false}"
2021-03-29_SNV_D178N,D178N,C04,17-12-cb,biological_sample,17_12_cb,2021-03-29,ddPCRclust_template_fast,"native template workflow, fast density mode",12549,12549,79,12470,0,0,0,0,0,12470,ok,NA,"{""mode"":""fast"",""numOfMarkers"":2,""multithread"":false}"
2021-03-29_SNV_D178N,D178N,C07,17-34-bg,biological_sample,17_34_bg,2021-03-29,ddPCRclust_template_fast,"native template workflow, fast density mode",16761,16761,417,16344,0,0,0,0,0,16344,ok,NA,"{""mode"":""fast"",""numOfMarkers"":2,""multithread"":false}"
2021-03-29_SNV_D178N,D178N,D01,17-31-fr,biological_sample,17_31_fr,2021-03-29,ddPCRclust_template_fast,"native template workflow, fast density mode",14631,14628,1010,13618,0,0,3,0,0,13618,ok,NA,"{""mode"":""fast"",""numOfMarkers"":2,""multithread"":false}"
2021-03-29_SNV_D178N,D178N,D04,17-12-hc,biological_sample,17_12_hc,2021-03-29,ddPCRclust_template_fast,"native template workflow, fast density mode",17304,17297,558,16739,0,0,7,0,0,16739,ok,NA,"{""mode"":""fast"",""numOfMarkers"":2,""multithread"":false}"
2021-03-29_SNV_D178N,D178N,D07,17-34-hc,biological_sample,17_34_hc,2021-03-29,ddPCRclust_template_fast,"native template workflow, fast density mode",17087,NA,NA,NA,NA,NA,NA,NA,NA,NA,failed,attempt to set 'colnames' on an object with less than two dimensions,"{""mode"":""fast"",""numOfMarkers"":2,""multithread"":false}"
2021-03-29_SNV_D178N,D178N,E01,18-1-sn,biological_sample,18_1_sn,2021-03-29,ddPCRclust_template_fast,"native template workflow, fast density mode",15297,15297,51,15246,0,0,0,0,0,15246,ok,NA,"{""mode"":""fast"",""numOfMarkers"":2,""multithread"":false}"
2021-03-29_SNV_D178N,D178N,E04,17-5-bg,biological_sample,17_5_bg,2021-03-29,ddPCRclust_template_fast,"native template workflow, fast density mode",15184,15184,631,14553,0,0,0,0,0,14553,ok,NA,"{""mode"":""fast"",""numOfMarkers"":2,""multithread"":false}"
2021-03-29_SNV_D178N,D178N,E07,929474-th,biological_sample,929474_th,2021-03-29,ddPCRclust_template_fast,"native template workflow, fast density mode",16809,16809,165,16644,0,0,0,0,0,16644,ok,NA,"{""mode"":""fast"",""numOfMarkers"":2,""multithread"":false}"
2021-03-29_SNV_D178N,D178N,F01,18-1-th,biological_sample,18_1_th,2021-03-29,ddPCRclust_template_fast,"native template workflow, fast density mode",14693,14636,0,14636,0,0,57,0,0,14636,ok,NA,"{""mode"":""fast"",""numOfMarkers"":2,""multithread"":false}"
2021-03-29_SNV_D178N,D178N,F04,17-5-hc,biological_sample,17_5_hc,2021-03-29,ddPCRclust_template_fast,"native template workflow, fast density mode",17022,NA,NA,NA,NA,NA,NA,NA,NA,NA,failed,attempt to set 'colnames' on an object with less than two dimensions,"{""mode"":""fast"",""numOfMarkers"":2,""multithread"":false}"
2021-03-29_SNV_D178N,D178N,F07,14-2-bg,biological_sample,14_2_bg,2021-03-29,ddPCRclust_template_fast,"native template workflow, fast density mode",15870,NA,NA,NA,NA,NA,NA,NA,NA,NA,failed,attempt to set 'colnames' on an object with less than two dimensions,"{""mode"":""fast"",""numOfMarkers"":2,""multithread"":false}"
2021-03-29_SNV_D178N,D178N,G01,17-13-fr,biological_sample,17_13_fr,2021-03-29,ddPCRclust_template_fast,"native template workflow, fast density mode",14891,14891,353,14538,0,0,0,0,0,14538,ok,NA,"{""mode"":""fast"",""numOfMarkers"":2,""multithread"":false}"
2021-03-29_SNV_D178N,D178N,G04,17-5-sn,biological_sample,17_5_sn,2021-03-29,ddPCRclust_template_fast,"native template workflow, fast density mode",16772,16768,685,16083,0,0,4,0,0,16083,ok,NA,"{""mode"":""fast"",""numOfMarkers"":2,""multithread"":false}"
2021-03-29_SNV_D178N,D178N,G07,14-2-cb,biological_sample,14_2_cb,2021-03-29,ddPCRclust_template_fast,"native template workflow, fast density mode",14291,NA,NA,NA,NA,NA,NA,NA,NA,NA,failed,attempt to set 'colnames' on an object with less than two dimensions,"{""mode"":""fast"",""numOfMarkers"":2,""multithread"":false}"
2021-03-29_SNV_D178N,D178N,H01,17-13-th,biological_sample,17_13_th,2021-03-29,ddPCRclust_template_fast,"native template workflow, fast density mode",15941,15941,484,15457,0,0,0,0,0,15457,ok,NA,"{""mode"":""fast"",""numOfMarkers"":2,""multithread"":false}"
2021-03-29_SNV_D178N,D178N,H04,17-8-hc,biological_sample,17_8_hc,2021-03-29,ddPCRclust_template_fast,"native template workflow, fast density mode",16456,16456,59,16397,0,0,0,0,0,16397,ok,NA,"{""mode"":""fast"",""numOfMarkers"":2,""multithread"":false}"
2021-03-29_SNV_D178N,D178N,H07,14-2-fr,biological_sample,14_2_fr,2021-03-29,ddPCRclust_template_fast,"native template workflow, fast density mode",17779,17779,450,17329,0,0,0,0,0,17329,ok,NA,"{""mode"":""fast"",""numOfMarkers"":2,""multithread"":false}"
2021-04-06_SNV_D178N,D178N,A01,NTC,NTC,ntc,2021-04-06,ddPCRclust_template_fast,"native template workflow, fast density mode",16349,NA,NA,NA,NA,NA,NA,NA,NA,NA,failed,attempt to set 'colnames' on an object with less than two dimensions,"{""mode"":""fast"",""numOfMarkers"":2,""multithread"":false}"
2021-04-06_SNV_D178N,D178N,A04,20-08-hc,biological_sample,20_08_hc,2021-04-06,ddPCRclust_template_fast,"native template workflow, fast density mode",12446,12446,17,12429,0,0,0,0,0,12429,ok,NA,"{""mode"":""fast"",""numOfMarkers"":2,""multithread"":false}"
2021-04-06_SNV_D178N,D178N,A07,14-2-hc,biological_sample,14_2_hc,2021-04-06,ddPCRclust_template_fast,"native template workflow, fast density mode",14630,NA,NA,NA,NA,NA,NA,NA,NA,NA,failed,attempt to set 'colnames' on an object with less than two dimensions,"{""mode"":""fast"",""numOfMarkers"":2,""multithread"":false}"
2021-04-06_SNV_D178N,D178N,B01,WT,WT_control,wt,2021-04-06,ddPCRclust_template_fast,"native template workflow, fast density mode",16299,NA,NA,NA,NA,NA,NA,NA,NA,NA,failed,attempt to set 'colnames' on an object with less than two dimensions,"{""mode"":""fast"",""numOfMarkers"":2,""multithread"":false}"
2021-04-06_SNV_D178N,D178N,B04,20-08-th,biological_sample,20_08_th,2021-04-06,ddPCRclust_template_fast,"native template workflow, fast density mode",11635,11635,71,11564,0,0,0,0,0,11564,ok,NA,"{""mode"":""fast"",""numOfMarkers"":2,""multithread"":false}"
2021-04-06_SNV_D178N,D178N,B07,14-2-sn,biological_sample,14_2_sn,2021-04-06,ddPCRclust_template_fast,"native template workflow, fast density mode",13770,NA,NA,NA,NA,NA,NA,NA,NA,NA,failed,attempt to set 'colnames' on an object with less than two dimensions,"{""mode"":""fast"",""numOfMarkers"":2,""multithread"":false}"
2021-04-06_SNV_D178N,D178N,C01,D178N,positive_control,d178n,2021-04-06,ddPCRclust_template_fast,"native template workflow, fast density mode",17175,17175,5037,5286,4143,2709,0,0,6852,7995,ok,NA,"{""mode"":""fast"",""numOfMarkers"":2,""multithread"":false}"
2021-04-06_SNV_D178N,D178N,C04,15-27-bg,biological_sample,15_27_bg,2021-04-06,ddPCRclust_template_fast,"native template workflow, fast density mode",10788,NA,NA,NA,NA,NA,NA,NA,NA,NA,failed,attempt to set 'colnames' on an object with less than two dimensions,"{""mode"":""fast"",""numOfMarkers"":2,""multithread"":false}"
2021-04-06_SNV_D178N,D178N,C07,14-2-th,biological_sample,14_2_th,2021-04-06,ddPCRclust_template_fast,"native template workflow, fast density mode",15964,NA,NA,NA,NA,NA,NA,NA,NA,NA,failed,attempt to set 'colnames' on an object with less than two dimensions,"{""mode"":""fast"",""numOfMarkers"":2,""multithread"":false}"
2021-04-06_SNV_D178N,D178N,D01,17-20-hc,biological_sample,17_20_hc,2021-04-06,ddPCRclust_template_fast,"native template workflow, fast density mode",15420,15420,16,15404,0,0,0,0,0,15404,ok,NA,"{""mode"":""fast"",""numOfMarkers"":2,""multithread"":false}"
2021-04-06_SNV_D178N,D178N,D04,15-27-cb,biological_sample,15_27_cb,2021-04-06,ddPCRclust_template_fast,"native template workflow, fast density mode",12890,NA,NA,NA,NA,NA,NA,NA,NA,NA,failed,attempt to set 'colnames' on an object with less than two dimensions,"{""mode"":""fast"",""numOfMarkers"":2,""multithread"":false}"
2021-04-06_SNV_D178N,D178N,D07,15-6-bg,biological_sample,15_6_bg,2021-04-06,ddPCRclust_template_fast,"native template workflow, fast density mode",14604,NA,NA,NA,NA,NA,NA,NA,NA,NA,failed,attempt to set 'colnames' on an object with less than two dimensions,"{""mode"":""fast"",""numOfMarkers"":2,""multithread"":false}"
2021-04-06_SNV_D178N,D178N,E01,15-6-th,biological_sample,15_6_th,2021-04-06,ddPCRclust_template_fast,"native template workflow, fast density mode",14025,NA,NA,NA,NA,NA,NA,NA,NA,NA,failed,attempt to set 'colnames' on an object with less than two dimensions,"{""mode"":""fast"",""numOfMarkers"":2,""multithread"":false}"
2021-04-06_SNV_D178N,D178N,E04,15-27-pons,biological_sample,15_27_ps,2021-04-06,ddPCRclust_template_fast,"native template workflow, fast density mode",11831,11831,170,11661,0,0,0,0,0,11661,ok,NA,"{""mode"":""fast"",""numOfMarkers"":2,""multithread"":false}"
2021-04-06_SNV_D178N,D178N,E07,15-6-cb,biological_sample,15_6_cb,2021-04-06,ddPCRclust_template_fast,"native template workflow, fast density mode",13655,13655,81,13574,0,0,0,0,0,13574,ok,NA,"{""mode"":""fast"",""numOfMarkers"":2,""multithread"":false}"
2021-04-06_SNV_D178N,D178N,F01,17-8-th,biological_sample,17_8_th,2021-04-06,ddPCRclust_template_fast,"native template workflow, fast density mode",15803,NA,NA,NA,NA,NA,NA,NA,NA,NA,failed,attempt to set 'colnames' on an object with less than two dimensions,"{""mode"":""fast"",""numOfMarkers"":2,""multithread"":false}"
2021-04-06_SNV_D178N,D178N,F04,15-27-th,biological_sample,15_27_th,2021-04-06,ddPCRclust_template_fast,"native template workflow, fast density mode",13359,13359,169,13190,0,0,0,0,0,13190,ok,NA,"{""mode"":""fast"",""numOfMarkers"":2,""multithread"":false}"
2021-04-06_SNV_D178N,D178N,F07,15-6-fr,biological_sample,15_6_fr,2021-04-06,ddPCRclust_template_fast,"native template workflow, fast density mode",14767,14759,523,14236,0,0,8,0,0,14236,ok,NA,"{""mode"":""fast"",""numOfMarkers"":2,""multithread"":false}"
2021-04-06_SNV_D178N,D178N,G04,15-1-hc,biological_sample,15_1_hc,2021-04-06,ddPCRclust_template_fast,"native template workflow, fast density mode",12168,12168,95,12073,0,0,0,0,0,12073,ok,NA,"{""mode"":""fast"",""numOfMarkers"":2,""multithread"":false}"
2021-04-06_SNV_D178N,D178N,G07,15-6-hc,biological_sample,15_6_hc,2021-04-06,ddPCRclust_template_fast,"native template workflow, fast density mode",12966,NA,NA,NA,NA,NA,NA,NA,NA,NA,failed,attempt to set 'colnames' on an object with less than two dimensions,"{""mode"":""fast"",""numOfMarkers"":2,""multithread"":false}"
2021-04-06_SNV_D178N,D178N,H01,933892-bg,biological_sample,933892_bg,2021-04-06,ddPCRclust_template_fast,"native template workflow, fast density mode",15728,15728,150,15578,0,0,0,0,0,15578,ok,NA,"{""mode"":""fast"",""numOfMarkers"":2,""multithread"":false}"
2021-04-06_SNV_D178N,D178N,H04,15-1-sn,biological_sample,15_1_sn,2021-04-06,ddPCRclust_template_fast,"native template workflow, fast density mode",12390,12390,81,12309,0,0,0,0,0,12309,ok,NA,"{""mode"":""fast"",""numOfMarkers"":2,""multithread"":false}"
2021-04-06_SNV_D178N,D178N,H07,15-6-sn,biological_sample,15_6_sn,2021-04-06,ddPCRclust_template_fast,"native template workflow, fast density mode",14556,14556,29,14527,0,0,0,0,0,14527,ok,NA,"{""mode"":""fast"",""numOfMarkers"":2,""multithread"":false}"
2021-05-10_SNV_D178N,D178N,A01,NTC,NTC,ntc,2021-05-10,ddPCRclust_template_fast,"native template workflow, fast density mode",14408,14408,14408,0,0,0,0,0,0,0,ok,NA,"{""mode"":""fast"",""numOfMarkers"":2,""multithread"":false}"
2021-05-10_SNV_D178N,D178N,A04,09-100-th,biological_sample,09_100_th,2021-05-10,ddPCRclust_template_fast,"native template workflow, fast density mode",15555,NA,NA,NA,NA,NA,NA,NA,NA,NA,failed,attempt to set 'colnames' on an object with less than two dimensions,"{""mode"":""fast"",""numOfMarkers"":2,""multithread"":false}"
2021-05-10_SNV_D178N,D178N,A07,03-132-ce,biological_sample,03_132_ce,2021-05-10,ddPCRclust_template_fast,"native template workflow, fast density mode",15413,15413,377,15036,0,0,0,0,0,15036,ok,NA,"{""mode"":""fast"",""numOfMarkers"":2,""multithread"":false}"
2021-05-10_SNV_D178N,D178N,B01,WT,WT_control,wt,2021-05-10,ddPCRclust_template_fast,"native template workflow, fast density mode",14960,14960,4656,10304,0,0,0,0,0,10304,ok,NA,"{""mode"":""fast"",""numOfMarkers"":2,""multithread"":false}"
2021-05-10_SNV_D178N,D178N,B04,03-112-cau,biological_sample,03_112_cau,2021-05-10,ddPCRclust_template_fast,"native template workflow, fast density mode",15378,15378,305,15073,0,0,0,0,0,15073,ok,NA,"{""mode"":""fast"",""numOfMarkers"":2,""multithread"":false}"
2021-05-10_SNV_D178N,D178N,B07,03-132-fc,biological_sample,03_132_fc,2021-05-10,ddPCRclust_template_fast,"native template workflow, fast density mode",12864,12864,17,12847,0,0,0,0,0,12847,ok,NA,"{""mode"":""fast"",""numOfMarkers"":2,""multithread"":false}"
2021-05-10_SNV_D178N,D178N,C01,D178N,positive_control,d178n,2021-05-10,ddPCRclust_template_fast,"native template workflow, fast density mode",14154,14154,4361,4075,3303,2415,0,0,5718,6490,ok,NA,"{""mode"":""fast"",""numOfMarkers"":2,""multithread"":false}"
2021-05-10_SNV_D178N,D178N,C04,03-112-ce,biological_sample,03_112_ce,2021-05-10,ddPCRclust_template_fast,"native template workflow, fast density mode",16399,NA,NA,NA,NA,NA,NA,NA,NA,NA,failed,attempt to set 'colnames' on an object with less than two dimensions,"{""mode"":""fast"",""numOfMarkers"":2,""multithread"":false}"
2021-05-10_SNV_D178N,D178N,C07,03-132-hip,biological_sample,03_132_hip,2021-05-10,ddPCRclust_template_fast,"native template workflow, fast density mode",15504,NA,NA,NA,NA,NA,NA,NA,NA,NA,failed,attempt to set 'colnames' on an object with less than two dimensions,"{""mode"":""fast"",""numOfMarkers"":2,""multithread"":false}"
2021-05-10_SNV_D178N,D178N,D01,09-100-cau,biological_sample,09_100_cau,2021-05-10,ddPCRclust_template_fast,"native template workflow, fast density mode",15727,NA,NA,NA,NA,NA,NA,NA,NA,NA,failed,attempt to set 'colnames' on an object with less than two dimensions,"{""mode"":""fast"",""numOfMarkers"":2,""multithread"":false}"
2021-05-10_SNV_D178N,D178N,D04,03-112-fc,biological_sample,03_112_fc,2021-05-10,ddPCRclust_template_fast,"native template workflow, fast density mode",16359,16359,77,16282,0,0,0,0,0,16282,ok,NA,"{""mode"":""fast"",""numOfMarkers"":2,""multithread"":false}"
2021-05-10_SNV_D178N,D178N,D07,03-132-mdb,biological_sample,03_132_mdb,2021-05-10,ddPCRclust_template_fast,"native template workflow, fast density mode",15967,15967,31,15936,0,0,0,0,0,15936,ok,NA,"{""mode"":""fast"",""numOfMarkers"":2,""multithread"":false}"
2021-05-10_SNV_D178N,D178N,E01,09-100-ce,biological_sample,09_100_ce,2021-05-10,ddPCRclust_template_fast,"native template workflow, fast density mode",15275,15275,1710,13565,0,0,0,0,0,13565,ok,NA,"{""mode"":""fast"",""numOfMarkers"":2,""multithread"":false}"
2021-05-10_SNV_D178N,D178N,E04,03-112-hip,biological_sample,03_112_hip,2021-05-10,ddPCRclust_template_fast,"native template workflow, fast density mode",16979,16979,248,16731,0,0,0,0,0,16731,ok,NA,"{""mode"":""fast"",""numOfMarkers"":2,""multithread"":false}"
2021-05-10_SNV_D178N,D178N,E07,03-132-th,biological_sample,03_132_th,2021-05-10,ddPCRclust_template_fast,"native template workflow, fast density mode",15460,NA,NA,NA,NA,NA,NA,NA,NA,NA,failed,attempt to set 'colnames' on an object with less than two dimensions,"{""mode"":""fast"",""numOfMarkers"":2,""multithread"":false}"
2021-05-10_SNV_D178N,D178N,F01,09-100-fc,biological_sample,09_100_fc,2021-05-10,ddPCRclust_template_fast,"native template workflow, fast density mode",15356,15356,257,15099,0,0,0,0,0,15099,ok,NA,"{""mode"":""fast"",""numOfMarkers"":2,""multithread"":false}"
2021-05-10_SNV_D178N,D178N,F04,03-112-mdb,biological_sample,03_112_mdb,2021-05-10,ddPCRclust_template_fast,"native template workflow, fast density mode",17503,17503,40,17463,0,0,0,0,0,17463,ok,NA,"{""mode"":""fast"",""numOfMarkers"":2,""multithread"":false}"
2021-05-10_SNV_D178N,D178N,F07,04-045-cau,biological_sample,04_045_cau,2021-05-10,ddPCRclust_template_fast,"native template workflow, fast density mode",15200,15200,12,15188,0,0,0,0,0,15188,ok,NA,"{""mode"":""fast"",""numOfMarkers"":2,""multithread"":false}"
2021-05-10_SNV_D178N,D178N,G01,09-100-hip,biological_sample,09_100_hip,2021-05-10,ddPCRclust_template_fast,"native template workflow, fast density mode",15239,15235,305,14930,0,0,4,0,0,14930,ok,NA,"{""mode"":""fast"",""numOfMarkers"":2,""multithread"":false}"
2021-05-10_SNV_D178N,D178N,G04,03-112-th,biological_sample,03_112_th,2021-05-10,ddPCRclust_template_fast,"native template workflow, fast density mode",15888,15888,77,15811,0,0,0,0,0,15811,ok,NA,"{""mode"":""fast"",""numOfMarkers"":2,""multithread"":false}"
2021-05-10_SNV_D178N,D178N,G07,04-045-ce,biological_sample,04_045_ce,2021-05-10,ddPCRclust_template_fast,"native template workflow, fast density mode",13736,13736,38,13698,0,0,0,0,0,13698,ok,NA,"{""mode"":""fast"",""numOfMarkers"":2,""multithread"":false}"
2021-05-10_SNV_D178N,D178N,H01,09-100-mdb,biological_sample,09_100_mdb,2021-05-10,ddPCRclust_template_fast,"native template workflow, fast density mode",14633,14633,305,14328,0,0,0,0,0,14328,ok,NA,"{""mode"":""fast"",""numOfMarkers"":2,""multithread"":false}"
2021-05-10_SNV_D178N,D178N,H04,03-132-cau,biological_sample,03_132_cau,2021-05-10,ddPCRclust_template_fast,"native template workflow, fast density mode",15573,NA,NA,NA,NA,NA,NA,NA,NA,NA,failed,attempt to set 'colnames' on an object with less than two dimensions,"{""mode"":""fast"",""numOfMarkers"":2,""multithread"":false}"
2021-05-10_SNV_D178N,D178N,H07,04-045-fc,biological_sample,04_045_fc,2021-05-10,ddPCRclust_template_fast,"native template workflow, fast density mode",14390,14390,0,14390,0,0,0,0,0,14390,ok,NA,"{""mode"":""fast"",""numOfMarkers"":2,""multithread"":false}"
2021-05-20_SNV_D178N,D178N,A01,NTC,NTC,ntc,2021-05-20,ddPCRclust_template_fast,"native template workflow, fast density mode",13000,13000,13000,0,0,0,0,0,0,0,ok,NA,"{""mode"":""fast"",""numOfMarkers"":2,""multithread"":false}"
2021-05-20_SNV_D178N,D178N,A04,04-045-hip,biological_sample,04_045_hip,2021-05-20,ddPCRclust_template_fast,"native template workflow, fast density mode",17416,17416,21,17395,0,0,0,0,0,17395,ok,NA,"{""mode"":""fast"",""numOfMarkers"":2,""multithread"":false}"
2021-05-20_SNV_D178N,D178N,A07,20-357-th,biological_sample,20_357_th,2021-05-20,ddPCRclust_template_fast,"native template workflow, fast density mode",15462,15462,286,15174,2,0,0,0,2,15174,ok,NA,"{""mode"":""fast"",""numOfMarkers"":2,""multithread"":false}"
2021-05-20_SNV_D178N,D178N,A10,929474-sn,biological_sample,929474_sn,2021-05-20,ddPCRclust_template_fast,"native template workflow, fast density mode",18341,18341,517,17824,0,0,0,0,0,17824,ok,NA,"{""mode"":""fast"",""numOfMarkers"":2,""multithread"":false}"
2021-05-20_SNV_D178N,D178N,B01,WT,WT_control,wt,2021-05-20,ddPCRclust_template_fast,"native template workflow, fast density mode",12899,12899,2816,10083,0,0,0,0,0,10083,ok,NA,"{""mode"":""fast"",""numOfMarkers"":2,""multithread"":false}"
2021-05-20_SNV_D178N,D178N,B04,04-045-mdb,biological_sample,04_045_mdb,2021-05-20,ddPCRclust_template_fast,"native template workflow, fast density mode",17260,17260,15,17245,0,0,0,0,0,17245,ok,NA,"{""mode"":""fast"",""numOfMarkers"":2,""multithread"":false}"
2021-05-20_SNV_D178N,D178N,B07,20-169-cau,biological_sample,20_169_cau,2021-05-20,ddPCRclust_template_fast,"native template workflow, fast density mode",15516,NA,NA,NA,NA,NA,NA,NA,NA,NA,failed,attempt to set 'colnames' on an object with less than two dimensions,"{""mode"":""fast"",""numOfMarkers"":2,""multithread"":false}"
2021-05-20_SNV_D178N,D178N,B10,17-13-bg,biological_sample,17_13_bg,2021-05-20,ddPCRclust_template_fast,"native template workflow, fast density mode",17039,17039,280,16759,0,0,0,0,0,16759,ok,NA,"{""mode"":""fast"",""numOfMarkers"":2,""multithread"":false}"
2021-05-20_SNV_D178N,D178N,C01,D178,positive_control,d178,2021-05-20,ddPCRclust_template_fast,"native template workflow, fast density mode",14886,14886,4496,4432,3565,2393,0,0,5958,6825,ok,NA,"{""mode"":""fast"",""numOfMarkers"":2,""multithread"":false}"
2021-05-20_SNV_D178N,D178N,C04,04-045-th,biological_sample,04_045_th,2021-05-20,ddPCRclust_template_fast,"native template workflow, fast density mode",17418,17418,42,17376,0,0,0,0,0,17376,ok,NA,"{""mode"":""fast"",""numOfMarkers"":2,""multithread"":false}"
2021-05-20_SNV_D178N,D178N,C07,20-169-ce,biological_sample,20_169_ce,2021-05-20,ddPCRclust_template_fast,"native template workflow, fast density mode",15301,NA,NA,NA,NA,NA,NA,NA,NA,NA,failed,attempt to set 'colnames' on an object with less than two dimensions,"{""mode"":""fast"",""numOfMarkers"":2,""multithread"":false}"
2021-05-20_SNV_D178N,D178N,C10,17-8-cb,biological_sample,17_8_cb,2021-05-20,ddPCRclust_template_fast,"native template workflow, fast density mode",18971,18971,10,18961,0,0,0,0,0,18961,ok,NA,"{""mode"":""fast"",""numOfMarkers"":2,""multithread"":false}"
2021-05-20_SNV_D178N,D178N,D01,19-082-ce,biological_sample,19_082_ce,2021-05-20,ddPCRclust_template_fast,"native template workflow, fast density mode",15793,15793,14,15779,0,0,0,0,0,15779,ok,NA,"{""mode"":""fast"",""numOfMarkers"":2,""multithread"":false}"
2021-05-20_SNV_D178N,D178N,D04,20-357-cau,biological_sample,20_357_cau,2021-05-20,ddPCRclust_template_fast,"native template workflow, fast density mode",16803,16803,3406,13397,0,0,0,0,0,13397,ok,NA,"{""mode"":""fast"",""numOfMarkers"":2,""multithread"":false}"
2021-05-20_SNV_D178N,D178N,D07,20-169-fc,biological_sample,20_169_fc,2021-05-20,ddPCRclust_template_fast,"native template workflow, fast density mode",14389,NA,NA,NA,NA,NA,NA,NA,NA,NA,failed,attempt to set 'colnames' on an object with less than two dimensions,"{""mode"":""fast"",""numOfMarkers"":2,""multithread"":false}"
2021-05-20_SNV_D178N,D178N,D10,17-8-fr,biological_sample,17_8_fr,2021-05-20,ddPCRclust_template_fast,"native template workflow, fast density mode",19090,19083,159,18924,0,0,7,0,0,18924,ok,NA,"{""mode"":""fast"",""numOfMarkers"":2,""multithread"":false}"
2021-05-20_SNV_D178N,D178N,E01,19-082-fc,biological_sample,19_082_fc,2021-05-20,ddPCRclust_template_fast,"native template workflow, fast density mode",16756,16751,244,16507,0,0,5,0,0,16507,ok,NA,"{""mode"":""fast"",""numOfMarkers"":2,""multithread"":false}"
2021-05-20_SNV_D178N,D178N,E04,20-357-ce,biological_sample,20_357_ce,2021-05-20,ddPCRclust_template_fast,"native template workflow, fast density mode",17304,17304,800,16504,0,0,0,0,0,16504,ok,NA,"{""mode"":""fast"",""numOfMarkers"":2,""multithread"":false}"
2021-05-20_SNV_D178N,D178N,E07,20-169-hip,biological_sample,20_169_hip,2021-05-20,ddPCRclust_template_fast,"native template workflow, fast density mode",14757,14757,146,14611,0,0,0,0,0,14611,ok,NA,"{""mode"":""fast"",""numOfMarkers"":2,""multithread"":false}"
2021-05-20_SNV_D178N,D178N,F01,19-082-hip,biological_sample,19_082_hip,2021-05-20,ddPCRclust_template_fast,"native template workflow, fast density mode",17113,17113,1835,15278,0,0,0,0,0,15278,ok,NA,"{""mode"":""fast"",""numOfMarkers"":2,""multithread"":false}"
2021-05-20_SNV_D178N,D178N,F04,20-357-fc,biological_sample,20_357_fc,2021-05-20,ddPCRclust_template_fast,"native template workflow, fast density mode",16360,16360,188,16172,0,0,0,0,0,16172,ok,NA,"{""mode"":""fast"",""numOfMarkers"":2,""multithread"":false}"
2021-05-20_SNV_D178N,D178N,F07,20-169-mdb,biological_sample,20_169_mdb,2021-05-20,ddPCRclust_template_fast,"native template workflow, fast density mode",15781,NA,NA,NA,NA,NA,NA,NA,NA,NA,failed,attempt to set 'colnames' on an object with less than two dimensions,"{""mode"":""fast"",""numOfMarkers"":2,""multithread"":false}"
2021-05-20_SNV_D178N,D178N,G01,19-082-mdb,biological_sample,19_082_mdb,2021-05-20,ddPCRclust_template_fast,"native template workflow, fast density mode",17173,17173,81,17092,0,0,0,0,0,17092,ok,NA,"{""mode"":""fast"",""numOfMarkers"":2,""multithread"":false}"
2021-05-20_SNV_D178N,D178N,G04,20-357-hip,biological_sample,20_357_hip,2021-05-20,ddPCRclust_template_fast,"native template workflow, fast density mode",17242,17242,309,16933,0,0,0,0,0,16933,ok,NA,"{""mode"":""fast"",""numOfMarkers"":2,""multithread"":false}"
2021-05-20_SNV_D178N,D178N,G07,20-169-th,biological_sample,20_169_th,2021-05-20,ddPCRclust_template_fast,"native template workflow, fast density mode",15288,15288,1341,13947,0,0,0,0,0,13947,ok,NA,"{""mode"":""fast"",""numOfMarkers"":2,""multithread"":false}"
2021-05-20_SNV_D178N,D178N,H01,19-082-th,biological_sample,19_082_th,2021-05-20,ddPCRclust_template_fast,"native template workflow, fast density mode",17603,NA,NA,NA,NA,NA,NA,NA,NA,NA,failed,attempt to set 'colnames' on an object with less than two dimensions,"{""mode"":""fast"",""numOfMarkers"":2,""multithread"":false}"
2021-05-20_SNV_D178N,D178N,H04,20-357-mdb,biological_sample,20_357_mdb,2021-05-20,ddPCRclust_template_fast,"native template workflow, fast density mode",18095,18095,20,18075,0,0,0,0,0,18075,ok,NA,"{""mode"":""fast"",""numOfMarkers"":2,""multithread"":false}"
2021-05-20_SNV_D178N,D178N,H07,19-082-cau,biological_sample,19_082_cau,2021-05-20,ddPCRclust_template_fast,"native template workflow, fast density mode",16378,16378,304,16074,0,0,0,0,0,16074,ok,NA,"{""mode"":""fast"",""numOfMarkers"":2,""multithread"":false}"
2021-10-14_SNV_D178N,D178N,A01,NTC,NTC,ntc,2021-10-14,ddPCRclust_template_fast,"native template workflow, fast density mode",15100,NA,NA,NA,NA,NA,NA,NA,NA,NA,failed,attempt to set 'colnames' on an object with less than two dimensions,"{""mode"":""fast"",""numOfMarkers"":2,""multithread"":false}"
2021-10-14_SNV_D178N,D178N,B01,WT,WT_control,wt,2021-10-14,ddPCRclust_template_fast,"native template workflow, fast density mode",14163,14138,3632,10506,0,0,25,0,0,10506,ok,NA,"{""mode"":""fast"",""numOfMarkers"":2,""multithread"":false}"
2021-10-14_SNV_D178N,D178N,C01,D178N-mut,positive_control,,2021-10-14,ddPCRclust_template_fast,"native template workflow, fast density mode",12577,12577,4499,3435,2880,1763,0,0,4643,5198,ok,NA,"{""mode"":""fast"",""numOfMarkers"":2,""multithread"":false}"
2021-10-14_SNV_D178N,D178N,D01,18-31-fr,biological_sample,18_31_fr,2021-10-14,ddPCRclust_template_fast,"native template workflow, fast density mode",12910,NA,NA,NA,NA,NA,NA,NA,NA,NA,failed,attempt to set 'colnames' on an object with less than two dimensions,"{""mode"":""fast"",""numOfMarkers"":2,""multithread"":false}"
2021-10-14_SNV_D178N,D178N,E01,238501-sn,biological_sample,238501_sn,2021-10-14,ddPCRclust_template_fast,"native template workflow, fast density mode",12693,12675,304,12371,0,0,18,0,0,12371,ok,NA,"{""mode"":""fast"",""numOfMarkers"":2,""multithread"":false}"
2020-10-12_SNV_E200K,E200K,A02,NTC_E200K,NTC,ntc,2020-10-12,ddPCRclust_template_fast,"native template workflow, fast density mode",12344,NA,NA,NA,NA,NA,NA,NA,NA,NA,failed,attempt to set 'colnames' on an object with less than two dimensions,"{""mode"":""fast"",""numOfMarkers"":2,""multithread"":false}"
2020-10-12_SNV_E200K,E200K,A08,CJD15-1_fr_E200K,biological_sample,15_1_fr,2020-10-12,ddPCRclust_template_fast,"native template workflow, fast density mode",16542,16472,3888,12584,0,0,70,0,0,12584,ok,NA,"{""mode"":""fast"",""numOfMarkers"":2,""multithread"":false}"
2020-10-12_SNV_E200K,E200K,B02,WT_E200K,WT_control,wt,2020-10-12,ddPCRclust_template_fast,"native template workflow, fast density mode",14469,14449,1309,13140,0,0,20,0,0,13140,ok,NA,"{""mode"":""fast"",""numOfMarkers"":2,""multithread"":false}"
2020-10-12_SNV_E200K,E200K,B05,CJD15-27_cb_E200K,biological_sample,15_27_cb,2020-10-12,ddPCRclust_template_fast,"native template workflow, fast density mode",14602,14560,6788,7772,0,0,42,0,0,7772,ok,NA,"{""mode"":""fast"",""numOfMarkers"":2,""multithread"":false}"
2020-10-12_SNV_E200K,E200K,C02,Mut_E200K,positive_control,mut,2020-10-12,ddPCRclust_template_fast,"native template workflow, fast density mode",13996,13996,10880,1500,1616,0,0,0,1616,1500,ok,NA,"{""mode"":""fast"",""numOfMarkers"":2,""multithread"":false}"
2020-10-12_SNV_E200K,E200K,D05,CJD15-27_pons_E200K,biological_sample,15_27_ps,2020-10-12,ddPCRclust_template_fast,"native template workflow, fast density mode",13823,13823,2670,11153,0,0,0,0,0,11153,ok,NA,"{""mode"":""fast"",""numOfMarkers"":2,""multithread"":false}"
2020-10-15_SNV_E200K,E200K,A02,NTC_E200K,NTC,ntc,2020-10-15,ddPCRclust_template_fast,"native template workflow, fast density mode",5742,NA,NA,NA,NA,NA,NA,NA,NA,NA,failed,attempt to set 'colnames' on an object with less than two dimensions,"{""mode"":""fast"",""numOfMarkers"":2,""multithread"":false}"
2020-10-15_SNV_E200K,E200K,A04,CJD18-6_bg_E200K,biological_sample,18_6_bg,2020-10-15,ddPCRclust_template_fast,"native template workflow, fast density mode",13140,13128,1748,11380,0,0,12,0,0,11380,ok,NA,"{""mode"":""fast"",""numOfMarkers"":2,""multithread"":false}"
2020-10-15_SNV_E200K,E200K,A06,CJD18-17_bg_E200K,biological_sample,18_17_bg,2020-10-15,ddPCRclust_template_fast,"native template workflow, fast density mode",13731,13666,3156,10510,0,0,65,0,0,10510,ok,NA,"{""mode"":""fast"",""numOfMarkers"":2,""multithread"":false}"
2020-10-15_SNV_E200K,E200K,A08,CJD18-24_bg_E200K,biological_sample,18_24_bg,2020-10-15,ddPCRclust_template_fast,"native template workflow, fast density mode",11973,11895,1617,10278,0,0,78,0,0,10278,ok,NA,"{""mode"":""fast"",""numOfMarkers"":2,""multithread"":false}"
2020-10-15_SNV_E200K,E200K,A10,CJD18-31_bg_E200K,biological_sample,18_31_bg,2020-10-15,ddPCRclust_template_fast,"native template workflow, fast density mode",14913,14848,4788,10060,0,0,65,0,0,10060,ok,NA,"{""mode"":""fast"",""numOfMarkers"":2,""multithread"":false}"
2020-10-15_SNV_E200K,E200K,B02,WT_E200K,WT_control,wt,2020-10-15,ddPCRclust_template_fast,"native template workflow, fast density mode",10515,10479,4137,6342,0,0,36,0,0,6342,ok,NA,"{""mode"":""fast"",""numOfMarkers"":2,""multithread"":false}"
2020-10-15_SNV_E200K,E200K,B04,CJD18-6_cb_E200K,biological_sample,18_6_cb,2020-10-15,ddPCRclust_template_fast,"native template workflow, fast density mode",14041,14001,2420,11581,0,0,40,0,0,11581,ok,NA,"{""mode"":""fast"",""numOfMarkers"":2,""multithread"":false}"
2020-10-15_SNV_E200K,E200K,B06,CJD18-17_cb_E200K,biological_sample,18_17_cb,2020-10-15,ddPCRclust_template_fast,"native template workflow, fast density mode",13786,13786,2380,11406,0,0,0,0,0,11406,ok,NA,"{""mode"":""fast"",""numOfMarkers"":2,""multithread"":false}"
2020-10-15_SNV_E200K,E200K,B08,CJD18-24_cb_E200K,biological_sample,18_24_cb,2020-10-15,ddPCRclust_template_fast,"native template workflow, fast density mode",14620,14528,2125,12403,0,0,92,0,0,12403,ok,NA,"{""mode"":""fast"",""numOfMarkers"":2,""multithread"":false}"
2020-10-15_SNV_E200K,E200K,B10,CJD18-31_cb_E200K,biological_sample,18_31_cb,2020-10-15,ddPCRclust_template_fast,"native template workflow, fast density mode",12588,12588,3026,9562,0,0,0,0,0,9562,ok,NA,"{""mode"":""fast"",""numOfMarkers"":2,""multithread"":false}"
2020-10-15_SNV_E200K,E200K,C02,Mut_E200K,positive_control,mut,2020-10-15,ddPCRclust_template_fast,"native template workflow, fast density mode",11680,11597,9295,1065,1237,0,83,0,1237,1065,ok,NA,"{""mode"":""fast"",""numOfMarkers"":2,""multithread"":false}"
2020-10-15_SNV_E200K,E200K,C04,CJD18-6_fr_E200K,biological_sample,18_6_fr,2020-10-15,ddPCRclust_template_fast,"native template workflow, fast density mode",13065,13035,1953,11082,0,0,30,0,0,11082,ok,NA,"{""mode"":""fast"",""numOfMarkers"":2,""multithread"":false}"
2020-10-15_SNV_E200K,E200K,C06,CJD18-17_fr_E200K,biological_sample,18_17_fr,2020-10-15,ddPCRclust_template_fast,"native template workflow, fast density mode",15012,14970,4165,10805,0,0,42,0,0,10805,ok,NA,"{""mode"":""fast"",""numOfMarkers"":2,""multithread"":false}"
2020-10-15_SNV_E200K,E200K,C08,CJD18-24_fr_E200K,biological_sample,18_24_fr,2020-10-15,ddPCRclust_template_fast,"native template workflow, fast density mode",13599,13524,2935,10589,0,0,75,0,0,10589,ok,NA,"{""mode"":""fast"",""numOfMarkers"":2,""multithread"":false}"
2020-10-15_SNV_E200K,E200K,C10,CJD18-31_fr_E200K,biological_sample,18_31_fr,2020-10-15,ddPCRclust_template_fast,"native template workflow, fast density mode",14168,14087,1735,12352,0,0,81,0,0,12352,ok,NA,"{""mode"":""fast"",""numOfMarkers"":2,""multithread"":false}"
2020-10-15_SNV_E200K,E200K,D04,CJD18-6_hc_E200K,biological_sample,18_6_hc,2020-10-15,ddPCRclust_template_fast,"native template workflow, fast density mode",9782,9742,1168,8574,0,0,40,0,0,8574,ok,NA,"{""mode"":""fast"",""numOfMarkers"":2,""multithread"":false}"
2020-10-15_SNV_E200K,E200K,D06,CJD18-17_hc_E200K,biological_sample,18_17_hc,2020-10-15,ddPCRclust_template_fast,"native template workflow, fast density mode",12780,12780,2307,10473,0,0,0,0,0,10473,ok,NA,"{""mode"":""fast"",""numOfMarkers"":2,""multithread"":false}"
2020-10-15_SNV_E200K,E200K,D08,CJD18-24_hc_E200K,biological_sample,18_24_hc,2020-10-15,ddPCRclust_template_fast,"native template workflow, fast density mode",9892,9892,1735,8157,0,0,0,0,0,8157,ok,NA,"{""mode"":""fast"",""numOfMarkers"":2,""multithread"":false}"
2020-10-15_SNV_E200K,E200K,E04,CJD18-6_sn_E200K,biological_sample,18_6_sn,2020-10-15,ddPCRclust_template_fast,"native template workflow, fast density mode",13712,13712,2290,11422,0,0,0,0,0,11422,ok,NA,"{""mode"":""fast"",""numOfMarkers"":2,""multithread"":false}"
2020-10-15_SNV_E200K,E200K,E06,CJD18-17_sn_E200K,biological_sample,18_17_sn,2020-10-15,ddPCRclust_template_fast,"native template workflow, fast density mode",13220,13220,1443,11777,0,0,0,0,0,11777,ok,NA,"{""mode"":""fast"",""numOfMarkers"":2,""multithread"":false}"
2020-10-15_SNV_E200K,E200K,E08,CJD18-24_sn_E200K,biological_sample,18_24_sn,2020-10-15,ddPCRclust_template_fast,"native template workflow, fast density mode",13789,13669,1988,11681,0,0,120,0,0,11681,ok,NA,"{""mode"":""fast"",""numOfMarkers"":2,""multithread"":false}"
2020-10-15_SNV_E200K,E200K,E10,CJD18-31_sn_E200K,biological_sample,18_31_sn,2020-10-15,ddPCRclust_template_fast,"native template workflow, fast density mode",10489,10455,1418,9037,0,0,34,0,0,9037,ok,NA,"{""mode"":""fast"",""numOfMarkers"":2,""multithread"":false}"
2020-10-15_SNV_E200K,E200K,F04,CJD18-6_th_E200K,biological_sample,18_6_th,2020-10-15,ddPCRclust_template_fast,"native template workflow, fast density mode",9327,9299,1027,8272,0,0,28,0,0,8272,ok,NA,"{""mode"":""fast"",""numOfMarkers"":2,""multithread"":false}"
2020-10-15_SNV_E200K,E200K,F06,CJD18-17_th_E200K,biological_sample,18_17_th,2020-10-15,ddPCRclust_template_fast,"native template workflow, fast density mode",9458,9433,1481,7952,0,0,25,0,0,7952,ok,NA,"{""mode"":""fast"",""numOfMarkers"":2,""multithread"":false}"
2020-10-22_SNV_E200K,E200K,A02,NTC_E200K,NTC,ntc,2020-10-22,ddPCRclust_template_fast,"native template workflow, fast density mode",14226,14226,14226,0,0,0,0,0,0,0,ok,NA,"{""mode"":""fast"",""numOfMarkers"":2,""multithread"":false}"
2020-10-22_SNV_E200K,E200K,A04,CJD13-21_bg_E200K,biological_sample,13_21_bg,2020-10-22,ddPCRclust_template_fast,"native template workflow, fast density mode",15031,14880,1671,13209,0,0,151,0,0,13209,ok,NA,"{""mode"":""fast"",""numOfMarkers"":2,""multithread"":false}"
2020-10-22_SNV_E200K,E200K,A06,CJD14-24_bg_E200K,biological_sample,14_24_bg,2020-10-22,ddPCRclust_template_fast,"native template workflow, fast density mode",14949,14949,4465,10484,0,0,0,0,0,10484,ok,NA,"{""mode"":""fast"",""numOfMarkers"":2,""multithread"":false}"
2020-10-22_SNV_E200K,E200K,A08,CJD20-08_bg_E200K,biological_sample,20_08_bg,2020-10-22,ddPCRclust_template_fast,"native template workflow, fast density mode",15194,15127,4078,11049,0,0,67,0,0,11049,ok,NA,"{""mode"":""fast"",""numOfMarkers"":2,""multithread"":false}"
2020-10-22_SNV_E200K,E200K,A10,CJD19-29_fr_E200K,biological_sample,19_29_fr,2020-10-22,ddPCRclust_template_fast,"native template workflow, fast density mode",16714,16681,6144,10537,0,0,33,0,0,10537,ok,NA,"{""mode"":""fast"",""numOfMarkers"":2,""multithread"":false}"
2020-10-22_SNV_E200K,E200K,B02,WT_E200K,WT_control,wt,2020-10-22,ddPCRclust_template_fast,"native template workflow, fast density mode",13499,13499,2587,10912,0,0,0,0,0,10912,ok,NA,"{""mode"":""fast"",""numOfMarkers"":2,""multithread"":false}"
2020-10-22_SNV_E200K,E200K,B04,CJD13-21_cb_E200K,biological_sample,13_21_cb,2020-10-22,ddPCRclust_template_fast,"native template workflow, fast density mode",12366,12355,690,11665,0,0,11,0,0,11665,ok,NA,"{""mode"":""fast"",""numOfMarkers"":2,""multithread"":false}"
2020-10-22_SNV_E200K,E200K,B06,CJD14-24_cb_E200K,biological_sample,14_24_cb,2020-10-22,ddPCRclust_template_fast,"native template workflow, fast density mode",13980,13980,5012,8968,0,0,0,0,0,8968,ok,NA,"{""mode"":""fast"",""numOfMarkers"":2,""multithread"":false}"
2020-10-22_SNV_E200K,E200K,B08,CJD20-08_cb_E200K,biological_sample,20_08_cb,2020-10-22,ddPCRclust_template_fast,"native template workflow, fast density mode",15372,15308,3674,11634,0,0,64,0,0,11634,ok,NA,"{""mode"":""fast"",""numOfMarkers"":2,""multithread"":false}"
2020-10-22_SNV_E200K,E200K,C02,E200K-mut,positive_control,,2020-10-22,ddPCRclust_template_fast,"native template workflow, fast density mode",15359,15359,10111,2048,3200,0,0,0,3200,2048,ok,NA,"{""mode"":""fast"",""numOfMarkers"":2,""multithread"":false}"
2020-10-22_SNV_E200K,E200K,C04,CJD13-21_fr_E200K,biological_sample,13_21_fr,2020-10-22,ddPCRclust_template_fast,"native template workflow, fast density mode",13470,13470,1907,11563,0,0,0,0,0,11563,ok,NA,"{""mode"":""fast"",""numOfMarkers"":2,""multithread"":false}"
2020-10-22_SNV_E200K,E200K,C06,CJD14-24_fr_E200K,biological_sample,14_24_fr,2020-10-22,ddPCRclust_template_fast,"native template workflow, fast density mode",14712,14679,3204,11475,0,0,33,0,0,11475,ok,NA,"{""mode"":""fast"",""numOfMarkers"":2,""multithread"":false}"
2020-10-22_SNV_E200K,E200K,C08,CJD20-08_fr_E200K,biological_sample,20_08_fr,2020-10-22,ddPCRclust_template_fast,"native template workflow, fast density mode",16348,16348,4051,12297,0,0,0,0,0,12297,ok,NA,"{""mode"":""fast"",""numOfMarkers"":2,""multithread"":false}"
2020-10-22_SNV_E200K,E200K,D04,CJD13-21_sn_E200K,biological_sample,13_21_sn,2020-10-22,ddPCRclust_template_fast,"native template workflow, fast density mode",13279,13279,2001,11278,0,0,0,0,0,11278,ok,NA,"{""mode"":""fast"",""numOfMarkers"":2,""multithread"":false}"
2020-10-22_SNV_E200K,E200K,D06,CJD14-24_hc_E200K,biological_sample,14_24_hc,2020-10-22,ddPCRclust_template_fast,"native template workflow, fast density mode",16722,16703,4604,12099,0,0,19,0,0,12099,ok,NA,"{""mode"":""fast"",""numOfMarkers"":2,""multithread"":false}"
2020-10-22_SNV_E200K,E200K,D08,CJD20-08_sn_E200K,biological_sample,20_08_sn,2020-10-22,ddPCRclust_template_fast,"native template workflow, fast density mode",15255,15183,4574,10609,0,0,72,0,0,10609,ok,NA,"{""mode"":""fast"",""numOfMarkers"":2,""multithread"":false}"
2020-10-22_SNV_E200K,E200K,E04,CJD13-21_th_E200K,biological_sample,13_21_th,2020-10-22,ddPCRclust_template_fast,"native template workflow, fast density mode",16246,NA,NA,NA,NA,NA,NA,NA,NA,NA,failed,attempt to set 'colnames' on an object with less than two dimensions,"{""mode"":""fast"",""numOfMarkers"":2,""multithread"":false}"
2020-10-22_SNV_E200K,E200K,E06,CJD14-24_sn_E200K,biological_sample,14_24_sn,2020-10-22,ddPCRclust_template_fast,"native template workflow, fast density mode",14594,14580,950,13630,0,0,14,0,0,13630,ok,NA,"{""mode"":""fast"",""numOfMarkers"":2,""multithread"":false}"
2020-10-22_SNV_E200K,E200K,E08,CJD20-08_th_E200K,biological_sample,20_08_th,2020-10-22,ddPCRclust_template_fast,"native template workflow, fast density mode",15209,15209,6765,8444,0,0,0,0,0,8444,ok,NA,"{""mode"":""fast"",""numOfMarkers"":2,""multithread"":false}"
2020-10-22_SNV_E200K,E200K,F06,CJD14-24_th_E200K,biological_sample,14_24_th,2020-10-22,ddPCRclust_template_fast,"native template workflow, fast density mode",15245,15245,46,15199,0,0,0,0,0,15199,ok,NA,"{""mode"":""fast"",""numOfMarkers"":2,""multithread"":false}"
2020-10-29_SNV_E200K,E200K,A02,CJD17-20_bg,biological_sample,17_20_bg,2020-10-29,ddPCRclust_template_fast,"native template workflow, fast density mode",13003,13003,1055,11948,0,0,0,0,0,11948,ok,NA,"{""mode"":""fast"",""numOfMarkers"":2,""multithread"":false}"
2020-10-29_SNV_E200K,E200K,A06,CJD17-31_bg,biological_sample,17_31_bg,2020-10-29,ddPCRclust_template_fast,"native template workflow, fast density mode",14283,14283,246,14037,0,0,0,0,0,14037,ok,NA,"{""mode"":""fast"",""numOfMarkers"":2,""multithread"":false}"
2020-10-29_SNV_E200K,E200K,A08,CJD17-32_bg,biological_sample,17_32_bg,2020-10-29,ddPCRclust_template_fast,"native template workflow, fast density mode",12674,NA,NA,NA,NA,NA,NA,NA,NA,NA,failed,attempt to set 'colnames' on an object with less than two dimensions,"{""mode"":""fast"",""numOfMarkers"":2,""multithread"":false}"
2020-10-29_SNV_E200K,E200K,A10,CJD18-5_bg,biological_sample,18_5_bg,2020-10-29,ddPCRclust_template_fast,"native template workflow, fast density mode",9523,9523,194,9329,0,0,0,0,0,9329,ok,NA,"{""mode"":""fast"",""numOfMarkers"":2,""multithread"":false}"
2020-10-29_SNV_E200K,E200K,B02,CJD17-20_cb,biological_sample,17_20_cb,2020-10-29,ddPCRclust_template_fast,"native template workflow, fast density mode",14344,14344,910,13434,0,0,0,0,0,13434,ok,NA,"{""mode"":""fast"",""numOfMarkers"":2,""multithread"":false}"
2020-10-29_SNV_E200K,E200K,B06,CJD17-31_hc mixed with CJD17-32_cb,biological_sample,17_31_hc_mixed_with_cjd17_32_cb,2020-10-29,ddPCRclust_template_fast,"native template workflow, fast density mode",11521,11512,291,11221,0,0,9,0,0,11221,ok,NA,"{""mode"":""fast"",""numOfMarkers"":2,""multithread"":false}"
2020-10-29_SNV_E200K,E200K,B10,CJD18-5_cb,biological_sample,18_5_cb,2020-10-29,ddPCRclust_template_fast,"native template workflow, fast density mode",12565,12471,821,11650,0,0,94,0,0,11650,ok,NA,"{""mode"":""fast"",""numOfMarkers"":2,""multithread"":false}"
2020-10-29_SNV_E200K,E200K,C02,CJD17-20_fr,biological_sample,17_20_fr,2020-10-29,ddPCRclust_template_fast,"native template workflow, fast density mode",14001,14001,1076,12925,0,0,0,0,0,12925,ok,NA,"{""mode"":""fast"",""numOfMarkers"":2,""multithread"":false}"
2020-10-29_SNV_E200K,E200K,C06,CJD17-31_sn,biological_sample,17_31_sn,2020-10-29,ddPCRclust_template_fast,"native template workflow, fast density mode",13482,13482,328,13154,0,0,0,0,0,13154,ok,NA,"{""mode"":""fast"",""numOfMarkers"":2,""multithread"":false}"
2020-10-29_SNV_E200K,E200K,C08,CJD17-32_fr,biological_sample,17_32_fr,2020-10-29,ddPCRclust_template_fast,"native template workflow, fast density mode",14468,14468,660,13808,0,0,0,0,0,13808,ok,NA,"{""mode"":""fast"",""numOfMarkers"":2,""multithread"":false}"
2020-10-29_SNV_E200K,E200K,C10,CJD18-5_fr,biological_sample,18_5_fr,2020-10-29,ddPCRclust_template_fast,"native template workflow, fast density mode",11981,11932,431,11501,0,0,49,0,0,11501,ok,NA,"{""mode"":""fast"",""numOfMarkers"":2,""multithread"":false}"
2020-10-29_SNV_E200K,E200K,D02,CJD17-20_sn,biological_sample,17_20_sn,2020-10-29,ddPCRclust_template_fast,"native template workflow, fast density mode",13393,13393,1050,12343,0,0,0,0,0,12343,ok,NA,"{""mode"":""fast"",""numOfMarkers"":2,""multithread"":false}"
2020-10-29_SNV_E200K,E200K,D06,CJD17-31_th,biological_sample,17_31_th,2020-10-29,ddPCRclust_template_fast,"native template workflow, fast density mode",13400,13400,1920,11480,0,0,0,0,0,11480,ok,NA,"{""mode"":""fast"",""numOfMarkers"":2,""multithread"":false}"
2020-10-29_SNV_E200K,E200K,D08,CJD17-32_hc,biological_sample,17_32_hc,2020-10-29,ddPCRclust_template_fast,"native template workflow, fast density mode",13821,13821,865,12956,0,0,0,0,0,12956,ok,NA,"{""mode"":""fast"",""numOfMarkers"":2,""multithread"":false}"
2020-10-29_SNV_E200K,E200K,D10,CJD18-5_hc,biological_sample,18_5_hc,2020-10-29,ddPCRclust_template_fast,"native template workflow, fast density mode",12212,12212,680,11532,0,0,0,0,0,11532,ok,NA,"{""mode"":""fast"",""numOfMarkers"":2,""multithread"":false}"
2020-10-29_SNV_E200K,E200K,E02,CJD17-20_th,biological_sample,17_20_th,2020-10-29,ddPCRclust_template_fast,"native template workflow, fast density mode",11180,11180,1373,9807,0,0,0,0,0,9807,ok,NA,"{""mode"":""fast"",""numOfMarkers"":2,""multithread"":false}"
2020-10-29_SNV_E200K,E200K,E04,CJD17-30_th,biological_sample,17_30_th,2020-10-29,ddPCRclust_template_fast,"native template workflow, fast density mode",13086,13086,576,12510,0,0,0,0,0,12510,ok,NA,"{""mode"":""fast"",""numOfMarkers"":2,""multithread"":false}"
2020-10-29_SNV_E200K,E200K,E06,CJD18-1_bg,biological_sample,18_1_bg,2020-10-29,ddPCRclust_template_fast,"native template workflow, fast density mode",13132,13086,612,12474,0,0,46,0,0,12474,ok,NA,"{""mode"":""fast"",""numOfMarkers"":2,""multithread"":false}"
2020-10-29_SNV_E200K,E200K,E08,CJD17-32_sn,biological_sample,17_32_sn,2020-10-29,ddPCRclust_template_fast,"native template workflow, fast density mode",14291,14291,191,14100,0,0,0,0,0,14100,ok,NA,"{""mode"":""fast"",""numOfMarkers"":2,""multithread"":false}"
2020-10-29_SNV_E200K,E200K,E10,CJD18-5_sn,biological_sample,18_5_sn,2020-10-29,ddPCRclust_template_fast,"native template workflow, fast density mode",13395,13212,0,13212,0,0,183,0,0,13212,ok,NA,"{""mode"":""fast"",""numOfMarkers"":2,""multithread"":false}"
2020-10-29_SNV_E200K,E200K,F02,NTC,NTC,ntc,2020-10-29,ddPCRclust_template_fast,"native template workflow, fast density mode",13650,NA,NA,NA,NA,NA,NA,NA,NA,NA,failed,attempt to set 'colnames' on an object with less than two dimensions,"{""mode"":""fast"",""numOfMarkers"":2,""multithread"":false}"
2020-10-29_SNV_E200K,E200K,F06,CJD18-1_cb,biological_sample,18_1_cb,2020-10-29,ddPCRclust_template_fast,"native template workflow, fast density mode",12889,12889,2550,10339,0,0,0,0,0,10339,ok,NA,"{""mode"":""fast"",""numOfMarkers"":2,""multithread"":false}"
2020-10-29_SNV_E200K,E200K,F08,CJD17-32_th,biological_sample,17_32_th,2020-10-29,ddPCRclust_template_fast,"native template workflow, fast density mode",13285,13285,1108,12177,0,0,0,0,0,12177,ok,NA,"{""mode"":""fast"",""numOfMarkers"":2,""multithread"":false}"
2020-10-29_SNV_E200K,E200K,G02,WT,WT_control,wt,2020-10-29,ddPCRclust_template_fast,"native template workflow, fast density mode",11366,9973,3386,6587,0,0,1393,0,0,6587,ok,NA,"{""mode"":""fast"",""numOfMarkers"":2,""multithread"":false}"
2020-10-29_SNV_E200K,E200K,G06,CJD18-1_fr,biological_sample,18_1_fr,2020-10-29,ddPCRclust_template_fast,"native template workflow, fast density mode",11326,11326,341,10985,0,0,0,0,0,10985,ok,NA,"{""mode"":""fast"",""numOfMarkers"":2,""multithread"":false}"
2020-10-29_SNV_E200K,E200K,H02,E200K-mut,positive_control,,2020-10-29,ddPCRclust_template_fast,"native template workflow, fast density mode",11907,11020,11020,0,0,0,887,0,0,0,ok,NA,"{""mode"":""fast"",""numOfMarkers"":2,""multithread"":false}"
2020-10-29_SNV_E200K,E200K,H06,CJD18-1_hc,biological_sample,18_1_hc,2020-10-29,ddPCRclust_template_fast,"native template workflow, fast density mode",12868,12831,349,12482,0,0,37,0,0,12482,ok,NA,"{""mode"":""fast"",""numOfMarkers"":2,""multithread"":false}"
2020-11-05_SNV_E200K,E200K,A02,CJD17-15_fr,biological_sample,17_15_fr,2020-11-05,ddPCRclust_template_fast,"native template workflow, fast density mode",16280,16280,705,15575,0,0,0,0,0,15575,ok,NA,"{""mode"":""fast"",""numOfMarkers"":2,""multithread"":false}"
2020-11-05_SNV_E200K,E200K,A06,CJD17-11_bg,biological_sample,17_11_bg,2020-11-05,ddPCRclust_template_fast,"native template workflow, fast density mode",16346,16346,612,15734,0,0,0,0,0,15734,ok,NA,"{""mode"":""fast"",""numOfMarkers"":2,""multithread"":false}"
2020-11-05_SNV_E200K,E200K,A08,CJD17-5_cb,biological_sample,17_5_cb,2020-11-05,ddPCRclust_template_fast,"native template workflow, fast density mode",17239,17239,0,17239,0,0,0,0,0,17239,ok,NA,"{""mode"":""fast"",""numOfMarkers"":2,""multithread"":false}"
2020-11-05_SNV_E200K,E200K,A10,CJD17-34_bg,biological_sample,17_34_bg,2020-11-05,ddPCRclust_template_fast,"native template workflow, fast density mode",18086,18086,0,18086,0,0,0,0,0,18086,ok,NA,"{""mode"":""fast"",""numOfMarkers"":2,""multithread"":false}"
2020-11-05_SNV_E200K,E200K,B04,CJD17-13_cb,biological_sample,17_13_cb,2020-11-05,ddPCRclust_template_fast,"native template workflow, fast density mode",17651,17651,8,17643,0,0,0,0,0,17643,ok,NA,"{""mode"":""fast"",""numOfMarkers"":2,""multithread"":false}"
2020-11-05_SNV_E200K,E200K,B08,CJD17-5_fr,biological_sample,17_5_fr,2020-11-05,ddPCRclust_template_fast,"native template workflow, fast density mode",17254,17254,0,17254,0,0,0,0,0,17254,ok,NA,"{""mode"":""fast"",""numOfMarkers"":2,""multithread"":false}"
2020-11-05_SNV_E200K,E200K,C04,CJD17-13_hc,biological_sample,17_13_hc,2020-11-05,ddPCRclust_template_fast,"native template workflow, fast density mode",18511,18511,46,18465,0,0,0,0,0,18465,ok,NA,"{""mode"":""fast"",""numOfMarkers"":2,""multithread"":false}"
2020-11-05_SNV_E200K,E200K,C06,CJD17-11_fr,biological_sample,17_11_fr,2020-11-05,ddPCRclust_template_fast,"native template workflow, fast density mode",16615,16615,6,16609,0,0,0,0,0,16609,ok,NA,"{""mode"":""fast"",""numOfMarkers"":2,""multithread"":false}"
2020-11-05_SNV_E200K,E200K,C08,CJD17-5_th,biological_sample,17_5_th,2020-11-05,ddPCRclust_template_fast,"native template workflow, fast density mode",17964,17964,11,17953,0,0,0,0,0,17953,ok,NA,"{""mode"":""fast"",""numOfMarkers"":2,""multithread"":false}"
2020-11-05_SNV_E200K,E200K,C10,CJD17-34_fr,biological_sample,17_34_fr,2020-11-05,ddPCRclust_template_fast,"native template workflow, fast density mode",14297,14297,0,14297,0,0,0,0,0,14297,ok,NA,"{""mode"":""fast"",""numOfMarkers"":2,""multithread"":false}"
2020-11-05_SNV_E200K,E200K,D04,CJD17-13_sn,biological_sample,17_13_sn,2020-11-05,ddPCRclust_template_fast,"native template workflow, fast density mode",18002,18002,0,17887,0,115,0,0,115,18002,ok,NA,"{""mode"":""fast"",""numOfMarkers"":2,""multithread"":false}"
2020-11-05_SNV_E200K,E200K,D06,CJD17-11_hc,biological_sample,17_11_hc,2020-11-05,ddPCRclust_template_fast,"native template workflow, fast density mode",17463,17463,235,17228,0,0,0,0,0,17228,ok,NA,"{""mode"":""fast"",""numOfMarkers"":2,""multithread"":false}"
2020-11-05_SNV_E200K,E200K,D08,CJD17-8_bg,biological_sample,17_8_bg,2020-11-05,ddPCRclust_template_fast,"native template workflow, fast density mode",17347,17347,107,17240,0,0,0,0,0,17240,ok,NA,"{""mode"":""fast"",""numOfMarkers"":2,""multithread"":false}"
2020-11-05_SNV_E200K,E200K,E02,CJD17-15_th,biological_sample,17_15_th,2020-11-05,ddPCRclust_template_fast,"native template workflow, fast density mode",17152,17152,723,16429,0,0,0,0,0,16429,ok,NA,"{""mode"":""fast"",""numOfMarkers"":2,""multithread"":false}"
2020-11-05_SNV_E200K,E200K,E04,CJD17-13_th,biological_sample,17_13_th,2020-11-05,ddPCRclust_template_fast,"native template workflow, fast density mode",16059,16059,334,15725,0,0,0,0,0,15725,ok,NA,"{""mode"":""fast"",""numOfMarkers"":2,""multithread"":false}"
2020-11-05_SNV_E200K,E200K,E06,CJD17-12_bg,biological_sample,17_12_bg,2020-11-05,ddPCRclust_template_fast,"native template workflow, fast density mode",17300,17300,74,17226,0,0,0,0,0,17226,ok,NA,"{""mode"":""fast"",""numOfMarkers"":2,""multithread"":false}"
2020-11-05_SNV_E200K,E200K,F02,NTC,NTC,ntc,2020-11-05,ddPCRclust_template_fast,"native template workflow, fast density mode",15765,NA,NA,NA,NA,NA,NA,NA,NA,NA,failed,attempt to set 'colnames' on an object with less than two dimensions,"{""mode"":""fast"",""numOfMarkers"":2,""multithread"":false}"
2020-11-05_SNV_E200K,E200K,F06,CJD17-12_fr,biological_sample,17_12_fr,2020-11-05,ddPCRclust_template_fast,"native template workflow, fast density mode",17213,17213,322,16891,0,0,0,0,0,16891,ok,NA,"{""mode"":""fast"",""numOfMarkers"":2,""multithread"":false}"
2020-11-05_SNV_E200K,E200K,G02,WT,WT_control,wt,2020-11-05,ddPCRclust_template_fast,"native template workflow, fast density mode",16316,16293,5444,10849,0,0,23,0,0,10849,ok,NA,"{""mode"":""fast"",""numOfMarkers"":2,""multithread"":false}"
2020-11-05_SNV_E200K,E200K,G06,CJD17-12_sn,biological_sample,17_12_sn,2020-11-05,ddPCRclust_template_fast,"native template workflow, fast density mode",18481,18481,8,18473,0,0,0,0,0,18473,ok,NA,"{""mode"":""fast"",""numOfMarkers"":2,""multithread"":false}"
2020-11-05_SNV_E200K,E200K,H02,E200K-mut,positive_control,,2020-11-05,ddPCRclust_template_fast,"native template workflow, fast density mode",17166,17166,12676,2053,2437,0,0,0,2437,2053,ok,NA,"{""mode"":""fast"",""numOfMarkers"":2,""multithread"":false}"
2020-11-24_SNV_E200K,E200K,A02,CJD17-30_bg_E200K,biological_sample,17_30_bg,2020-11-24,ddPCRclust_template_fast,"native template workflow, fast density mode",15801,15801,56,15745,0,0,0,0,0,15745,ok,NA,"{""mode"":""fast"",""numOfMarkers"":2,""multithread"":false}"
2020-11-24_SNV_E200K,E200K,A08,CJD18-5_bg_E200K,biological_sample,18_5_bg,2020-11-24,ddPCRclust_template_fast,"native template workflow, fast density mode",15922,NA,NA,NA,NA,NA,NA,NA,NA,NA,failed,attempt to set 'colnames' on an object with less than two dimensions,"{""mode"":""fast"",""numOfMarkers"":2,""multithread"":false}"
2020-11-24_SNV_E200K,E200K,B02,CJD17-30_fr_E200K,biological_sample,17_30_fr,2020-11-24,ddPCRclust_template_fast,"native template workflow, fast density mode",16494,16494,191,16303,0,0,0,0,0,16303,ok,NA,"{""mode"":""fast"",""numOfMarkers"":2,""multithread"":false}"
2020-11-24_SNV_E200K,E200K,B06,CJD17-15_cb_E200K,biological_sample,17_15_cb,2020-11-24,ddPCRclust_template_fast,"native template workflow, fast density mode",17688,17416,0,17416,0,0,272,0,0,17416,ok,NA,"{""mode"":""fast"",""numOfMarkers"":2,""multithread"":false}"
2020-11-24_SNV_E200K,E200K,C02,CJD17-30_hc_E200K,biological_sample,17_30_hc,2020-11-24,ddPCRclust_template_fast,"native template workflow, fast density mode",17046,17046,3930,13116,0,0,0,0,0,13116,ok,NA,"{""mode"":""fast"",""numOfMarkers"":2,""multithread"":false}"
2020-11-24_SNV_E200K,E200K,D02,CJD17-30_sn_E200K,biological_sample,17_30_sn,2020-11-24,ddPCRclust_template_fast,"native template workflow, fast density mode",17369,17369,1143,16226,0,0,0,0,0,16226,ok,NA,"{""mode"":""fast"",""numOfMarkers"":2,""multithread"":false}"
2020-11-24_SNV_E200K,E200K,D10,CJD17-34_sn_E200K,biological_sample,17_34_sn,2020-11-24,ddPCRclust_template_fast,"native template workflow, fast density mode",18613,18451,0,18451,0,0,162,0,0,18451,ok,NA,"{""mode"":""fast"",""numOfMarkers"":2,""multithread"":false}"
2020-11-24_SNV_E200K,E200K,F02,NTC_E200K,NTC,ntc,2020-11-24,ddPCRclust_template_fast,"native template workflow, fast density mode",16821,16810,16810,0,0,0,11,0,0,0,ok,NA,"{""mode"":""fast"",""numOfMarkers"":2,""multithread"":false}"
2020-11-24_SNV_E200K,E200K,G02,WT_E200K,WT_control,wt,2020-11-24,ddPCRclust_template_fast,"native template workflow, fast density mode",16266,16266,2367,13899,0,0,0,0,0,13899,ok,NA,"{""mode"":""fast"",""numOfMarkers"":2,""multithread"":false}"
2020-11-24_SNV_E200K,E200K,H02,E200K_mut,positive_control,,2020-11-24,ddPCRclust_template_fast,"native template workflow, fast density mode",15464,15464,11501,2163,1800,0,0,0,1800,2163,ok,NA,"{""mode"":""fast"",""numOfMarkers"":2,""multithread"":false}"
2021-01-26_SNV_E200K,E200K,A02,NTC,NTC,ntc,2021-01-26,ddPCRclust_template_fast,"native template workflow, fast density mode",10668,10668,10668,0,0,0,0,0,0,0,ok,NA,"{""mode"":""fast"",""numOfMarkers"":2,""multithread"":false}"
2021-01-26_SNV_E200K,E200K,A05,924486-th,biological_sample,924486_th,2021-01-26,ddPCRclust_template_fast,"native template workflow, fast density mode",13049,NA,NA,NA,NA,NA,NA,NA,NA,NA,failed,attempt to set 'colnames' on an object with less than two dimensions,"{""mode"":""fast"",""numOfMarkers"":2,""multithread"":false}"
2021-01-26_SNV_E200K,E200K,B02,E200K-mut,positive_control,,2021-01-26,ddPCRclust_template_fast,"native template workflow, fast density mode",12474,12474,10287,1237,950,0,0,0,950,1237,ok,NA,"{""mode"":""fast"",""numOfMarkers"":2,""multithread"":false}"
2021-01-26_SNV_E200K,E200K,B05,953891-bg,biological_sample,953891_bg,2021-01-26,ddPCRclust_template_fast,"native template workflow, fast density mode",12019,12019,489,11530,0,0,0,0,0,11530,ok,NA,"{""mode"":""fast"",""numOfMarkers"":2,""multithread"":false}"
2021-01-26_SNV_E200K,E200K,B08,955427-cb,biological_sample,955427_cb,2021-01-26,ddPCRclust_template_fast,"native template workflow, fast density mode",13528,13528,301,13227,0,0,0,0,0,13227,ok,NA,"{""mode"":""fast"",""numOfMarkers"":2,""multithread"":false}"
2021-01-26_SNV_E200K,E200K,C02,WT,WT_control,wt,2021-01-26,ddPCRclust_template_fast,"native template workflow, fast density mode",12252,12252,2690,9562,0,0,0,0,0,9562,ok,NA,"{""mode"":""fast"",""numOfMarkers"":2,""multithread"":false}"
2021-01-26_SNV_E200K,E200K,C05,953891-cb,biological_sample,953891_cb,2021-01-26,ddPCRclust_template_fast,"native template workflow, fast density mode",14774,14774,465,14309,0,0,0,0,0,14309,ok,NA,"{""mode"":""fast"",""numOfMarkers"":2,""multithread"":false}"
2021-01-26_SNV_E200K,E200K,C08,955427-fr,biological_sample,955427_fr,2021-01-26,ddPCRclust_template_fast,"native template workflow, fast density mode",12785,12785,559,12226,0,0,0,0,0,12226,ok,NA,"{""mode"":""fast"",""numOfMarkers"":2,""multithread"":false}"
2021-01-26_SNV_E200K,E200K,D02,924486-bg,biological_sample,924486_bg,2021-01-26,ddPCRclust_template_fast,"native template workflow, fast density mode",12149,12149,782,11367,0,0,0,0,0,11367,ok,NA,"{""mode"":""fast"",""numOfMarkers"":2,""multithread"":false}"
2021-01-26_SNV_E200K,E200K,D05,953891-fr,biological_sample,953891_fr,2021-01-26,ddPCRclust_template_fast,"native template workflow, fast density mode",14933,14933,518,14415,0,0,0,0,0,14415,ok,NA,"{""mode"":""fast"",""numOfMarkers"":2,""multithread"":false}"
2021-01-26_SNV_E200K,E200K,D08,955427-hc,biological_sample,955427_hc,2021-01-26,ddPCRclust_template_fast,"native template workflow, fast density mode",13935,13935,146,13789,0,0,0,0,0,13789,ok,NA,"{""mode"":""fast"",""numOfMarkers"":2,""multithread"":false}"
2021-01-26_SNV_E200K,E200K,E02,924486-cb,biological_sample,924486_cb,2021-01-26,ddPCRclust_template_fast,"native template workflow, fast density mode",11569,11569,984,10585,0,0,0,0,0,10585,ok,NA,"{""mode"":""fast"",""numOfMarkers"":2,""multithread"":false}"
2021-01-26_SNV_E200K,E200K,E08,955427-sn,biological_sample,955427_sn,2021-01-26,ddPCRclust_template_fast,"native template workflow, fast density mode",13898,13898,151,13747,0,0,0,0,0,13747,ok,NA,"{""mode"":""fast"",""numOfMarkers"":2,""multithread"":false}"
2021-01-26_SNV_E200K,E200K,F02,924486-fr,biological_sample,924486_fr,2021-01-26,ddPCRclust_template_fast,"native template workflow, fast density mode",13045,13045,1133,11912,0,0,0,0,0,11912,ok,NA,"{""mode"":""fast"",""numOfMarkers"":2,""multithread"":false}"
2021-01-26_SNV_E200K,E200K,F05,953891-sn,biological_sample,953891_sn,2021-01-26,ddPCRclust_template_fast,"native template workflow, fast density mode",14240,14240,483,13757,0,0,0,0,0,13757,ok,NA,"{""mode"":""fast"",""numOfMarkers"":2,""multithread"":false}"
2021-01-26_SNV_E200K,E200K,F08,955427-th,biological_sample,955427_th,2021-01-26,ddPCRclust_template_fast,"native template workflow, fast density mode",14242,14242,269,13973,0,0,0,0,0,13973,ok,NA,"{""mode"":""fast"",""numOfMarkers"":2,""multithread"":false}"
2021-01-26_SNV_E200K,E200K,G02,924486-hc,biological_sample,924486_hc,2021-01-26,ddPCRclust_template_fast,"native template workflow, fast density mode",12906,12906,1203,11703,0,0,0,0,0,11703,ok,NA,"{""mode"":""fast"",""numOfMarkers"":2,""multithread"":false}"
2021-01-26_SNV_E200K,E200K,G05,953891-th,biological_sample,953891_th,2021-01-26,ddPCRclust_template_fast,"native template workflow, fast density mode",14758,14758,651,14107,0,0,0,0,0,14107,ok,NA,"{""mode"":""fast"",""numOfMarkers"":2,""multithread"":false}"
2021-01-26_SNV_E200K,E200K,G08,929474-bg,biological_sample,929474_bg,2021-01-26,ddPCRclust_template_fast,"native template workflow, fast density mode",14003,14003,270,13733,0,0,0,0,0,13733,ok,NA,"{""mode"":""fast"",""numOfMarkers"":2,""multithread"":false}"
2021-01-26_SNV_E200K,E200K,H02,924486-sn,biological_sample,924486_sn,2021-01-26,ddPCRclust_template_fast,"native template workflow, fast density mode",13762,13762,1297,12465,0,0,0,0,0,12465,ok,NA,"{""mode"":""fast"",""numOfMarkers"":2,""multithread"":false}"
2021-01-26_SNV_E200K,E200K,H05,18-5-th,biological_sample,18_5_th,2021-01-26,ddPCRclust_template_fast,"native template workflow, fast density mode",15754,15754,1436,14318,0,0,0,0,0,14318,ok,NA,"{""mode"":""fast"",""numOfMarkers"":2,""multithread"":false}"
2021-01-26_SNV_E200K,E200K,H08,929474-cb,biological_sample,929474_cb,2021-01-26,ddPCRclust_template_fast,"native template workflow, fast density mode",13321,13321,287,13034,0,0,0,0,0,13034,ok,NA,"{""mode"":""fast"",""numOfMarkers"":2,""multithread"":false}"
2021-02-17_SNV_E200K,E200K,A02,NTC,NTC,ntc,2021-02-17,ddPCRclust_template_fast,"native template workflow, fast density mode",15981,NA,NA,NA,NA,NA,NA,NA,NA,NA,failed,attempt to set 'colnames' on an object with less than two dimensions,"{""mode"":""fast"",""numOfMarkers"":2,""multithread"":false}"
2021-02-17_SNV_E200K,E200K,A05,CJD-933892-hc,biological_sample,933892_hc,2021-02-17,ddPCRclust_template_fast,"native template workflow, fast density mode",16200,16200,711,15489,0,0,0,0,0,15489,ok,NA,"{""mode"":""fast"",""numOfMarkers"":2,""multithread"":false}"
2021-02-17_SNV_E200K,E200K,A08,E200K-mut,positive_control,,2021-02-17,ddPCRclust_template_fast,"native template workflow, fast density mode",18335,18175,17111,556,508,0,160,0,508,556,ok,NA,"{""mode"":""fast"",""numOfMarkers"":2,""multithread"":false}"
2021-02-17_SNV_E200K,E200K,B02,WT,WT_control,wt,2021-02-17,ddPCRclust_template_fast,"native template workflow, fast density mode",14214,14214,266,13948,0,0,0,0,0,13948,ok,NA,"{""mode"":""fast"",""numOfMarkers"":2,""multithread"":false}"
2021-02-17_SNV_E200K,E200K,B05,CJD-933892-sn,biological_sample,933892_sn,2021-02-17,ddPCRclust_template_fast,"native template workflow, fast density mode",16615,16615,2967,13648,0,0,0,0,0,13648,ok,NA,"{""mode"":""fast"",""numOfMarkers"":2,""multithread"":false}"
2021-02-17_SNV_E200K,E200K,B08,CJD-18-24-th,biological_sample,18_24_th,2021-02-17,ddPCRclust_template_fast,"native template workflow, fast density mode",17770,NA,NA,NA,NA,NA,NA,NA,NA,NA,failed,attempt to set 'colnames' on an object with less than two dimensions,"{""mode"":""fast"",""numOfMarkers"":2,""multithread"":false}"
2021-02-17_SNV_E200K,E200K,C02,CJD-943497-hc,biological_sample,943497_hc,2021-02-17,ddPCRclust_template_fast,"native template workflow, fast density mode",15639,15639,478,15161,0,0,0,0,0,15161,ok,NA,"{""mode"":""fast"",""numOfMarkers"":2,""multithread"":false}"
2021-02-17_SNV_E200K,E200K,C05,CJD-933892-th,biological_sample,933892_th,2021-02-17,ddPCRclust_template_fast,"native template workflow, fast density mode",16516,16516,363,16153,0,0,0,0,0,16153,ok,NA,"{""mode"":""fast"",""numOfMarkers"":2,""multithread"":false}"
2021-02-17_SNV_E200K,E200K,C08,CJD-955427-bg,biological_sample,955427_bg,2021-02-17,ddPCRclust_template_fast,"native template workflow, fast density mode",15918,15918,3254,12664,0,0,0,0,0,12664,ok,NA,"{""mode"":""fast"",""numOfMarkers"":2,""multithread"":false}"
2021-02-17_SNV_E200K,E200K,D02,CJD-943497-sn,biological_sample,943497_sn,2021-02-17,ddPCRclust_template_fast,"native template workflow, fast density mode",14593,14593,156,14437,0,0,0,0,0,14437,ok,NA,"{""mode"":""fast"",""numOfMarkers"":2,""multithread"":false}"
2021-02-17_SNV_E200K,E200K,D05,CJD-18-31-hc,biological_sample,18_31_hc,2021-02-17,ddPCRclust_template_fast,"native template workflow, fast density mode",16078,16078,3457,12621,0,0,0,0,0,12621,ok,NA,"{""mode"":""fast"",""numOfMarkers"":2,""multithread"":false}"
2021-02-17_SNV_E200K,E200K,E05,CJD-18-31-th,biological_sample,18_31_th,2021-02-17,ddPCRclust_template_fast,"native template workflow, fast density mode",16425,16425,3098,13327,0,0,0,0,0,13327,ok,NA,"{""mode"":""fast"",""numOfMarkers"":2,""multithread"":false}"
2021-02-17_SNV_E200K,E200K,F05,CJD-17-32-cb,biological_sample,17_32_cb,2021-02-17,ddPCRclust_template_fast,"native template workflow, fast density mode",15586,15586,3680,11906,0,0,0,0,0,11906,ok,NA,"{""mode"":""fast"",""numOfMarkers"":2,""multithread"":false}"
2021-02-17_SNV_E200K,E200K,G02,CJD-933892-cb,biological_sample,933892_cb,2021-02-17,ddPCRclust_template_fast,"native template workflow, fast density mode",14752,14752,922,13830,0,0,0,0,0,13830,ok,NA,"{""mode"":""fast"",""numOfMarkers"":2,""multithread"":false}"
2021-02-17_SNV_E200K,E200K,G05,CJD-17-30-cb,biological_sample,17_30_cb,2021-02-17,ddPCRclust_template_fast,"native template workflow, fast density mode",17220,17220,2646,14574,0,0,0,0,0,14574,ok,NA,"{""mode"":""fast"",""numOfMarkers"":2,""multithread"":false}"
2021-02-17_SNV_E200K,E200K,H02,CJD-933892-fr,biological_sample,933892_fr,2021-02-17,ddPCRclust_template_fast,"native template workflow, fast density mode",15542,15542,437,15105,0,0,0,0,0,15105,ok,NA,"{""mode"":""fast"",""numOfMarkers"":2,""multithread"":false}"
2021-02-17_SNV_E200K,E200K,H05,CJD-17-31-cb,biological_sample,17_31_cb,2021-02-17,ddPCRclust_template_fast,"native template workflow, fast density mode",16235,NA,NA,NA,NA,NA,NA,NA,NA,NA,failed,attempt to set 'colnames' on an object with less than two dimensions,"{""mode"":""fast"",""numOfMarkers"":2,""multithread"":false}"
2021-02-18_SNV_E200K,E200K,A02,NTC,NTC,ntc,2021-02-18,ddPCRclust_template_fast,"native template workflow, fast density mode",14208,14208,14208,0,0,0,0,0,0,0,ok,NA,"{""mode"":""fast"",""numOfMarkers"":2,""multithread"":false}"
2021-02-18_SNV_E200K,E200K,A05,E200K-mut,positive_control,,2021-02-18,ddPCRclust_template_fast,"native template workflow, fast density mode",18258,18005,16830,621,554,0,253,0,554,621,ok,NA,"{""mode"":""fast"",""numOfMarkers"":2,""multithread"":false}"
2021-02-18_SNV_E200K,E200K,A08,CJD-238501-cb,biological_sample,238501_cb,2021-02-18,ddPCRclust_template_fast,"native template workflow, fast density mode",16047,16047,4720,11327,0,0,0,0,0,11327,ok,NA,"{""mode"":""fast"",""numOfMarkers"":2,""multithread"":false}"
2021-02-18_SNV_E200K,E200K,B02,WT,WT_control,wt,2021-02-18,ddPCRclust_template_fast,"native template workflow, fast density mode",15501,15501,5034,10467,0,0,0,0,0,10467,ok,NA,"{""mode"":""fast"",""numOfMarkers"":2,""multithread"":false}"
2021-02-18_SNV_E200K,E200K,B08,CJD-238501-fr,biological_sample,238501_fr,2021-02-18,ddPCRclust_template_fast,"native template workflow, fast density mode",15285,15285,578,14707,0,0,0,0,0,14707,ok,NA,"{""mode"":""fast"",""numOfMarkers"":2,""multithread"":false}"
2021-02-18_SNV_E200K,E200K,C02,CJD-15-1-bg,biological_sample,15_1_bg,2021-02-18,ddPCRclust_template_fast,"native template workflow, fast density mode",16352,16352,1053,15299,0,0,0,0,0,15299,ok,NA,"{""mode"":""fast"",""numOfMarkers"":2,""multithread"":false}"
2021-02-18_SNV_E200K,E200K,C05,CJD-953891-hc,biological_sample,953891_hc,2021-02-18,ddPCRclust_template_fast,"native template workflow, fast density mode",17843,17843,4693,13150,0,0,0,0,0,13150,ok,NA,"{""mode"":""fast"",""numOfMarkers"":2,""multithread"":false}"
2021-02-18_SNV_E200K,E200K,C08,CJD-238501-hc,biological_sample,238501_hc,2021-02-18,ddPCRclust_template_fast,"native template workflow, fast density mode",14773,14773,896,13877,0,0,0,0,0,13877,ok,NA,"{""mode"":""fast"",""numOfMarkers"":2,""multithread"":false}"
2021-02-18_SNV_E200K,E200K,D02,CJD-15-1-cb,biological_sample,15_1_cb,2021-02-18,ddPCRclust_template_fast,"native template workflow, fast density mode",14953,14953,1136,13817,0,0,0,0,0,13817,ok,NA,"{""mode"":""fast"",""numOfMarkers"":2,""multithread"":false}"
2021-02-18_SNV_E200K,E200K,D05,CJD-15-27-fr,biological_sample,15_27_fr,2021-02-18,ddPCRclust_template_fast,"native template workflow, fast density mode",17440,17440,5514,11926,0,0,0,0,0,11926,ok,NA,"{""mode"":""fast"",""numOfMarkers"":2,""multithread"":false}"
2021-02-18_SNV_E200K,E200K,D08,CJD-238501-sn,biological_sample,238501_sn,2021-02-18,ddPCRclust_template_fast,"native template workflow, fast density mode",15024,15024,7265,7759,0,0,0,0,0,7759,ok,NA,"{""mode"":""fast"",""numOfMarkers"":2,""multithread"":false}"
2021-02-18_SNV_E200K,E200K,E02,CJD-15-1-th,biological_sample,15_1_th,2021-02-18,ddPCRclust_template_fast,"native template workflow, fast density mode",15753,15701,3306,12395,0,0,52,0,0,12395,ok,NA,"{""mode"":""fast"",""numOfMarkers"":2,""multithread"":false}"
2021-02-18_SNV_E200K,E200K,E05,CJD-929474-fr,biological_sample,929474_fr,2021-02-18,ddPCRclust_template_fast,"native template workflow, fast density mode",16327,16327,1725,14602,0,0,0,0,0,14602,ok,NA,"{""mode"":""fast"",""numOfMarkers"":2,""multithread"":false}"
2021-02-18_SNV_E200K,E200K,E08,CJD-238501-th,biological_sample,238501_th,2021-02-18,ddPCRclust_template_fast,"native template workflow, fast density mode",15368,15368,756,14612,0,0,0,0,0,14612,ok,NA,"{""mode"":""fast"",""numOfMarkers"":2,""multithread"":false}"
2021-02-18_SNV_E200K,E200K,F05,CJD-929474-hc,biological_sample,929474_hc,2021-02-18,ddPCRclust_template_fast,"native template workflow, fast density mode",18542,18542,1326,17216,0,0,0,0,0,17216,ok,NA,"{""mode"":""fast"",""numOfMarkers"":2,""multithread"":false}"
2021-02-18_SNV_E200K,E200K,F08,CJD-943497-bg,biological_sample,943497_bg,2021-02-18,ddPCRclust_template_fast,"native template workflow, fast density mode",12392,12392,1988,10404,0,0,0,0,0,10404,ok,NA,"{""mode"":""fast"",""numOfMarkers"":2,""multithread"":false}"
2021-02-18_SNV_E200K,E200K,G08,CJD-943497-cb,biological_sample,943497_cb,2021-02-18,ddPCRclust_template_fast,"native template workflow, fast density mode",12225,12225,804,11421,0,0,0,0,0,11421,ok,NA,"{""mode"":""fast"",""numOfMarkers"":2,""multithread"":false}"
2021-02-18_SNV_E200K,E200K,H02,CJD-17-12-th,biological_sample,17_12_th,2021-02-18,ddPCRclust_template_fast,"native template workflow, fast density mode",13815,13815,13,13802,0,0,0,0,0,13802,ok,NA,"{""mode"":""fast"",""numOfMarkers"":2,""multithread"":false}"
2021-02-18_SNV_E200K,E200K,H05,CJD-238501-bg,biological_sample,238501_bg,2021-02-18,ddPCRclust_template_fast,"native template workflow, fast density mode",17375,17375,179,17196,0,0,0,0,0,17196,ok,NA,"{""mode"":""fast"",""numOfMarkers"":2,""multithread"":false}"
2021-02-18_SNV_E200K,E200K,H08,CJD-943497-fr,biological_sample,943497_fr,2021-02-18,ddPCRclust_template_fast,"native template workflow, fast density mode",11904,11904,962,10942,0,0,0,0,0,10942,ok,NA,"{""mode"":""fast"",""numOfMarkers"":2,""multithread"":false}"
2021-03-29_SNV_E200K,E200K,A02,NTC,NTC,ntc,2021-03-29,ddPCRclust_template_fast,"native template workflow, fast density mode",14666,14647,14647,0,0,0,19,0,0,0,ok,NA,"{""mode"":""fast"",""numOfMarkers"":2,""multithread"":false}"
2021-03-29_SNV_E200K,E200K,A05,17-11-sn,biological_sample,17_11_sn,2021-03-29,ddPCRclust_template_fast,"native template workflow, fast density mode",14532,14532,50,14482,0,0,0,0,0,14482,ok,NA,"{""mode"":""fast"",""numOfMarkers"":2,""multithread"":false}"
2021-03-29_SNV_E200K,E200K,A08,17-8-sn,biological_sample,17_8_sn,2021-03-29,ddPCRclust_template_fast,"native template workflow, fast density mode",16023,16023,303,15720,0,0,0,0,0,15720,ok,NA,"{""mode"":""fast"",""numOfMarkers"":2,""multithread"":false}"
2021-03-29_SNV_E200K,E200K,A11,14-2-hc,biological_sample,14_2_hc,2021-03-29,ddPCRclust_template_fast,"native template workflow, fast density mode",16236,16236,154,1509,1344,13229,0,0,14573,14738,ok,NA,"{""mode"":""fast"",""numOfMarkers"":2,""multithread"":false}"
2021-03-29_SNV_E200K,E200K,B02,WT,WT_control,wt,2021-03-29,ddPCRclust_template_fast,"native template workflow, fast density mode",14000,13982,3436,10546,0,0,18,0,0,10546,ok,NA,"{""mode"":""fast"",""numOfMarkers"":2,""multithread"":false}"
2021-03-29_SNV_E200K,E200K,B05,17-11-th,biological_sample,17_11_th,2021-03-29,ddPCRclust_template_fast,"native template workflow, fast density mode",15874,15874,311,15563,0,0,0,0,0,15563,ok,NA,"{""mode"":""fast"",""numOfMarkers"":2,""multithread"":false}"
2021-03-29_SNV_E200K,E200K,B08,17-8-th,biological_sample,17_8_th,2021-03-29,ddPCRclust_template_fast,"native template workflow, fast density mode",16899,16899,92,16807,0,0,0,0,0,16807,ok,NA,"{""mode"":""fast"",""numOfMarkers"":2,""multithread"":false}"
2021-03-29_SNV_E200K,E200K,B11,14-2-sn,biological_sample,14_2_sn,2021-03-29,ddPCRclust_template_fast,"native template workflow, fast density mode",17660,17660,265,2189,2042,13164,0,0,15206,15353,ok,NA,"{""mode"":""fast"",""numOfMarkers"":2,""multithread"":false}"
2021-03-29_SNV_E200K,E200K,C02,E200K,positive_control,e200k,2021-03-29,ddPCRclust_template_fast,"native template workflow, fast density mode",15900,15900,14119,949,832,0,0,0,832,949,ok,NA,"{""mode"":""fast"",""numOfMarkers"":2,""multithread"":false}"
2021-03-29_SNV_E200K,E200K,C05,17-12-cb,biological_sample,17_12_cb,2021-03-29,ddPCRclust_template_fast,"native template workflow, fast density mode",16207,16207,146,16061,0,0,0,0,0,16061,ok,NA,"{""mode"":""fast"",""numOfMarkers"":2,""multithread"":false}"
2021-03-29_SNV_E200K,E200K,C08,17-34-bg,biological_sample,17_34_bg,2021-03-29,ddPCRclust_template_fast,"native template workflow, fast density mode",15887,15887,399,15488,0,0,0,0,0,15488,ok,NA,"{""mode"":""fast"",""numOfMarkers"":2,""multithread"":false}"
2021-03-29_SNV_E200K,E200K,C11,14-2-th,biological_sample,14_2_th,2021-03-29,ddPCRclust_template_fast,"native template workflow, fast density mode",18711,18711,66,1358,919,16368,0,0,17287,17726,ok,NA,"{""mode"":""fast"",""numOfMarkers"":2,""multithread"":false}"
2021-03-29_SNV_E200K,E200K,D02,17-31-fr,biological_sample,17_31_fr,2021-03-29,ddPCRclust_template_fast,"native template workflow, fast density mode",15712,15712,1035,14677,0,0,0,0,0,14677,ok,NA,"{""mode"":""fast"",""numOfMarkers"":2,""multithread"":false}"
2021-03-29_SNV_E200K,E200K,D05,17-12-hc,biological_sample,17_12_hc,2021-03-29,ddPCRclust_template_fast,"native template workflow, fast density mode",15756,15756,463,15293,0,0,0,0,0,15293,ok,NA,"{""mode"":""fast"",""numOfMarkers"":2,""multithread"":false}"
2021-03-29_SNV_E200K,E200K,D08,17-34-hc,biological_sample,17_34_hc,2021-03-29,ddPCRclust_template_fast,"native template workflow, fast density mode",16484,16484,234,16250,0,0,0,0,0,16250,ok,NA,"{""mode"":""fast"",""numOfMarkers"":2,""multithread"":false}"
2021-03-29_SNV_E200K,E200K,D11,15-6-bg,biological_sample,15_6_bg,2021-03-29,ddPCRclust_template_fast,"native template workflow, fast density mode",17330,17330,106,17224,0,0,0,0,0,17224,ok,NA,"{""mode"":""fast"",""numOfMarkers"":2,""multithread"":false}"
2021-03-29_SNV_E200K,E200K,E05,17-5-bg,biological_sample,17_5_bg,2021-03-29,ddPCRclust_template_fast,"native template workflow, fast density mode",16882,16882,955,15927,0,0,0,0,0,15927,ok,NA,"{""mode"":""fast"",""numOfMarkers"":2,""multithread"":false}"
2021-03-29_SNV_E200K,E200K,E08,929474-th,biological_sample,929474_th,2021-03-29,ddPCRclust_template_fast,"native template workflow, fast density mode",16694,16694,117,16577,0,0,0,0,0,16577,ok,NA,"{""mode"":""fast"",""numOfMarkers"":2,""multithread"":false}"
2021-03-29_SNV_E200K,E200K,E11,15-6-cb,biological_sample,15_6_cb,2021-03-29,ddPCRclust_template_fast,"native template workflow, fast density mode",18391,18391,213,18178,0,0,0,0,0,18178,ok,NA,"{""mode"":""fast"",""numOfMarkers"":2,""multithread"":false}"
2021-03-29_SNV_E200K,E200K,F02,18-1-th,biological_sample,18_1_th,2021-03-29,ddPCRclust_template_fast,"native template workflow, fast density mode",15818,15818,36,15782,0,0,0,0,0,15782,ok,NA,"{""mode"":""fast"",""numOfMarkers"":2,""multithread"":false}"
2021-03-29_SNV_E200K,E200K,F05,17-5-hc,biological_sample,17_5_hc,2021-03-29,ddPCRclust_template_fast,"native template workflow, fast density mode",16309,16309,252,16057,0,0,0,0,0,16057,ok,NA,"{""mode"":""fast"",""numOfMarkers"":2,""multithread"":false}"
2021-03-29_SNV_E200K,E200K,F08,14-2-bg,biological_sample,14_2_bg,2021-03-29,ddPCRclust_template_fast,"native template workflow, fast density mode",15547,15547,435,2254,2040,10818,0,0,12858,13072,ok,NA,"{""mode"":""fast"",""numOfMarkers"":2,""multithread"":false}"
2021-03-29_SNV_E200K,E200K,F11,15-6-fr,biological_sample,15_6_fr,2021-03-29,ddPCRclust_template_fast,"native template workflow, fast density mode",15594,15594,698,14896,0,0,0,0,0,14896,ok,NA,"{""mode"":""fast"",""numOfMarkers"":2,""multithread"":false}"
2021-03-29_SNV_E200K,E200K,G02,17-13-fr,biological_sample,17_13_fr,2021-03-29,ddPCRclust_template_fast,"native template workflow, fast density mode",15532,15532,245,15287,0,0,0,0,0,15287,ok,NA,"{""mode"":""fast"",""numOfMarkers"":2,""multithread"":false}"
2021-03-29_SNV_E200K,E200K,G05,17-5-sn,biological_sample,17_5_sn,2021-03-29,ddPCRclust_template_fast,"native template workflow, fast density mode",17739,17728,808,16920,0,0,11,0,0,16920,ok,NA,"{""mode"":""fast"",""numOfMarkers"":2,""multithread"":false}"
2021-03-29_SNV_E200K,E200K,G08,14-2-cb,biological_sample,14_2_cb,2021-03-29,ddPCRclust_template_fast,"native template workflow, fast density mode",15483,15483,903,2940,2773,8867,0,0,11640,11807,ok,NA,"{""mode"":""fast"",""numOfMarkers"":2,""multithread"":false}"
2021-03-29_SNV_E200K,E200K,G11,15-6-hc,biological_sample,15_6_hc,2021-03-29,ddPCRclust_template_fast,"native template workflow, fast density mode",18387,18387,29,18358,0,0,0,0,0,18358,ok,NA,"{""mode"":""fast"",""numOfMarkers"":2,""multithread"":false}"
2021-03-29_SNV_E200K,E200K,H02,17-13-th,biological_sample,17_13_th,2021-03-29,ddPCRclust_template_fast,"native template workflow, fast density mode",16185,16167,604,15563,0,0,18,0,0,15563,ok,NA,"{""mode"":""fast"",""numOfMarkers"":2,""multithread"":false}"
2021-03-29_SNV_E200K,E200K,H05,17-8-hc,biological_sample,17_8_hc,2021-03-29,ddPCRclust_template_fast,"native template workflow, fast density mode",17333,17333,111,17222,0,0,0,0,0,17222,ok,NA,"{""mode"":""fast"",""numOfMarkers"":2,""multithread"":false}"
2021-03-29_SNV_E200K,E200K,H08,14-2-fr,biological_sample,14_2_fr,2021-03-29,ddPCRclust_template_fast,"native template workflow, fast density mode",16039,16039,408,2288,2193,11150,0,0,13343,13438,ok,NA,"{""mode"":""fast"",""numOfMarkers"":2,""multithread"":false}"
2021-03-29_SNV_E200K,E200K,H11,15-6-sn,biological_sample,15_6_sn,2021-03-29,ddPCRclust_template_fast,"native template workflow, fast density mode",18668,18610,0,18610,0,0,58,0,0,18610,ok,NA,"{""mode"":""fast"",""numOfMarkers"":2,""multithread"":false}"
2021-04-06_SNV_E200K,E200K,A02,NTC,NTC,ntc,2021-04-06,ddPCRclust_template_fast,"native template workflow, fast density mode",15880,15880,15880,0,0,0,0,0,0,0,ok,NA,"{""mode"":""fast"",""numOfMarkers"":2,""multithread"":false}"
2021-04-06_SNV_E200K,E200K,A05,20-08-hc,biological_sample,20_08_hc,2021-04-06,ddPCRclust_template_fast,"native template workflow, fast density mode",12664,12664,13,12651,0,0,0,0,0,12651,ok,NA,"{""mode"":""fast"",""numOfMarkers"":2,""multithread"":false}"
2021-04-06_SNV_E200K,E200K,B02,WT,WT_control,wt,2021-04-06,ddPCRclust_template_fast,"native template workflow, fast density mode",14822,14822,4234,10588,0,0,0,0,0,10588,ok,NA,"{""mode"":""fast"",""numOfMarkers"":2,""multithread"":false}"
2021-04-06_SNV_E200K,E200K,B05,20-08-th,biological_sample,20_08_th,2021-04-06,ddPCRclust_template_fast,"native template workflow, fast density mode",12346,12346,71,12275,0,0,0,0,0,12275,ok,NA,"{""mode"":""fast"",""numOfMarkers"":2,""multithread"":false}"
2021-04-06_SNV_E200K,E200K,C02,E200K,positive_control,e200k,2021-04-06,ddPCRclust_template_fast,"native template workflow, fast density mode",14138,14138,5191,3387,3332,2228,0,0,5560,5615,ok,NA,"{""mode"":""fast"",""numOfMarkers"":2,""multithread"":false}"
2021-04-06_SNV_E200K,E200K,C05,15-27-bg,biological_sample,15_27_bg,2021-04-06,ddPCRclust_template_fast,"native template workflow, fast density mode",14451,14451,662,13789,0,0,0,0,0,13789,ok,NA,"{""mode"":""fast"",""numOfMarkers"":2,""multithread"":false}"
2021-04-06_SNV_E200K,E200K,D02,17-20-hc,biological_sample,17_20_hc,2021-04-06,ddPCRclust_template_fast,"native template workflow, fast density mode",13500,13500,23,13477,0,0,0,0,0,13477,ok,NA,"{""mode"":""fast"",""numOfMarkers"":2,""multithread"":false}"
2021-04-06_SNV_E200K,E200K,D05,15-27-cb,biological_sample,15_27_cb,2021-04-06,ddPCRclust_template_fast,"native template workflow, fast density mode",15377,15377,581,14796,0,0,0,0,0,14796,ok,NA,"{""mode"":""fast"",""numOfMarkers"":2,""multithread"":false}"
2021-04-06_SNV_E200K,E200K,E02,15-6-th,biological_sample,15_6_th,2021-04-06,ddPCRclust_template_fast,"native template workflow, fast density mode",12645,12645,14,12631,0,0,0,0,0,12631,ok,NA,"{""mode"":""fast"",""numOfMarkers"":2,""multithread"":false}"
2021-04-06_SNV_E200K,E200K,E05,15-27-pons,biological_sample,15_27_ps,2021-04-06,ddPCRclust_template_fast,"native template workflow, fast density mode",16586,16586,206,16017,363,0,0,0,363,16017,ok,NA,"{""mode"":""fast"",""numOfMarkers"":2,""multithread"":false}"
2021-04-06_SNV_E200K,E200K,F02,18-1-sn,biological_sample,18_1_sn,2021-04-06,ddPCRclust_template_fast,"native template workflow, fast density mode",14530,14530,68,14462,0,0,0,0,0,14462,ok,NA,"{""mode"":""fast"",""numOfMarkers"":2,""multithread"":false}"
2021-04-06_SNV_E200K,E200K,F05,15-27-th,biological_sample,15_27_th,2021-04-06,ddPCRclust_template_fast,"native template workflow, fast density mode",15862,15862,260,15602,0,0,0,0,0,15602,ok,NA,"{""mode"":""fast"",""numOfMarkers"":2,""multithread"":false}"
2021-04-06_SNV_E200K,E200K,G02,943497-th,biological_sample,943497_th,2021-04-06,ddPCRclust_template_fast,"native template workflow, fast density mode",14037,14037,1089,12862,86,0,0,0,86,12862,ok,NA,"{""mode"":""fast"",""numOfMarkers"":2,""multithread"":false}"
2021-04-06_SNV_E200K,E200K,G05,15-1-hc,biological_sample,15_1_hc,2021-04-06,ddPCRclust_template_fast,"native template workflow, fast density mode",15910,15910,189,15721,0,0,0,0,0,15721,ok,NA,"{""mode"":""fast"",""numOfMarkers"":2,""multithread"":false}"
2021-04-06_SNV_E200K,E200K,H02,933892-bg,biological_sample,933892_bg,2021-04-06,ddPCRclust_template_fast,"native template workflow, fast density mode",18617,18617,1448,17160,9,0,0,0,9,17160,ok,NA,"{""mode"":""fast"",""numOfMarkers"":2,""multithread"":false}"
2021-04-06_SNV_E200K,E200K,H05,15-1-sn,biological_sample,15_1_sn,2021-04-06,ddPCRclust_template_fast,"native template workflow, fast density mode",17185,17185,176,17009,0,0,0,0,0,17009,ok,NA,"{""mode"":""fast"",""numOfMarkers"":2,""multithread"":false}"
2021-05-10_SNV_E200K,E200K,A02,NTC,NTC,ntc,2021-05-10,ddPCRclust_template_fast,"native template workflow, fast density mode",14946,14946,14946,0,0,0,0,0,0,0,ok,NA,"{""mode"":""fast"",""numOfMarkers"":2,""multithread"":false}"
2021-05-10_SNV_E200K,E200K,A05,09-100-th,biological_sample,09_100_th,2021-05-10,ddPCRclust_template_fast,"native template workflow, fast density mode",16040,16040,238,15802,0,0,0,0,0,15802,ok,NA,"{""mode"":""fast"",""numOfMarkers"":2,""multithread"":false}"
2021-05-10_SNV_E200K,E200K,A08,03-132-ce,biological_sample,03_132_ce,2021-05-10,ddPCRclust_template_fast,"native template workflow, fast density mode",14178,14178,323,13855,0,0,0,0,0,13855,ok,NA,"{""mode"":""fast"",""numOfMarkers"":2,""multithread"":false}"
2021-05-10_SNV_E200K,E200K,A11,15-27-bg,biological_sample,15_27_bg,2021-05-10,ddPCRclust_template_fast,"native template workflow, fast density mode",15986,15986,814,15172,0,0,0,0,0,15172,ok,NA,"{""mode"":""fast"",""numOfMarkers"":2,""multithread"":false}"
2021-05-10_SNV_E200K,E200K,A12,943497-bg,biological_sample,943497_bg,2021-05-10,ddPCRclust_template_fast,"native template workflow, fast density mode",16304,16304,1532,14772,0,0,0,0,0,14772,ok,NA,"{""mode"":""fast"",""numOfMarkers"":2,""multithread"":false}"
2021-05-10_SNV_E200K,E200K,B02,WT,WT_control,wt,2021-05-10,ddPCRclust_template_fast,"native template workflow, fast density mode",13744,13744,3753,9991,0,0,0,0,0,9991,ok,NA,"{""mode"":""fast"",""numOfMarkers"":2,""multithread"":false}"
2021-05-10_SNV_E200K,E200K,B05,03-112-cau,biological_sample,03_112_cau,2021-05-10,ddPCRclust_template_fast,"native template workflow, fast density mode",15739,15739,313,15426,0,0,0,0,0,15426,ok,NA,"{""mode"":""fast"",""numOfMarkers"":2,""multithread"":false}"
2021-05-10_SNV_E200K,E200K,B08,03-132-fc,biological_sample,03_132_fc,2021-05-10,ddPCRclust_template_fast,"native template workflow, fast density mode",15125,15125,13,15112,0,0,0,0,0,15112,ok,NA,"{""mode"":""fast"",""numOfMarkers"":2,""multithread"":false}"
2021-05-10_SNV_E200K,E200K,B11,15-27-cb,biological_sample,15_27_cb,2021-05-10,ddPCRclust_template_fast,"native template workflow, fast density mode",18350,18350,372,17978,0,0,0,0,0,17978,ok,NA,"{""mode"":""fast"",""numOfMarkers"":2,""multithread"":false}"
2021-05-10_SNV_E200K,E200K,B12,943497-cb,biological_sample,943497_cb,2021-05-10,ddPCRclust_template_fast,"native template workflow, fast density mode",17296,17296,986,16310,0,0,0,0,0,16310,ok,NA,"{""mode"":""fast"",""numOfMarkers"":2,""multithread"":false}"
2021-05-10_SNV_E200K,E200K,C02,E200K,positive_control,e200k,2021-05-10,ddPCRclust_template_fast,"native template workflow, fast density mode",14938,14938,5736,3532,3518,2152,0,0,5670,5684,ok,NA,"{""mode"":""fast"",""numOfMarkers"":2,""multithread"":false}"
2021-05-10_SNV_E200K,E200K,C05,03-112-ce,biological_sample,03_112_ce,2021-05-10,ddPCRclust_template_fast,"native template workflow, fast density mode",16587,16587,35,16552,0,0,0,0,0,16552,ok,NA,"{""mode"":""fast"",""numOfMarkers"":2,""multithread"":false}"
2021-05-10_SNV_E200K,E200K,C08,03-132-hip,biological_sample,03_132_hip,2021-05-10,ddPCRclust_template_fast,"native template workflow, fast density mode",13571,13571,61,13510,0,0,0,0,0,13510,ok,NA,"{""mode"":""fast"",""numOfMarkers"":2,""multithread"":false}"
2021-05-10_SNV_E200K,E200K,C11,15-27-fr,biological_sample,15_27_fr,2021-05-10,ddPCRclust_template_fast,"native template workflow, fast density mode",18360,18360,4440,13920,0,0,0,0,0,13920,ok,NA,"{""mode"":""fast"",""numOfMarkers"":2,""multithread"":false}"
2021-05-10_SNV_E200K,E200K,C12,943497-fr,biological_sample,943497_fr,2021-05-10,ddPCRclust_template_fast,"native template workflow, fast density mode",17871,17871,5010,12861,0,0,0,0,0,12861,ok,NA,"{""mode"":""fast"",""numOfMarkers"":2,""multithread"":false}"
2021-05-10_SNV_E200K,E200K,D02,09-100-cau,biological_sample,09_100_cau,2021-05-10,ddPCRclust_template_fast,"native template workflow, fast density mode",15632,15632,346,15286,0,0,0,0,0,15286,ok,NA,"{""mode"":""fast"",""numOfMarkers"":2,""multithread"":false}"
2021-05-10_SNV_E200K,E200K,D05,03-112-fc,biological_sample,03_112_fc,2021-05-10,ddPCRclust_template_fast,"native template workflow, fast density mode",16681,16681,76,16605,0,0,0,0,0,16605,ok,NA,"{""mode"":""fast"",""numOfMarkers"":2,""multithread"":false}"
2021-05-10_SNV_E200K,E200K,D08,03-132-mdb,biological_sample,03_132_mdb,2021-05-10,ddPCRclust_template_fast,"native template workflow, fast density mode",15965,15965,226,15739,0,0,0,0,0,15739,ok,NA,"{""mode"":""fast"",""numOfMarkers"":2,""multithread"":false}"
2021-05-10_SNV_E200K,E200K,D11,15-27-pons,biological_sample,15_27_ps,2021-05-10,ddPCRclust_template_fast,"native template workflow, fast density mode",16406,16406,776,15630,0,0,0,0,0,15630,ok,NA,"{""mode"":""fast"",""numOfMarkers"":2,""multithread"":false}"
2021-05-10_SNV_E200K,E200K,D12,943497-hc,biological_sample,943497_hc,2021-05-10,ddPCRclust_template_fast,"native template workflow, fast density mode",16346,16317,5571,10746,0,0,29,0,0,10746,ok,NA,"{""mode"":""fast"",""numOfMarkers"":2,""multithread"":false}"
2021-05-10_SNV_E200K,E200K,E02,09-100-ce,biological_sample,09_100_ce,2021-05-10,ddPCRclust_template_fast,"native template workflow, fast density mode",14830,14830,1659,13171,0,0,0,0,0,13171,ok,NA,"{""mode"":""fast"",""numOfMarkers"":2,""multithread"":false}"
2021-05-10_SNV_E200K,E200K,E05,03-112-hip,biological_sample,03_112_hip,2021-05-10,ddPCRclust_template_fast,"native template workflow, fast density mode",13845,13845,180,13665,0,0,0,0,0,13665,ok,NA,"{""mode"":""fast"",""numOfMarkers"":2,""multithread"":false}"
2021-05-10_SNV_E200K,E200K,E08,03-132-th,biological_sample,03_132_th,2021-05-10,ddPCRclust_template_fast,"native template workflow, fast density mode",14319,14319,64,14255,0,0,0,0,0,14255,ok,NA,"{""mode"":""fast"",""numOfMarkers"":2,""multithread"":false}"
2021-05-10_SNV_E200K,E200K,E11,15-27-th,biological_sample,15_27_th,2021-05-10,ddPCRclust_template_fast,"native template workflow, fast density mode",16603,16603,64,16539,0,0,0,0,0,16539,ok,NA,"{""mode"":""fast"",""numOfMarkers"":2,""multithread"":false}"
2021-05-10_SNV_E200K,E200K,E12,943497-sn,biological_sample,943497_sn,2021-05-10,ddPCRclust_template_fast,"native template workflow, fast density mode",18403,18403,2056,16347,0,0,0,0,0,16347,ok,NA,"{""mode"":""fast"",""numOfMarkers"":2,""multithread"":false}"
2021-05-10_SNV_E200K,E200K,F02,09-100-fc,biological_sample,09_100_fc,2021-05-10,ddPCRclust_template_fast,"native template workflow, fast density mode",15197,15197,264,14933,0,0,0,0,0,14933,ok,NA,"{""mode"":""fast"",""numOfMarkers"":2,""multithread"":false}"
2021-05-10_SNV_E200K,E200K,F05,03-112-mdb,biological_sample,03_112_mdb,2021-05-10,ddPCRclust_template_fast,"native template workflow, fast density mode",16615,16615,26,16589,0,0,0,0,0,16589,ok,NA,"{""mode"":""fast"",""numOfMarkers"":2,""multithread"":false}"
2021-05-10_SNV_E200K,E200K,F08,04-045-cau,biological_sample,04_045_cau,2021-05-10,ddPCRclust_template_fast,"native template workflow, fast density mode",14551,14551,19,14532,0,0,0,0,0,14532,ok,NA,"{""mode"":""fast"",""numOfMarkers"":2,""multithread"":false}"
2021-05-10_SNV_E200K,E200K,F12,943497-th,biological_sample,943497_th,2021-05-10,ddPCRclust_template_fast,"native template workflow, fast density mode",18661,18661,2139,16522,0,0,0,0,0,16522,ok,NA,"{""mode"":""fast"",""numOfMarkers"":2,""multithread"":false}"
2021-05-10_SNV_E200K,E200K,G02,09-100-hip,biological_sample,09_100_hip,2021-05-10,ddPCRclust_template_fast,"native template workflow, fast density mode",15397,15397,92,15305,0,0,0,0,0,15305,ok,NA,"{""mode"":""fast"",""numOfMarkers"":2,""multithread"":false}"
2021-05-10_SNV_E200K,E200K,G05,03-112-th,biological_sample,03_112_th,2021-05-10,ddPCRclust_template_fast,"native template workflow, fast density mode",15419,15419,50,15369,0,0,0,0,0,15369,ok,NA,"{""mode"":""fast"",""numOfMarkers"":2,""multithread"":false}"
2021-05-10_SNV_E200K,E200K,G08,04-045-ce,biological_sample,04_045_ce,2021-05-10,ddPCRclust_template_fast,"native template workflow, fast density mode",14008,14008,46,13962,0,0,0,0,0,13962,ok,NA,"{""mode"":""fast"",""numOfMarkers"":2,""multithread"":false}"
2021-05-10_SNV_E200K,E200K,H02,09-100-mdb,biological_sample,09_100_mdb,2021-05-10,ddPCRclust_template_fast,"native template workflow, fast density mode",15604,15604,267,15337,0,0,0,0,0,15337,ok,NA,"{""mode"":""fast"",""numOfMarkers"":2,""multithread"":false}"
2021-05-10_SNV_E200K,E200K,H05,03-132-cau,biological_sample,03_132_cau,2021-05-10,ddPCRclust_template_fast,"native template workflow, fast density mode",16937,16937,697,16240,0,0,0,0,0,16240,ok,NA,"{""mode"":""fast"",""numOfMarkers"":2,""multithread"":false}"
2021-05-10_SNV_E200K,E200K,H08,04-045-fc,biological_sample,04_045_fc,2021-05-10,ddPCRclust_template_fast,"native template workflow, fast density mode",15124,15124,28,15096,0,0,0,0,0,15096,ok,NA,"{""mode"":""fast"",""numOfMarkers"":2,""multithread"":false}"
2021-05-20_SNV_E200K,E200K,A02,NTC,NTC,ntc,2021-05-20,ddPCRclust_template_fast,"native template workflow, fast density mode",17071,17071,17071,0,0,0,0,0,0,0,ok,NA,"{""mode"":""fast"",""numOfMarkers"":2,""multithread"":false}"
2021-05-20_SNV_E200K,E200K,A05,04-045-hip,biological_sample,04_045_hip,2021-05-20,ddPCRclust_template_fast,"native template workflow, fast density mode",17736,17736,14,17722,0,0,0,0,0,17722,ok,NA,"{""mode"":""fast"",""numOfMarkers"":2,""multithread"":false}"
2021-05-20_SNV_E200K,E200K,A08,20-357-th,biological_sample,20_357_th,2021-05-20,ddPCRclust_template_fast,"native template workflow, fast density mode",17063,17063,212,16851,0,0,0,0,0,16851,ok,NA,"{""mode"":""fast"",""numOfMarkers"":2,""multithread"":false}"
2021-05-20_SNV_E200K,E200K,A11,929474-sn,biological_sample,929474_sn,2021-05-20,ddPCRclust_template_fast,"native template workflow, fast density mode",16912,16899,544,16355,0,0,13,0,0,16355,ok,NA,"{""mode"":""fast"",""numOfMarkers"":2,""multithread"":false}"
2021-05-20_SNV_E200K,E200K,B02,WT,WT_control,wt,2021-05-20,ddPCRclust_template_fast,"native template workflow, fast density mode",17085,17072,5399,11673,0,0,13,0,0,11673,ok,NA,"{""mode"":""fast"",""numOfMarkers"":2,""multithread"":false}"
2021-05-20_SNV_E200K,E200K,B05,04-045-mdb,biological_sample,04_045_mdb,2021-05-20,ddPCRclust_template_fast,"native template workflow, fast density mode",17805,17796,0,17796,0,0,9,0,0,17796,ok,NA,"{""mode"":""fast"",""numOfMarkers"":2,""multithread"":false}"
2021-05-20_SNV_E200K,E200K,B08,20-169-cau,biological_sample,20_169_cau,2021-05-20,ddPCRclust_template_fast,"native template workflow, fast density mode",15419,15419,258,15161,0,0,0,0,0,15161,ok,NA,"{""mode"":""fast"",""numOfMarkers"":2,""multithread"":false}"
2021-05-20_SNV_E200K,E200K,B11,17-13-bg,biological_sample,17_13_bg,2021-05-20,ddPCRclust_template_fast,"native template workflow, fast density mode",16668,16668,518,16150,0,0,0,0,0,16150,ok,NA,"{""mode"":""fast"",""numOfMarkers"":2,""multithread"":false}"
2021-05-20_SNV_E200K,E200K,C02,E200K,positive_control,e200k,2021-05-20,ddPCRclust_template_fast,"native template workflow, fast density mode",17997,17997,7569,4079,4046,2303,0,0,6349,6382,ok,NA,"{""mode"":""fast"",""numOfMarkers"":2,""multithread"":false}"
2021-05-20_SNV_E200K,E200K,C05,04-045-th,biological_sample,04_045_th,2021-05-20,ddPCRclust_template_fast,"native template workflow, fast density mode",18316,18316,56,18260,0,0,0,0,0,18260,ok,NA,"{""mode"":""fast"",""numOfMarkers"":2,""multithread"":false}"
2021-05-20_SNV_E200K,E200K,C08,20-169-ce,biological_sample,20_169_ce,2021-05-20,ddPCRclust_template_fast,"native template workflow, fast density mode",16058,16058,96,15962,0,0,0,0,0,15962,ok,NA,"{""mode"":""fast"",""numOfMarkers"":2,""multithread"":false}"
2021-05-20_SNV_E200K,E200K,C11,17-8-cb,biological_sample,17_8_cb,2021-05-20,ddPCRclust_template_fast,"native template workflow, fast density mode",15369,15360,0,15360,0,0,9,0,0,15360,ok,NA,"{""mode"":""fast"",""numOfMarkers"":2,""multithread"":false}"
2021-05-20_SNV_E200K,E200K,D02,19-082-ce,biological_sample,19_082_ce,2021-05-20,ddPCRclust_template_fast,"native template workflow, fast density mode",17232,17232,15,17217,0,0,0,0,0,17217,ok,NA,"{""mode"":""fast"",""numOfMarkers"":2,""multithread"":false}"
2021-05-20_SNV_E200K,E200K,D05,20-357-cau,biological_sample,20_357_cau,2021-05-20,ddPCRclust_template_fast,"native template workflow, fast density mode",17828,17828,3206,14622,0,0,0,0,0,14622,ok,NA,"{""mode"":""fast"",""numOfMarkers"":2,""multithread"":false}"
2021-05-20_SNV_E200K,E200K,D08,20-169-fc,biological_sample,20_169_fc,2021-05-20,ddPCRclust_template_fast,"native template workflow, fast density mode",13562,13562,259,13302,1,0,0,0,1,13302,ok,NA,"{""mode"":""fast"",""numOfMarkers"":2,""multithread"":false}"
2021-05-20_SNV_E200K,E200K,D11,17-8-fr,biological_sample,17_8_fr,2021-05-20,ddPCRclust_template_fast,"native template workflow, fast density mode",16828,16828,136,16692,0,0,0,0,0,16692,ok,NA,"{""mode"":""fast"",""numOfMarkers"":2,""multithread"":false}"
2021-05-20_SNV_E200K,E200K,E02,19-082-fc,biological_sample,19_082_fc,2021-05-20,ddPCRclust_template_fast,"native template workflow, fast density mode",17438,17438,243,17195,0,0,0,0,0,17195,ok,NA,"{""mode"":""fast"",""numOfMarkers"":2,""multithread"":false}"
2021-05-20_SNV_E200K,E200K,E05,20-357-ce,biological_sample,20_357_ce,2021-05-20,ddPCRclust_template_fast,"native template workflow, fast density mode",17924,17924,919,17005,0,0,0,0,0,17005,ok,NA,"{""mode"":""fast"",""numOfMarkers"":2,""multithread"":false}"
2021-05-20_SNV_E200K,E200K,E08,20-169-hip,biological_sample,20_169_hip,2021-05-20,ddPCRclust_template_fast,"native template workflow, fast density mode",14123,14123,106,14017,0,0,0,0,0,14017,ok,NA,"{""mode"":""fast"",""numOfMarkers"":2,""multithread"":false}"
2021-05-20_SNV_E200K,E200K,F02,19-082-hip,biological_sample,19_082_hip,2021-05-20,ddPCRclust_template_fast,"native template workflow, fast density mode",16763,16763,1638,15125,0,0,0,0,0,15125,ok,NA,"{""mode"":""fast"",""numOfMarkers"":2,""multithread"":false}"
2021-05-20_SNV_E200K,E200K,F05,20-357-fc,biological_sample,20_357_fc,2021-05-20,ddPCRclust_template_fast,"native template workflow, fast density mode",18561,18561,246,18315,0,0,0,0,0,18315,ok,NA,"{""mode"":""fast"",""numOfMarkers"":2,""multithread"":false}"
2021-05-20_SNV_E200K,E200K,F08,20-169-mdb,biological_sample,20_169_mdb,2021-05-20,ddPCRclust_template_fast,"native template workflow, fast density mode",13496,13496,279,13217,0,0,0,0,0,13217,ok,NA,"{""mode"":""fast"",""numOfMarkers"":2,""multithread"":false}"
2021-05-20_SNV_E200K,E200K,F11,17-34-th,biological_sample,17_34_th,2021-05-20,ddPCRclust_template_fast,"native template workflow, fast density mode",16668,16668,105,16563,0,0,0,0,0,16563,ok,NA,"{""mode"":""fast"",""numOfMarkers"":2,""multithread"":false}"
2021-05-20_SNV_E200K,E200K,G02,19-082-mdb,biological_sample,19_082_mdb,2021-05-20,ddPCRclust_template_fast,"native template workflow, fast density mode",17839,17839,90,17749,0,0,0,0,0,17749,ok,NA,"{""mode"":""fast"",""numOfMarkers"":2,""multithread"":false}"
2021-05-20_SNV_E200K,E200K,G05,20-357-hip,biological_sample,20_357_hip,2021-05-20,ddPCRclust_template_fast,"native template workflow, fast density mode",18374,18374,384,17990,0,0,0,0,0,17990,ok,NA,"{""mode"":""fast"",""numOfMarkers"":2,""multithread"":false}"
2021-05-20_SNV_E200K,E200K,G08,20-169-th,biological_sample,20_169_th,2021-05-20,ddPCRclust_template_fast,"native template workflow, fast density mode",14409,14409,1063,13346,0,0,0,0,0,13346,ok,NA,"{""mode"":""fast"",""numOfMarkers"":2,""multithread"":false}"
2021-05-20_SNV_E200K,E200K,G11,17-31-hc,biological_sample,17_31_hc,2021-05-20,ddPCRclust_template_fast,"native template workflow, fast density mode",16258,16258,2804,13454,0,0,0,0,0,13454,ok,NA,"{""mode"":""fast"",""numOfMarkers"":2,""multithread"":false}"
2021-05-20_SNV_E200K,E200K,H02,19-082-th,biological_sample,19_082_th,2021-05-20,ddPCRclust_template_fast,"native template workflow, fast density mode",17671,17671,48,17623,0,0,0,0,0,17623,ok,NA,"{""mode"":""fast"",""numOfMarkers"":2,""multithread"":false}"
2021-05-20_SNV_E200K,E200K,H05,20-357-mdb,biological_sample,20_357_mdb,2021-05-20,ddPCRclust_template_fast,"native template workflow, fast density mode",19535,19535,26,19509,0,0,0,0,0,19509,ok,NA,"{""mode"":""fast"",""numOfMarkers"":2,""multithread"":false}"
2021-05-20_SNV_E200K,E200K,H08,19-082-cau,biological_sample,19_082_cau,2021-05-20,ddPCRclust_template_fast,"native template workflow, fast density mode",14276,14276,114,14162,0,0,0,0,0,14162,ok,NA,"{""mode"":""fast"",""numOfMarkers"":2,""multithread"":false}"
2021-05-20_SNV_E200K,E200K,H11,17-32-cb,biological_sample,17_32_cb,2021-05-20,ddPCRclust_template_fast,"native template workflow, fast density mode",16661,16661,3523,13138,0,0,0,0,0,13138,ok,NA,"{""mode"":""fast"",""numOfMarkers"":2,""multithread"":false}"
2021-05-20_SNV_E200K,E200K,H12,17-11-cb,biological_sample,17_11_cb,2021-05-20,ddPCRclust_template_fast,"native template workflow, fast density mode",17828,17669,4449,13220,0,0,159,0,0,13220,ok,NA,"{""mode"":""fast"",""numOfMarkers"":2,""multithread"":false}"
2021-10-25_SNV_E200K,E200K,A01,NTC,NTC,ntc,2021-10-25,ddPCRclust_template_fast,"native template workflow, fast density mode",11328,NA,NA,NA,NA,NA,NA,NA,NA,NA,failed,attempt to set 'colnames' on an object with less than two dimensions,"{""mode"":""fast"",""numOfMarkers"":2,""multithread"":false}"
2021-10-25_SNV_E200K,E200K,B01,WT,WT_control,wt,2021-10-25,ddPCRclust_template_fast,"native template workflow, fast density mode",6306,6306,2015,4291,0,0,0,0,0,4291,ok,NA,"{""mode"":""fast"",""numOfMarkers"":2,""multithread"":false}"
2021-10-25_SNV_E200K,E200K,C01,E200K-mut,positive_control,,2021-10-25,ddPCRclust_template_fast,"native template workflow, fast density mode",7050,7050,3302,1522,1430,796,0,0,2226,2318,ok,NA,"{""mode"":""fast"",""numOfMarkers"":2,""multithread"":false}"
2021-10-25_SNV_E200K,E200K,D01,17-34-cb,biological_sample,17_34_cb,2021-10-25,ddPCRclust_template_fast,"native template workflow, fast density mode",13950,13950,4432,9518,0,0,0,0,0,9518,ok,NA,"{""mode"":""fast"",""numOfMarkers"":2,""multithread"":false}"
2020-12-01_SNV_P102L,P102L,A01,17-34_bg,biological_sample,17_34_bg,2020-12-01,ddPCRclust_template_fast,"native template workflow, fast density mode",14870,13173,185,12988,0,0,1697,0,0,12988,ok,NA,"{""mode"":""fast"",""numOfMarkers"":2,""multithread"":false}"
2020-12-01_SNV_P102L,P102L,A04,17-13_bg,biological_sample,17_13_bg,2020-12-01,ddPCRclust_template_fast,"native template workflow, fast density mode",13725,13032,0,13032,0,0,693,0,0,13032,ok,NA,"{""mode"":""fast"",""numOfMarkers"":2,""multithread"":false}"
2020-12-01_SNV_P102L,P102L,A05,18-5_bg,biological_sample,18_5_bg,2020-12-01,ddPCRclust_template_fast,"native template workflow, fast density mode",12989,12989,4878,8111,0,0,0,0,0,8111,ok,NA,"{""mode"":""fast"",""numOfMarkers"":2,""multithread"":false}"
2020-12-01_SNV_P102L,P102L,A06,18-1_bg,biological_sample,18_1_bg,2020-12-01,ddPCRclust_template_fast,"native template workflow, fast density mode",15577,15577,461,15116,0,0,0,0,0,15116,ok,NA,"{""mode"":""fast"",""numOfMarkers"":2,""multithread"":false}"
2020-12-01_SNV_P102L,P102L,A08,17-30_bg,biological_sample,17_30_bg,2020-12-01,ddPCRclust_template_fast,"native template workflow, fast density mode",15805,15429,0,15429,0,0,376,0,0,15429,ok,NA,"{""mode"":""fast"",""numOfMarkers"":2,""multithread"":false}"
2020-12-01_SNV_P102L,P102L,A09,17-20_bg,biological_sample,17_20_bg,2020-12-01,ddPCRclust_template_fast,"native template workflow, fast density mode",18805,18641,0,18641,0,0,164,0,0,18641,ok,NA,"{""mode"":""fast"",""numOfMarkers"":2,""multithread"":false}"
2020-12-01_SNV_P102L,P102L,A10,18-31_sn,biological_sample,18_31_sn,2020-12-01,ddPCRclust_template_fast,"native template workflow, fast density mode",16991,16991,131,16860,0,0,0,0,0,16860,ok,NA,"{""mode"":""fast"",""numOfMarkers"":2,""multithread"":false}"
2020-12-01_SNV_P102L,P102L,A11,17-8_bg,biological_sample,17_8_bg,2020-12-01,ddPCRclust_template_fast,"native template workflow, fast density mode",17974,17974,0,17974,0,0,0,0,0,17974,ok,NA,"{""mode"":""fast"",""numOfMarkers"":2,""multithread"":false}"
2020-12-01_SNV_P102L,P102L,A12,NTC,NTC,ntc,2020-12-01,ddPCRclust_template_fast,"native template workflow, fast density mode",17860,NA,NA,NA,NA,NA,NA,NA,NA,NA,failed,attempt to set 'colnames' on an object with less than two dimensions,"{""mode"":""fast"",""numOfMarkers"":2,""multithread"":false}"
2020-12-01_SNV_P102L,P102L,B04,17-13_cb,biological_sample,17_13_cb,2020-12-01,ddPCRclust_template_fast,"native template workflow, fast density mode",14841,14660,0,14660,0,0,181,0,0,14660,ok,NA,"{""mode"":""fast"",""numOfMarkers"":2,""multithread"":false}"
2020-12-01_SNV_P102L,P102L,B05,18-5_cb,biological_sample,18_5_cb,2020-12-01,ddPCRclust_template_fast,"native template workflow, fast density mode",15262,15262,196,15066,0,0,0,0,0,15066,ok,NA,"{""mode"":""fast"",""numOfMarkers"":2,""multithread"":false}"
2020-12-01_SNV_P102L,P102L,B06,18-1_cb,biological_sample,18_1_cb,2020-12-01,ddPCRclust_template_fast,"native template workflow, fast density mode",15497,15497,1777,13720,0,0,0,0,0,13720,ok,NA,"{""mode"":""fast"",""numOfMarkers"":2,""multithread"":false}"
2020-12-01_SNV_P102L,P102L,B08,17-30_fr,biological_sample,17_30_fr,2020-12-01,ddPCRclust_template_fast,"native template workflow, fast density mode",15228,15228,1098,14130,0,0,0,0,0,14130,ok,NA,"{""mode"":""fast"",""numOfMarkers"":2,""multithread"":false}"
2020-12-01_SNV_P102L,P102L,B09,17-20_cb,biological_sample,17_20_cb,2020-12-01,ddPCRclust_template_fast,"native template workflow, fast density mode",17728,17728,60,17668,0,0,0,0,0,17668,ok,NA,"{""mode"":""fast"",""numOfMarkers"":2,""multithread"":false}"
2020-12-01_SNV_P102L,P102L,B10,18-31_th,biological_sample,18_31_th,2020-12-01,ddPCRclust_template_fast,"native template workflow, fast density mode",15685,15685,294,15391,0,0,0,0,0,15391,ok,NA,"{""mode"":""fast"",""numOfMarkers"":2,""multithread"":false}"
2020-12-01_SNV_P102L,P102L,B11,17-8_cb,biological_sample,17_8_cb,2020-12-01,ddPCRclust_template_fast,"native template workflow, fast density mode",16154,16121,0,16121,0,0,33,0,0,16121,ok,NA,"{""mode"":""fast"",""numOfMarkers"":2,""multithread"":false}"
2020-12-01_SNV_P102L,P102L,B12,WT,WT_control,wt,2020-12-01,ddPCRclust_template_fast,"native template workflow, fast density mode",15419,15156,3015,12141,0,0,263,0,0,12141,ok,NA,"{""mode"":""fast"",""numOfMarkers"":2,""multithread"":false}"
2020-12-01_SNV_P102L,P102L,C01,17-34_fr,biological_sample,17_34_fr,2020-12-01,ddPCRclust_template_fast,"native template workflow, fast density mode",13361,12543,0,12543,0,0,818,0,0,12543,ok,NA,"{""mode"":""fast"",""numOfMarkers"":2,""multithread"":false}"
2020-12-01_SNV_P102L,P102L,C04,17-13_hc,biological_sample,17_13_hc,2020-12-01,ddPCRclust_template_fast,"native template workflow, fast density mode",15052,14271,0,14271,0,0,781,0,0,14271,ok,NA,"{""mode"":""fast"",""numOfMarkers"":2,""multithread"":false}"
2020-12-01_SNV_P102L,P102L,C05,18-5_fr,biological_sample,18_5_fr,2020-12-01,ddPCRclust_template_fast,"native template workflow, fast density mode",16432,16432,1423,15009,0,0,0,0,0,15009,ok,NA,"{""mode"":""fast"",""numOfMarkers"":2,""multithread"":false}"
2020-12-01_SNV_P102L,P102L,C06,18-1_fr,biological_sample,18_1_fr,2020-12-01,ddPCRclust_template_fast,"native template workflow, fast density mode",15141,15141,496,14645,0,0,0,0,0,14645,ok,NA,"{""mode"":""fast"",""numOfMarkers"":2,""multithread"":false}"
2020-12-01_SNV_P102L,P102L,C08,17-30_hc,biological_sample,17_30_hc,2020-12-01,ddPCRclust_template_fast,"native template workflow, fast density mode",15425,15425,2381,13044,0,0,0,0,0,13044,ok,NA,"{""mode"":""fast"",""numOfMarkers"":2,""multithread"":false}"
2020-12-01_SNV_P102L,P102L,C09,17-20_fr,biological_sample,17_20_fr,2020-12-01,ddPCRclust_template_fast,"native template workflow, fast density mode",17124,17124,64,17060,0,0,0,0,0,17060,ok,NA,"{""mode"":""fast"",""numOfMarkers"":2,""multithread"":false}"
2020-12-01_SNV_P102L,P102L,C12,P102L-mut,positive_control,,2020-12-01,ddPCRclust_template_fast,"native template workflow, fast density mode",17693,17693,13676,1886,2131,0,0,0,2131,1886,ok,NA,"{""mode"":""fast"",""numOfMarkers"":2,""multithread"":false}"
2020-12-01_SNV_P102L,P102L,D01,17-34_sn,biological_sample,17_34_sn,2020-12-01,ddPCRclust_template_fast,"native template workflow, fast density mode",14349,13791,0,13791,0,0,558,0,0,13791,ok,NA,"{""mode"":""fast"",""numOfMarkers"":2,""multithread"":false}"
2020-12-01_SNV_P102L,P102L,D02,17-5_cb,biological_sample,17_5_cb,2020-12-01,ddPCRclust_template_fast,"native template workflow, fast density mode",14783,14059,0,14059,0,0,724,0,0,14059,ok,NA,"{""mode"":""fast"",""numOfMarkers"":2,""multithread"":false}"
2020-12-01_SNV_P102L,P102L,D04,17-13_sn,biological_sample,17_13_sn,2020-12-01,ddPCRclust_template_fast,"native template workflow, fast density mode",11897,11056,306,10750,0,0,841,0,0,10750,ok,NA,"{""mode"":""fast"",""numOfMarkers"":2,""multithread"":false}"
2020-12-01_SNV_P102L,P102L,D05,18-5_hc,biological_sample,18_5_hc,2020-12-01,ddPCRclust_template_fast,"native template workflow, fast density mode",14883,14883,513,14370,0,0,0,0,0,14370,ok,NA,"{""mode"":""fast"",""numOfMarkers"":2,""multithread"":false}"
2020-12-01_SNV_P102L,P102L,D06,18-1_hc,biological_sample,18_1_hc,2020-12-01,ddPCRclust_template_fast,"native template workflow, fast density mode",13932,13731,0,13731,0,0,201,0,0,13731,ok,NA,"{""mode"":""fast"",""numOfMarkers"":2,""multithread"":false}"
2020-12-01_SNV_P102L,P102L,D07,17-32_hc,biological_sample,17_32_hc,2020-12-01,ddPCRclust_template_fast,"native template workflow, fast density mode",15321,14947,0,14947,0,0,374,0,0,14947,ok,NA,"{""mode"":""fast"",""numOfMarkers"":2,""multithread"":false}"
2020-12-01_SNV_P102L,P102L,D08,17-30_sn,biological_sample,17_30_sn,2020-12-01,ddPCRclust_template_fast,"native template workflow, fast density mode",14775,14775,260,14515,0,0,0,0,0,14515,ok,NA,"{""mode"":""fast"",""numOfMarkers"":2,""multithread"":false}"
2020-12-01_SNV_P102L,P102L,D09,17-20_sn,biological_sample,17_20_sn,2020-12-01,ddPCRclust_template_fast,"native template workflow, fast density mode",17541,NA,NA,NA,NA,NA,NA,NA,NA,NA,failed,attempt to set 'colnames' on an object with less than two dimensions,"{""mode"":""fast"",""numOfMarkers"":2,""multithread"":false}"
2020-12-01_SNV_P102L,P102L,E01,17-34-th,biological_sample,17_34_th,2020-12-01,ddPCRclust_template_fast,"native template workflow, fast density mode",12533,12192,0,12192,0,0,341,0,0,12192,ok,NA,"{""mode"":""fast"",""numOfMarkers"":2,""multithread"":false}"
2020-12-01_SNV_P102L,P102L,E02,17-5_fr,biological_sample,17_5_fr,2020-12-01,ddPCRclust_template_fast,"native template workflow, fast density mode",14639,13790,0,13790,0,0,849,0,0,13790,ok,NA,"{""mode"":""fast"",""numOfMarkers"":2,""multithread"":false}"
2020-12-01_SNV_P102L,P102L,E04,17-13_th,biological_sample,17_13_th,2020-12-01,ddPCRclust_template_fast,"native template workflow, fast density mode",13930,13052,1046,12006,0,0,878,0,0,12006,ok,NA,"{""mode"":""fast"",""numOfMarkers"":2,""multithread"":false}"
2020-12-01_SNV_P102L,P102L,E05,18-5_sn,biological_sample,18_5_sn,2020-12-01,ddPCRclust_template_fast,"native template workflow, fast density mode",15400,15400,772,14628,0,0,0,0,0,14628,ok,NA,"{""mode"":""fast"",""numOfMarkers"":2,""multithread"":false}"
2020-12-01_SNV_P102L,P102L,E06,17-31_bg,biological_sample,17_31_bg,2020-12-01,ddPCRclust_template_fast,"native template workflow, fast density mode",13222,13222,933,12289,0,0,0,0,0,12289,ok,NA,"{""mode"":""fast"",""numOfMarkers"":2,""multithread"":false}"
2020-12-01_SNV_P102L,P102L,E07,17-32_sn,biological_sample,17_32_sn,2020-12-01,ddPCRclust_template_fast,"native template workflow, fast density mode",14049,14049,510,13539,0,0,0,0,0,13539,ok,NA,"{""mode"":""fast"",""numOfMarkers"":2,""multithread"":false}"
2020-12-01_SNV_P102L,P102L,E08,17-30_th,biological_sample,17_30_th,2020-12-01,ddPCRclust_template_fast,"native template workflow, fast density mode",16216,16183,1592,14591,0,0,33,0,0,14591,ok,NA,"{""mode"":""fast"",""numOfMarkers"":2,""multithread"":false}"
2020-12-01_SNV_P102L,P102L,E09,17-20_th,biological_sample,17_20_th,2020-12-01,ddPCRclust_template_fast,"native template workflow, fast density mode",17907,NA,NA,NA,NA,NA,NA,NA,NA,NA,failed,attempt to set 'colnames' on an object with less than two dimensions,"{""mode"":""fast"",""numOfMarkers"":2,""multithread"":false}"
2020-12-01_SNV_P102L,P102L,F02,17-5_th,biological_sample,17_5_th,2020-12-01,ddPCRclust_template_fast,"native template workflow, fast density mode",14197,14197,378,13819,0,0,0,0,0,13819,ok,NA,"{""mode"":""fast"",""numOfMarkers"":2,""multithread"":false}"
2020-12-01_SNV_P102L,P102L,F04,17-15_cb,biological_sample,17_15_cb,2020-12-01,ddPCRclust_template_fast,"native template workflow, fast density mode",14154,14154,1082,13072,0,0,0,0,0,13072,ok,NA,"{""mode"":""fast"",""numOfMarkers"":2,""multithread"":false}"
2020-12-01_SNV_P102L,P102L,F05,18-5_th,biological_sample,18_5_th,2020-12-01,ddPCRclust_template_fast,"native template workflow, fast density mode",16408,16408,622,15786,0,0,0,0,0,15786,ok,NA,"{""mode"":""fast"",""numOfMarkers"":2,""multithread"":false}"
2020-12-01_SNV_P102L,P102L,F06,17-31_hc,biological_sample,17_31_hc,2020-12-01,ddPCRclust_template_fast,"native template workflow, fast density mode",15459,15459,182,15277,0,0,0,0,0,15277,ok,NA,"{""mode"":""fast"",""numOfMarkers"":2,""multithread"":false}"
2020-12-01_SNV_P102L,P102L,F07,17-32_th,biological_sample,17_32_th,2020-12-01,ddPCRclust_template_fast,"native template workflow, fast density mode",14516,14516,388,14128,0,0,0,0,0,14128,ok,NA,"{""mode"":""fast"",""numOfMarkers"":2,""multithread"":false}"
2020-12-01_SNV_P102L,P102L,G06,17-31_sn,biological_sample,17_31_sn,2020-12-01,ddPCRclust_template_fast,"native template workflow, fast density mode",12096,11170,777,10393,0,0,926,0,0,10393,ok,NA,"{""mode"":""fast"",""numOfMarkers"":2,""multithread"":false}"
2020-12-01_SNV_P102L,P102L,H06,17-31_th,biological_sample,17_31_th,2020-12-01,ddPCRclust_template_fast,"native template workflow, fast density mode",14646,14636,567,14069,0,0,10,0,0,14069,ok,NA,"{""mode"":""fast"",""numOfMarkers"":2,""multithread"":false}"
2021-01-26_SNV_P102L,P102L,A03,NTC,NTC,ntc,2021-01-26,ddPCRclust_template_fast,"native template workflow, fast density mode",14644,NA,NA,NA,NA,NA,NA,NA,NA,NA,failed,attempt to set 'colnames' on an object with less than two dimensions,"{""mode"":""fast"",""numOfMarkers"":2,""multithread"":false}"
2021-01-26_SNV_P102L,P102L,A06,924486-th,biological_sample,924486_th,2021-01-26,ddPCRclust_template_fast,"native template workflow, fast density mode",14840,14373,1792,12581,0,0,467,0,0,12581,ok,NA,"{""mode"":""fast"",""numOfMarkers"":2,""multithread"":false}"
2021-01-26_SNV_P102L,P102L,A09,955427-bg,biological_sample,955427_bg,2021-01-26,ddPCRclust_template_fast,"native template workflow, fast density mode",14767,14767,898,13869,0,0,0,0,0,13869,ok,NA,"{""mode"":""fast"",""numOfMarkers"":2,""multithread"":false}"
2021-01-26_SNV_P102L,P102L,B03,P102L-mut,positive_control,,2021-01-26,ddPCRclust_template_fast,"native template workflow, fast density mode",15329,15329,10901,2143,2285,0,0,0,2285,2143,ok,NA,"{""mode"":""fast"",""numOfMarkers"":2,""multithread"":false}"
2021-01-26_SNV_P102L,P102L,B06,953891-bg,biological_sample,953891_bg,2021-01-26,ddPCRclust_template_fast,"native template workflow, fast density mode",15841,15841,950,14891,0,0,0,0,0,14891,ok,NA,"{""mode"":""fast"",""numOfMarkers"":2,""multithread"":false}"
2021-01-26_SNV_P102L,P102L,B09,955427-cb,biological_sample,955427_cb,2021-01-26,ddPCRclust_template_fast,"native template workflow, fast density mode",13644,13644,621,13023,0,0,0,0,0,13023,ok,NA,"{""mode"":""fast"",""numOfMarkers"":2,""multithread"":false}"
2021-01-26_SNV_P102L,P102L,C03,WT,WT_control,wt,2021-01-26,ddPCRclust_template_fast,"native template workflow, fast density mode",16381,16381,3282,13099,0,0,0,0,0,13099,ok,NA,"{""mode"":""fast"",""numOfMarkers"":2,""multithread"":false}"
2021-01-26_SNV_P102L,P102L,C06,953891-cb,biological_sample,953891_cb,2021-01-26,ddPCRclust_template_fast,"native template workflow, fast density mode",15460,15460,879,14581,0,0,0,0,0,14581,ok,NA,"{""mode"":""fast"",""numOfMarkers"":2,""multithread"":false}"
2021-01-26_SNV_P102L,P102L,C09,955427-fr,biological_sample,955427_fr,2021-01-26,ddPCRclust_template_fast,"native template workflow, fast density mode",14977,14961,1094,13867,0,0,16,0,0,13867,ok,NA,"{""mode"":""fast"",""numOfMarkers"":2,""multithread"":false}"
2021-01-26_SNV_P102L,P102L,D03,924486-bg,biological_sample,924486_bg,2021-01-26,ddPCRclust_template_fast,"native template workflow, fast density mode",15299,15299,1009,14290,0,0,0,0,0,14290,ok,NA,"{""mode"":""fast"",""numOfMarkers"":2,""multithread"":false}"
2021-01-26_SNV_P102L,P102L,D06,953891-fr,biological_sample,953891_fr,2021-01-26,ddPCRclust_template_fast,"native template workflow, fast density mode",14901,14901,848,14053,0,0,0,0,0,14053,ok,NA,"{""mode"":""fast"",""numOfMarkers"":2,""multithread"":false}"
2021-01-26_SNV_P102L,P102L,D09,955427-hc,biological_sample,955427_hc,2021-01-26,ddPCRclust_template_fast,"native template workflow, fast density mode",15001,15001,314,14687,0,0,0,0,0,14687,ok,NA,"{""mode"":""fast"",""numOfMarkers"":2,""multithread"":false}"
2021-01-26_SNV_P102L,P102L,E03,924486-cb,biological_sample,924486_cb,2021-01-26,ddPCRclust_template_fast,"native template workflow, fast density mode",15575,15575,2335,13240,0,0,0,0,0,13240,ok,NA,"{""mode"":""fast"",""numOfMarkers"":2,""multithread"":false}"
2021-01-26_SNV_P102L,P102L,E06,953891-hc,biological_sample,953891_hc,2021-01-26,ddPCRclust_template_fast,"native template workflow, fast density mode",16176,16176,3572,12604,0,0,0,0,0,12604,ok,NA,"{""mode"":""fast"",""numOfMarkers"":2,""multithread"":false}"
2021-01-26_SNV_P102L,P102L,E09,955427-sn,biological_sample,955427_sn,2021-01-26,ddPCRclust_template_fast,"native template workflow, fast density mode",14144,14144,298,13846,0,0,0,0,0,13846,ok,NA,"{""mode"":""fast"",""numOfMarkers"":2,""multithread"":false}"
2021-01-26_SNV_P102L,P102L,F03,924486-fr,biological_sample,924486_fr,2021-01-26,ddPCRclust_template_fast,"native template workflow, fast density mode",15841,15841,1546,14295,0,0,0,0,0,14295,ok,NA,"{""mode"":""fast"",""numOfMarkers"":2,""multithread"":false}"
2021-01-26_SNV_P102L,P102L,F06,953891-sn,biological_sample,953891_sn,2021-01-26,ddPCRclust_template_fast,"native template workflow, fast density mode",15006,15006,854,14152,0,0,0,0,0,14152,ok,NA,"{""mode"":""fast"",""numOfMarkers"":2,""multithread"":false}"
2021-01-26_SNV_P102L,P102L,F09,955427-th,biological_sample,955427_th,2021-01-26,ddPCRclust_template_fast,"native template workflow, fast density mode",15257,15257,551,14706,0,0,0,0,0,14706,ok,NA,"{""mode"":""fast"",""numOfMarkers"":2,""multithread"":false}"
2021-01-26_SNV_P102L,P102L,G03,924486-hc,biological_sample,924486_hc,2021-01-26,ddPCRclust_template_fast,"native template workflow, fast density mode",15934,14600,1119,13481,0,0,1334,0,0,13481,ok,NA,"{""mode"":""fast"",""numOfMarkers"":2,""multithread"":false}"
2021-01-26_SNV_P102L,P102L,G06,953891-th,biological_sample,953891_th,2021-01-26,ddPCRclust_template_fast,"native template workflow, fast density mode",14025,13252,572,12680,0,0,773,0,0,12680,ok,NA,"{""mode"":""fast"",""numOfMarkers"":2,""multithread"":false}"
2021-01-26_SNV_P102L,P102L,G09,929474-bg,biological_sample,929474_bg,2021-01-26,ddPCRclust_template_fast,"native template workflow, fast density mode",14194,14180,431,13749,0,0,14,0,0,13749,ok,NA,"{""mode"":""fast"",""numOfMarkers"":2,""multithread"":false}"
2021-01-26_SNV_P102L,P102L,H03,924486-sn,biological_sample,924486_sn,2021-01-26,ddPCRclust_template_fast,"native template workflow, fast density mode",15177,15177,1421,13756,0,0,0,0,0,13756,ok,NA,"{""mode"":""fast"",""numOfMarkers"":2,""multithread"":false}"
2021-01-26_SNV_P102L,P102L,H06,18-5-th,biological_sample,18_5_th,2021-01-26,ddPCRclust_template_fast,"native template workflow, fast density mode",14887,14230,1070,13160,0,0,657,0,0,13160,ok,NA,"{""mode"":""fast"",""numOfMarkers"":2,""multithread"":false}"
2021-01-26_SNV_P102L,P102L,H09,929474-cb,biological_sample,929474_cb,2021-01-26,ddPCRclust_template_fast,"native template workflow, fast density mode",14779,14311,0,14311,0,0,468,0,0,14311,ok,NA,"{""mode"":""fast"",""numOfMarkers"":2,""multithread"":false}"
2021-01-28_SNV_P102L,P102L,A03,NTC,NTC,ntc,2021-01-28,ddPCRclust_template_fast,"native template workflow, fast density mode",15113,NA,NA,NA,NA,NA,NA,NA,NA,NA,failed,attempt to set 'colnames' on an object with less than two dimensions,"{""mode"":""fast"",""numOfMarkers"":2,""multithread"":false}"
2021-01-28_SNV_P102L,P102L,A06,933892-th,biological_sample,933892_th,2021-01-28,ddPCRclust_template_fast,"native template workflow, fast density mode",14741,14741,307,14434,0,0,0,0,0,14434,ok,NA,"{""mode"":""fast"",""numOfMarkers"":2,""multithread"":false}"
2021-01-28_SNV_P102L,P102L,A09,238501-cb,biological_sample,238501_cb,2021-01-28,ddPCRclust_template_fast,"native template workflow, fast density mode",15297,15297,4645,10652,0,0,0,0,0,10652,ok,NA,"{""mode"":""fast"",""numOfMarkers"":2,""multithread"":false}"
2021-01-28_SNV_P102L,P102L,B03,WT,WT_control,wt,2021-01-28,ddPCRclust_template_fast,"native template workflow, fast density mode",13200,13200,2240,10960,0,0,0,0,0,10960,ok,NA,"{""mode"":""fast"",""numOfMarkers"":2,""multithread"":false}"
2021-01-28_SNV_P102L,P102L,B06,943497-bg,biological_sample,943497_bg,2021-01-28,ddPCRclust_template_fast,"native template workflow, fast density mode",14908,14908,2070,12838,0,0,0,0,0,12838,ok,NA,"{""mode"":""fast"",""numOfMarkers"":2,""multithread"":false}"
2021-01-28_SNV_P102L,P102L,B09,238501-fr,biological_sample,238501_fr,2021-01-28,ddPCRclust_template_fast,"native template workflow, fast density mode",15310,15310,778,14532,0,0,0,0,0,14532,ok,NA,"{""mode"":""fast"",""numOfMarkers"":2,""multithread"":false}"
2021-01-28_SNV_P102L,P102L,C03,P102L-mut,positive_control,,2021-01-28,ddPCRclust_template_fast,"native template workflow, fast density mode",15678,15678,8647,2991,2971,1069,0,0,4040,4060,ok,NA,"{""mode"":""fast"",""numOfMarkers"":2,""multithread"":false}"
2021-01-28_SNV_P102L,P102L,C06,943497-cb,biological_sample,943497_cb,2021-01-28,ddPCRclust_template_fast,"native template workflow, fast density mode",14937,14937,572,14365,0,0,0,0,0,14365,ok,NA,"{""mode"":""fast"",""numOfMarkers"":2,""multithread"":false}"
2021-01-28_SNV_P102L,P102L,C09,238501-hc,biological_sample,238501_hc,2021-01-28,ddPCRclust_template_fast,"native template workflow, fast density mode",15589,15589,1129,14460,0,0,0,0,0,14460,ok,NA,"{""mode"":""fast"",""numOfMarkers"":2,""multithread"":false}"
2021-01-28_SNV_P102L,P102L,D03,933892-bg,biological_sample,933892_bg,2021-01-28,ddPCRclust_template_fast,"native template workflow, fast density mode",16172,16172,2160,14012,0,0,0,0,0,14012,ok,NA,"{""mode"":""fast"",""numOfMarkers"":2,""multithread"":false}"
2021-01-28_SNV_P102L,P102L,D06,943497-fr,biological_sample,943497_fr,2021-01-28,ddPCRclust_template_fast,"native template workflow, fast density mode",15556,NA,NA,NA,NA,NA,NA,NA,NA,NA,failed,attempt to set 'colnames' on an object with less than two dimensions,"{""mode"":""fast"",""numOfMarkers"":2,""multithread"":false}"
2021-01-28_SNV_P102L,P102L,E03,933892-cb,biological_sample,933892_cb,2021-01-28,ddPCRclust_template_fast,"native template workflow, fast density mode",16125,16125,696,15429,0,0,0,0,0,15429,ok,NA,"{""mode"":""fast"",""numOfMarkers"":2,""multithread"":false}"
2021-01-28_SNV_P102L,P102L,E06,943497-hc,biological_sample,943497_hc,2021-01-28,ddPCRclust_template_fast,"native template workflow, fast density mode",15816,15816,1061,14755,0,0,0,0,0,14755,ok,NA,"{""mode"":""fast"",""numOfMarkers"":2,""multithread"":false}"
2021-01-28_SNV_P102L,P102L,E09,238501-th,biological_sample,238501_th,2021-01-28,ddPCRclust_template_fast,"native template workflow, fast density mode",14016,14016,841,13161,0,14,0,0,14,13175,ok,NA,"{""mode"":""fast"",""numOfMarkers"":2,""multithread"":false}"
2021-01-28_SNV_P102L,P102L,F03,933892-fr,biological_sample,933892_fr,2021-01-28,ddPCRclust_template_fast,"native template workflow, fast density mode",15816,15816,221,15595,0,0,0,0,0,15595,ok,NA,"{""mode"":""fast"",""numOfMarkers"":2,""multithread"":false}"
2021-01-28_SNV_P102L,P102L,F06,943497-sn,biological_sample,943497_sn,2021-01-28,ddPCRclust_template_fast,"native template workflow, fast density mode",15568,15568,122,15446,0,0,0,0,0,15446,ok,NA,"{""mode"":""fast"",""numOfMarkers"":2,""multithread"":false}"
2021-01-28_SNV_P102L,P102L,F09,929474-fr,biological_sample,929474_fr,2021-01-28,ddPCRclust_template_fast,"native template workflow, fast density mode",14976,14976,905,14071,0,0,0,0,0,14071,ok,NA,"{""mode"":""fast"",""numOfMarkers"":2,""multithread"":false}"
2021-01-28_SNV_P102L,P102L,G03,933892-hc,biological_sample,933892_hc,2021-01-28,ddPCRclust_template_fast,"native template workflow, fast density mode",14650,14650,853,13797,0,0,0,0,0,13797,ok,NA,"{""mode"":""fast"",""numOfMarkers"":2,""multithread"":false}"
2021-01-28_SNV_P102L,P102L,G06,943497-th,biological_sample,943497_th,2021-01-28,ddPCRclust_template_fast,"native template workflow, fast density mode",15538,15538,2095,13443,0,0,0,0,0,13443,ok,NA,"{""mode"":""fast"",""numOfMarkers"":2,""multithread"":false}"
2021-01-28_SNV_P102L,P102L,G09,929474-hc,biological_sample,929474_hc,2021-01-28,ddPCRclust_template_fast,"native template workflow, fast density mode",15549,15549,865,14684,0,0,0,0,0,14684,ok,NA,"{""mode"":""fast"",""numOfMarkers"":2,""multithread"":false}"
2021-01-28_SNV_P102L,P102L,H03,933892-sn,biological_sample,933892_sn,2021-01-28,ddPCRclust_template_fast,"native template workflow, fast density mode",14972,14972,3145,11827,0,0,0,0,0,11827,ok,NA,"{""mode"":""fast"",""numOfMarkers"":2,""multithread"":false}"
2021-01-28_SNV_P102L,P102L,H06,238501-bg,biological_sample,238501_bg,2021-01-28,ddPCRclust_template_fast,"native template workflow, fast density mode",15503,15503,41,15462,0,0,0,0,0,15462,ok,NA,"{""mode"":""fast"",""numOfMarkers"":2,""multithread"":false}"
2021-02-02_SNV_P102L,P102L,A01,NTC,NTC,ntc,2021-02-02,ddPCRclust_template_fast,"native template workflow, fast density mode",16027,NA,NA,NA,NA,NA,NA,NA,NA,NA,failed,attempt to set 'colnames' on an object with less than two dimensions,"{""mode"":""fast"",""numOfMarkers"":2,""multithread"":false}"
2021-02-02_SNV_P102L,P102L,A02,18-17-cb,biological_sample,18_17_cb,2021-02-02,ddPCRclust_template_fast,"native template workflow, fast density mode",14222,14222,1351,12871,0,0,0,0,0,12871,ok,NA,"{""mode"":""fast"",""numOfMarkers"":2,""multithread"":false}"
2021-02-02_SNV_P102L,P102L,A03,18-24-sn,biological_sample,18_24_sn,2021-02-02,ddPCRclust_template_fast,"native template workflow, fast density mode",14580,14580,1139,13441,0,0,0,0,0,13441,ok,NA,"{""mode"":""fast"",""numOfMarkers"":2,""multithread"":false}"
2021-02-02_SNV_P102L,P102L,A04,17-20-fr,biological_sample,17_20_fr,2021-02-02,ddPCRclust_template_fast,"native template workflow, fast density mode",15787,15787,1647,14140,0,0,0,0,0,14140,ok,NA,"{""mode"":""fast"",""numOfMarkers"":2,""multithread"":false}"
2021-02-02_SNV_P102L,P102L,A05,18-1-bg,biological_sample,18_1_bg,2021-02-02,ddPCRclust_template_fast,"native template workflow, fast density mode",15714,15713,2276,13437,0,0,1,0,0,13437,ok,NA,"{""mode"":""fast"",""numOfMarkers"":2,""multithread"":false}"
2021-02-02_SNV_P102L,P102L,A06,18-6-bg,biological_sample,18_6_bg,2021-02-02,ddPCRclust_template_fast,"native template workflow, fast density mode",15037,15037,817,14198,0,22,0,0,22,14220,ok,NA,"{""mode"":""fast"",""numOfMarkers"":2,""multithread"":false}"
2021-02-02_SNV_P102L,P102L,A08,14-24-sn,biological_sample,14_24_sn,2021-02-02,ddPCRclust_template_fast,"native template workflow, fast density mode",16803,16803,3638,13161,4,0,0,0,4,13161,ok,NA,"{""mode"":""fast"",""numOfMarkers"":2,""multithread"":false}"
2021-02-02_SNV_P102L,P102L,B01,WT,WT_control,wt,2021-02-02,ddPCRclust_template_fast,"native template workflow, fast density mode",15341,15341,2499,12842,0,0,0,0,0,12842,ok,NA,"{""mode"":""fast"",""numOfMarkers"":2,""multithread"":false}"
2021-02-02_SNV_P102L,P102L,B02,18-17-fr,biological_sample,18_17_fr,2021-02-02,ddPCRclust_template_fast,"native template workflow, fast density mode",15220,15220,916,14304,0,0,0,0,0,14304,ok,NA,"{""mode"":""fast"",""numOfMarkers"":2,""multithread"":false}"
2021-02-02_SNV_P102L,P102L,B03,18-24-th,biological_sample,18_24_th,2021-02-02,ddPCRclust_template_fast,"native template workflow, fast density mode",15463,15463,517,14946,0,0,0,0,0,14946,ok,NA,"{""mode"":""fast"",""numOfMarkers"":2,""multithread"":false}"
2021-02-02_SNV_P102L,P102L,B04,17-20-sn,biological_sample,17_20_sn,2021-02-02,ddPCRclust_template_fast,"native template workflow, fast density mode",14899,14899,2334,12565,0,0,0,0,0,12565,ok,NA,"{""mode"":""fast"",""numOfMarkers"":2,""multithread"":false}"
2021-02-02_SNV_P102L,P102L,B05,18-1-cb,biological_sample,18_1_cb,2021-02-02,ddPCRclust_template_fast,"native template workflow, fast density mode",16696,NA,NA,NA,NA,NA,NA,NA,NA,NA,failed,attempt to set 'colnames' on an object with less than two dimensions,"{""mode"":""fast"",""numOfMarkers"":2,""multithread"":false}"
2021-02-02_SNV_P102L,P102L,B06,18-6-cb,biological_sample,18_6_cb,2021-02-02,ddPCRclust_template_fast,"native template workflow, fast density mode",15887,15887,791,15096,0,0,0,0,0,15096,ok,NA,"{""mode"":""fast"",""numOfMarkers"":2,""multithread"":false}"
2021-02-02_SNV_P102L,P102L,B08,14-24-th,biological_sample,14_24_th,2021-02-02,ddPCRclust_template_fast,"native template workflow, fast density mode",15970,15970,0,15970,0,0,0,0,0,15970,ok,NA,"{""mode"":""fast"",""numOfMarkers"":2,""multithread"":false}"
2021-02-02_SNV_P102L,P102L,C01,P102L-mut,positive_control,,2021-02-02,ddPCRclust_template_fast,"native template workflow, fast density mode",14350,14350,6742,3047,3105,1456,0,0,4561,4503,ok,NA,"{""mode"":""fast"",""numOfMarkers"":2,""multithread"":false}"
2021-02-02_SNV_P102L,P102L,C02,18-17-sn,biological_sample,18_17_sn,2021-02-02,ddPCRclust_template_fast,"native template workflow, fast density mode",14965,14965,1249,13716,0,0,0,0,0,13716,ok,NA,"{""mode"":""fast"",""numOfMarkers"":2,""multithread"":false}"
2021-02-02_SNV_P102L,P102L,C03,18-31-bg,biological_sample,18_31_bg,2021-02-02,ddPCRclust_template_fast,"native template workflow, fast density mode",15911,NA,NA,NA,NA,NA,NA,NA,NA,NA,failed,attempt to set 'colnames' on an object with less than two dimensions,"{""mode"":""fast"",""numOfMarkers"":2,""multithread"":false}"
2021-02-02_SNV_P102L,P102L,C04,17-20-th,biological_sample,17_20_th,2021-02-02,ddPCRclust_template_fast,"native template workflow, fast density mode",15491,15491,5222,10268,1,0,0,0,1,10268,ok,NA,"{""mode"":""fast"",""numOfMarkers"":2,""multithread"":false}"
2021-02-02_SNV_P102L,P102L,C05,18-1-fr,biological_sample,18_1_fr,2021-02-02,ddPCRclust_template_fast,"native template workflow, fast density mode",16711,16711,1188,15523,0,0,0,0,0,15523,ok,NA,"{""mode"":""fast"",""numOfMarkers"":2,""multithread"":false}"
2021-02-02_SNV_P102L,P102L,C06,18-6-fr,biological_sample,18_6_fr,2021-02-02,ddPCRclust_template_fast,"native template workflow, fast density mode",15883,15883,2090,13793,0,0,0,0,0,13793,ok,NA,"{""mode"":""fast"",""numOfMarkers"":2,""multithread"":false}"
2021-02-02_SNV_P102L,P102L,C08,18-31-cb,biological_sample,18_31_cb,2021-02-02,ddPCRclust_template_fast,"native template workflow, fast density mode",14797,14797,840,13957,0,0,0,0,0,13957,ok,NA,"{""mode"":""fast"",""numOfMarkers"":2,""multithread"":false}"
2021-02-02_SNV_P102L,P102L,D01,14-24-bg,biological_sample,14_24_bg,2021-02-02,ddPCRclust_template_fast,"native template workflow, fast density mode",22950,22950,9489,13461,0,0,0,0,0,13461,ok,NA,"{""mode"":""fast"",""numOfMarkers"":2,""multithread"":false}"
2021-02-02_SNV_P102L,P102L,D02,18-17-th,biological_sample,18_17_th,2021-02-02,ddPCRclust_template_fast,"native template workflow, fast density mode",16170,16170,1317,14835,0,18,0,0,18,14853,ok,NA,"{""mode"":""fast"",""numOfMarkers"":2,""multithread"":false}"
2021-02-02_SNV_P102L,P102L,D03,18-31-hc,biological_sample,18_31_hc,2021-02-02,ddPCRclust_template_fast,"native template workflow, fast density mode",17010,17010,1580,15429,1,0,0,0,1,15429,ok,NA,"{""mode"":""fast"",""numOfMarkers"":2,""multithread"":false}"
2021-02-02_SNV_P102L,P102L,D04,17-32-bg,biological_sample,17_32_bg,2021-02-02,ddPCRclust_template_fast,"native template workflow, fast density mode",15122,15122,1672,13450,0,0,0,0,0,13450,ok,NA,"{""mode"":""fast"",""numOfMarkers"":2,""multithread"":false}"
2021-02-02_SNV_P102L,P102L,D05,18-1-hc,biological_sample,18_1_hc,2021-02-02,ddPCRclust_template_fast,"native template workflow, fast density mode",15246,15246,1447,13799,0,0,0,0,0,13799,ok,NA,"{""mode"":""fast"",""numOfMarkers"":2,""multithread"":false}"
2021-02-02_SNV_P102L,P102L,D06,18-6-hc,biological_sample,18_6_hc,2021-02-02,ddPCRclust_template_fast,"native template workflow, fast density mode",17174,17174,745,16429,0,0,0,0,0,16429,ok,NA,"{""mode"":""fast"",""numOfMarkers"":2,""multithread"":false}"
2021-02-02_SNV_P102L,P102L,D08,18-31-fr,biological_sample,18_31_fr,2021-02-02,ddPCRclust_template_fast,"native template workflow, fast density mode",16218,NA,NA,NA,NA,NA,NA,NA,NA,NA,failed,attempt to set 'colnames' on an object with less than two dimensions,"{""mode"":""fast"",""numOfMarkers"":2,""multithread"":false}"
2021-02-02_SNV_P102L,P102L,E02,18-24-bg,biological_sample,18_24_bg,2021-02-02,ddPCRclust_template_fast,"native template workflow, fast density mode",15514,15514,936,14578,0,0,0,0,0,14578,ok,NA,"{""mode"":""fast"",""numOfMarkers"":2,""multithread"":false}"
2021-02-02_SNV_P102L,P102L,E03,18-31-sn,biological_sample,18_31_sn,2021-02-02,ddPCRclust_template_fast,"native template workflow, fast density mode",16547,16547,646,15901,0,0,0,0,0,15901,ok,NA,"{""mode"":""fast"",""numOfMarkers"":2,""multithread"":false}"
2021-02-02_SNV_P102L,P102L,E04,17-32-cb,biological_sample,17_32_cb,2021-02-02,ddPCRclust_template_fast,"native template workflow, fast density mode",15597,NA,NA,NA,NA,NA,NA,NA,NA,NA,failed,attempt to set 'colnames' on an object with less than two dimensions,"{""mode"":""fast"",""numOfMarkers"":2,""multithread"":false}"
2021-02-02_SNV_P102L,P102L,E05,18-5-cb,biological_sample,18_5_cb,2021-02-02,ddPCRclust_template_fast,"native template workflow, fast density mode",15599,15599,752,14847,0,0,0,0,0,14847,ok,NA,"{""mode"":""fast"",""numOfMarkers"":2,""multithread"":false}"
2021-02-02_SNV_P102L,P102L,E06,18-17-hc,biological_sample,18_17_hc,2021-02-02,ddPCRclust_template_fast,"native template workflow, fast density mode",14642,14642,1973,12669,0,0,0,0,0,12669,ok,NA,"{""mode"":""fast"",""numOfMarkers"":2,""multithread"":false}"
2021-02-02_SNV_P102L,P102L,E08,17-32-sn,biological_sample,17_32_sn,2021-02-02,ddPCRclust_template_fast,"native template workflow, fast density mode",16272,16272,1145,15127,0,0,0,0,0,15127,ok,NA,"{""mode"":""fast"",""numOfMarkers"":2,""multithread"":false}"
2021-02-02_SNV_P102L,P102L,F01,14-24-fr,biological_sample,14_24_fr,2021-02-02,ddPCRclust_template_fast,"native template workflow, fast density mode",18091,18091,5067,13019,0,5,0,0,5,13024,ok,NA,"{""mode"":""fast"",""numOfMarkers"":2,""multithread"":false}"
2021-02-02_SNV_P102L,P102L,F02,18-24-cb,biological_sample,18_24_cb,2021-02-02,ddPCRclust_template_fast,"native template workflow, fast density mode",15537,15536,2008,13528,0,0,1,0,0,13528,ok,NA,"{""mode"":""fast"",""numOfMarkers"":2,""multithread"":false}"
2021-02-02_SNV_P102L,P102L,F03,18-31-th,biological_sample,18_31_th,2021-02-02,ddPCRclust_template_fast,"native template workflow, fast density mode",16097,16097,2789,13308,0,0,0,0,0,13308,ok,NA,"{""mode"":""fast"",""numOfMarkers"":2,""multithread"":false}"
2021-02-02_SNV_P102L,P102L,F04,17-32-fr,biological_sample,17_32_fr,2021-02-02,ddPCRclust_template_fast,"native template workflow, fast density mode",16990,16990,1662,15328,0,0,0,0,0,15328,ok,NA,"{""mode"":""fast"",""numOfMarkers"":2,""multithread"":false}"
2021-02-02_SNV_P102L,P102L,F05,18-5-fr,biological_sample,18_5_fr,2021-02-02,ddPCRclust_template_fast,"native template workflow, fast density mode",16128,NA,NA,NA,NA,NA,NA,NA,NA,NA,failed,attempt to set 'colnames' on an object with less than two dimensions,"{""mode"":""fast"",""numOfMarkers"":2,""multithread"":false}"
2021-02-02_SNV_P102L,P102L,F08,18-5-bg,biological_sample,18_5_bg,2021-02-02,ddPCRclust_template_fast,"native template workflow, fast density mode",16768,16768,618,16150,0,0,0,0,0,16150,ok,NA,"{""mode"":""fast"",""numOfMarkers"":2,""multithread"":false}"
2021-02-02_SNV_P102L,P102L,G01,14-24-hc,biological_sample,14_24_hc,2021-02-02,ddPCRclust_template_fast,"native template workflow, fast density mode",17009,17009,6629,10380,0,0,0,0,0,10380,ok,NA,"{""mode"":""fast"",""numOfMarkers"":2,""multithread"":false}"
2021-02-02_SNV_P102L,P102L,G02,18-24-fr,biological_sample,18_24_fr,2021-02-02,ddPCRclust_template_fast,"native template workflow, fast density mode",15514,15514,923,14591,0,0,0,0,0,14591,ok,NA,"{""mode"":""fast"",""numOfMarkers"":2,""multithread"":false}"
2021-02-02_SNV_P102L,P102L,G03,17-20-bg,biological_sample,17_20_bg,2021-02-02,ddPCRclust_template_fast,"native template workflow, fast density mode",15799,15799,2927,12872,0,0,0,0,0,12872,ok,NA,"{""mode"":""fast"",""numOfMarkers"":2,""multithread"":false}"
2021-02-02_SNV_P102L,P102L,G04,17-32-hc,biological_sample,17_32_hc,2021-02-02,ddPCRclust_template_fast,"native template workflow, fast density mode",15217,NA,NA,NA,NA,NA,NA,NA,NA,NA,failed,attempt to set 'colnames' on an object with less than two dimensions,"{""mode"":""fast"",""numOfMarkers"":2,""multithread"":false}"
2021-02-02_SNV_P102L,P102L,G05,18-5-hc,biological_sample,18_5_hc,2021-02-02,ddPCRclust_template_fast,"native template workflow, fast density mode",15820,15820,698,15122,0,0,0,0,0,15122,ok,NA,"{""mode"":""fast"",""numOfMarkers"":2,""multithread"":false}"
2021-02-02_SNV_P102L,P102L,G08,18-5-sn,biological_sample,18_5_sn,2021-02-02,ddPCRclust_template_fast,"native template workflow, fast density mode",17741,17741,293,17448,0,0,0,0,0,17448,ok,NA,"{""mode"":""fast"",""numOfMarkers"":2,""multithread"":false}"
2021-02-02_SNV_P102L,P102L,H01,18-17-bg,biological_sample,18_17_bg,2021-02-02,ddPCRclust_template_fast,"native template workflow, fast density mode",17706,17706,2850,14856,0,0,0,0,0,14856,ok,NA,"{""mode"":""fast"",""numOfMarkers"":2,""multithread"":false}"
2021-02-02_SNV_P102L,P102L,H02,18-24-hc,biological_sample,18_24_hc,2021-02-02,ddPCRclust_template_fast,"native template workflow, fast density mode",14191,14191,755,13436,0,0,0,0,0,13436,ok,NA,"{""mode"":""fast"",""numOfMarkers"":2,""multithread"":false}"
2021-02-02_SNV_P102L,P102L,H03,17-20-cb,biological_sample,17_20_cb,2021-02-02,ddPCRclust_template_fast,"native template workflow, fast density mode",14189,14189,1019,13170,0,0,0,0,0,13170,ok,NA,"{""mode"":""fast"",""numOfMarkers"":2,""multithread"":false}"
2021-02-02_SNV_P102L,P102L,H04,17-32-th,biological_sample,17_32_th,2021-02-02,ddPCRclust_template_fast,"native template workflow, fast density mode",17425,17425,2116,15309,0,0,0,0,0,15309,ok,NA,"{""mode"":""fast"",""numOfMarkers"":2,""multithread"":false}"
2021-02-02_SNV_P102L,P102L,H05,18-5-th,biological_sample,18_5_th,2021-02-02,ddPCRclust_template_fast,"native template workflow, fast density mode",15093,15093,857,14236,0,0,0,0,0,14236,ok,NA,"{""mode"":""fast"",""numOfMarkers"":2,""multithread"":false}"
2021-02-17_SNV_P102L,P102L,A03,NTC,NTC,ntc,2021-02-17,ddPCRclust_template_fast,"native template workflow, fast density mode",15602,NA,NA,NA,NA,NA,NA,NA,NA,NA,failed,attempt to set 'colnames' on an object with less than two dimensions,"{""mode"":""fast"",""numOfMarkers"":2,""multithread"":false}"
2021-02-17_SNV_P102L,P102L,A06,CJD-20-08-bg,biological_sample,20_08_bg,2021-02-17,ddPCRclust_template_fast,"native template workflow, fast density mode",16577,16577,1177,15399,1,0,0,0,1,15399,ok,NA,"{""mode"":""fast"",""numOfMarkers"":2,""multithread"":false}"
2021-02-17_SNV_P102L,P102L,A09,P102L-mut,positive_control,,2021-02-17,ddPCRclust_template_fast,"native template workflow, fast density mode",18386,18386,9545,3571,3678,1592,0,0,5270,5163,ok,NA,"{""mode"":""fast"",""numOfMarkers"":2,""multithread"":false}"
2021-02-17_SNV_P102L,P102L,B03,WT,WT_control,wt,2021-02-17,ddPCRclust_template_fast,"native template workflow, fast density mode",16164,16164,256,15908,0,0,0,0,0,15908,ok,NA,"{""mode"":""fast"",""numOfMarkers"":2,""multithread"":false}"
2021-02-17_SNV_P102L,P102L,B06,CJD-20-08-cb,biological_sample,20_08_cb,2021-02-17,ddPCRclust_template_fast,"native template workflow, fast density mode",15168,15168,2590,12567,0,11,0,0,11,12578,ok,NA,"{""mode"":""fast"",""numOfMarkers"":2,""multithread"":false}"
2021-02-17_SNV_P102L,P102L,C03,CJD-13-21-bg,biological_sample,13_21_bg,2021-02-17,ddPCRclust_template_fast,"native template workflow, fast density mode",14552,14552,1333,13219,0,0,0,0,0,13219,ok,NA,"{""mode"":""fast"",""numOfMarkers"":2,""multithread"":false}"
2021-02-17_SNV_P102L,P102L,C06,CJD-20-08-fr,biological_sample,20_08_fr,2021-02-17,ddPCRclust_template_fast,"native template workflow, fast density mode",14946,14946,1920,13026,0,0,0,0,0,13026,ok,NA,"{""mode"":""fast"",""numOfMarkers"":2,""multithread"":false}"
2021-02-17_SNV_P102L,P102L,C09,CJD-14-24-cb,biological_sample,14_24_cb,2021-02-17,ddPCRclust_template_fast,"native template workflow, fast density mode",16344,14520,3685,10835,0,0,1824,0,0,10835,ok,NA,"{""mode"":""fast"",""numOfMarkers"":2,""multithread"":false}"
2021-02-17_SNV_P102L,P102L,D03,CJD-17-12-sn,biological_sample,17_12_sn,2021-02-17,ddPCRclust_template_fast,"native template workflow, fast density mode",16297,16297,6,16291,0,0,0,0,0,16291,ok,NA,"{""mode"":""fast"",""numOfMarkers"":2,""multithread"":false}"
2021-02-17_SNV_P102L,P102L,D06,CJD-20-08-sn,biological_sample,20_08_sn,2021-02-17,ddPCRclust_template_fast,"native template workflow, fast density mode",16266,16266,5774,10492,0,0,0,0,0,10492,ok,NA,"{""mode"":""fast"",""numOfMarkers"":2,""multithread"":false}"
2021-02-17_SNV_P102L,P102L,E03,CJD-13-21-fr,biological_sample,13_21_fr,2021-02-17,ddPCRclust_template_fast,"native template workflow, fast density mode",16093,16093,2767,13326,0,0,0,0,0,13326,ok,NA,"{""mode"":""fast"",""numOfMarkers"":2,""multithread"":false}"
2021-02-17_SNV_P102L,P102L,E06,CJD-15-1-fr,biological_sample,15_1_fr,2021-02-17,ddPCRclust_template_fast,"native template workflow, fast density mode",15356,15346,6457,8889,0,0,10,0,0,8889,ok,NA,"{""mode"":""fast"",""numOfMarkers"":2,""multithread"":false}"
2021-02-17_SNV_P102L,P102L,F03,CJD-13-21-sn,biological_sample,13_21_sn,2021-02-17,ddPCRclust_template_fast,"native template workflow, fast density mode",15639,15639,1513,14126,0,0,0,0,0,14126,ok,NA,"{""mode"":""fast"",""numOfMarkers"":2,""multithread"":false}"
2021-02-17_SNV_P102L,P102L,G06,CJD-17-30-cb,biological_sample,17_30_cb,2021-02-17,ddPCRclust_template_fast,"native template workflow, fast density mode",15659,15659,3532,12127,0,0,0,0,0,12127,ok,NA,"{""mode"":""fast"",""numOfMarkers"":2,""multithread"":false}"
2021-02-17_SNV_P102L,P102L,H03,CJD-15-27-fr,biological_sample,15_27_fr,2021-02-17,ddPCRclust_template_fast,"native template workflow, fast density mode",16340,16340,4982,11357,1,0,0,0,1,11357,ok,NA,"{""mode"":""fast"",""numOfMarkers"":2,""multithread"":false}"
2021-02-17_SNV_P102L,P102L,H06,CJD-17-31-cb,biological_sample,17_31_cb,2021-02-17,ddPCRclust_template_fast,"native template workflow, fast density mode",17283,17282,3393,13889,0,0,1,0,0,13889,ok,NA,"{""mode"":""fast"",""numOfMarkers"":2,""multithread"":false}"
2021-02-18_SNV_P102L,P102L,A03,NTC,NTC,ntc,2021-02-18,ddPCRclust_template_fast,"native template workflow, fast density mode",14312,NA,NA,NA,NA,NA,NA,NA,NA,NA,failed,attempt to set 'colnames' on an object with less than two dimensions,"{""mode"":""fast"",""numOfMarkers"":2,""multithread"":false}"
2021-02-18_SNV_P102L,P102L,A06,P102L-mut,positive_control,,2021-02-18,ddPCRclust_template_fast,"native template workflow, fast density mode",17455,17455,10041,2455,3064,1895,0,0,4959,4350,ok,NA,"{""mode"":""fast"",""numOfMarkers"":2,""multithread"":false}"
2021-02-18_SNV_P102L,P102L,A09,CJD-17-8-bg,biological_sample,17_8_bg,2021-02-18,ddPCRclust_template_fast,"native template workflow, fast density mode",15968,15968,444,15524,0,0,0,0,0,15524,ok,NA,"{""mode"":""fast"",""numOfMarkers"":2,""multithread"":false}"
2021-02-18_SNV_P102L,P102L,B03,WT,WT_control,wt,2021-02-18,ddPCRclust_template_fast,"native template workflow, fast density mode",18248,18248,5923,12325,0,0,0,0,0,12325,ok,NA,"{""mode"":""fast"",""numOfMarkers"":2,""multithread"":false}"
2021-02-18_SNV_P102L,P102L,B06,CJD-17-11-bg,biological_sample,17_11_bg,2021-02-18,ddPCRclust_template_fast,"native template workflow, fast density mode",14152,14152,613,13539,0,0,0,0,0,13539,ok,NA,"{""mode"":""fast"",""numOfMarkers"":2,""multithread"":false}"
2021-02-18_SNV_P102L,P102L,B09,CJD-17-8-cb,biological_sample,17_8_cb,2021-02-18,ddPCRclust_template_fast,"native template workflow, fast density mode",17467,17467,4,17463,0,0,0,0,0,17463,ok,NA,"{""mode"":""fast"",""numOfMarkers"":2,""multithread"":false}"
2021-02-18_SNV_P102L,P102L,C03,CJD-15-1-bg,biological_sample,15_1_bg,2021-02-18,ddPCRclust_template_fast,"native template workflow, fast density mode",17066,17066,1375,15691,0,0,0,0,0,15691,ok,NA,"{""mode"":""fast"",""numOfMarkers"":2,""multithread"":false}"
2021-02-18_SNV_P102L,P102L,C06,CJD-17-11-fr,biological_sample,17_11_fr,2021-02-18,ddPCRclust_template_fast,"native template workflow, fast density mode",14457,14457,174,14283,0,0,0,0,0,14283,ok,NA,"{""mode"":""fast"",""numOfMarkers"":2,""multithread"":false}"
2021-02-18_SNV_P102L,P102L,C09,CJD-17-8-fr,biological_sample,17_8_fr,2021-02-18,ddPCRclust_template_fast,"native template workflow, fast density mode",14629,14629,12,14617,0,0,0,0,0,14617,ok,NA,"{""mode"":""fast"",""numOfMarkers"":2,""multithread"":false}"
2021-02-18_SNV_P102L,P102L,D03,CJD-15-1-cb,biological_sample,15_1_cb,2021-02-18,ddPCRclust_template_fast,"native template workflow, fast density mode",16934,16934,1670,15264,0,0,0,0,0,15264,ok,NA,"{""mode"":""fast"",""numOfMarkers"":2,""multithread"":false}"
2021-02-18_SNV_P102L,P102L,D06,CJD-17-11-hc,biological_sample,17_11_hc,2021-02-18,ddPCRclust_template_fast,"native template workflow, fast density mode",15536,15536,301,15235,0,0,0,0,0,15235,ok,NA,"{""mode"":""fast"",""numOfMarkers"":2,""multithread"":false}"
2021-02-18_SNV_P102L,P102L,E03,CJD-15-1-th,biological_sample,15_1_th,2021-02-18,ddPCRclust_template_fast,"native template workflow, fast density mode",16049,16049,3483,12566,0,0,0,0,0,12566,ok,NA,"{""mode"":""fast"",""numOfMarkers"":2,""multithread"":false}"
2021-02-18_SNV_P102L,P102L,E06,CJD-17-12-bg,biological_sample,17_12_bg,2021-02-18,ddPCRclust_template_fast,"native template workflow, fast density mode",16129,16129,190,15939,0,0,0,0,0,15939,ok,NA,"{""mode"":""fast"",""numOfMarkers"":2,""multithread"":false}"
2021-02-18_SNV_P102L,P102L,F06,CJD-17-12-fr,biological_sample,17_12_fr,2021-02-18,ddPCRclust_template_fast,"native template workflow, fast density mode",15096,15096,61,15035,0,0,0,0,0,15035,ok,NA,"{""mode"":""fast"",""numOfMarkers"":2,""multithread"":false}"
2021-02-18_SNV_P102L,P102L,G03,CJD-17-11-cb,biological_sample,17_11_cb,2021-02-18,ddPCRclust_template_fast,"native template workflow, fast density mode",17004,NA,NA,NA,NA,NA,NA,NA,NA,NA,failed,attempt to set 'colnames' on an object with less than two dimensions,"{""mode"":""fast"",""numOfMarkers"":2,""multithread"":false}"
2021-02-18_SNV_P102L,P102L,H03,CJD-17-12-th,biological_sample,17_12_th,2021-02-18,ddPCRclust_template_fast,"native template workflow, fast density mode",16726,16726,145,16581,0,0,0,0,0,16581,ok,NA,"{""mode"":""fast"",""numOfMarkers"":2,""multithread"":false}"
2021-03-05_SNV_P102L,P102L,A03,NTC,NTC,ntc,2021-03-05,ddPCRclust_template_fast,"native template workflow, fast density mode",13706,NA,NA,NA,NA,NA,NA,NA,NA,NA,failed,attempt to set 'colnames' on an object with less than two dimensions,"{""mode"":""fast"",""numOfMarkers"":2,""multithread"":false}"
2021-03-05_SNV_P102L,P102L,A07,19-29-fr,biological_sample,19_29_fr,2021-03-05,ddPCRclust_template_fast,"native template workflow, fast density mode",15084,15084,7216,7868,0,0,0,0,0,7868,ok,NA,"{""mode"":""fast"",""numOfMarkers"":2,""multithread"":false}"
2021-03-05_SNV_P102L,P102L,B03,WT,WT_control,wt,2021-03-05,ddPCRclust_template_fast,"native template workflow, fast density mode",13119,13119,4329,8790,0,0,0,0,0,8790,ok,NA,"{""mode"":""fast"",""numOfMarkers"":2,""multithread"":false}"
2021-03-05_SNV_P102L,P102L,B07,15-27-fr,biological_sample,15_27_fr,2021-03-05,ddPCRclust_template_fast,"native template workflow, fast density mode",13217,13217,4000,9217,0,0,0,0,0,9217,ok,NA,"{""mode"":""fast"",""numOfMarkers"":2,""multithread"":false}"
2021-03-05_SNV_P102L,P102L,C03,P102L-mut,positive_control,,2021-03-05,ddPCRclust_template_fast,"native template workflow, fast density mode",13612,13612,6828,2845,2739,1200,0,0,3939,4045,ok,NA,"{""mode"":""fast"",""numOfMarkers"":2,""multithread"":false}"
2021-03-05_SNV_P102L,P102L,C07,17-34-cb,biological_sample,17_34_cb,2021-03-05,ddPCRclust_template_fast,"native template workflow, fast density mode",14576,14564,7458,7106,0,0,12,0,0,7106,ok,NA,"{""mode"":""fast"",""numOfMarkers"":2,""multithread"":false}"
2021-03-05_SNV_P102L,P102L,D03,14-24-th,biological_sample,14_24_th,2021-03-05,ddPCRclust_template_fast,"native template workflow, fast density mode",13771,13761,6164,7597,0,0,10,0,0,7597,ok,NA,"{""mode"":""fast"",""numOfMarkers"":2,""multithread"":false}"
2021-03-05_SNV_P102L,P102L,E03,17-12-sn,biological_sample,17_12_sn,2021-03-05,ddPCRclust_template_fast,"native template workflow, fast density mode",11656,11656,4,11652,0,0,0,0,0,11652,ok,NA,"{""mode"":""fast"",""numOfMarkers"":2,""multithread"":false}"
2021-03-29_SNV_P102L,P102L,A03,NTC,NTC,ntc,2021-03-29,ddPCRclust_template_fast,"native template workflow, fast density mode",15224,NA,NA,NA,NA,NA,NA,NA,NA,NA,failed,attempt to set 'colnames' on an object with less than two dimensions,"{""mode"":""fast"",""numOfMarkers"":2,""multithread"":false}"
2021-03-29_SNV_P102L,P102L,A06,17-11-sn,biological_sample,17_11_sn,2021-03-29,ddPCRclust_template_fast,"native template workflow, fast density mode",15553,15533,55,15478,0,0,20,0,0,15478,ok,NA,"{""mode"":""fast"",""numOfMarkers"":2,""multithread"":false}"
2021-03-29_SNV_P102L,P102L,A12,14-2-hc,biological_sample,14_2_hc,2021-03-29,ddPCRclust_template_fast,"native template workflow, fast density mode",16097,NA,NA,NA,NA,NA,NA,NA,NA,NA,failed,attempt to set 'colnames' on an object with less than two dimensions,"{""mode"":""fast"",""numOfMarkers"":2,""multithread"":false}"
2021-03-29_SNV_P102L,P102L,B03,WT,WT_control,wt,2021-03-29,ddPCRclust_template_fast,"native template workflow, fast density mode",15947,15947,4631,11316,0,0,0,0,0,11316,ok,NA,"{""mode"":""fast"",""numOfMarkers"":2,""multithread"":false}"
2021-03-29_SNV_P102L,P102L,B06,17-11-th,biological_sample,17_11_th,2021-03-29,ddPCRclust_template_fast,"native template workflow, fast density mode",14797,14797,311,14486,0,0,0,0,0,14486,ok,NA,"{""mode"":""fast"",""numOfMarkers"":2,""multithread"":false}"
2021-03-29_SNV_P102L,P102L,B12,14-2-sn,biological_sample,14_2_sn,2021-03-29,ddPCRclust_template_fast,"native template workflow, fast density mode",16702,16702,260,16442,0,0,0,0,0,16442,ok,NA,"{""mode"":""fast"",""numOfMarkers"":2,""multithread"":false}"
2021-03-29_SNV_P102L,P102L,C03,P102L,positive_control,p102l,2021-03-29,ddPCRclust_template_fast,"native template workflow, fast density mode",15155,15155,5146,3681,3686,2642,0,0,6328,6323,ok,NA,"{""mode"":""fast"",""numOfMarkers"":2,""multithread"":false}"
2021-03-29_SNV_P102L,P102L,C06,17-12-cb,biological_sample,17_12_cb,2021-03-29,ddPCRclust_template_fast,"native template workflow, fast density mode",14846,14846,195,14651,0,0,0,0,0,14651,ok,NA,"{""mode"":""fast"",""numOfMarkers"":2,""multithread"":false}"
2021-03-29_SNV_P102L,P102L,C12,14-2-th,biological_sample,14_2_th,2021-03-29,ddPCRclust_template_fast,"native template workflow, fast density mode",17937,17937,140,17797,0,0,0,0,0,17797,ok,NA,"{""mode"":""fast"",""numOfMarkers"":2,""multithread"":false}"
2021-03-29_SNV_P102L,P102L,D03,17-31-fr,biological_sample,17_31_fr,2021-03-29,ddPCRclust_template_fast,"native template workflow, fast density mode",16633,16633,1448,15185,0,0,0,0,0,15185,ok,NA,"{""mode"":""fast"",""numOfMarkers"":2,""multithread"":false}"
2021-03-29_SNV_P102L,P102L,D06,17-12-hc,biological_sample,17_12_hc,2021-03-29,ddPCRclust_template_fast,"native template workflow, fast density mode",15134,15134,652,14481,1,0,0,0,1,14481,ok,NA,"{""mode"":""fast"",""numOfMarkers"":2,""multithread"":false}"
2021-03-29_SNV_P102L,P102L,D12,15-6-bg,biological_sample,15_6_bg,2021-03-29,ddPCRclust_template_fast,"native template workflow, fast density mode",16887,16887,244,16643,0,0,0,0,0,16643,ok,NA,"{""mode"":""fast"",""numOfMarkers"":2,""multithread"":false}"
2021-03-29_SNV_P102L,P102L,E03,18-1-sn,biological_sample,18_1_sn,2021-03-29,ddPCRclust_template_fast,"native template workflow, fast density mode",15207,15207,162,15045,0,0,0,0,0,15045,ok,NA,"{""mode"":""fast"",""numOfMarkers"":2,""multithread"":false}"
2021-03-29_SNV_P102L,P102L,E06,17-5-bg,biological_sample,17_5_bg,2021-03-29,ddPCRclust_template_fast,"native template workflow, fast density mode",16438,16438,987,15451,0,0,0,0,0,15451,ok,NA,"{""mode"":""fast"",""numOfMarkers"":2,""multithread"":false}"
2021-03-29_SNV_P102L,P102L,E12,15-6-cb,biological_sample,15_6_cb,2021-03-29,ddPCRclust_template_fast,"native template workflow, fast density mode",16143,16143,504,15639,0,0,0,0,0,15639,ok,NA,"{""mode"":""fast"",""numOfMarkers"":2,""multithread"":false}"
2021-03-29_SNV_P102L,P102L,F03,18-1-th,biological_sample,18_1_th,2021-03-29,ddPCRclust_template_fast,"native template workflow, fast density mode",16853,16853,26,16827,0,0,0,0,0,16827,ok,NA,"{""mode"":""fast"",""numOfMarkers"":2,""multithread"":false}"
2021-03-29_SNV_P102L,P102L,F06,17-5-hc,biological_sample,17_5_hc,2021-03-29,ddPCRclust_template_fast,"native template workflow, fast density mode",16450,16449,293,16156,0,0,1,0,0,16156,ok,NA,"{""mode"":""fast"",""numOfMarkers"":2,""multithread"":false}"
2021-03-29_SNV_P102L,P102L,F12,15-6-fr,biological_sample,15_6_fr,2021-03-29,ddPCRclust_template_fast,"native template workflow, fast density mode",16536,16536,917,15619,0,0,0,0,0,15619,ok,NA,"{""mode"":""fast"",""numOfMarkers"":2,""multithread"":false}"
2021-03-29_SNV_P102L,P102L,G03,17-13-fr,biological_sample,17_13_fr,2021-03-29,ddPCRclust_template_fast,"native template workflow, fast density mode",14407,14407,417,13990,0,0,0,0,0,13990,ok,NA,"{""mode"":""fast"",""numOfMarkers"":2,""multithread"":false}"
2021-03-29_SNV_P102L,P102L,G06,17-5-sn,biological_sample,17_5_sn,2021-03-29,ddPCRclust_template_fast,"native template workflow, fast density mode",15710,15710,888,14822,0,0,0,0,0,14822,ok,NA,"{""mode"":""fast"",""numOfMarkers"":2,""multithread"":false}"
2021-03-29_SNV_P102L,P102L,G12,15-6-hc,biological_sample,15_6_hc,2021-03-29,ddPCRclust_template_fast,"native template workflow, fast density mode",15867,15867,41,15826,0,0,0,0,0,15826,ok,NA,"{""mode"":""fast"",""numOfMarkers"":2,""multithread"":false}"
2021-03-29_SNV_P102L,P102L,H03,17-13-th,biological_sample,17_13_th,2021-03-29,ddPCRclust_template_fast,"native template workflow, fast density mode",15092,15092,685,14407,0,0,0,0,0,14407,ok,NA,"{""mode"":""fast"",""numOfMarkers"":2,""multithread"":false}"
2021-03-29_SNV_P102L,P102L,H06,17-8-hc,biological_sample,17_8_hc,2021-03-29,ddPCRclust_template_fast,"native template workflow, fast density mode",16207,16207,208,15999,0,0,0,0,0,15999,ok,NA,"{""mode"":""fast"",""numOfMarkers"":2,""multithread"":false}"
2021-03-29_SNV_P102L,P102L,H12,15-6-sn,biological_sample,15_6_sn,2021-03-29,ddPCRclust_template_fast,"native template workflow, fast density mode",15535,15491,0,15491,0,0,44,0,0,15491,ok,NA,"{""mode"":""fast"",""numOfMarkers"":2,""multithread"":false}"
2021-04-06_SNV_P102L,P102L,A03,NTC,NTC,ntc,2021-04-06,ddPCRclust_template_fast,"native template workflow, fast density mode",14977,NA,NA,NA,NA,NA,NA,NA,NA,NA,failed,attempt to set 'colnames' on an object with less than two dimensions,"{""mode"":""fast"",""numOfMarkers"":2,""multithread"":false}"
2021-04-06_SNV_P102L,P102L,A06,20-08-hc,biological_sample,20_08_hc,2021-04-06,ddPCRclust_template_fast,"native template workflow, fast density mode",11655,11655,52,11603,0,0,0,0,0,11603,ok,NA,"{""mode"":""fast"",""numOfMarkers"":2,""multithread"":false}"
2021-04-06_SNV_P102L,P102L,A09,17-8-sn,biological_sample,17_8_sn,2021-04-06,ddPCRclust_template_fast,"native template workflow, fast density mode",15078,15078,513,14565,0,0,0,0,0,14565,ok,NA,"{""mode"":""fast"",""numOfMarkers"":2,""multithread"":false}"
2021-04-06_SNV_P102L,P102L,B03,WT,WT_control,wt,2021-04-06,ddPCRclust_template_fast,"native template workflow, fast density mode",14186,14186,3611,10575,0,0,0,0,0,10575,ok,NA,"{""mode"":""fast"",""numOfMarkers"":2,""multithread"":false}"
2021-04-06_SNV_P102L,P102L,B06,20-08-th,biological_sample,20_08_th,2021-04-06,ddPCRclust_template_fast,"native template workflow, fast density mode",11463,11463,135,11328,0,0,0,0,0,11328,ok,NA,"{""mode"":""fast"",""numOfMarkers"":2,""multithread"":false}"
2021-04-06_SNV_P102L,P102L,B09,17-8-th,biological_sample,17_8_th,2021-04-06,ddPCRclust_template_fast,"native template workflow, fast density mode",14594,14594,275,14319,0,0,0,0,0,14319,ok,NA,"{""mode"":""fast"",""numOfMarkers"":2,""multithread"":false}"
2021-04-06_SNV_P102L,P102L,C03,P102L,positive_control,p102l,2021-04-06,ddPCRclust_template_fast,"native template workflow, fast density mode",12002,12002,1965,2529,2525,4983,0,0,7508,7512,ok,NA,"{""mode"":""fast"",""numOfMarkers"":2,""multithread"":false}"
2021-04-06_SNV_P102L,P102L,C06,15-27-bg,biological_sample,15_27_bg,2021-04-06,ddPCRclust_template_fast,"native template workflow, fast density mode",12103,12103,506,11597,0,0,0,0,0,11597,ok,NA,"{""mode"":""fast"",""numOfMarkers"":2,""multithread"":false}"
2021-04-06_SNV_P102L,P102L,C09,17-34-bg,biological_sample,17_34_bg,2021-04-06,ddPCRclust_template_fast,"native template workflow, fast density mode",14083,14083,644,13439,0,0,0,0,0,13439,ok,NA,"{""mode"":""fast"",""numOfMarkers"":2,""multithread"":false}"
2021-04-06_SNV_P102L,P102L,D03,17-20-hc,biological_sample,17_20_hc,2021-04-06,ddPCRclust_template_fast,"native template workflow, fast density mode",11987,11987,11,11976,0,0,0,0,0,11976,ok,NA,"{""mode"":""fast"",""numOfMarkers"":2,""multithread"":false}"
2021-04-06_SNV_P102L,P102L,D06,15-27-cb,biological_sample,15_27_cb,2021-04-06,ddPCRclust_template_fast,"native template workflow, fast density mode",14126,14126,638,13488,0,0,0,0,0,13488,ok,NA,"{""mode"":""fast"",""numOfMarkers"":2,""multithread"":false}"
2021-04-06_SNV_P102L,P102L,D09,17-34-hc,biological_sample,17_34_hc,2021-04-06,ddPCRclust_template_fast,"native template workflow, fast density mode",10589,10588,310,10278,0,0,1,0,0,10278,ok,NA,"{""mode"":""fast"",""numOfMarkers"":2,""multithread"":false}"
2021-04-06_SNV_P102L,P102L,E03,15-6-th,biological_sample,15_6_th,2021-04-06,ddPCRclust_template_fast,"native template workflow, fast density mode",14310,14310,210,14100,0,0,0,0,0,14100,ok,NA,"{""mode"":""fast"",""numOfMarkers"":2,""multithread"":false}"
2021-04-06_SNV_P102L,P102L,E06,15-27-pons,biological_sample,15_27_ps,2021-04-06,ddPCRclust_template_fast,"native template workflow, fast density mode",12522,12423,0,12423,0,0,99,0,0,12423,ok,NA,"{""mode"":""fast"",""numOfMarkers"":2,""multithread"":false}"
2021-04-06_SNV_P102L,P102L,E09,929474-th,biological_sample,929474_th,2021-04-06,ddPCRclust_template_fast,"native template workflow, fast density mode",15419,15419,257,15162,0,0,0,0,0,15162,ok,NA,"{""mode"":""fast"",""numOfMarkers"":2,""multithread"":false}"
2021-04-06_SNV_P102L,P102L,F03,18-6-sn,biological_sample,18_6_sn,2021-04-06,ddPCRclust_template_fast,"native template workflow, fast density mode",12665,12665,6298,6367,0,0,0,0,0,6367,ok,NA,"{""mode"":""fast"",""numOfMarkers"":2,""multithread"":false}"
2021-04-06_SNV_P102L,P102L,F06,15-27-th,biological_sample,15_27_th,2021-04-06,ddPCRclust_template_fast,"native template workflow, fast density mode",13258,13258,253,13005,0,0,0,0,0,13005,ok,NA,"{""mode"":""fast"",""numOfMarkers"":2,""multithread"":false}"
2021-04-06_SNV_P102L,P102L,F09,14-2-bg,biological_sample,14_2_bg,2021-04-06,ddPCRclust_template_fast,"native template workflow, fast density mode",16337,16337,618,15719,0,0,0,0,0,15719,ok,NA,"{""mode"":""fast"",""numOfMarkers"":2,""multithread"":false}"
2021-04-06_SNV_P102L,P102L,G06,15-1-hc,biological_sample,15_1_hc,2021-04-06,ddPCRclust_template_fast,"native template workflow, fast density mode",12604,12604,245,12359,0,0,0,0,0,12359,ok,NA,"{""mode"":""fast"",""numOfMarkers"":2,""multithread"":false}"
2021-04-06_SNV_P102L,P102L,G09,14-2-cb,biological_sample,14_2_cb,2021-04-06,ddPCRclust_template_fast,"native template workflow, fast density mode",14213,14213,1145,13068,0,0,0,0,0,13068,ok,NA,"{""mode"":""fast"",""numOfMarkers"":2,""multithread"":false}"
2021-04-06_SNV_P102L,P102L,H06,15-1-sn,biological_sample,15_1_sn,2021-04-06,ddPCRclust_template_fast,"native template workflow, fast density mode",13189,13165,176,12989,0,0,24,0,0,12989,ok,NA,"{""mode"":""fast"",""numOfMarkers"":2,""multithread"":false}"
2021-04-06_SNV_P102L,P102L,H09,14-2-fr,biological_sample,14_2_fr,2021-04-06,ddPCRclust_template_fast,"native template workflow, fast density mode",15379,15379,635,14744,0,0,0,0,0,14744,ok,NA,"{""mode"":""fast"",""numOfMarkers"":2,""multithread"":false}"
2021-05-10_SNV_P102L,P102L,A03,NTC,NTC,ntc,2021-05-10,ddPCRclust_template_fast,"native template workflow, fast density mode",15040,NA,NA,NA,NA,NA,NA,NA,NA,NA,failed,attempt to set 'colnames' on an object with less than two dimensions,"{""mode"":""fast"",""numOfMarkers"":2,""multithread"":false}"
2021-05-10_SNV_P102L,P102L,A06,09-100-th,biological_sample,09_100_th,2021-05-10,ddPCRclust_template_fast,"native template workflow, fast density mode",9975,9975,430,9545,0,0,0,0,0,9545,ok,NA,"{""mode"":""fast"",""numOfMarkers"":2,""multithread"":false}"
2021-05-10_SNV_P102L,P102L,A09,03-132-ce,biological_sample,03_132_ce,2021-05-10,ddPCRclust_template_fast,"native template workflow, fast density mode",15333,15333,652,14661,0,20,0,0,20,14681,ok,NA,"{""mode"":""fast"",""numOfMarkers"":2,""multithread"":false}"
2021-05-10_SNV_P102L,P102L,B03,WT,WT_control,wt,2021-05-10,ddPCRclust_template_fast,"native template workflow, fast density mode",14581,14581,4012,10569,0,0,0,0,0,10569,ok,NA,"{""mode"":""fast"",""numOfMarkers"":2,""multithread"":false}"
2021-05-10_SNV_P102L,P102L,B06,03-112-cau,biological_sample,03_112_cau,2021-05-10,ddPCRclust_template_fast,"native template workflow, fast density mode",11677,11677,584,11093,0,0,0,0,0,11093,ok,NA,"{""mode"":""fast"",""numOfMarkers"":2,""multithread"":false}"
2021-05-10_SNV_P102L,P102L,B09,03-132-fc,biological_sample,03_132_fc,2021-05-10,ddPCRclust_template_fast,"native template workflow, fast density mode",16014,16014,84,15930,0,0,0,0,0,15930,ok,NA,"{""mode"":""fast"",""numOfMarkers"":2,""multithread"":false}"
2021-05-10_SNV_P102L,P102L,C03,P102L,positive_control,p102l,2021-05-10,ddPCRclust_template_fast,"native template workflow, fast density mode",15471,15471,1893,3578,3550,6450,0,0,10000,10028,ok,NA,"{""mode"":""fast"",""numOfMarkers"":2,""multithread"":false}"
2021-05-10_SNV_P102L,P102L,C06,03-112-ce,biological_sample,03_112_ce,2021-05-10,ddPCRclust_template_fast,"native template workflow, fast density mode",14558,14529,87,14442,0,0,29,0,0,14442,ok,NA,"{""mode"":""fast"",""numOfMarkers"":2,""multithread"":false}"
2021-05-10_SNV_P102L,P102L,C09,03-132-hip,biological_sample,03_132_hip,2021-05-10,ddPCRclust_template_fast,"native template workflow, fast density mode",15608,15608,278,15330,0,0,0,0,0,15330,ok,NA,"{""mode"":""fast"",""numOfMarkers"":2,""multithread"":false}"
2021-05-10_SNV_P102L,P102L,D03,09-100-cau,biological_sample,09_100_cau,2021-05-10,ddPCRclust_template_fast,"native template workflow, fast density mode",17215,17215,1102,16113,0,0,0,0,0,16113,ok,NA,"{""mode"":""fast"",""numOfMarkers"":2,""multithread"":false}"
2021-05-10_SNV_P102L,P102L,D06,03-112-fc,biological_sample,03_112_fc,2021-05-10,ddPCRclust_template_fast,"native template workflow, fast density mode",15313,15313,330,14983,0,0,0,0,0,14983,ok,NA,"{""mode"":""fast"",""numOfMarkers"":2,""multithread"":false}"
2021-05-10_SNV_P102L,P102L,D09,03-132-mdb,biological_sample,03_132_mdb,2021-05-10,ddPCRclust_template_fast,"native template workflow, fast density mode",16813,16813,313,16500,0,0,0,0,0,16500,ok,NA,"{""mode"":""fast"",""numOfMarkers"":2,""multithread"":false}"
2021-05-10_SNV_P102L,P102L,E03,09-100-ce,biological_sample,09_100_ce,2021-05-10,ddPCRclust_template_fast,"native template workflow, fast density mode",15893,15893,2620,13273,0,0,0,0,0,13273,ok,NA,"{""mode"":""fast"",""numOfMarkers"":2,""multithread"":false}"
2021-05-10_SNV_P102L,P102L,E06,03-112-hip,biological_sample,03_112_hip,2021-05-10,ddPCRclust_template_fast,"native template workflow, fast density mode",12349,12349,272,12077,0,0,0,0,0,12077,ok,NA,"{""mode"":""fast"",""numOfMarkers"":2,""multithread"":false}"
2021-05-10_SNV_P102L,P102L,E09,03-132-th,biological_sample,03_132_th,2021-05-10,ddPCRclust_template_fast,"native template workflow, fast density mode",16520,16520,154,16366,0,0,0,0,0,16366,ok,NA,"{""mode"":""fast"",""numOfMarkers"":2,""multithread"":false}"
2021-05-10_SNV_P102L,P102L,F03,09-100-fc,biological_sample,09_100_fc,2021-05-10,ddPCRclust_template_fast,"native template workflow, fast density mode",16569,16569,278,16291,0,0,0,0,0,16291,ok,NA,"{""mode"":""fast"",""numOfMarkers"":2,""multithread"":false}"
2021-05-10_SNV_P102L,P102L,F06,03-112-mdb,biological_sample,03_112_mdb,2021-05-10,ddPCRclust_template_fast,"native template workflow, fast density mode",14923,14923,81,14842,0,0,0,0,0,14842,ok,NA,"{""mode"":""fast"",""numOfMarkers"":2,""multithread"":false}"
2021-05-10_SNV_P102L,P102L,F09,04-045-cau,biological_sample,04_045_cau,2021-05-10,ddPCRclust_template_fast,"native template workflow, fast density mode",16702,16702,65,16637,0,0,0,0,0,16637,ok,NA,"{""mode"":""fast"",""numOfMarkers"":2,""multithread"":false}"
2021-05-10_SNV_P102L,P102L,G03,09-100-hip,biological_sample,09_100_hip,2021-05-10,ddPCRclust_template_fast,"native template workflow, fast density mode",15396,15396,323,15073,0,0,0,0,0,15073,ok,NA,"{""mode"":""fast"",""numOfMarkers"":2,""multithread"":false}"
2021-05-10_SNV_P102L,P102L,G06,03-112-th,biological_sample,03_112_th,2021-05-10,ddPCRclust_template_fast,"native template workflow, fast density mode",15629,15629,137,15492,0,0,0,0,0,15492,ok,NA,"{""mode"":""fast"",""numOfMarkers"":2,""multithread"":false}"
2021-05-10_SNV_P102L,P102L,G09,04-045-ce,biological_sample,04_045_ce,2021-05-10,ddPCRclust_template_fast,"native template workflow, fast density mode",16278,16278,50,16228,0,0,0,0,0,16228,ok,NA,"{""mode"":""fast"",""numOfMarkers"":2,""multithread"":false}"
2021-05-10_SNV_P102L,P102L,H03,09-100-mdb,biological_sample,09_100_mdb,2021-05-10,ddPCRclust_template_fast,"native template workflow, fast density mode",16886,16886,384,16502,0,0,0,0,0,16502,ok,NA,"{""mode"":""fast"",""numOfMarkers"":2,""multithread"":false}"
2021-05-10_SNV_P102L,P102L,H06,03-132-cau,biological_sample,03_132_cau,2021-05-10,ddPCRclust_template_fast,"native template workflow, fast density mode",12784,12784,1728,11056,0,0,0,0,0,11056,ok,NA,"{""mode"":""fast"",""numOfMarkers"":2,""multithread"":false}"
2021-05-10_SNV_P102L,P102L,H09,04-045-fc,biological_sample,04_045_fc,2021-05-10,ddPCRclust_template_fast,"native template workflow, fast density mode",18259,18259,80,18179,0,0,0,0,0,18179,ok,NA,"{""mode"":""fast"",""numOfMarkers"":2,""multithread"":false}"
2021-05-20_SNV_P102L,P102L,A03,NTC,NTC,ntc,2021-05-20,ddPCRclust_template_fast,"native template workflow, fast density mode",17375,NA,NA,NA,NA,NA,NA,NA,NA,NA,failed,attempt to set 'colnames' on an object with less than two dimensions,"{""mode"":""fast"",""numOfMarkers"":2,""multithread"":false}"
2021-05-20_SNV_P102L,P102L,A06,04-045-hip,biological_sample,04_045_hip,2021-05-20,ddPCRclust_template_fast,"native template workflow, fast density mode",17556,17556,49,17507,0,0,0,0,0,17507,ok,NA,"{""mode"":""fast"",""numOfMarkers"":2,""multithread"":false}"
2021-05-20_SNV_P102L,P102L,A09,20-357-th,biological_sample,20_357_th,2021-05-20,ddPCRclust_template_fast,"native template workflow, fast density mode",16248,16227,329,15898,0,0,21,0,0,15898,ok,NA,"{""mode"":""fast"",""numOfMarkers"":2,""multithread"":false}"
2021-05-20_SNV_P102L,P102L,A12,929474-sn,biological_sample,929474_sn,2021-05-20,ddPCRclust_template_fast,"native template workflow, fast density mode",16877,16877,994,15883,0,0,0,0,0,15883,ok,NA,"{""mode"":""fast"",""numOfMarkers"":2,""multithread"":false}"
2021-05-20_SNV_P102L,P102L,B03,WT,WT_control,wt,2021-05-20,ddPCRclust_template_fast,"native template workflow, fast density mode",14707,14707,6509,8198,0,0,0,0,0,8198,ok,NA,"{""mode"":""fast"",""numOfMarkers"":2,""multithread"":false}"
2021-05-20_SNV_P102L,P102L,B06,04-045-mdb,biological_sample,04_045_mdb,2021-05-20,ddPCRclust_template_fast,"native template workflow, fast density mode",17007,17007,41,16966,0,0,0,0,0,16966,ok,NA,"{""mode"":""fast"",""numOfMarkers"":2,""multithread"":false}"
2021-05-20_SNV_P102L,P102L,B09,20-169-cau,biological_sample,20_169_cau,2021-05-20,ddPCRclust_template_fast,"native template workflow, fast density mode",16225,16225,424,15801,0,0,0,0,0,15801,ok,NA,"{""mode"":""fast"",""numOfMarkers"":2,""multithread"":false}"
2021-05-20_SNV_P102L,P102L,C03,P102L,positive_control,p102l,2021-05-20,ddPCRclust_template_fast,"native template workflow, fast density mode",16823,16823,2600,3955,3876,6392,0,0,10268,10347,ok,NA,"{""mode"":""fast"",""numOfMarkers"":2,""multithread"":false}"
2021-05-20_SNV_P102L,P102L,C06,04-045-th,biological_sample,04_045_th,2021-05-20,ddPCRclust_template_fast,"native template workflow, fast density mode",17339,17313,108,17205,0,0,26,0,0,17205,ok,NA,"{""mode"":""fast"",""numOfMarkers"":2,""multithread"":false}"
2021-05-20_SNV_P102L,P102L,C09,20-169-ce,biological_sample,20_169_ce,2021-05-20,ddPCRclust_template_fast,"native template workflow, fast density mode",16406,16406,269,16137,0,0,0,0,0,16137,ok,NA,"{""mode"":""fast"",""numOfMarkers"":2,""multithread"":false}"
2021-05-20_SNV_P102L,P102L,C12,13-21-th,biological_sample,13_21_th,2021-05-20,ddPCRclust_template_fast,"native template workflow, fast density mode",18322,18322,1835,16487,0,0,0,0,0,16487,ok,NA,"{""mode"":""fast"",""numOfMarkers"":2,""multithread"":false}"
2021-05-20_SNV_P102L,P102L,D03,19-082-ce,biological_sample,19_082_ce,2021-05-20,ddPCRclust_template_fast,"native template workflow, fast density mode",16025,16025,39,15986,0,0,0,0,0,15986,ok,NA,"{""mode"":""fast"",""numOfMarkers"":2,""multithread"":false}"
2021-05-20_SNV_P102L,P102L,D06,20-357-cau,biological_sample,20_357_cau,2021-05-20,ddPCRclust_template_fast,"native template workflow, fast density mode",17636,17636,3326,14310,0,0,0,0,0,14310,ok,NA,"{""mode"":""fast"",""numOfMarkers"":2,""multithread"":false}"
2021-05-20_SNV_P102L,P102L,D09,20-169-fc,biological_sample,20_169_fc,2021-05-20,ddPCRclust_template_fast,"native template workflow, fast density mode",15753,15753,292,15461,0,0,0,0,0,15461,ok,NA,"{""mode"":""fast"",""numOfMarkers"":2,""multithread"":false}"
2021-05-20_SNV_P102L,P102L,D12,18-6-th,biological_sample,18_6_th,2021-05-20,ddPCRclust_template_fast,"native template workflow, fast density mode",18089,18089,5251,12837,0,1,0,0,1,12838,ok,NA,"{""mode"":""fast"",""numOfMarkers"":2,""multithread"":false}"
2021-05-20_SNV_P102L,P102L,E03,19-082-fc,biological_sample,19_082_fc,2021-05-20,ddPCRclust_template_fast,"native template workflow, fast density mode",16671,16671,359,16312,0,0,0,0,0,16312,ok,NA,"{""mode"":""fast"",""numOfMarkers"":2,""multithread"":false}"
2021-05-20_SNV_P102L,P102L,E06,20-357-ce,biological_sample,20_357_ce,2021-05-20,ddPCRclust_template_fast,"native template workflow, fast density mode",16733,16733,801,15932,0,0,0,0,0,15932,ok,NA,"{""mode"":""fast"",""numOfMarkers"":2,""multithread"":false}"
2021-05-20_SNV_P102L,P102L,E09,20-169-hip,biological_sample,20_169_hip,2021-05-20,ddPCRclust_template_fast,"native template workflow, fast density mode",16199,16199,215,15984,0,0,0,0,0,15984,ok,NA,"{""mode"":""fast"",""numOfMarkers"":2,""multithread"":false}"
2021-05-20_SNV_P102L,P102L,E12,238501-sn,biological_sample,238501_sn,2021-05-20,ddPCRclust_template_fast,"native template workflow, fast density mode",17671,17671,690,16981,0,0,0,0,0,16981,ok,NA,"{""mode"":""fast"",""numOfMarkers"":2,""multithread"":false}"
2021-05-20_SNV_P102L,P102L,F03,19-082-hip,biological_sample,19_082_hip,2021-05-20,ddPCRclust_template_fast,"native template workflow, fast density mode",17186,17186,2382,14787,0,17,0,0,17,14804,ok,NA,"{""mode"":""fast"",""numOfMarkers"":2,""multithread"":false}"
2021-05-20_SNV_P102L,P102L,F06,20-357-fc,biological_sample,20_357_fc,2021-05-20,ddPCRclust_template_fast,"native template workflow, fast density mode",16885,16885,78,16807,0,0,0,0,0,16807,ok,NA,"{""mode"":""fast"",""numOfMarkers"":2,""multithread"":false}"
2021-05-20_SNV_P102L,P102L,F09,20-169-mdb,biological_sample,20_169_mdb,2021-05-20,ddPCRclust_template_fast,"native template workflow, fast density mode",16473,16473,320,16153,0,0,0,0,0,16153,ok,NA,"{""mode"":""fast"",""numOfMarkers"":2,""multithread"":false}"
2021-05-20_SNV_P102L,P102L,G03,19-082-mdb,biological_sample,19_082_mdb,2021-05-20,ddPCRclust_template_fast,"native template workflow, fast density mode",16756,16756,176,16580,0,0,0,0,0,16580,ok,NA,"{""mode"":""fast"",""numOfMarkers"":2,""multithread"":false}"
2021-05-20_SNV_P102L,P102L,G06,20-357-hip,biological_sample,20_357_hip,2021-05-20,ddPCRclust_template_fast,"native template workflow, fast density mode",16517,16517,310,16207,0,0,0,0,0,16207,ok,NA,"{""mode"":""fast"",""numOfMarkers"":2,""multithread"":false}"
2021-05-20_SNV_P102L,P102L,G09,20-169-th,biological_sample,20_169_th,2021-05-20,ddPCRclust_template_fast,"native template workflow, fast density mode",16320,16320,1467,14853,0,0,0,0,0,14853,ok,NA,"{""mode"":""fast"",""numOfMarkers"":2,""multithread"":false}"
2021-05-20_SNV_P102L,P102L,H03,19-082-th,biological_sample,19_082_th,2021-05-20,ddPCRclust_template_fast,"native template workflow, fast density mode",15473,15473,110,15363,0,0,0,0,0,15363,ok,NA,"{""mode"":""fast"",""numOfMarkers"":2,""multithread"":false}"
2021-05-20_SNV_P102L,P102L,H06,20-357-mdb,biological_sample,20_357_mdb,2021-05-20,ddPCRclust_template_fast,"native template workflow, fast density mode",16393,16393,19,16374,0,0,0,0,0,16374,ok,NA,"{""mode"":""fast"",""numOfMarkers"":2,""multithread"":false}"
2021-05-20_SNV_P102L,P102L,H09,19-082-cau,biological_sample,19_082_cau,2021-05-20,ddPCRclust_template_fast,"native template workflow, fast density mode",16927,16927,286,16641,0,0,0,0,0,16641,ok,NA,"{""mode"":""fast"",""numOfMarkers"":2,""multithread"":false}"
2021-10-14_SNV_P102L,P102L,A03,NTC,NTC,ntc,2021-10-14,ddPCRclust_template_fast,"native template workflow, fast density mode",14134,NA,NA,NA,NA,NA,NA,NA,NA,NA,failed,attempt to set 'colnames' on an object with less than two dimensions,"{""mode"":""fast"",""numOfMarkers"":2,""multithread"":false}"
2021-10-14_SNV_P102L,P102L,B03,WT,WT_control,wt,2021-10-14,ddPCRclust_template_fast,"native template workflow, fast density mode",14475,14475,3703,10772,0,0,0,0,0,10772,ok,NA,"{""mode"":""fast"",""numOfMarkers"":2,""multithread"":false}"
2021-10-14_SNV_P102L,P102L,C03,P102L-mut,positive_control,,2021-10-14,ddPCRclust_template_fast,"native template workflow, fast density mode",14214,14214,1864,3254,3143,5953,0,0,9096,9207,ok,NA,"{""mode"":""fast"",""numOfMarkers"":2,""multithread"":false}"
2021-10-14_SNV_P102L,P102L,D03,13-21-cb,biological_sample,13_21_cb,2021-10-14,ddPCRclust_template_fast,"native template workflow, fast density mode",14823,14823,787,14036,0,0,0,0,0,14036,ok,NA,"{""mode"":""fast"",""numOfMarkers"":2,""multithread"":false}"
2020-10-12_SNV_D178N,D178N,A01,NTC_D178N,NTC,ntc,2020-10-12,ddPCRclust_template_native,"native template workflow, full ensemble",15305,NA,NA,NA,NA,NA,NA,NA,NA,NA,failed,attempt to set 'colnames' on an object with less than two dimensions,"{""mode"":""full"",""numOfMarkers"":2,""multithread"":false}"
2020-10-12_SNV_D178N,D178N,A07,CJD15-1_fr_D178N,biological_sample,15_1_fr,2020-10-12,ddPCRclust_template_native,"native template workflow, full ensemble",17133,17133,3882,13251,0,0,0,0,0,13251,ok,NA,"{""mode"":""full"",""numOfMarkers"":2,""multithread"":false}"
2020-10-12_SNV_D178N,D178N,B01,WT_D178N,WT_control,wt,2020-10-12,ddPCRclust_template_native,"native template workflow, full ensemble",13319,13318,1219,12099,0,0,1,0,0,12099,ok,NA,"{""mode"":""full"",""numOfMarkers"":2,""multithread"":false}"
2020-10-12_SNV_D178N,D178N,B04,CJD15-27_cb_D178N,biological_sample,15_27_cb,2020-10-12,ddPCRclust_template_native,"native template workflow, full ensemble",14872,14872,5363,9509,0,0,0,0,0,9509,ok,NA,"{""mode"":""full"",""numOfMarkers"":2,""multithread"":false}"
2020-10-12_SNV_D178N,D178N,C01,Mut_D178N,positive_control,mut,2020-10-12,ddPCRclust_template_native,"native template workflow, full ensemble",15700,15700,11374,2381,1945,0,0,0,1945,2381,ok,NA,"{""mode"":""full"",""numOfMarkers"":2,""multithread"":false}"
2020-10-12_SNV_D178N,D178N,C04,CJD15-27_fr_D178N,biological_sample,15_27_fr,2020-10-12,ddPCRclust_template_native,"native template workflow, full ensemble",13022,12795,2387,10408,0,0,227,0,0,10408,ok,NA,"{""mode"":""full"",""numOfMarkers"":2,""multithread"":false}"
2020-10-15_SNV_D178N,D178N,A01,NTC_D178N,NTC,ntc,2020-10-15,ddPCRclust_template_native,"native template workflow, full ensemble",10394,NA,NA,NA,NA,NA,NA,NA,NA,NA,failed,attempt to set 'colnames' on an object with less than two dimensions,"{""mode"":""full"",""numOfMarkers"":2,""multithread"":false}"
2020-10-15_SNV_D178N,D178N,A03,CJD18-6_bg_D178N,biological_sample,18_6_bg,2020-10-15,ddPCRclust_template_native,"native template workflow, full ensemble",14022,14022,2358,11664,0,0,0,0,0,11664,ok,NA,"{""mode"":""full"",""numOfMarkers"":2,""multithread"":false}"
2020-10-15_SNV_D178N,D178N,A05,CJD18-17_bg_D178N,biological_sample,18_17_bg,2020-10-15,ddPCRclust_template_native,"native template workflow, full ensemble",11938,11938,1237,10701,0,0,0,0,0,10701,ok,NA,"{""mode"":""full"",""numOfMarkers"":2,""multithread"":false}"
2020-10-15_SNV_D178N,D178N,A07,CJD18-24_bg_D178N,biological_sample,18_24_bg,2020-10-15,ddPCRclust_template_native,"native template workflow, full ensemble",13793,11749,4041,7708,0,0,2044,0,0,7708,ok,NA,"{""mode"":""full"",""numOfMarkers"":2,""multithread"":false}"
2020-10-15_SNV_D178N,D178N,A09,CJD18-31_bg_D178N,biological_sample,18_31_bg,2020-10-15,ddPCRclust_template_native,"native template workflow, full ensemble",12762,12762,2,10172,2588,0,0,0,2588,10172,ok,NA,"{""mode"":""full"",""numOfMarkers"":2,""multithread"":false}"
2020-10-15_SNV_D178N,D178N,B01,WT_D178N,WT_control,wt,2020-10-15,ddPCRclust_template_native,"native template workflow, full ensemble",10440,10440,407,10033,0,0,0,0,0,10033,ok,NA,"{""mode"":""full"",""numOfMarkers"":2,""multithread"":false}"
2020-10-15_SNV_D178N,D178N,B03,CJD18-6_cb_D178N,biological_sample,18_6_cb,2020-10-15,ddPCRclust_template_native,"native template workflow, full ensemble",14641,14641,673,11693,2275,0,0,0,2275,11693,ok,NA,"{""mode"":""full"",""numOfMarkers"":2,""multithread"":false}"
2020-10-15_SNV_D178N,D178N,B05,CJD18-17_cb_D178N,biological_sample,18_17_cb,2020-10-15,ddPCRclust_template_native,"native template workflow, full ensemble",12393,12393,2594,9799,0,0,0,0,0,9799,ok,NA,"{""mode"":""full"",""numOfMarkers"":2,""multithread"":false}"
2020-10-15_SNV_D178N,D178N,B07,CJD18-24_cb_D178N,biological_sample,18_24_cb,2020-10-15,ddPCRclust_template_native,"native template workflow, full ensemble",13849,13849,3465,10384,0,0,0,0,0,10384,ok,NA,"{""mode"":""full"",""numOfMarkers"":2,""multithread"":false}"
2020-10-15_SNV_D178N,D178N,B09,CJD18-31_cb_D178N,biological_sample,18_31_cb,2020-10-15,ddPCRclust_template_native,"native template workflow, full ensemble",15381,15381,3217,12164,0,0,0,0,0,12164,ok,NA,"{""mode"":""full"",""numOfMarkers"":2,""multithread"":false}"
2020-10-15_SNV_D178N,D178N,C01,Mut_D178N,positive_control,mut,2020-10-15,ddPCRclust_template_native,"native template workflow, full ensemble",5827,5827,3393,1431,893,110,0,0,1003,1541,ok,NA,"{""mode"":""full"",""numOfMarkers"":2,""multithread"":false}"
2020-10-15_SNV_D178N,D178N,C03,CJD18-6_fr_D178N,biological_sample,18_6_fr,2020-10-15,ddPCRclust_template_native,"native template workflow, full ensemble",15621,15621,4223,11398,0,0,0,0,0,11398,ok,NA,"{""mode"":""full"",""numOfMarkers"":2,""multithread"":false}"
2020-10-15_SNV_D178N,D178N,C05,CJD18-17_fr_D178N,biological_sample,18_17_fr,2020-10-15,ddPCRclust_template_native,"native template workflow, full ensemble",13888,13888,2284,11604,0,0,0,0,0,11604,ok,NA,"{""mode"":""full"",""numOfMarkers"":2,""multithread"":false}"
2020-10-15_SNV_D178N,D178N,C07,CJD18-24_fr_D178N,biological_sample,18_24_fr,2020-10-15,ddPCRclust_template_native,"native template workflow, full ensemble",15049,15049,0,13323,1719,7,0,0,1726,13330,ok,NA,"{""mode"":""full"",""numOfMarkers"":2,""multithread"":false}"
2020-10-15_SNV_D178N,D178N,D03,CJD18-6_hc_D178N,biological_sample,18_6_hc,2020-10-15,ddPCRclust_template_native,"native template workflow, full ensemble",12400,12400,1950,10450,0,0,0,0,0,10450,ok,NA,"{""mode"":""full"",""numOfMarkers"":2,""multithread"":false}"
2020-10-15_SNV_D178N,D178N,D05,CJD18-17_hc_D178N,biological_sample,18_17_hc,2020-10-15,ddPCRclust_template_native,"native template workflow, full ensemble",12930,12930,2486,10444,0,0,0,0,0,10444,ok,NA,"{""mode"":""full"",""numOfMarkers"":2,""multithread"":false}"
2020-10-15_SNV_D178N,D178N,D07,CJD18-24_hc_D178N,biological_sample,18_24_hc,2020-10-15,ddPCRclust_template_native,"native template workflow, full ensemble",12035,12035,1551,10477,7,0,0,0,7,10477,ok,NA,"{""mode"":""full"",""numOfMarkers"":2,""multithread"":false}"
2020-10-15_SNV_D178N,D178N,D09,CJD18-31_hc_D178N,biological_sample,18_31_hc,2020-10-15,ddPCRclust_template_native,"native template workflow, full ensemble",10005,10005,3453,6552,0,0,0,0,0,6552,ok,NA,"{""mode"":""full"",""numOfMarkers"":2,""multithread"":false}"
2020-10-15_SNV_D178N,D178N,E03,CJD18-6_sn_D178N,biological_sample,18_6_sn,2020-10-15,ddPCRclust_template_native,"native template workflow, full ensemble",13010,13003,1974,11029,0,0,7,0,0,11029,ok,NA,"{""mode"":""full"",""numOfMarkers"":2,""multithread"":false}"
2020-10-15_SNV_D178N,D178N,E05,CJD18-17_sn_D178N,biological_sample,18_17_sn,2020-10-15,ddPCRclust_template_native,"native template workflow, full ensemble",13175,13173,2891,10282,0,0,2,0,0,10282,ok,NA,"{""mode"":""full"",""numOfMarkers"":2,""multithread"":false}"
2020-10-15_SNV_D178N,D178N,E07,CJD18-24_sn_D178N,biological_sample,18_24_sn,2020-10-15,ddPCRclust_template_native,"native template workflow, full ensemble",11173,11173,2736,8437,0,0,0,0,0,8437,ok,NA,"{""mode"":""full"",""numOfMarkers"":2,""multithread"":false}"
2020-10-15_SNV_D178N,D178N,E09,CJD18-31_sn_D178N,biological_sample,18_31_sn,2020-10-15,ddPCRclust_template_native,"native template workflow, full ensemble",11011,11011,1891,9120,0,0,0,0,0,9120,ok,NA,"{""mode"":""full"",""numOfMarkers"":2,""multithread"":false}"
2020-10-15_SNV_D178N,D178N,F03,CJD18-6_th_D178N,biological_sample,18_6_th,2020-10-15,ddPCRclust_template_native,"native template workflow, full ensemble",10976,10976,1470,9506,0,0,0,0,0,9506,ok,NA,"{""mode"":""full"",""numOfMarkers"":2,""multithread"":false}"
2020-10-15_SNV_D178N,D178N,F05,CJD18-17_th_D178N,biological_sample,18_17_th,2020-10-15,ddPCRclust_template_native,"native template workflow, full ensemble",12407,12393,1826,10567,0,0,14,0,0,10567,ok,NA,"{""mode"":""full"",""numOfMarkers"":2,""multithread"":false}"
2020-10-22_SNV_D178N,D178N,A01,NTC_E200K,NTC,ntc,2020-10-22,ddPCRclust_template_native,"native template workflow, full ensemble",14594,NA,NA,NA,NA,NA,NA,NA,NA,NA,failed,attempt to set 'colnames' on an object with less than two dimensions,"{""mode"":""full"",""numOfMarkers"":2,""multithread"":false}"
2020-10-22_SNV_D178N,D178N,A03,CJD13-21_bg_D178N,biological_sample,13_21_bg,2020-10-22,ddPCRclust_template_native,"native template workflow, full ensemble",13792,13792,1696,12096,0,0,0,0,0,12096,ok,NA,"{""mode"":""full"",""numOfMarkers"":2,""multithread"":false}"
2020-10-22_SNV_D178N,D178N,A05,CJD14-24_bg_D178N,biological_sample,14_24_bg,2020-10-22,ddPCRclust_template_native,"native template workflow, full ensemble",13917,13911,3130,10781,0,0,6,0,0,10781,ok,NA,"{""mode"":""full"",""numOfMarkers"":2,""multithread"":false}"
2020-10-22_SNV_D178N,D178N,A07,CJD20-08_bg_D178N,biological_sample,20_08_bg,2020-10-22,ddPCRclust_template_native,"native template workflow, full ensemble",14933,14933,4150,10783,0,0,0,0,0,10783,ok,NA,"{""mode"":""full"",""numOfMarkers"":2,""multithread"":false}"
2020-10-22_SNV_D178N,D178N,A09,CJD19-29_fr_D178N,biological_sample,19_29_fr,2020-10-22,ddPCRclust_template_native,"native template workflow, full ensemble",15716,15716,6394,9322,0,0,0,0,0,9322,ok,NA,"{""mode"":""full"",""numOfMarkers"":2,""multithread"":false}"
2020-10-22_SNV_D178N,D178N,B01,WT_D178N,WT_control,wt,2020-10-22,ddPCRclust_template_native,"native template workflow, full ensemble",10594,10594,2218,8376,0,0,0,0,0,8376,ok,NA,"{""mode"":""full"",""numOfMarkers"":2,""multithread"":false}"
2020-10-22_SNV_D178N,D178N,B03,CJD13-21_cb_D178N,biological_sample,13_21_cb,2020-10-22,ddPCRclust_template_native,"native template workflow, full ensemble",16247,16239,1709,14530,0,0,8,0,0,14530,ok,NA,"{""mode"":""full"",""numOfMarkers"":2,""multithread"":false}"
2020-10-22_SNV_D178N,D178N,B05,CJD14-24_cb_D178N,biological_sample,14_24_cb,2020-10-22,ddPCRclust_template_native,"native template workflow, full ensemble",13431,13415,4385,9030,0,0,16,0,0,9030,ok,NA,"{""mode"":""full"",""numOfMarkers"":2,""multithread"":false}"
2020-10-22_SNV_D178N,D178N,B07,CJD20-08_cb_D178N,biological_sample,20_08_cb,2020-10-22,ddPCRclust_template_native,"native template workflow, full ensemble",13836,13836,2736,11100,0,0,0,0,0,11100,ok,NA,"{""mode"":""full"",""numOfMarkers"":2,""multithread"":false}"
2020-10-22_SNV_D178N,D178N,C01,D178N-mut,positive_control,,2020-10-22,ddPCRclust_template_native,"native template workflow, full ensemble",15354,15354,12229,1616,1474,35,0,0,1509,1651,ok,NA,"{""mode"":""full"",""numOfMarkers"":2,""multithread"":false}"
2020-10-22_SNV_D178N,D178N,C03,CJD13-21_fr_D178N,biological_sample,13_21_fr,2020-10-22,ddPCRclust_template_native,"native template workflow, full ensemble",12568,12568,1433,11135,0,0,0,0,0,11135,ok,NA,"{""mode"":""full"",""numOfMarkers"":2,""multithread"":false}"
2020-10-22_SNV_D178N,D178N,C05,CJD14-24_fr_D178N,biological_sample,14_24_fr,2020-10-22,ddPCRclust_template_native,"native template workflow, full ensemble",15282,15282,3424,11858,0,0,0,0,0,11858,ok,NA,"{""mode"":""full"",""numOfMarkers"":2,""multithread"":false}"
2020-10-22_SNV_D178N,D178N,C07,CJD20-08_fr_D178N,biological_sample,20_08_fr,2020-10-22,ddPCRclust_template_native,"native template workflow, full ensemble",15760,15760,3484,12276,0,0,0,0,0,12276,ok,NA,"{""mode"":""full"",""numOfMarkers"":2,""multithread"":false}"
2020-10-22_SNV_D178N,D178N,D03,CJD13-21_sn_D178N,biological_sample,13_21_sn,2020-10-22,ddPCRclust_template_native,"native template workflow, full ensemble",14888,14888,2088,12800,0,0,0,0,0,12800,ok,NA,"{""mode"":""full"",""numOfMarkers"":2,""multithread"":false}"
2020-10-22_SNV_D178N,D178N,D05,CJD14-24_hc_D178N,biological_sample,14_24_hc,2020-10-22,ddPCRclust_template_native,"native template workflow, full ensemble",11561,11561,1729,9832,0,0,0,0,0,9832,ok,NA,"{""mode"":""full"",""numOfMarkers"":2,""multithread"":false}"
2020-10-22_SNV_D178N,D178N,D07,CJD20-08_sn_D178N,biological_sample,20_08_sn,2020-10-22,ddPCRclust_template_native,"native template workflow, full ensemble",14810,14471,3191,11280,0,0,339,0,0,11280,ok,NA,"{""mode"":""full"",""numOfMarkers"":2,""multithread"":false}"
2020-10-22_SNV_D178N,D178N,E03,CJD13-21_th_D178N,biological_sample,13_21_th,2020-10-22,ddPCRclust_template_native,"native template workflow, full ensemble",15117,15117,9026,6091,0,0,0,0,0,6091,ok,NA,"{""mode"":""full"",""numOfMarkers"":2,""multithread"":false}"
2020-10-22_SNV_D178N,D178N,E05,CJD14-24_sn_D178N,biological_sample,14_24_sn,2020-10-22,ddPCRclust_template_native,"native template workflow, full ensemble",14604,14604,719,13885,0,0,0,0,0,13885,ok,NA,"{""mode"":""full"",""numOfMarkers"":2,""multithread"":false}"
2020-10-22_SNV_D178N,D178N,E07,CJD20-08_th_D178N,biological_sample,20_08_th,2020-10-22,ddPCRclust_template_native,"native template workflow, full ensemble",14117,14086,4702,9384,0,0,31,0,0,9384,ok,NA,"{""mode"":""full"",""numOfMarkers"":2,""multithread"":false}"
2020-10-22_SNV_D178N,D178N,F05,CJD14-24_th_D178N,biological_sample,14_24_th,2020-10-22,ddPCRclust_template_native,"native template workflow, full ensemble",13442,13442,210,13232,0,0,0,0,0,13232,ok,NA,"{""mode"":""full"",""numOfMarkers"":2,""multithread"":false}"
2020-10-29_SNV_D178N,D178N,A01,CJD17-20_bg,biological_sample,17_20_bg,2020-10-29,ddPCRclust_template_native,"native template workflow, full ensemble",14623,14610,2298,12312,0,0,13,0,0,12312,ok,NA,"{""mode"":""full"",""numOfMarkers"":2,""multithread"":false}"
2020-10-29_SNV_D178N,D178N,A05,CJD17-31_bg,biological_sample,17_31_bg,2020-10-29,ddPCRclust_template_native,"native template workflow, full ensemble",13105,13105,1185,11920,0,0,0,0,0,11920,ok,NA,"{""mode"":""full"",""numOfMarkers"":2,""multithread"":false}"
2020-10-29_SNV_D178N,D178N,A07,CJD17-32_bg,biological_sample,17_32_bg,2020-10-29,ddPCRclust_template_native,"native template workflow, full ensemble",9128,9128,3997,5131,0,0,0,0,0,5131,ok,NA,"{""mode"":""full"",""numOfMarkers"":2,""multithread"":false}"
2020-10-29_SNV_D178N,D178N,A09,CJD18-5_bg,biological_sample,18_5_bg,2020-10-29,ddPCRclust_template_native,"native template workflow, full ensemble",12999,12999,3389,9610,0,0,0,0,0,9610,ok,NA,"{""mode"":""full"",""numOfMarkers"":2,""multithread"":false}"
2020-10-29_SNV_D178N,D178N,B01,CJD17-20_cb,biological_sample,17_20_cb,2020-10-29,ddPCRclust_template_native,"native template workflow, full ensemble",15623,15623,1714,13909,0,0,0,0,0,13909,ok,NA,"{""mode"":""full"",""numOfMarkers"":2,""multithread"":false}"
2020-10-29_SNV_D178N,D178N,B05,CJD17-31_hc,biological_sample,17_31_hc,2020-10-29,ddPCRclust_template_native,"native template workflow, full ensemble",12912,12912,742,12170,0,0,0,0,0,12170,ok,NA,"{""mode"":""full"",""numOfMarkers"":2,""multithread"":false}"
2020-10-29_SNV_D178N,D178N,B07,CJD17-32_cb,biological_sample,17_32_cb,2020-10-29,ddPCRclust_template_native,"native template workflow, full ensemble",12520,12520,5196,7324,0,0,0,0,0,7324,ok,NA,"{""mode"":""full"",""numOfMarkers"":2,""multithread"":false}"
2020-10-29_SNV_D178N,D178N,B09,CJD18-5_cb,biological_sample,18_5_cb,2020-10-29,ddPCRclust_template_native,"native template workflow, full ensemble",9194,9194,1506,7688,0,0,0,0,0,7688,ok,NA,"{""mode"":""full"",""numOfMarkers"":2,""multithread"":false}"
2020-10-29_SNV_D178N,D178N,C01,CJD17-20_fr,biological_sample,17_20_fr,2020-10-29,ddPCRclust_template_native,"native template workflow, full ensemble",15777,15777,1188,14589,0,0,0,0,0,14589,ok,NA,"{""mode"":""full"",""numOfMarkers"":2,""multithread"":false}"
2020-10-29_SNV_D178N,D178N,C05,CJD17-31_sn,biological_sample,17_31_sn,2020-10-29,ddPCRclust_template_native,"native template workflow, full ensemble",12274,12274,3360,8914,0,0,0,0,0,8914,ok,NA,"{""mode"":""full"",""numOfMarkers"":2,""multithread"":false}"
2020-10-29_SNV_D178N,D178N,C07,CJD17-32_fr,biological_sample,17_32_fr,2020-10-29,ddPCRclust_template_native,"native template workflow, full ensemble",13841,13841,5699,8142,0,0,0,0,0,8142,ok,NA,"{""mode"":""full"",""numOfMarkers"":2,""multithread"":false}"
2020-10-29_SNV_D178N,D178N,C09,CJD18-5_fr,biological_sample,18_5_fr,2020-10-29,ddPCRclust_template_native,"native template workflow, full ensemble",12757,12757,1574,11183,0,0,0,0,0,11183,ok,NA,"{""mode"":""full"",""numOfMarkers"":2,""multithread"":false}"
2020-10-29_SNV_D178N,D178N,D01,CJD17-20_sn,biological_sample,17_20_sn,2020-10-29,ddPCRclust_template_native,"native template workflow, full ensemble",17008,17008,3694,13314,0,0,0,0,0,13314,ok,NA,"{""mode"":""full"",""numOfMarkers"":2,""multithread"":false}"
2020-10-29_SNV_D178N,D178N,D05,CJD17-31_th,biological_sample,17_31_th,2020-10-29,ddPCRclust_template_native,"native template workflow, full ensemble",14061,14061,3401,10660,0,0,0,0,0,10660,ok,NA,"{""mode"":""full"",""numOfMarkers"":2,""multithread"":false}"
2020-10-29_SNV_D178N,D178N,D07,CJD17-32_hc,biological_sample,17_32_hc,2020-10-29,ddPCRclust_template_native,"native template workflow, full ensemble",13447,13447,7909,5538,0,0,0,0,0,5538,ok,NA,"{""mode"":""full"",""numOfMarkers"":2,""multithread"":false}"
2020-10-29_SNV_D178N,D178N,D09,CJD18-5_hc,biological_sample,18_5_hc,2020-10-29,ddPCRclust_template_native,"native template workflow, full ensemble",11574,11574,1625,9949,0,0,0,0,0,9949,ok,NA,"{""mode"":""full"",""numOfMarkers"":2,""multithread"":false}"
2020-10-29_SNV_D178N,D178N,E01,CJD17-20_th,biological_sample,17_20_th,2020-10-29,ddPCRclust_template_native,"native template workflow, full ensemble",11943,11943,7581,4362,0,0,0,0,0,4362,ok,NA,"{""mode"":""full"",""numOfMarkers"":2,""multithread"":false}"
2020-10-29_SNV_D178N,D178N,E03,CJD17-30_th,biological_sample,17_30_th,2020-10-29,ddPCRclust_template_native,"native template workflow, full ensemble",15368,15368,1415,13953,0,0,0,0,0,13953,ok,NA,"{""mode"":""full"",""numOfMarkers"":2,""multithread"":false}"
2020-10-29_SNV_D178N,D178N,E05,CJD18-1_bg,biological_sample,18_1_bg,2020-10-29,ddPCRclust_template_native,"native template workflow, full ensemble",13210,13210,7416,5794,0,0,0,0,0,5794,ok,NA,"{""mode"":""full"",""numOfMarkers"":2,""multithread"":false}"
2020-10-29_SNV_D178N,D178N,E07,CJD17-32_sn,biological_sample,17_32_sn,2020-10-29,ddPCRclust_template_native,"native template workflow, full ensemble",13143,13143,1497,11646,0,0,0,0,0,11646,ok,NA,"{""mode"":""full"",""numOfMarkers"":2,""multithread"":false}"
2020-10-29_SNV_D178N,D178N,E09,CJD18-5_sn,biological_sample,18_5_sn,2020-10-29,ddPCRclust_template_native,"native template workflow, full ensemble",13404,13404,2635,10769,0,0,0,0,0,10769,ok,NA,"{""mode"":""full"",""numOfMarkers"":2,""multithread"":false}"
2020-10-29_SNV_D178N,D178N,F01,NTC,NTC,ntc,2020-10-29,ddPCRclust_template_native,"native template workflow, full ensemble",15177,NA,NA,NA,NA,NA,NA,NA,NA,NA,failed,attempt to set 'colnames' on an object with less than two dimensions,"{""mode"":""full"",""numOfMarkers"":2,""multithread"":false}"
2020-10-29_SNV_D178N,D178N,F05,CJD18-1_cb,biological_sample,18_1_cb,2020-10-29,ddPCRclust_template_native,"native template workflow, full ensemble",13637,13637,5939,7698,0,0,0,0,0,7698,ok,NA,"{""mode"":""full"",""numOfMarkers"":2,""multithread"":false}"
2020-10-29_SNV_D178N,D178N,F07,CJD17-32_th,biological_sample,17_32_th,2020-10-29,ddPCRclust_template_native,"native template workflow, full ensemble",9126,9126,2135,6991,0,0,0,0,0,6991,ok,NA,"{""mode"":""full"",""numOfMarkers"":2,""multithread"":false}"
2020-10-29_SNV_D178N,D178N,G01,WT,WT_control,wt,2020-10-29,ddPCRclust_template_native,"native template workflow, full ensemble",11098,11098,251,10847,0,0,0,0,0,10847,ok,NA,"{""mode"":""full"",""numOfMarkers"":2,""multithread"":false}"
2020-10-29_SNV_D178N,D178N,G05,CJD18-1_fr,biological_sample,18_1_fr,2020-10-29,ddPCRclust_template_native,"native template workflow, full ensemble",13116,13116,2009,11107,0,0,0,0,0,11107,ok,NA,"{""mode"":""full"",""numOfMarkers"":2,""multithread"":false}"
2020-10-29_SNV_D178N,D178N,H01,D178N-mut,positive_control,,2020-10-29,ddPCRclust_template_native,"native template workflow, full ensemble",16050,16050,15059,520,471,0,0,0,471,520,ok,NA,"{""mode"":""full"",""numOfMarkers"":2,""multithread"":false}"
2020-10-29_SNV_D178N,D178N,H05,CJD18-1_hc,biological_sample,18_1_hc,2020-10-29,ddPCRclust_template_native,"native template workflow, full ensemble",12354,12354,4446,7908,0,0,0,0,0,7908,ok,NA,"{""mode"":""full"",""numOfMarkers"":2,""multithread"":false}"
2020-11-05_SNV_D178N,D178N,A01,CJD17-15_th,biological_sample,17_15_th,2020-11-05,ddPCRclust_template_native,"native template workflow, full ensemble",17302,17302,972,16330,0,0,0,0,0,16330,ok,NA,"{""mode"":""full"",""numOfMarkers"":2,""multithread"":false}"
2020-11-05_SNV_D178N,D178N,A03,CJD17-13_bg,biological_sample,17_13_bg,2020-11-05,ddPCRclust_template_native,"native template workflow, full ensemble",18564,NA,NA,NA,NA,NA,NA,NA,NA,NA,failed,attempt to set 'colnames' on an object with less than two dimensions,"{""mode"":""full"",""numOfMarkers"":2,""multithread"":false}"
2020-11-05_SNV_D178N,D178N,A05,CJD17-11_bg,biological_sample,17_11_bg,2020-11-05,ddPCRclust_template_native,"native template workflow, full ensemble",16613,16613,646,15956,0,11,0,0,11,15967,ok,NA,"{""mode"":""full"",""numOfMarkers"":2,""multithread"":false}"
2020-11-05_SNV_D178N,D178N,A07,CJD17-5_cb,biological_sample,17_5_cb,2020-11-05,ddPCRclust_template_native,"native template workflow, full ensemble",16601,NA,NA,NA,NA,NA,NA,NA,NA,NA,failed,attempt to set 'colnames' on an object with less than two dimensions,"{""mode"":""full"",""numOfMarkers"":2,""multithread"":false}"
2020-11-05_SNV_D178N,D178N,A09,CJD17-34_bg,biological_sample,17_34_bg,2020-11-05,ddPCRclust_template_native,"native template workflow, full ensemble",16009,NA,NA,NA,NA,NA,NA,NA,NA,NA,failed,attempt to set 'colnames' on an object with less than two dimensions,"{""mode"":""full"",""numOfMarkers"":2,""multithread"":false}"
2020-11-05_SNV_D178N,D178N,B03,CJD17-13_cb,biological_sample,17_13_cb,2020-11-05,ddPCRclust_template_native,"native template workflow, full ensemble",17298,NA,NA,NA,NA,NA,NA,NA,NA,NA,failed,attempt to set 'colnames' on an object with less than two dimensions,"{""mode"":""full"",""numOfMarkers"":2,""multithread"":false}"
2020-11-05_SNV_D178N,D178N,B07,CJD17-5_fr,biological_sample,17_5_fr,2020-11-05,ddPCRclust_template_native,"native template workflow, full ensemble",17242,NA,NA,NA,NA,NA,NA,NA,NA,NA,failed,attempt to set 'colnames' on an object with less than two dimensions,"{""mode"":""full"",""numOfMarkers"":2,""multithread"":false}"
2020-11-05_SNV_D178N,D178N,C03,CJD17-13_hc,biological_sample,17_13_hc,2020-11-05,ddPCRclust_template_native,"native template workflow, full ensemble",18363,NA,NA,NA,NA,NA,NA,NA,NA,NA,failed,attempt to set 'colnames' on an object with less than two dimensions,"{""mode"":""full"",""numOfMarkers"":2,""multithread"":false}"
2020-11-05_SNV_D178N,D178N,C05,CJD17-11_fr,biological_sample,17_11_fr,2020-11-05,ddPCRclust_template_native,"native template workflow, full ensemble",17461,NA,NA,NA,NA,NA,NA,NA,NA,NA,failed,attempt to set 'colnames' on an object with less than two dimensions,"{""mode"":""full"",""numOfMarkers"":2,""multithread"":false}"
2020-11-05_SNV_D178N,D178N,C07,CJD17-5_th,biological_sample,17_5_th,2020-11-05,ddPCRclust_template_native,"native template workflow, full ensemble",17555,NA,NA,NA,NA,NA,NA,NA,NA,NA,failed,attempt to set 'colnames' on an object with less than two dimensions,"{""mode"":""full"",""numOfMarkers"":2,""multithread"":false}"
2020-11-05_SNV_D178N,D178N,D03,CJD17-13_sn,biological_sample,17_13_sn,2020-11-05,ddPCRclust_template_native,"native template workflow, full ensemble",18672,NA,NA,NA,NA,NA,NA,NA,NA,NA,failed,attempt to set 'colnames' on an object with less than two dimensions,"{""mode"":""full"",""numOfMarkers"":2,""multithread"":false}"
2020-11-05_SNV_D178N,D178N,D05,CJD17-11_hc,biological_sample,17_11_hc,2020-11-05,ddPCRclust_template_native,"native template workflow, full ensemble",17453,NA,NA,NA,NA,NA,NA,NA,NA,NA,failed,attempt to set 'colnames' on an object with less than two dimensions,"{""mode"":""full"",""numOfMarkers"":2,""multithread"":false}"
2020-11-05_SNV_D178N,D178N,D07,CJD17-8_bg,biological_sample,17_8_bg,2020-11-05,ddPCRclust_template_native,"native template workflow, full ensemble",17225,NA,NA,NA,NA,NA,NA,NA,NA,NA,failed,attempt to set 'colnames' on an object with less than two dimensions,"{""mode"":""full"",""numOfMarkers"":2,""multithread"":false}"
2020-11-05_SNV_D178N,D178N,E01,CJD17-15_th,biological_sample,17_15_th,2020-11-05,ddPCRclust_template_native,"native template workflow, full ensemble",15309,NA,NA,NA,NA,NA,NA,NA,NA,NA,failed,attempt to set 'colnames' on an object with less than two dimensions,"{""mode"":""full"",""numOfMarkers"":2,""multithread"":false}"
2020-11-05_SNV_D178N,D178N,E03,CJD17-13_th,biological_sample,17_13_th,2020-11-05,ddPCRclust_template_native,"native template workflow, full ensemble",17628,17628,442,17186,0,0,0,0,0,17186,ok,NA,"{""mode"":""full"",""numOfMarkers"":2,""multithread"":false}"
2020-11-05_SNV_D178N,D178N,E05,CJD17-12_bg,biological_sample,17_12_bg,2020-11-05,ddPCRclust_template_native,"native template workflow, full ensemble",16718,NA,NA,NA,NA,NA,NA,NA,NA,NA,failed,attempt to set 'colnames' on an object with less than two dimensions,"{""mode"":""full"",""numOfMarkers"":2,""multithread"":false}"
2020-11-05_SNV_D178N,D178N,F01,NTC,NTC,ntc,2020-11-05,ddPCRclust_template_native,"native template workflow, full ensemble",15201,NA,NA,NA,NA,NA,NA,NA,NA,NA,failed,attempt to set 'colnames' on an object with less than two dimensions,"{""mode"":""full"",""numOfMarkers"":2,""multithread"":false}"
2020-11-05_SNV_D178N,D178N,F05,CJD17-12_fr,biological_sample,17_12_fr,2020-11-05,ddPCRclust_template_native,"native template workflow, full ensemble",16679,16679,375,16295,9,0,0,0,9,16295,ok,NA,"{""mode"":""full"",""numOfMarkers"":2,""multithread"":false}"
2020-11-05_SNV_D178N,D178N,G01,WT,WT_control,wt,2020-11-05,ddPCRclust_template_native,"native template workflow, full ensemble",16106,16106,464,15642,0,0,0,0,0,15642,ok,NA,"{""mode"":""full"",""numOfMarkers"":2,""multithread"":false}"
2020-11-05_SNV_D178N,D178N,G05,CJD17-12_sn,biological_sample,17_12_sn,2020-11-05,ddPCRclust_template_native,"native template workflow, full ensemble",17471,NA,NA,NA,NA,NA,NA,NA,NA,NA,failed,attempt to set 'colnames' on an object with less than two dimensions,"{""mode"":""full"",""numOfMarkers"":2,""multithread"":false}"
2020-11-05_SNV_D178N,D178N,H01,D178N-mut,positive_control,,2020-11-05,ddPCRclust_template_native,"native template workflow, full ensemble",16195,16195,14072,1095,1026,2,0,0,1028,1097,ok,NA,"{""mode"":""full"",""numOfMarkers"":2,""multithread"":false}"
2020-11-24_SNV_D178N,D178N,A03,CJD17-32_bg_D178N,biological_sample,17_32_bg,2020-11-24,ddPCRclust_template_native,"native template workflow, full ensemble",16147,16147,510,15637,0,0,0,0,0,15637,ok,NA,"{""mode"":""full"",""numOfMarkers"":2,""multithread"":false}"
2020-11-24_SNV_D178N,D178N,B01,CJD17-30_fr_D178N,biological_sample,17_30_fr,2020-11-24,ddPCRclust_template_native,"native template workflow, full ensemble",15706,15703,498,15205,0,0,3,0,0,15205,ok,NA,"{""mode"":""full"",""numOfMarkers"":2,""multithread"":false}"
2020-11-24_SNV_D178N,D178N,B03,CJD17-32_th_D178N,biological_sample,17_32_th,2020-11-24,ddPCRclust_template_native,"native template workflow, full ensemble",15183,15183,953,14230,0,0,0,0,0,14230,ok,NA,"{""mode"":""full"",""numOfMarkers"":2,""multithread"":false}"
2020-11-24_SNV_D178N,D178N,B05,CJD17-15_cb_D178N,biological_sample,17_15_cb,2020-11-24,ddPCRclust_template_native,"native template workflow, full ensemble",15887,NA,NA,NA,NA,NA,NA,NA,NA,NA,failed,attempt to set 'colnames' on an object with less than two dimensions,"{""mode"":""full"",""numOfMarkers"":2,""multithread"":false}"
2020-11-24_SNV_D178N,D178N,B07,CJD18-5_cb_D178N,biological_sample,18_5_cb,2020-11-24,ddPCRclust_template_native,"native template workflow, full ensemble",17289,NA,NA,NA,NA,NA,NA,NA,NA,NA,failed,attempt to set 'colnames' on an object with less than two dimensions,"{""mode"":""full"",""numOfMarkers"":2,""multithread"":false}"
2020-11-24_SNV_D178N,D178N,C01,CJD17-30_hc_D178N,biological_sample,17_30_hc,2020-11-24,ddPCRclust_template_native,"native template workflow, full ensemble",16003,16003,4285,11718,0,0,0,0,0,11718,ok,NA,"{""mode"":""full"",""numOfMarkers"":2,""multithread"":false}"
2020-11-24_SNV_D178N,D178N,C09,CJD17-34_fr_D178N,biological_sample,17_34_fr,2020-11-24,ddPCRclust_template_native,"native template workflow, full ensemble",16907,16907,247,16660,0,0,0,0,0,16660,ok,NA,"{""mode"":""full"",""numOfMarkers"":2,""multithread"":false}"
2020-11-24_SNV_D178N,D178N,D01,CJD17-30_sn_D178N,biological_sample,17_30_sn,2020-11-24,ddPCRclust_template_native,"native template workflow, full ensemble",15925,15925,1235,14690,0,0,0,0,0,14690,ok,NA,"{""mode"":""full"",""numOfMarkers"":2,""multithread"":false}"
2020-11-24_SNV_D178N,D178N,F01,NTC_D178N,NTC,ntc,2020-11-24,ddPCRclust_template_native,"native template workflow, full ensemble",15912,NA,NA,NA,NA,NA,NA,NA,NA,NA,failed,attempt to set 'colnames' on an object with less than two dimensions,"{""mode"":""full"",""numOfMarkers"":2,""multithread"":false}"
2020-11-24_SNV_D178N,D178N,G01,WT_D178N,WT_control,wt,2020-11-24,ddPCRclust_template_native,"native template workflow, full ensemble",16269,16269,2533,13736,0,0,0,0,0,13736,ok,NA,"{""mode"":""full"",""numOfMarkers"":2,""multithread"":false}"
2020-11-24_SNV_D178N,D178N,H01,D178N_mut,positive_control,,2020-11-24,ddPCRclust_template_native,"native template workflow, full ensemble",15831,15831,12126,1692,1782,231,0,0,2013,1923,ok,NA,"{""mode"":""full"",""numOfMarkers"":2,""multithread"":false}"
2021-01-26_SNV_D178N,D178N,A01,NTC,NTC,ntc,2021-01-26,ddPCRclust_template_native,"native template workflow, full ensemble",13301,NA,NA,NA,NA,NA,NA,NA,NA,NA,failed,attempt to set 'colnames' on an object with less than two dimensions,"{""mode"":""full"",""numOfMarkers"":2,""multithread"":false}"
2021-01-26_SNV_D178N,D178N,A04,924486-th,biological_sample,924486_th,2021-01-26,ddPCRclust_template_native,"native template workflow, full ensemble",12968,12968,1304,11664,0,0,0,0,0,11664,ok,NA,"{""mode"":""full"",""numOfMarkers"":2,""multithread"":false}"
2021-01-26_SNV_D178N,D178N,B01,D178N-mut,positive_control,,2021-01-26,ddPCRclust_template_native,"native template workflow, full ensemble",14358,14358,10945,1577,1836,0,0,0,1836,1577,ok,NA,"{""mode"":""full"",""numOfMarkers"":2,""multithread"":false}"
2021-01-26_SNV_D178N,D178N,B04,953891-bg,biological_sample,953891_bg,2021-01-26,ddPCRclust_template_native,"native template workflow, full ensemble",12706,12706,821,11885,0,0,0,0,0,11885,ok,NA,"{""mode"":""full"",""numOfMarkers"":2,""multithread"":false}"
2021-01-26_SNV_D178N,D178N,B07,955427-cb,biological_sample,955427_cb,2021-01-26,ddPCRclust_template_native,"native template workflow, full ensemble",17060,17060,580,16480,0,0,0,0,0,16480,ok,NA,"{""mode"":""full"",""numOfMarkers"":2,""multithread"":false}"
2021-01-26_SNV_D178N,D178N,C01,WT,WT_control,wt,2021-01-26,ddPCRclust_template_native,"native template workflow, full ensemble",11997,11997,2493,9504,0,0,0,0,0,9504,ok,NA,"{""mode"":""full"",""numOfMarkers"":2,""multithread"":false}"
2021-01-26_SNV_D178N,D178N,C04,953891-cb,biological_sample,953891_cb,2021-01-26,ddPCRclust_template_native,"native template workflow, full ensemble",12944,12944,519,12425,0,0,0,0,0,12425,ok,NA,"{""mode"":""full"",""numOfMarkers"":2,""multithread"":false}"
2021-01-26_SNV_D178N,D178N,C07,955427-fr,biological_sample,955427_fr,2021-01-26,ddPCRclust_template_native,"native template workflow, full ensemble",16294,16294,982,15312,0,0,0,0,0,15312,ok,NA,"{""mode"":""full"",""numOfMarkers"":2,""multithread"":false}"
2021-01-26_SNV_D178N,D178N,D01,924486-bg,biological_sample,924486_bg,2021-01-26,ddPCRclust_template_native,"native template workflow, full ensemble",13959,13959,1687,12272,0,0,0,0,0,12272,ok,NA,"{""mode"":""full"",""numOfMarkers"":2,""multithread"":false}"
2021-01-26_SNV_D178N,D178N,D04,953891-fr,biological_sample,953891_fr,2021-01-26,ddPCRclust_template_native,"native template workflow, full ensemble",15213,15213,1143,14070,0,0,0,0,0,14070,ok,NA,"{""mode"":""full"",""numOfMarkers"":2,""multithread"":false}"
2021-01-26_SNV_D178N,D178N,D07,955427-hc,biological_sample,955427_hc,2021-01-26,ddPCRclust_template_native,"native template workflow, full ensemble",15583,15583,257,15326,0,0,0,0,0,15326,ok,NA,"{""mode"":""full"",""numOfMarkers"":2,""multithread"":false}"
2021-01-26_SNV_D178N,D178N,E01,924486-cb,biological_sample,924486_cb,2021-01-26,ddPCRclust_template_native,"native template workflow, full ensemble",13533,13533,1320,12213,0,0,0,0,0,12213,ok,NA,"{""mode"":""full"",""numOfMarkers"":2,""multithread"":false}"
2021-01-26_SNV_D178N,D178N,E04,953891-hc,biological_sample,953891_hc,2021-01-26,ddPCRclust_template_native,"native template workflow, full ensemble",13105,13105,2580,10525,0,0,0,0,0,10525,ok,NA,"{""mode"":""full"",""numOfMarkers"":2,""multithread"":false}"
2021-01-26_SNV_D178N,D178N,E07,955427-sn,biological_sample,955427_sn,2021-01-26,ddPCRclust_template_native,"native template workflow, full ensemble",15660,NA,NA,NA,NA,NA,NA,NA,NA,NA,failed,attempt to set 'colnames' on an object with less than two dimensions,"{""mode"":""full"",""numOfMarkers"":2,""multithread"":false}"
2021-01-26_SNV_D178N,D178N,F01,924486-fr,biological_sample,924486_fr,2021-01-26,ddPCRclust_template_native,"native template workflow, full ensemble",14297,14297,834,13462,0,1,0,0,1,13463,ok,NA,"{""mode"":""full"",""numOfMarkers"":2,""multithread"":false}"
2021-01-26_SNV_D178N,D178N,F04,953891-sn,biological_sample,953891_sn,2021-01-26,ddPCRclust_template_native,"native template workflow, full ensemble",13036,13036,351,12685,0,0,0,0,0,12685,ok,NA,"{""mode"":""full"",""numOfMarkers"":2,""multithread"":false}"
2021-01-26_SNV_D178N,D178N,F07,955427-th,biological_sample,955427_th,2021-01-26,ddPCRclust_template_native,"native template workflow, full ensemble",17752,17752,607,17145,0,0,0,0,0,17145,ok,NA,"{""mode"":""full"",""numOfMarkers"":2,""multithread"":false}"
2021-01-26_SNV_D178N,D178N,G01,924486-hc,biological_sample,924486_hc,2021-01-26,ddPCRclust_template_native,"native template workflow, full ensemble",14515,14515,2234,12281,0,0,0,0,0,12281,ok,NA,"{""mode"":""full"",""numOfMarkers"":2,""multithread"":false}"
2021-01-26_SNV_D178N,D178N,G04,953891-th,biological_sample,953891_th,2021-01-26,ddPCRclust_template_native,"native template workflow, full ensemble",13873,13873,659,13214,0,0,0,0,0,13214,ok,NA,"{""mode"":""full"",""numOfMarkers"":2,""multithread"":false}"
2021-01-26_SNV_D178N,D178N,G07,929474-bg,biological_sample,929474_bg,2021-01-26,ddPCRclust_template_native,"native template workflow, full ensemble",17599,17599,287,17312,0,0,0,0,0,17312,ok,NA,"{""mode"":""full"",""numOfMarkers"":2,""multithread"":false}"
2021-01-26_SNV_D178N,D178N,H01,924486-sn,biological_sample,924486_sn,2021-01-26,ddPCRclust_template_native,"native template workflow, full ensemble",15255,15255,1281,13974,0,0,0,0,0,13974,ok,NA,"{""mode"":""full"",""numOfMarkers"":2,""multithread"":false}"
2021-01-26_SNV_D178N,D178N,H04,18-5-th,biological_sample,18_5_th,2021-01-26,ddPCRclust_template_native,"native template workflow, full ensemble",15610,15610,2137,13473,0,0,0,0,0,13473,ok,NA,"{""mode"":""full"",""numOfMarkers"":2,""multithread"":false}"
2021-01-26_SNV_D178N,D178N,H07,929474-cb,biological_sample,929474_cb,2021-01-26,ddPCRclust_template_native,"native template workflow, full ensemble",16041,16041,442,15599,0,0,0,0,0,15599,ok,NA,"{""mode"":""full"",""numOfMarkers"":2,""multithread"":false}"
2021-02-17_SNV_D178N,D178N,A01,NTC,NTC,ntc,2021-02-17,ddPCRclust_template_native,"native template workflow, full ensemble",13342,NA,NA,NA,NA,NA,NA,NA,NA,NA,failed,attempt to set 'colnames' on an object with less than two dimensions,"{""mode"":""full"",""numOfMarkers"":2,""multithread"":false}"
2021-02-17_SNV_D178N,D178N,A04,CJD-933892-hc,biological_sample,933892_hc,2021-02-17,ddPCRclust_template_native,"native template workflow, full ensemble",16784,16784,453,16331,0,0,0,0,0,16331,ok,NA,"{""mode"":""full"",""numOfMarkers"":2,""multithread"":false}"
2021-02-17_SNV_D178N,D178N,A07,D178N-mut,positive_control,,2021-02-17,ddPCRclust_template_native,"native template workflow, full ensemble",19272,19272,13037,5530,705,0,0,0,705,5530,ok,NA,"{""mode"":""full"",""numOfMarkers"":2,""multithread"":false}"
2021-02-17_SNV_D178N,D178N,B01,WT,WT_control,wt,2021-02-17,ddPCRclust_template_native,"native template workflow, full ensemble",13010,13010,815,12195,0,0,0,0,0,12195,ok,NA,"{""mode"":""full"",""numOfMarkers"":2,""multithread"":false}"
2021-02-17_SNV_D178N,D178N,B04,CJD-933892-sn,biological_sample,933892_sn,2021-02-17,ddPCRclust_template_native,"native template workflow, full ensemble",16451,NA,NA,NA,NA,NA,NA,NA,NA,NA,failed,attempt to set 'colnames' on an object with less than two dimensions,"{""mode"":""full"",""numOfMarkers"":2,""multithread"":false}"
2021-02-17_SNV_D178N,D178N,B07,CJD-18-24-th,biological_sample,18_24_th,2021-02-17,ddPCRclust_template_native,"native template workflow, full ensemble",17707,17707,396,17311,0,0,0,0,0,17311,ok,NA,"{""mode"":""full"",""numOfMarkers"":2,""multithread"":false}"
2021-02-17_SNV_D178N,D178N,C01,CJD-943497-hc,biological_sample,943497_hc,2021-02-17,ddPCRclust_template_native,"native template workflow, full ensemble",13542,13526,317,13209,0,0,16,0,0,13209,ok,NA,"{""mode"":""full"",""numOfMarkers"":2,""multithread"":false}"
2021-02-17_SNV_D178N,D178N,C04,CJD-933892-th,biological_sample,933892_th,2021-02-17,ddPCRclust_template_native,"native template workflow, full ensemble",15113,NA,NA,NA,NA,NA,NA,NA,NA,NA,failed,attempt to set 'colnames' on an object with less than two dimensions,"{""mode"":""full"",""numOfMarkers"":2,""multithread"":false}"
2021-02-17_SNV_D178N,D178N,C07,CJD-955427-bg,biological_sample,955427_bg,2021-02-17,ddPCRclust_template_native,"native template workflow, full ensemble",17261,17261,1604,15657,0,0,0,0,0,15657,ok,NA,"{""mode"":""full"",""numOfMarkers"":2,""multithread"":false}"
2021-02-17_SNV_D178N,D178N,D01,CJD-943497-sn,biological_sample,943497_sn,2021-02-17,ddPCRclust_template_native,"native template workflow, full ensemble",12743,NA,NA,NA,NA,NA,NA,NA,NA,NA,failed,attempt to set 'colnames' on an object with less than two dimensions,"{""mode"":""full"",""numOfMarkers"":2,""multithread"":false}"
2021-02-17_SNV_D178N,D178N,E01,CJD-943497-th,biological_sample,943497_th,2021-02-17,ddPCRclust_template_native,"native template workflow, full ensemble",12983,12983,1172,11806,0,5,0,0,5,11811,ok,NA,"{""mode"":""full"",""numOfMarkers"":2,""multithread"":false}"
2021-02-17_SNV_D178N,D178N,E04,CJD-18-31-th,biological_sample,18_31_th,2021-02-17,ddPCRclust_template_native,"native template workflow, full ensemble",16204,16204,1833,14371,0,0,0,0,0,14371,ok,NA,"{""mode"":""full"",""numOfMarkers"":2,""multithread"":false}"
2021-02-17_SNV_D178N,D178N,F04,CJD-17-30-bg,biological_sample,17_30_bg,2021-02-17,ddPCRclust_template_native,"native template workflow, full ensemble",15831,NA,NA,NA,NA,NA,NA,NA,NA,NA,failed,attempt to set 'colnames' on an object with less than two dimensions,"{""mode"":""full"",""numOfMarkers"":2,""multithread"":false}"
2021-02-17_SNV_D178N,D178N,G01,CJD-933892-cb,biological_sample,933892_cb,2021-02-17,ddPCRclust_template_native,"native template workflow, full ensemble",12525,12525,628,11897,0,0,0,0,0,11897,ok,NA,"{""mode"":""full"",""numOfMarkers"":2,""multithread"":false}"
2021-02-17_SNV_D178N,D178N,G04,CJD-17-30-cb,biological_sample,17_30_cb,2021-02-17,ddPCRclust_template_native,"native template workflow, full ensemble",16218,NA,NA,NA,NA,NA,NA,NA,NA,NA,failed,attempt to set 'colnames' on an object with less than two dimensions,"{""mode"":""full"",""numOfMarkers"":2,""multithread"":false}"
2021-02-17_SNV_D178N,D178N,H01,CJD-933892-fr,biological_sample,933892_fr,2021-02-17,ddPCRclust_template_native,"native template workflow, full ensemble",11727,11727,229,11498,0,0,0,0,0,11498,ok,NA,"{""mode"":""full"",""numOfMarkers"":2,""multithread"":false}"
2021-02-17_SNV_D178N,D178N,H04,CJD-17-31-cb,biological_sample,17_31_cb,2021-02-17,ddPCRclust_template_native,"native template workflow, full ensemble",16219,16219,1678,14541,0,0,0,0,0,14541,ok,NA,"{""mode"":""full"",""numOfMarkers"":2,""multithread"":false}"
2021-03-29_SNV_D178N,D178N,A01,NTC,NTC,ntc,2021-03-29,ddPCRclust_template_native,"native template workflow, full ensemble",13056,13056,13056,0,0,0,0,0,0,0,ok,NA,"{""mode"":""full"",""numOfMarkers"":2,""multithread"":false}"
2021-03-29_SNV_D178N,D178N,A04,17-11-sn,biological_sample,17_11_sn,2021-03-29,ddPCRclust_template_native,"native template workflow, full ensemble",16713,NA,NA,NA,NA,NA,NA,NA,NA,NA,failed,attempt to set 'colnames' on an object with less than two dimensions,"{""mode"":""full"",""numOfMarkers"":2,""multithread"":false}"
2021-03-29_SNV_D178N,D178N,A07,17-8-sn,biological_sample,17_8_sn,2021-03-29,ddPCRclust_template_native,"native template workflow, full ensemble",15353,15353,282,15071,0,0,0,0,0,15071,ok,NA,"{""mode"":""full"",""numOfMarkers"":2,""multithread"":false}"
2021-03-29_SNV_D178N,D178N,B01,WT,WT_control,wt,2021-03-29,ddPCRclust_template_native,"native template workflow, full ensemble",13984,13984,1885,12099,0,0,0,0,0,12099,ok,NA,"{""mode"":""full"",""numOfMarkers"":2,""multithread"":false}"
2021-03-29_SNV_D178N,D178N,B04,17-11-th,biological_sample,17_11_th,2021-03-29,ddPCRclust_template_native,"native template workflow, full ensemble",15499,NA,NA,NA,NA,NA,NA,NA,NA,NA,failed,attempt to set 'colnames' on an object with less than two dimensions,"{""mode"":""full"",""numOfMarkers"":2,""multithread"":false}"
2021-03-29_SNV_D178N,D178N,C01,D178N,positive_control,d178n,2021-03-29,ddPCRclust_template_native,"native template workflow, full ensemble",14485,14485,6772,6877,836,0,0,0,836,6877,ok,NA,"{""mode"":""full"",""numOfMarkers"":2,""multithread"":false}"
2021-03-29_SNV_D178N,D178N,C04,17-12-cb,biological_sample,17_12_cb,2021-03-29,ddPCRclust_template_native,"native template workflow, full ensemble",12549,12549,79,12470,0,0,0,0,0,12470,ok,NA,"{""mode"":""full"",""numOfMarkers"":2,""multithread"":false}"
2021-03-29_SNV_D178N,D178N,C07,17-34-bg,biological_sample,17_34_bg,2021-03-29,ddPCRclust_template_native,"native template workflow, full ensemble",16761,16761,417,16344,0,0,0,0,0,16344,ok,NA,"{""mode"":""full"",""numOfMarkers"":2,""multithread"":false}"
2021-03-29_SNV_D178N,D178N,D01,17-31-fr,biological_sample,17_31_fr,2021-03-29,ddPCRclust_template_native,"native template workflow, full ensemble",14631,14628,1010,13618,0,0,3,0,0,13618,ok,NA,"{""mode"":""full"",""numOfMarkers"":2,""multithread"":false}"
2021-03-29_SNV_D178N,D178N,D04,17-12-hc,biological_sample,17_12_hc,2021-03-29,ddPCRclust_template_native,"native template workflow, full ensemble",17304,17304,543,16761,0,0,0,0,0,16761,ok,NA,"{""mode"":""full"",""numOfMarkers"":2,""multithread"":false}"
2021-03-29_SNV_D178N,D178N,D07,17-34-hc,biological_sample,17_34_hc,2021-03-29,ddPCRclust_template_native,"native template workflow, full ensemble",17087,NA,NA,NA,NA,NA,NA,NA,NA,NA,failed,attempt to set 'colnames' on an object with less than two dimensions,"{""mode"":""full"",""numOfMarkers"":2,""multithread"":false}"
2021-03-29_SNV_D178N,D178N,E01,18-1-sn,biological_sample,18_1_sn,2021-03-29,ddPCRclust_template_native,"native template workflow, full ensemble",15297,NA,NA,NA,NA,NA,NA,NA,NA,NA,failed,attempt to set 'colnames' on an object with less than two dimensions,"{""mode"":""full"",""numOfMarkers"":2,""multithread"":false}"
2021-03-29_SNV_D178N,D178N,E04,17-5-bg,biological_sample,17_5_bg,2021-03-29,ddPCRclust_template_native,"native template workflow, full ensemble",15184,15184,631,14553,0,0,0,0,0,14553,ok,NA,"{""mode"":""full"",""numOfMarkers"":2,""multithread"":false}"
2021-03-29_SNV_D178N,D178N,E07,929474-th,biological_sample,929474_th,2021-03-29,ddPCRclust_template_native,"native template workflow, full ensemble",16809,NA,NA,NA,NA,NA,NA,NA,NA,NA,failed,attempt to set 'colnames' on an object with less than two dimensions,"{""mode"":""full"",""numOfMarkers"":2,""multithread"":false}"
2021-03-29_SNV_D178N,D178N,F01,18-1-th,biological_sample,18_1_th,2021-03-29,ddPCRclust_template_native,"native template workflow, full ensemble",14693,NA,NA,NA,NA,NA,NA,NA,NA,NA,failed,attempt to set 'colnames' on an object with less than two dimensions,"{""mode"":""full"",""numOfMarkers"":2,""multithread"":false}"
2021-03-29_SNV_D178N,D178N,F04,17-5-hc,biological_sample,17_5_hc,2021-03-29,ddPCRclust_template_native,"native template workflow, full ensemble",17022,NA,NA,NA,NA,NA,NA,NA,NA,NA,failed,attempt to set 'colnames' on an object with less than two dimensions,"{""mode"":""full"",""numOfMarkers"":2,""multithread"":false}"
2021-03-29_SNV_D178N,D178N,F07,14-2-bg,biological_sample,14_2_bg,2021-03-29,ddPCRclust_template_native,"native template workflow, full ensemble",15870,NA,NA,NA,NA,NA,NA,NA,NA,NA,failed,attempt to set 'colnames' on an object with less than two dimensions,"{""mode"":""full"",""numOfMarkers"":2,""multithread"":false}"
2021-03-29_SNV_D178N,D178N,G01,17-13-fr,biological_sample,17_13_fr,2021-03-29,ddPCRclust_template_native,"native template workflow, full ensemble",14891,14891,353,14538,0,0,0,0,0,14538,ok,NA,"{""mode"":""full"",""numOfMarkers"":2,""multithread"":false}"
2021-03-29_SNV_D178N,D178N,G04,17-5-sn,biological_sample,17_5_sn,2021-03-29,ddPCRclust_template_native,"native template workflow, full ensemble",16772,16768,685,16083,0,0,4,0,0,16083,ok,NA,"{""mode"":""full"",""numOfMarkers"":2,""multithread"":false}"
2021-03-29_SNV_D178N,D178N,G07,14-2-cb,biological_sample,14_2_cb,2021-03-29,ddPCRclust_template_native,"native template workflow, full ensemble",14291,NA,NA,NA,NA,NA,NA,NA,NA,NA,failed,attempt to set 'colnames' on an object with less than two dimensions,"{""mode"":""full"",""numOfMarkers"":2,""multithread"":false}"
2021-03-29_SNV_D178N,D178N,H01,17-13-th,biological_sample,17_13_th,2021-03-29,ddPCRclust_template_native,"native template workflow, full ensemble",15941,15941,484,15457,0,0,0,0,0,15457,ok,NA,"{""mode"":""full"",""numOfMarkers"":2,""multithread"":false}"
2021-03-29_SNV_D178N,D178N,H04,17-8-hc,biological_sample,17_8_hc,2021-03-29,ddPCRclust_template_native,"native template workflow, full ensemble",16456,NA,NA,NA,NA,NA,NA,NA,NA,NA,failed,attempt to set 'colnames' on an object with less than two dimensions,"{""mode"":""full"",""numOfMarkers"":2,""multithread"":false}"
2021-03-29_SNV_D178N,D178N,H07,14-2-fr,biological_sample,14_2_fr,2021-03-29,ddPCRclust_template_native,"native template workflow, full ensemble",17779,17779,450,17329,0,0,0,0,0,17329,ok,NA,"{""mode"":""full"",""numOfMarkers"":2,""multithread"":false}"
2021-04-06_SNV_D178N,D178N,A01,NTC,NTC,ntc,2021-04-06,ddPCRclust_template_native,"native template workflow, full ensemble",16349,NA,NA,NA,NA,NA,NA,NA,NA,NA,failed,attempt to set 'colnames' on an object with less than two dimensions,"{""mode"":""full"",""numOfMarkers"":2,""multithread"":false}"
2021-04-06_SNV_D178N,D178N,A04,20-08-hc,biological_sample,20_08_hc,2021-04-06,ddPCRclust_template_native,"native template workflow, full ensemble",12446,NA,NA,NA,NA,NA,NA,NA,NA,NA,failed,attempt to set 'colnames' on an object with less than two dimensions,"{""mode"":""full"",""numOfMarkers"":2,""multithread"":false}"
2021-04-06_SNV_D178N,D178N,A07,14-2-hc,biological_sample,14_2_hc,2021-04-06,ddPCRclust_template_native,"native template workflow, full ensemble",14630,NA,NA,NA,NA,NA,NA,NA,NA,NA,failed,attempt to set 'colnames' on an object with less than two dimensions,"{""mode"":""full"",""numOfMarkers"":2,""multithread"":false}"
2021-04-06_SNV_D178N,D178N,B01,WT,WT_control,wt,2021-04-06,ddPCRclust_template_native,"native template workflow, full ensemble",16299,NA,NA,NA,NA,NA,NA,NA,NA,NA,failed,attempt to set 'colnames' on an object with less than two dimensions,"{""mode"":""full"",""numOfMarkers"":2,""multithread"":false}"
2021-04-06_SNV_D178N,D178N,B04,20-08-th,biological_sample,20_08_th,2021-04-06,ddPCRclust_template_native,"native template workflow, full ensemble",11635,NA,NA,NA,NA,NA,NA,NA,NA,NA,failed,attempt to set 'colnames' on an object with less than two dimensions,"{""mode"":""full"",""numOfMarkers"":2,""multithread"":false}"
2021-04-06_SNV_D178N,D178N,B07,14-2-sn,biological_sample,14_2_sn,2021-04-06,ddPCRclust_template_native,"native template workflow, full ensemble",13770,NA,NA,NA,NA,NA,NA,NA,NA,NA,failed,attempt to set 'colnames' on an object with less than two dimensions,"{""mode"":""full"",""numOfMarkers"":2,""multithread"":false}"
2021-04-06_SNV_D178N,D178N,C01,D178N,positive_control,d178n,2021-04-06,ddPCRclust_template_native,"native template workflow, full ensemble",17175,17175,4945,5381,4154,2695,0,0,6849,8076,ok,NA,"{""mode"":""full"",""numOfMarkers"":2,""multithread"":false}"
2021-04-06_SNV_D178N,D178N,C04,15-27-bg,biological_sample,15_27_bg,2021-04-06,ddPCRclust_template_native,"native template workflow, full ensemble",10788,10788,243,10545,0,0,0,0,0,10545,ok,NA,"{""mode"":""full"",""numOfMarkers"":2,""multithread"":false}"
2021-04-06_SNV_D178N,D178N,C07,14-2-th,biological_sample,14_2_th,2021-04-06,ddPCRclust_template_native,"native template workflow, full ensemble",15964,NA,NA,NA,NA,NA,NA,NA,NA,NA,failed,attempt to set 'colnames' on an object with less than two dimensions,"{""mode"":""full"",""numOfMarkers"":2,""multithread"":false}"
2021-04-06_SNV_D178N,D178N,D01,17-20-hc,biological_sample,17_20_hc,2021-04-06,ddPCRclust_template_native,"native template workflow, full ensemble",15420,NA,NA,NA,NA,NA,NA,NA,NA,NA,failed,attempt to set 'colnames' on an object with less than two dimensions,"{""mode"":""full"",""numOfMarkers"":2,""multithread"":false}"
2021-04-06_SNV_D178N,D178N,D04,15-27-cb,biological_sample,15_27_cb,2021-04-06,ddPCRclust_template_native,"native template workflow, full ensemble",12890,12890,425,12458,0,7,0,0,7,12465,ok,NA,"{""mode"":""full"",""numOfMarkers"":2,""multithread"":false}"
2021-04-06_SNV_D178N,D178N,D07,15-6-bg,biological_sample,15_6_bg,2021-04-06,ddPCRclust_template_native,"native template workflow, full ensemble",14604,NA,NA,NA,NA,NA,NA,NA,NA,NA,failed,attempt to set 'colnames' on an object with less than two dimensions,"{""mode"":""full"",""numOfMarkers"":2,""multithread"":false}"
2021-04-06_SNV_D178N,D178N,E01,15-6-th,biological_sample,15_6_th,2021-04-06,ddPCRclust_template_native,"native template workflow, full ensemble",14025,NA,NA,NA,NA,NA,NA,NA,NA,NA,failed,attempt to set 'colnames' on an object with less than two dimensions,"{""mode"":""full"",""numOfMarkers"":2,""multithread"":false}"
2021-04-06_SNV_D178N,D178N,E04,15-27-pons,biological_sample,15_27_ps,2021-04-06,ddPCRclust_template_native,"native template workflow, full ensemble",11831,NA,NA,NA,NA,NA,NA,NA,NA,NA,failed,attempt to set 'colnames' on an object with less than two dimensions,"{""mode"":""full"",""numOfMarkers"":2,""multithread"":false}"
2021-04-06_SNV_D178N,D178N,E07,15-6-cb,biological_sample,15_6_cb,2021-04-06,ddPCRclust_template_native,"native template workflow, full ensemble",13655,NA,NA,NA,NA,NA,NA,NA,NA,NA,failed,attempt to set 'colnames' on an object with less than two dimensions,"{""mode"":""full"",""numOfMarkers"":2,""multithread"":false}"
2021-04-06_SNV_D178N,D178N,F01,17-8-th,biological_sample,17_8_th,2021-04-06,ddPCRclust_template_native,"native template workflow, full ensemble",15803,NA,NA,NA,NA,NA,NA,NA,NA,NA,failed,attempt to set 'colnames' on an object with less than two dimensions,"{""mode"":""full"",""numOfMarkers"":2,""multithread"":false}"
2021-04-06_SNV_D178N,D178N,F04,15-27-th,biological_sample,15_27_th,2021-04-06,ddPCRclust_template_native,"native template workflow, full ensemble",13359,NA,NA,NA,NA,NA,NA,NA,NA,NA,failed,attempt to set 'colnames' on an object with less than two dimensions,"{""mode"":""full"",""numOfMarkers"":2,""multithread"":false}"
2021-04-06_SNV_D178N,D178N,F07,15-6-fr,biological_sample,15_6_fr,2021-04-06,ddPCRclust_template_native,"native template workflow, full ensemble",14767,14759,523,14236,0,0,8,0,0,14236,ok,NA,"{""mode"":""full"",""numOfMarkers"":2,""multithread"":false}"
2021-04-06_SNV_D178N,D178N,G04,15-1-hc,biological_sample,15_1_hc,2021-04-06,ddPCRclust_template_native,"native template workflow, full ensemble",12168,NA,NA,NA,NA,NA,NA,NA,NA,NA,failed,attempt to set 'colnames' on an object with less than two dimensions,"{""mode"":""full"",""numOfMarkers"":2,""multithread"":false}"
2021-04-06_SNV_D178N,D178N,G07,15-6-hc,biological_sample,15_6_hc,2021-04-06,ddPCRclust_template_native,"native template workflow, full ensemble",12966,NA,NA,NA,NA,NA,NA,NA,NA,NA,failed,attempt to set 'colnames' on an object with less than two dimensions,"{""mode"":""full"",""numOfMarkers"":2,""multithread"":false}"
2021-04-06_SNV_D178N,D178N,H01,933892-bg,biological_sample,933892_bg,2021-04-06,ddPCRclust_template_native,"native template workflow, full ensemble",15728,NA,NA,NA,NA,NA,NA,NA,NA,NA,failed,attempt to set 'colnames' on an object with less than two dimensions,"{""mode"":""full"",""numOfMarkers"":2,""multithread"":false}"
2021-04-06_SNV_D178N,D178N,H04,15-1-sn,biological_sample,15_1_sn,2021-04-06,ddPCRclust_template_native,"native template workflow, full ensemble",12390,NA,NA,NA,NA,NA,NA,NA,NA,NA,failed,attempt to set 'colnames' on an object with less than two dimensions,"{""mode"":""full"",""numOfMarkers"":2,""multithread"":false}"
2021-04-06_SNV_D178N,D178N,H07,15-6-sn,biological_sample,15_6_sn,2021-04-06,ddPCRclust_template_native,"native template workflow, full ensemble",14556,NA,NA,NA,NA,NA,NA,NA,NA,NA,failed,attempt to set 'colnames' on an object with less than two dimensions,"{""mode"":""full"",""numOfMarkers"":2,""multithread"":false}"
2021-05-10_SNV_D178N,D178N,A01,NTC,NTC,ntc,2021-05-10,ddPCRclust_template_native,"native template workflow, full ensemble",14408,14408,14408,0,0,0,0,0,0,0,ok,NA,"{""mode"":""full"",""numOfMarkers"":2,""multithread"":false}"
2021-05-10_SNV_D178N,D178N,A04,09-100-th,biological_sample,09_100_th,2021-05-10,ddPCRclust_template_native,"native template workflow, full ensemble",15555,NA,NA,NA,NA,NA,NA,NA,NA,NA,failed,attempt to set 'colnames' on an object with less than two dimensions,"{""mode"":""full"",""numOfMarkers"":2,""multithread"":false}"
2021-05-10_SNV_D178N,D178N,A07,03-132-ce,biological_sample,03_132_ce,2021-05-10,ddPCRclust_template_native,"native template workflow, full ensemble",15413,15413,377,15036,0,0,0,0,0,15036,ok,NA,"{""mode"":""full"",""numOfMarkers"":2,""multithread"":false}"
2021-05-10_SNV_D178N,D178N,B01,WT,WT_control,wt,2021-05-10,ddPCRclust_template_native,"native template workflow, full ensemble",14960,14960,4656,10304,0,0,0,0,0,10304,ok,NA,"{""mode"":""full"",""numOfMarkers"":2,""multithread"":false}"
2021-05-10_SNV_D178N,D178N,B04,03-112-cau,biological_sample,03_112_cau,2021-05-10,ddPCRclust_template_native,"native template workflow, full ensemble",15378,15378,305,15073,0,0,0,0,0,15073,ok,NA,"{""mode"":""full"",""numOfMarkers"":2,""multithread"":false}"
2021-05-10_SNV_D178N,D178N,B07,03-132-fc,biological_sample,03_132_fc,2021-05-10,ddPCRclust_template_native,"native template workflow, full ensemble",12864,NA,NA,NA,NA,NA,NA,NA,NA,NA,failed,attempt to set 'colnames' on an object with less than two dimensions,"{""mode"":""full"",""numOfMarkers"":2,""multithread"":false}"
2021-05-10_SNV_D178N,D178N,C01,D178N,positive_control,d178n,2021-05-10,ddPCRclust_template_native,"native template workflow, full ensemble",14154,14154,4268,4317,3300,2269,0,0,5569,6586,ok,NA,"{""mode"":""full"",""numOfMarkers"":2,""multithread"":false}"
2021-05-10_SNV_D178N,D178N,C04,03-112-ce,biological_sample,03_112_ce,2021-05-10,ddPCRclust_template_native,"native template workflow, full ensemble",16399,NA,NA,NA,NA,NA,NA,NA,NA,NA,failed,attempt to set 'colnames' on an object with less than two dimensions,"{""mode"":""full"",""numOfMarkers"":2,""multithread"":false}"
2021-05-10_SNV_D178N,D178N,C07,03-132-hip,biological_sample,03_132_hip,2021-05-10,ddPCRclust_template_native,"native template workflow, full ensemble",15504,NA,NA,NA,NA,NA,NA,NA,NA,NA,failed,attempt to set 'colnames' on an object with less than two dimensions,"{""mode"":""full"",""numOfMarkers"":2,""multithread"":false}"
2021-05-10_SNV_D178N,D178N,D01,09-100-cau,biological_sample,09_100_cau,2021-05-10,ddPCRclust_template_native,"native template workflow, full ensemble",15727,15727,620,15085,0,22,0,0,22,15107,ok,NA,"{""mode"":""full"",""numOfMarkers"":2,""multithread"":false}"
2021-05-10_SNV_D178N,D178N,D04,03-112-fc,biological_sample,03_112_fc,2021-05-10,ddPCRclust_template_native,"native template workflow, full ensemble",16359,NA,NA,NA,NA,NA,NA,NA,NA,NA,failed,attempt to set 'colnames' on an object with less than two dimensions,"{""mode"":""full"",""numOfMarkers"":2,""multithread"":false}"
2021-05-10_SNV_D178N,D178N,D07,03-132-mdb,biological_sample,03_132_mdb,2021-05-10,ddPCRclust_template_native,"native template workflow, full ensemble",15967,NA,NA,NA,NA,NA,NA,NA,NA,NA,failed,attempt to set 'colnames' on an object with less than two dimensions,"{""mode"":""full"",""numOfMarkers"":2,""multithread"":false}"
2021-05-10_SNV_D178N,D178N,E01,09-100-ce,biological_sample,09_100_ce,2021-05-10,ddPCRclust_template_native,"native template workflow, full ensemble",15275,15275,1365,13903,0,7,0,0,7,13910,ok,NA,"{""mode"":""full"",""numOfMarkers"":2,""multithread"":false}"
2021-05-10_SNV_D178N,D178N,E04,03-112-hip,biological_sample,03_112_hip,2021-05-10,ddPCRclust_template_native,"native template workflow, full ensemble",16979,NA,NA,NA,NA,NA,NA,NA,NA,NA,failed,attempt to set 'colnames' on an object with less than two dimensions,"{""mode"":""full"",""numOfMarkers"":2,""multithread"":false}"
2021-05-10_SNV_D178N,D178N,E07,03-132-th,biological_sample,03_132_th,2021-05-10,ddPCRclust_template_native,"native template workflow, full ensemble",15460,NA,NA,NA,NA,NA,NA,NA,NA,NA,failed,attempt to set 'colnames' on an object with less than two dimensions,"{""mode"":""full"",""numOfMarkers"":2,""multithread"":false}"
2021-05-10_SNV_D178N,D178N,F01,09-100-fc,biological_sample,09_100_fc,2021-05-10,ddPCRclust_template_native,"native template workflow, full ensemble",15356,NA,NA,NA,NA,NA,NA,NA,NA,NA,failed,attempt to set 'colnames' on an object with less than two dimensions,"{""mode"":""full"",""numOfMarkers"":2,""multithread"":false}"
2021-05-10_SNV_D178N,D178N,F04,03-112-mdb,biological_sample,03_112_mdb,2021-05-10,ddPCRclust_template_native,"native template workflow, full ensemble",17503,NA,NA,NA,NA,NA,NA,NA,NA,NA,failed,attempt to set 'colnames' on an object with less than two dimensions,"{""mode"":""full"",""numOfMarkers"":2,""multithread"":false}"
2021-05-10_SNV_D178N,D178N,F07,04-045-cau,biological_sample,04_045_cau,2021-05-10,ddPCRclust_template_native,"native template workflow, full ensemble",15200,NA,NA,NA,NA,NA,NA,NA,NA,NA,failed,attempt to set 'colnames' on an object with less than two dimensions,"{""mode"":""full"",""numOfMarkers"":2,""multithread"":false}"
2021-05-10_SNV_D178N,D178N,G01,09-100-hip,biological_sample,09_100_hip,2021-05-10,ddPCRclust_template_native,"native template workflow, full ensemble",15239,15239,273,14960,0,6,0,0,6,14966,ok,NA,"{""mode"":""full"",""numOfMarkers"":2,""multithread"":false}"
2021-05-10_SNV_D178N,D178N,G04,03-112-th,biological_sample,03_112_th,2021-05-10,ddPCRclust_template_native,"native template workflow, full ensemble",15888,NA,NA,NA,NA,NA,NA,NA,NA,NA,failed,attempt to set 'colnames' on an object with less than two dimensions,"{""mode"":""full"",""numOfMarkers"":2,""multithread"":false}"
2021-05-10_SNV_D178N,D178N,G07,04-045-ce,biological_sample,04_045_ce,2021-05-10,ddPCRclust_template_native,"native template workflow, full ensemble",13736,NA,NA,NA,NA,NA,NA,NA,NA,NA,failed,attempt to set 'colnames' on an object with less than two dimensions,"{""mode"":""full"",""numOfMarkers"":2,""multithread"":false}"
2021-05-10_SNV_D178N,D178N,H01,09-100-mdb,biological_sample,09_100_mdb,2021-05-10,ddPCRclust_template_native,"native template workflow, full ensemble",14633,14633,305,14328,0,0,0,0,0,14328,ok,NA,"{""mode"":""full"",""numOfMarkers"":2,""multithread"":false}"
2021-05-10_SNV_D178N,D178N,H04,03-132-cau,biological_sample,03_132_cau,2021-05-10,ddPCRclust_template_native,"native template workflow, full ensemble",15573,15573,428,15140,0,5,0,0,5,15145,ok,NA,"{""mode"":""full"",""numOfMarkers"":2,""multithread"":false}"
2021-05-10_SNV_D178N,D178N,H07,04-045-fc,biological_sample,04_045_fc,2021-05-10,ddPCRclust_template_native,"native template workflow, full ensemble",14390,NA,NA,NA,NA,NA,NA,NA,NA,NA,failed,attempt to set 'colnames' on an object with less than two dimensions,"{""mode"":""full"",""numOfMarkers"":2,""multithread"":false}"
2021-05-20_SNV_D178N,D178N,A01,NTC,NTC,ntc,2021-05-20,ddPCRclust_template_native,"native template workflow, full ensemble",13000,13000,13000,0,0,0,0,0,0,0,ok,NA,"{""mode"":""full"",""numOfMarkers"":2,""multithread"":false}"
2021-05-20_SNV_D178N,D178N,A04,04-045-hip,biological_sample,04_045_hip,2021-05-20,ddPCRclust_template_native,"native template workflow, full ensemble",17416,NA,NA,NA,NA,NA,NA,NA,NA,NA,failed,attempt to set 'colnames' on an object with less than two dimensions,"{""mode"":""full"",""numOfMarkers"":2,""multithread"":false}"
2021-05-20_SNV_D178N,D178N,A07,20-357-th,biological_sample,20_357_th,2021-05-20,ddPCRclust_template_native,"native template workflow, full ensemble",15462,15462,286,15174,2,0,0,0,2,15174,ok,NA,"{""mode"":""full"",""numOfMarkers"":2,""multithread"":false}"
2021-05-20_SNV_D178N,D178N,A10,929474-sn,biological_sample,929474_sn,2021-05-20,ddPCRclust_template_native,"native template workflow, full ensemble",18341,18331,267,18064,0,0,10,0,0,18064,ok,NA,"{""mode"":""full"",""numOfMarkers"":2,""multithread"":false}"
2021-05-20_SNV_D178N,D178N,B01,WT,WT_control,wt,2021-05-20,ddPCRclust_template_native,"native template workflow, full ensemble",12899,12899,2816,10083,0,0,0,0,0,10083,ok,NA,"{""mode"":""full"",""numOfMarkers"":2,""multithread"":false}"
2021-05-20_SNV_D178N,D178N,B04,04-045-mdb,biological_sample,04_045_mdb,2021-05-20,ddPCRclust_template_native,"native template workflow, full ensemble",17260,NA,NA,NA,NA,NA,NA,NA,NA,NA,failed,attempt to set 'colnames' on an object with less than two dimensions,"{""mode"":""full"",""numOfMarkers"":2,""multithread"":false}"
2021-05-20_SNV_D178N,D178N,B07,20-169-cau,biological_sample,20_169_cau,2021-05-20,ddPCRclust_template_native,"native template workflow, full ensemble",15516,NA,NA,NA,NA,NA,NA,NA,NA,NA,failed,attempt to set 'colnames' on an object with less than two dimensions,"{""mode"":""full"",""numOfMarkers"":2,""multithread"":false}"
2021-05-20_SNV_D178N,D178N,B10,17-13-bg,biological_sample,17_13_bg,2021-05-20,ddPCRclust_template_native,"native template workflow, full ensemble",17039,NA,NA,NA,NA,NA,NA,NA,NA,NA,failed,attempt to set 'colnames' on an object with less than two dimensions,"{""mode"":""full"",""numOfMarkers"":2,""multithread"":false}"
2021-05-20_SNV_D178N,D178N,C01,D178,positive_control,d178,2021-05-20,ddPCRclust_template_native,"native template workflow, full ensemble",14886,14886,4390,4538,3562,2396,0,0,5958,6934,ok,NA,"{""mode"":""full"",""numOfMarkers"":2,""multithread"":false}"
2021-05-20_SNV_D178N,D178N,C04,04-045-th,biological_sample,04_045_th,2021-05-20,ddPCRclust_template_native,"native template workflow, full ensemble",17418,NA,NA,NA,NA,NA,NA,NA,NA,NA,failed,attempt to set 'colnames' on an object with less than two dimensions,"{""mode"":""full"",""numOfMarkers"":2,""multithread"":false}"
2021-05-20_SNV_D178N,D178N,C07,20-169-ce,biological_sample,20_169_ce,2021-05-20,ddPCRclust_template_native,"native template workflow, full ensemble",15301,NA,NA,NA,NA,NA,NA,NA,NA,NA,failed,attempt to set 'colnames' on an object with less than two dimensions,"{""mode"":""full"",""numOfMarkers"":2,""multithread"":false}"
2021-05-20_SNV_D178N,D178N,C10,17-8-cb,biological_sample,17_8_cb,2021-05-20,ddPCRclust_template_native,"native template workflow, full ensemble",18971,NA,NA,NA,NA,NA,NA,NA,NA,NA,failed,attempt to set 'colnames' on an object with less than two dimensions,"{""mode"":""full"",""numOfMarkers"":2,""multithread"":false}"
2021-05-20_SNV_D178N,D178N,D01,19-082-ce,biological_sample,19_082_ce,2021-05-20,ddPCRclust_template_native,"native template workflow, full ensemble",15793,NA,NA,NA,NA,NA,NA,NA,NA,NA,failed,attempt to set 'colnames' on an object with less than two dimensions,"{""mode"":""full"",""numOfMarkers"":2,""multithread"":false}"
2021-05-20_SNV_D178N,D178N,D04,20-357-cau,biological_sample,20_357_cau,2021-05-20,ddPCRclust_template_native,"native template workflow, full ensemble",16803,16795,1530,15265,0,0,8,0,0,15265,ok,NA,"{""mode"":""full"",""numOfMarkers"":2,""multithread"":false}"
2021-05-20_SNV_D178N,D178N,D07,20-169-fc,biological_sample,20_169_fc,2021-05-20,ddPCRclust_template_native,"native template workflow, full ensemble",14389,NA,NA,NA,NA,NA,NA,NA,NA,NA,failed,attempt to set 'colnames' on an object with less than two dimensions,"{""mode"":""full"",""numOfMarkers"":2,""multithread"":false}"
2021-05-20_SNV_D178N,D178N,D10,17-8-fr,biological_sample,17_8_fr,2021-05-20,ddPCRclust_template_native,"native template workflow, full ensemble",19090,NA,NA,NA,NA,NA,NA,NA,NA,NA,failed,attempt to set 'colnames' on an object with less than two dimensions,"{""mode"":""full"",""numOfMarkers"":2,""multithread"":false}"
2021-05-20_SNV_D178N,D178N,E01,19-082-fc,biological_sample,19_082_fc,2021-05-20,ddPCRclust_template_native,"native template workflow, full ensemble",16756,NA,NA,NA,NA,NA,NA,NA,NA,NA,failed,attempt to set 'colnames' on an object with less than two dimensions,"{""mode"":""full"",""numOfMarkers"":2,""multithread"":false}"
2021-05-20_SNV_D178N,D178N,E04,20-357-ce,biological_sample,20_357_ce,2021-05-20,ddPCRclust_template_native,"native template workflow, full ensemble",17304,17304,800,16504,0,0,0,0,0,16504,ok,NA,"{""mode"":""full"",""numOfMarkers"":2,""multithread"":false}"
2021-05-20_SNV_D178N,D178N,E07,20-169-hip,biological_sample,20_169_hip,2021-05-20,ddPCRclust_template_native,"native template workflow, full ensemble",14757,NA,NA,NA,NA,NA,NA,NA,NA,NA,failed,attempt to set 'colnames' on an object with less than two dimensions,"{""mode"":""full"",""numOfMarkers"":2,""multithread"":false}"
2021-05-20_SNV_D178N,D178N,F01,19-082-hip,biological_sample,19_082_hip,2021-05-20,ddPCRclust_template_native,"native template workflow, full ensemble",17113,17113,1196,15917,0,0,0,0,0,15917,ok,NA,"{""mode"":""full"",""numOfMarkers"":2,""multithread"":false}"
2021-05-20_SNV_D178N,D178N,F04,20-357-fc,biological_sample,20_357_fc,2021-05-20,ddPCRclust_template_native,"native template workflow, full ensemble",16360,NA,NA,NA,NA,NA,NA,NA,NA,NA,failed,attempt to set 'colnames' on an object with less than two dimensions,"{""mode"":""full"",""numOfMarkers"":2,""multithread"":false}"
2021-05-20_SNV_D178N,D178N,F07,20-169-mdb,biological_sample,20_169_mdb,2021-05-20,ddPCRclust_template_native,"native template workflow, full ensemble",15781,NA,NA,NA,NA,NA,NA,NA,NA,NA,failed,attempt to set 'colnames' on an object with less than two dimensions,"{""mode"":""full"",""numOfMarkers"":2,""multithread"":false}"
2021-05-20_SNV_D178N,D178N,G01,19-082-mdb,biological_sample,19_082_mdb,2021-05-20,ddPCRclust_template_native,"native template workflow, full ensemble",17173,NA,NA,NA,NA,NA,NA,NA,NA,NA,failed,attempt to set 'colnames' on an object with less than two dimensions,"{""mode"":""full"",""numOfMarkers"":2,""multithread"":false}"
2021-05-20_SNV_D178N,D178N,G04,20-357-hip,biological_sample,20_357_hip,2021-05-20,ddPCRclust_template_native,"native template workflow, full ensemble",17242,17242,309,16933,0,0,0,0,0,16933,ok,NA,"{""mode"":""full"",""numOfMarkers"":2,""multithread"":false}"
2021-05-20_SNV_D178N,D178N,G07,20-169-th,biological_sample,20_169_th,2021-05-20,ddPCRclust_template_native,"native template workflow, full ensemble",15288,15288,1341,13947,0,0,0,0,0,13947,ok,NA,"{""mode"":""full"",""numOfMarkers"":2,""multithread"":false}"
2021-05-20_SNV_D178N,D178N,H01,19-082-th,biological_sample,19_082_th,2021-05-20,ddPCRclust_template_native,"native template workflow, full ensemble",17603,NA,NA,NA,NA,NA,NA,NA,NA,NA,failed,attempt to set 'colnames' on an object with less than two dimensions,"{""mode"":""full"",""numOfMarkers"":2,""multithread"":false}"
2021-05-20_SNV_D178N,D178N,H04,20-357-mdb,biological_sample,20_357_mdb,2021-05-20,ddPCRclust_template_native,"native template workflow, full ensemble",18095,NA,NA,NA,NA,NA,NA,NA,NA,NA,failed,attempt to set 'colnames' on an object with less than two dimensions,"{""mode"":""full"",""numOfMarkers"":2,""multithread"":false}"
2021-05-20_SNV_D178N,D178N,H07,19-082-cau,biological_sample,19_082_cau,2021-05-20,ddPCRclust_template_native,"native template workflow, full ensemble",16378,16378,304,16074,0,0,0,0,0,16074,ok,NA,"{""mode"":""full"",""numOfMarkers"":2,""multithread"":false}"
2021-10-14_SNV_D178N,D178N,A01,NTC,NTC,ntc,2021-10-14,ddPCRclust_template_native,"native template workflow, full ensemble",15100,15100,15096,0,4,0,0,0,4,0,ok,NA,"{""mode"":""full"",""numOfMarkers"":2,""multithread"":false}"
2021-10-14_SNV_D178N,D178N,B01,WT,WT_control,wt,2021-10-14,ddPCRclust_template_native,"native template workflow, full ensemble",14163,14163,3431,10732,0,0,0,0,0,10732,ok,NA,"{""mode"":""full"",""numOfMarkers"":2,""multithread"":false}"
2021-10-14_SNV_D178N,D178N,C01,D178N-mut,positive_control,,2021-10-14,ddPCRclust_template_native,"native template workflow, full ensemble",12577,12577,4451,3462,2889,1775,0,0,4664,5237,ok,NA,"{""mode"":""full"",""numOfMarkers"":2,""multithread"":false}"
2021-10-14_SNV_D178N,D178N,D01,18-31-fr,biological_sample,18_31_fr,2021-10-14,ddPCRclust_template_native,"native template workflow, full ensemble",12910,12910,3534,9376,0,0,0,0,0,9376,ok,NA,"{""mode"":""full"",""numOfMarkers"":2,""multithread"":false}"
2021-10-14_SNV_D178N,D178N,E01,238501-sn,biological_sample,238501_sn,2021-10-14,ddPCRclust_template_native,"native template workflow, full ensemble",12693,12693,293,12400,0,0,0,0,0,12400,ok,NA,"{""mode"":""full"",""numOfMarkers"":2,""multithread"":false}"
2020-10-12_SNV_E200K,E200K,A02,NTC_E200K,NTC,ntc,2020-10-12,ddPCRclust_template_native,"native template workflow, full ensemble",12344,NA,NA,NA,NA,NA,NA,NA,NA,NA,failed,attempt to set 'colnames' on an object with less than two dimensions,"{""mode"":""full"",""numOfMarkers"":2,""multithread"":false}"
2020-10-12_SNV_E200K,E200K,A08,CJD15-1_fr_E200K,biological_sample,15_1_fr,2020-10-12,ddPCRclust_template_native,"native template workflow, full ensemble",16542,16472,3888,12584,0,0,70,0,0,12584,ok,NA,"{""mode"":""full"",""numOfMarkers"":2,""multithread"":false}"
2020-10-12_SNV_E200K,E200K,B02,WT_E200K,WT_control,wt,2020-10-12,ddPCRclust_template_native,"native template workflow, full ensemble",14469,14449,1309,13140,0,0,20,0,0,13140,ok,NA,"{""mode"":""full"",""numOfMarkers"":2,""multithread"":false}"
2020-10-12_SNV_E200K,E200K,B05,CJD15-27_cb_E200K,biological_sample,15_27_cb,2020-10-12,ddPCRclust_template_native,"native template workflow, full ensemble",14602,14560,6788,7772,0,0,42,0,0,7772,ok,NA,"{""mode"":""full"",""numOfMarkers"":2,""multithread"":false}"
2020-10-12_SNV_E200K,E200K,C02,Mut_E200K,positive_control,mut,2020-10-12,ddPCRclust_template_native,"native template workflow, full ensemble",13996,13996,10880,1500,1616,0,0,0,1616,1500,ok,NA,"{""mode"":""full"",""numOfMarkers"":2,""multithread"":false}"
2020-10-12_SNV_E200K,E200K,D05,CJD15-27_pons_E200K,biological_sample,15_27_ps,2020-10-12,ddPCRclust_template_native,"native template workflow, full ensemble",13823,13823,277,13546,0,0,0,0,0,13546,ok,NA,"{""mode"":""full"",""numOfMarkers"":2,""multithread"":false}"
2020-10-15_SNV_E200K,E200K,A02,NTC_E200K,NTC,ntc,2020-10-15,ddPCRclust_template_native,"native template workflow, full ensemble",5742,NA,NA,NA,NA,NA,NA,NA,NA,NA,failed,attempt to set 'colnames' on an object with less than two dimensions,"{""mode"":""full"",""numOfMarkers"":2,""multithread"":false}"
2020-10-15_SNV_E200K,E200K,A04,CJD18-6_bg_E200K,biological_sample,18_6_bg,2020-10-15,ddPCRclust_template_native,"native template workflow, full ensemble",13140,13128,1748,11380,0,0,12,0,0,11380,ok,NA,"{""mode"":""full"",""numOfMarkers"":2,""multithread"":false}"
2020-10-15_SNV_E200K,E200K,A06,CJD18-17_bg_E200K,biological_sample,18_17_bg,2020-10-15,ddPCRclust_template_native,"native template workflow, full ensemble",13731,13730,931,12799,0,0,1,0,0,12799,ok,NA,"{""mode"":""full"",""numOfMarkers"":2,""multithread"":false}"
2020-10-15_SNV_E200K,E200K,A08,CJD18-24_bg_E200K,biological_sample,18_24_bg,2020-10-15,ddPCRclust_template_native,"native template workflow, full ensemble",11973,11967,315,11652,0,0,6,0,0,11652,ok,NA,"{""mode"":""full"",""numOfMarkers"":2,""multithread"":false}"
2020-10-15_SNV_E200K,E200K,A10,CJD18-31_bg_E200K,biological_sample,18_31_bg,2020-10-15,ddPCRclust_template_native,"native template workflow, full ensemble",14913,14848,4788,10060,0,0,65,0,0,10060,ok,NA,"{""mode"":""full"",""numOfMarkers"":2,""multithread"":false}"
2020-10-15_SNV_E200K,E200K,B02,WT_E200K,WT_control,wt,2020-10-15,ddPCRclust_template_native,"native template workflow, full ensemble",10515,10515,406,10109,0,0,0,0,0,10109,ok,NA,"{""mode"":""full"",""numOfMarkers"":2,""multithread"":false}"
2020-10-15_SNV_E200K,E200K,B04,CJD18-6_cb_E200K,biological_sample,18_6_cb,2020-10-15,ddPCRclust_template_native,"native template workflow, full ensemble",14041,14001,2420,11581,0,0,40,0,0,11581,ok,NA,"{""mode"":""full"",""numOfMarkers"":2,""multithread"":false}"
2020-10-15_SNV_E200K,E200K,B06,CJD18-17_cb_E200K,biological_sample,18_17_cb,2020-10-15,ddPCRclust_template_native,"native template workflow, full ensemble",13786,13786,2380,11406,0,0,0,0,0,11406,ok,NA,"{""mode"":""full"",""numOfMarkers"":2,""multithread"":false}"
2020-10-15_SNV_E200K,E200K,B08,CJD18-24_cb_E200K,biological_sample,18_24_cb,2020-10-15,ddPCRclust_template_native,"native template workflow, full ensemble",14620,14612,68,14544,0,0,8,0,0,14544,ok,NA,"{""mode"":""full"",""numOfMarkers"":2,""multithread"":false}"
2020-10-15_SNV_E200K,E200K,B10,CJD18-31_cb_E200K,biological_sample,18_31_cb,2020-10-15,ddPCRclust_template_native,"native template workflow, full ensemble",12588,12567,1000,11567,0,0,21,0,0,11567,ok,NA,"{""mode"":""full"",""numOfMarkers"":2,""multithread"":false}"
2020-10-15_SNV_E200K,E200K,C02,Mut_E200K,positive_control,mut,2020-10-15,ddPCRclust_template_native,"native template workflow, full ensemble",11680,11597,9295,1065,1237,0,83,0,1237,1065,ok,NA,"{""mode"":""full"",""numOfMarkers"":2,""multithread"":false}"
2020-10-15_SNV_E200K,E200K,C04,CJD18-6_fr_E200K,biological_sample,18_6_fr,2020-10-15,ddPCRclust_template_native,"native template workflow, full ensemble",13065,13035,1953,11082,0,0,30,0,0,11082,ok,NA,"{""mode"":""full"",""numOfMarkers"":2,""multithread"":false}"
2020-10-15_SNV_E200K,E200K,C06,CJD18-17_fr_E200K,biological_sample,18_17_fr,2020-10-15,ddPCRclust_template_native,"native template workflow, full ensemble",15012,15008,602,14406,0,0,4,0,0,14406,ok,NA,"{""mode"":""full"",""numOfMarkers"":2,""multithread"":false}"
2020-10-15_SNV_E200K,E200K,C08,CJD18-24_fr_E200K,biological_sample,18_24_fr,2020-10-15,ddPCRclust_template_native,"native template workflow, full ensemble",13599,13524,2935,10589,0,0,75,0,0,10589,ok,NA,"{""mode"":""full"",""numOfMarkers"":2,""multithread"":false}"
2020-10-15_SNV_E200K,E200K,C10,CJD18-31_fr_E200K,biological_sample,18_31_fr,2020-10-15,ddPCRclust_template_native,"native template workflow, full ensemble",14168,14087,1735,12352,0,0,81,0,0,12352,ok,NA,"{""mode"":""full"",""numOfMarkers"":2,""multithread"":false}"
2020-10-15_SNV_E200K,E200K,D04,CJD18-6_hc_E200K,biological_sample,18_6_hc,2020-10-15,ddPCRclust_template_native,"native template workflow, full ensemble",9782,9781,14,9762,0,5,1,0,5,9767,ok,NA,"{""mode"":""full"",""numOfMarkers"":2,""multithread"":false}"
2020-10-15_SNV_E200K,E200K,D06,CJD18-17_hc_E200K,biological_sample,18_17_hc,2020-10-15,ddPCRclust_template_native,"native template workflow, full ensemble",12780,12780,49,12723,0,8,0,0,8,12731,ok,NA,"{""mode"":""full"",""numOfMarkers"":2,""multithread"":false}"
2020-10-15_SNV_E200K,E200K,D08,CJD18-24_hc_E200K,biological_sample,18_24_hc,2020-10-15,ddPCRclust_template_native,"native template workflow, full ensemble",9892,9892,1735,8157,0,0,0,0,0,8157,ok,NA,"{""mode"":""full"",""numOfMarkers"":2,""multithread"":false}"
2020-10-15_SNV_E200K,E200K,E04,CJD18-6_sn_E200K,biological_sample,18_6_sn,2020-10-15,ddPCRclust_template_native,"native template workflow, full ensemble",13712,13712,2290,11422,0,0,0,0,0,11422,ok,NA,"{""mode"":""full"",""numOfMarkers"":2,""multithread"":false}"
2020-10-15_SNV_E200K,E200K,E06,CJD18-17_sn_E200K,biological_sample,18_17_sn,2020-10-15,ddPCRclust_template_native,"native template workflow, full ensemble",13220,13219,27,13192,0,0,1,0,0,13192,ok,NA,"{""mode"":""full"",""numOfMarkers"":2,""multithread"":false}"
2020-10-15_SNV_E200K,E200K,E08,CJD18-24_sn_E200K,biological_sample,18_24_sn,2020-10-15,ddPCRclust_template_native,"native template workflow, full ensemble",13789,13789,22,13767,0,0,0,0,0,13767,ok,NA,"{""mode"":""full"",""numOfMarkers"":2,""multithread"":false}"
2020-10-15_SNV_E200K,E200K,E10,CJD18-31_sn_E200K,biological_sample,18_31_sn,2020-10-15,ddPCRclust_template_native,"native template workflow, full ensemble",10489,10489,16,10473,0,0,0,0,0,10473,ok,NA,"{""mode"":""full"",""numOfMarkers"":2,""multithread"":false}"
2020-10-15_SNV_E200K,E200K,F04,CJD18-6_th_E200K,biological_sample,18_6_th,2020-10-15,ddPCRclust_template_native,"native template workflow, full ensemble",9327,9299,1027,8272,0,0,28,0,0,8272,ok,NA,"{""mode"":""full"",""numOfMarkers"":2,""multithread"":false}"
2020-10-15_SNV_E200K,E200K,F06,CJD18-17_th_E200K,biological_sample,18_17_th,2020-10-15,ddPCRclust_template_native,"native template workflow, full ensemble",9458,9433,1481,7952,0,0,25,0,0,7952,ok,NA,"{""mode"":""full"",""numOfMarkers"":2,""multithread"":false}"
2020-10-22_SNV_E200K,E200K,A02,NTC_E200K,NTC,ntc,2020-10-22,ddPCRclust_template_native,"native template workflow, full ensemble",14226,14226,14226,0,0,0,0,0,0,0,ok,NA,"{""mode"":""full"",""numOfMarkers"":2,""multithread"":false}"
2020-10-22_SNV_E200K,E200K,A04,CJD13-21_bg_E200K,biological_sample,13_21_bg,2020-10-22,ddPCRclust_template_native,"native template workflow, full ensemble",15031,15027,679,14348,0,0,4,0,0,14348,ok,NA,"{""mode"":""full"",""numOfMarkers"":2,""multithread"":false}"
2020-10-22_SNV_E200K,E200K,A06,CJD14-24_bg_E200K,biological_sample,14_24_bg,2020-10-22,ddPCRclust_template_native,"native template workflow, full ensemble",14949,14949,4465,10484,0,0,0,0,0,10484,ok,NA,"{""mode"":""full"",""numOfMarkers"":2,""multithread"":false}"
2020-10-22_SNV_E200K,E200K,A08,CJD20-08_bg_E200K,biological_sample,20_08_bg,2020-10-22,ddPCRclust_template_native,"native template workflow, full ensemble",15194,15194,500,14694,0,0,0,0,0,14694,ok,NA,"{""mode"":""full"",""numOfMarkers"":2,""multithread"":false}"
2020-10-22_SNV_E200K,E200K,A10,CJD19-29_fr_E200K,biological_sample,19_29_fr,2020-10-22,ddPCRclust_template_native,"native template workflow, full ensemble",16714,16714,360,16354,0,0,0,0,0,16354,ok,NA,"{""mode"":""full"",""numOfMarkers"":2,""multithread"":false}"
2020-10-22_SNV_E200K,E200K,B02,WT_E200K,WT_control,wt,2020-10-22,ddPCRclust_template_native,"native template workflow, full ensemble",13499,NA,NA,NA,NA,NA,NA,NA,NA,NA,failed,attempt to set 'colnames' on an object with less than two dimensions,"{""mode"":""full"",""numOfMarkers"":2,""multithread"":false}"
2020-10-22_SNV_E200K,E200K,B04,CJD13-21_cb_E200K,biological_sample,13_21_cb,2020-10-22,ddPCRclust_template_native,"native template workflow, full ensemble",12366,12355,690,11665,0,0,11,0,0,11665,ok,NA,"{""mode"":""full"",""numOfMarkers"":2,""multithread"":false}"
2020-10-22_SNV_E200K,E200K,B06,CJD14-24_cb_E200K,biological_sample,14_24_cb,2020-10-22,ddPCRclust_template_native,"native template workflow, full ensemble",13980,13965,154,13811,0,0,15,0,0,13811,ok,NA,"{""mode"":""full"",""numOfMarkers"":2,""multithread"":false}"
2020-10-22_SNV_E200K,E200K,B08,CJD20-08_cb_E200K,biological_sample,20_08_cb,2020-10-22,ddPCRclust_template_native,"native template workflow, full ensemble",15372,15372,254,15109,0,9,0,0,9,15118,ok,NA,"{""mode"":""full"",""numOfMarkers"":2,""multithread"":false}"
2020-10-22_SNV_E200K,E200K,C02,E200K-mut,positive_control,,2020-10-22,ddPCRclust_template_native,"native template workflow, full ensemble",15359,15359,11660,2010,1689,0,0,0,1689,2010,ok,NA,"{""mode"":""full"",""numOfMarkers"":2,""multithread"":false}"
2020-10-22_SNV_E200K,E200K,C04,CJD13-21_fr_E200K,biological_sample,13_21_fr,2020-10-22,ddPCRclust_template_native,"native template workflow, full ensemble",13470,13457,1903,11554,0,0,13,0,0,11554,ok,NA,"{""mode"":""full"",""numOfMarkers"":2,""multithread"":false}"
2020-10-22_SNV_E200K,E200K,C06,CJD14-24_fr_E200K,biological_sample,14_24_fr,2020-10-22,ddPCRclust_template_native,"native template workflow, full ensemble",14712,14710,5,14705,0,0,2,0,0,14705,ok,NA,"{""mode"":""full"",""numOfMarkers"":2,""multithread"":false}"
2020-10-22_SNV_E200K,E200K,C08,CJD20-08_fr_E200K,biological_sample,20_08_fr,2020-10-22,ddPCRclust_template_native,"native template workflow, full ensemble",16348,16348,2,16346,0,0,0,0,0,16346,ok,NA,"{""mode"":""full"",""numOfMarkers"":2,""multithread"":false}"
2020-10-22_SNV_E200K,E200K,D04,CJD13-21_sn_E200K,biological_sample,13_21_sn,2020-10-22,ddPCRclust_template_native,"native template workflow, full ensemble",13279,13279,2001,11278,0,0,0,0,0,11278,ok,NA,"{""mode"":""full"",""numOfMarkers"":2,""multithread"":false}"
2020-10-22_SNV_E200K,E200K,D06,CJD14-24_hc_E200K,biological_sample,14_24_hc,2020-10-22,ddPCRclust_template_native,"native template workflow, full ensemble",16722,16703,4604,12099,0,0,19,0,0,12099,ok,NA,"{""mode"":""full"",""numOfMarkers"":2,""multithread"":false}"
2020-10-22_SNV_E200K,E200K,D08,CJD20-08_sn_E200K,biological_sample,20_08_sn,2020-10-22,ddPCRclust_template_native,"native template workflow, full ensemble",15255,15183,4574,10609,0,0,72,0,0,10609,ok,NA,"{""mode"":""full"",""numOfMarkers"":2,""multithread"":false}"
2020-10-22_SNV_E200K,E200K,E04,CJD13-21_th_E200K,biological_sample,13_21_th,2020-10-22,ddPCRclust_template_native,"native template workflow, full ensemble",16246,16246,9375,6871,0,0,0,0,0,6871,ok,NA,"{""mode"":""full"",""numOfMarkers"":2,""multithread"":false}"
2020-10-22_SNV_E200K,E200K,E06,CJD14-24_sn_E200K,biological_sample,14_24_sn,2020-10-22,ddPCRclust_template_native,"native template workflow, full ensemble",14594,14594,51,14543,0,0,0,0,0,14543,ok,NA,"{""mode"":""full"",""numOfMarkers"":2,""multithread"":false}"
2020-10-22_SNV_E200K,E200K,E08,CJD20-08_th_E200K,biological_sample,20_08_th,2020-10-22,ddPCRclust_template_native,"native template workflow, full ensemble",15209,15209,0,15208,0,1,0,0,1,15209,ok,NA,"{""mode"":""full"",""numOfMarkers"":2,""multithread"":false}"
2020-10-22_SNV_E200K,E200K,F06,CJD14-24_th_E200K,biological_sample,14_24_th,2020-10-22,ddPCRclust_template_native,"native template workflow, full ensemble",15245,NA,NA,NA,NA,NA,NA,NA,NA,NA,failed,attempt to set 'colnames' on an object with less than two dimensions,"{""mode"":""full"",""numOfMarkers"":2,""multithread"":false}"
2020-10-29_SNV_E200K,E200K,A02,CJD17-20_bg,biological_sample,17_20_bg,2020-10-29,ddPCRclust_template_native,"native template workflow, full ensemble",13003,13003,1055,11948,0,0,0,0,0,11948,ok,NA,"{""mode"":""full"",""numOfMarkers"":2,""multithread"":false}"
2020-10-29_SNV_E200K,E200K,A06,CJD17-31_bg,biological_sample,17_31_bg,2020-10-29,ddPCRclust_template_native,"native template workflow, full ensemble",14283,14283,246,14037,0,0,0,0,0,14037,ok,NA,"{""mode"":""full"",""numOfMarkers"":2,""multithread"":false}"
2020-10-29_SNV_E200K,E200K,A08,CJD17-32_bg,biological_sample,17_32_bg,2020-10-29,ddPCRclust_template_native,"native template workflow, full ensemble",12674,NA,NA,NA,NA,NA,NA,NA,NA,NA,failed,attempt to set 'colnames' on an object with less than two dimensions,"{""mode"":""full"",""numOfMarkers"":2,""multithread"":false}"
2020-10-29_SNV_E200K,E200K,A10,CJD18-5_bg,biological_sample,18_5_bg,2020-10-29,ddPCRclust_template_native,"native template workflow, full ensemble",9523,9523,194,9329,0,0,0,0,0,9329,ok,NA,"{""mode"":""full"",""numOfMarkers"":2,""multithread"":false}"
2020-10-29_SNV_E200K,E200K,B02,CJD17-20_cb,biological_sample,17_20_cb,2020-10-29,ddPCRclust_template_native,"native template workflow, full ensemble",14344,14344,910,13434,0,0,0,0,0,13434,ok,NA,"{""mode"":""full"",""numOfMarkers"":2,""multithread"":false}"
2020-10-29_SNV_E200K,E200K,B06,CJD17-31_hc mixed with CJD17-32_cb,biological_sample,17_31_hc_mixed_with_cjd17_32_cb,2020-10-29,ddPCRclust_template_native,"native template workflow, full ensemble",11521,11512,291,11221,0,0,9,0,0,11221,ok,NA,"{""mode"":""full"",""numOfMarkers"":2,""multithread"":false}"
2020-10-29_SNV_E200K,E200K,B10,CJD18-5_cb,biological_sample,18_5_cb,2020-10-29,ddPCRclust_template_native,"native template workflow, full ensemble",12565,12563,0,12563,0,0,2,0,0,12563,ok,NA,"{""mode"":""full"",""numOfMarkers"":2,""multithread"":false}"
2020-10-29_SNV_E200K,E200K,C02,CJD17-20_fr,biological_sample,17_20_fr,2020-10-29,ddPCRclust_template_native,"native template workflow, full ensemble",14001,14001,1076,12925,0,0,0,0,0,12925,ok,NA,"{""mode"":""full"",""numOfMarkers"":2,""multithread"":false}"
2020-10-29_SNV_E200K,E200K,C06,CJD17-31_sn,biological_sample,17_31_sn,2020-10-29,ddPCRclust_template_native,"native template workflow, full ensemble",13482,13482,328,13154,0,0,0,0,0,13154,ok,NA,"{""mode"":""full"",""numOfMarkers"":2,""multithread"":false}"
2020-10-29_SNV_E200K,E200K,C08,CJD17-32_fr,biological_sample,17_32_fr,2020-10-29,ddPCRclust_template_native,"native template workflow, full ensemble",14468,14438,637,13801,0,0,30,0,0,13801,ok,NA,"{""mode"":""full"",""numOfMarkers"":2,""multithread"":false}"
2020-10-29_SNV_E200K,E200K,C10,CJD18-5_fr,biological_sample,18_5_fr,2020-10-29,ddPCRclust_template_native,"native template workflow, full ensemble",11981,11968,447,11521,0,0,13,0,0,11521,ok,NA,"{""mode"":""full"",""numOfMarkers"":2,""multithread"":false}"
2020-10-29_SNV_E200K,E200K,D02,CJD17-20_sn,biological_sample,17_20_sn,2020-10-29,ddPCRclust_template_native,"native template workflow, full ensemble",13393,13393,195,13198,0,0,0,0,0,13198,ok,NA,"{""mode"":""full"",""numOfMarkers"":2,""multithread"":false}"
2020-10-29_SNV_E200K,E200K,D06,CJD17-31_th,biological_sample,17_31_th,2020-10-29,ddPCRclust_template_native,"native template workflow, full ensemble",13400,13400,13,13385,0,2,0,0,2,13387,ok,NA,"{""mode"":""full"",""numOfMarkers"":2,""multithread"":false}"
2020-10-29_SNV_E200K,E200K,D08,CJD17-32_hc,biological_sample,17_32_hc,2020-10-29,ddPCRclust_template_native,"native template workflow, full ensemble",13821,13821,865,12956,0,0,0,0,0,12956,ok,NA,"{""mode"":""full"",""numOfMarkers"":2,""multithread"":false}"
2020-10-29_SNV_E200K,E200K,D10,CJD18-5_hc,biological_sample,18_5_hc,2020-10-29,ddPCRclust_template_native,"native template workflow, full ensemble",12212,12212,680,11532,0,0,0,0,0,11532,ok,NA,"{""mode"":""full"",""numOfMarkers"":2,""multithread"":false}"
2020-10-29_SNV_E200K,E200K,E02,CJD17-20_th,biological_sample,17_20_th,2020-10-29,ddPCRclust_template_native,"native template workflow, full ensemble",11180,11180,14,11166,0,0,0,0,0,11166,ok,NA,"{""mode"":""full"",""numOfMarkers"":2,""multithread"":false}"
2020-10-29_SNV_E200K,E200K,E04,CJD17-30_th,biological_sample,17_30_th,2020-10-29,ddPCRclust_template_native,"native template workflow, full ensemble",13086,13086,576,12510,0,0,0,0,0,12510,ok,NA,"{""mode"":""full"",""numOfMarkers"":2,""multithread"":false}"
2020-10-29_SNV_E200K,E200K,E06,CJD18-1_bg,biological_sample,18_1_bg,2020-10-29,ddPCRclust_template_native,"native template workflow, full ensemble",13132,13086,612,12474,0,0,46,0,0,12474,ok,NA,"{""mode"":""full"",""numOfMarkers"":2,""multithread"":false}"
2020-10-29_SNV_E200K,E200K,E08,CJD17-32_sn,biological_sample,17_32_sn,2020-10-29,ddPCRclust_template_native,"native template workflow, full ensemble",14291,NA,NA,NA,NA,NA,NA,NA,NA,NA,failed,attempt to set 'colnames' on an object with less than two dimensions,"{""mode"":""full"",""numOfMarkers"":2,""multithread"":false}"
2020-10-29_SNV_E200K,E200K,E10,CJD18-5_sn,biological_sample,18_5_sn,2020-10-29,ddPCRclust_template_native,"native template workflow, full ensemble",13395,13212,0,13212,0,0,183,0,0,13212,ok,NA,"{""mode"":""full"",""numOfMarkers"":2,""multithread"":false}"
2020-10-29_SNV_E200K,E200K,F02,NTC,NTC,ntc,2020-10-29,ddPCRclust_template_native,"native template workflow, full ensemble",13650,NA,NA,NA,NA,NA,NA,NA,NA,NA,failed,attempt to set 'colnames' on an object with less than two dimensions,"{""mode"":""full"",""numOfMarkers"":2,""multithread"":false}"
2020-10-29_SNV_E200K,E200K,F06,CJD18-1_cb,biological_sample,18_1_cb,2020-10-29,ddPCRclust_template_native,"native template workflow, full ensemble",12889,12888,141,12739,0,8,1,0,8,12747,ok,NA,"{""mode"":""full"",""numOfMarkers"":2,""multithread"":false}"
2020-10-29_SNV_E200K,E200K,F08,CJD17-32_th,biological_sample,17_32_th,2020-10-29,ddPCRclust_template_native,"native template workflow, full ensemble",13285,13285,1108,12177,0,0,0,0,0,12177,ok,NA,"{""mode"":""full"",""numOfMarkers"":2,""multithread"":false}"
2020-10-29_SNV_E200K,E200K,G02,WT,WT_control,wt,2020-10-29,ddPCRclust_template_native,"native template workflow, full ensemble",11366,11366,4763,6603,0,0,0,0,0,6603,ok,NA,"{""mode"":""full"",""numOfMarkers"":2,""multithread"":false}"
2020-10-29_SNV_E200K,E200K,G06,CJD18-1_fr,biological_sample,18_1_fr,2020-10-29,ddPCRclust_template_native,"native template workflow, full ensemble",11326,11252,282,10970,0,0,74,0,0,10970,ok,NA,"{""mode"":""full"",""numOfMarkers"":2,""multithread"":false}"
2020-10-29_SNV_E200K,E200K,H02,E200K-mut,positive_control,,2020-10-29,ddPCRclust_template_native,"native template workflow, full ensemble",11907,11907,11063,431,413,0,0,0,413,431,ok,NA,"{""mode"":""full"",""numOfMarkers"":2,""multithread"":false}"
2020-10-29_SNV_E200K,E200K,H06,CJD18-1_hc,biological_sample,18_1_hc,2020-10-29,ddPCRclust_template_native,"native template workflow, full ensemble",12868,12831,349,12482,0,0,37,0,0,12482,ok,NA,"{""mode"":""full"",""numOfMarkers"":2,""multithread"":false}"
2020-11-05_SNV_E200K,E200K,A02,CJD17-15_fr,biological_sample,17_15_fr,2020-11-05,ddPCRclust_template_native,"native template workflow, full ensemble",16280,16280,705,15575,0,0,0,0,0,15575,ok,NA,"{""mode"":""full"",""numOfMarkers"":2,""multithread"":false}"
2020-11-05_SNV_E200K,E200K,A06,CJD17-11_bg,biological_sample,17_11_bg,2020-11-05,ddPCRclust_template_native,"native template workflow, full ensemble",16346,16346,612,15734,0,0,0,0,0,15734,ok,NA,"{""mode"":""full"",""numOfMarkers"":2,""multithread"":false}"
2020-11-05_SNV_E200K,E200K,A08,CJD17-5_cb,biological_sample,17_5_cb,2020-11-05,ddPCRclust_template_native,"native template workflow, full ensemble",17239,NA,NA,NA,NA,NA,NA,NA,NA,NA,failed,attempt to set 'colnames' on an object with less than two dimensions,"{""mode"":""full"",""numOfMarkers"":2,""multithread"":false}"
2020-11-05_SNV_E200K,E200K,A10,CJD17-34_bg,biological_sample,17_34_bg,2020-11-05,ddPCRclust_template_native,"native template workflow, full ensemble",18086,NA,NA,NA,NA,NA,NA,NA,NA,NA,failed,attempt to set 'colnames' on an object with less than two dimensions,"{""mode"":""full"",""numOfMarkers"":2,""multithread"":false}"
2020-11-05_SNV_E200K,E200K,B04,CJD17-13_cb,biological_sample,17_13_cb,2020-11-05,ddPCRclust_template_native,"native template workflow, full ensemble",17651,NA,NA,NA,NA,NA,NA,NA,NA,NA,failed,attempt to set 'colnames' on an object with less than two dimensions,"{""mode"":""full"",""numOfMarkers"":2,""multithread"":false}"
2020-11-05_SNV_E200K,E200K,B08,CJD17-5_fr,biological_sample,17_5_fr,2020-11-05,ddPCRclust_template_native,"native template workflow, full ensemble",17254,NA,NA,NA,NA,NA,NA,NA,NA,NA,failed,attempt to set 'colnames' on an object with less than two dimensions,"{""mode"":""full"",""numOfMarkers"":2,""multithread"":false}"
2020-11-05_SNV_E200K,E200K,C04,CJD17-13_hc,biological_sample,17_13_hc,2020-11-05,ddPCRclust_template_native,"native template workflow, full ensemble",18511,NA,NA,NA,NA,NA,NA,NA,NA,NA,failed,attempt to set 'colnames' on an object with less than two dimensions,"{""mode"":""full"",""numOfMarkers"":2,""multithread"":false}"
2020-11-05_SNV_E200K,E200K,C06,CJD17-11_fr,biological_sample,17_11_fr,2020-11-05,ddPCRclust_template_native,"native template workflow, full ensemble",16615,NA,NA,NA,NA,NA,NA,NA,NA,NA,failed,attempt to set 'colnames' on an object with less than two dimensions,"{""mode"":""full"",""numOfMarkers"":2,""multithread"":false}"
2020-11-05_SNV_E200K,E200K,C08,CJD17-5_th,biological_sample,17_5_th,2020-11-05,ddPCRclust_template_native,"native template workflow, full ensemble",17964,NA,NA,NA,NA,NA,NA,NA,NA,NA,failed,attempt to set 'colnames' on an object with less than two dimensions,"{""mode"":""full"",""numOfMarkers"":2,""multithread"":false}"
2020-11-05_SNV_E200K,E200K,C10,CJD17-34_fr,biological_sample,17_34_fr,2020-11-05,ddPCRclust_template_native,"native template workflow, full ensemble",14297,NA,NA,NA,NA,NA,NA,NA,NA,NA,failed,attempt to set 'colnames' on an object with less than two dimensions,"{""mode"":""full"",""numOfMarkers"":2,""multithread"":false}"
2020-11-05_SNV_E200K,E200K,D04,CJD17-13_sn,biological_sample,17_13_sn,2020-11-05,ddPCRclust_template_native,"native template workflow, full ensemble",18002,NA,NA,NA,NA,NA,NA,NA,NA,NA,failed,attempt to set 'colnames' on an object with less than two dimensions,"{""mode"":""full"",""numOfMarkers"":2,""multithread"":false}"
2020-11-05_SNV_E200K,E200K,D06,CJD17-11_hc,biological_sample,17_11_hc,2020-11-05,ddPCRclust_template_native,"native template workflow, full ensemble",17463,NA,NA,NA,NA,NA,NA,NA,NA,NA,failed,attempt to set 'colnames' on an object with less than two dimensions,"{""mode"":""full"",""numOfMarkers"":2,""multithread"":false}"
2020-11-05_SNV_E200K,E200K,D08,CJD17-8_bg,biological_sample,17_8_bg,2020-11-05,ddPCRclust_template_native,"native template workflow, full ensemble",17347,NA,NA,NA,NA,NA,NA,NA,NA,NA,failed,attempt to set 'colnames' on an object with less than two dimensions,"{""mode"":""full"",""numOfMarkers"":2,""multithread"":false}"
2020-11-05_SNV_E200K,E200K,E02,CJD17-15_th,biological_sample,17_15_th,2020-11-05,ddPCRclust_template_native,"native template workflow, full ensemble",17152,17152,0,17152,0,0,0,0,0,17152,ok,NA,"{""mode"":""full"",""numOfMarkers"":2,""multithread"":false}"
2020-11-05_SNV_E200K,E200K,E04,CJD17-13_th,biological_sample,17_13_th,2020-11-05,ddPCRclust_template_native,"native template workflow, full ensemble",16059,16059,341,15700,0,18,0,0,18,15718,ok,NA,"{""mode"":""full"",""numOfMarkers"":2,""multithread"":false}"
2020-11-05_SNV_E200K,E200K,E06,CJD17-12_bg,biological_sample,17_12_bg,2020-11-05,ddPCRclust_template_native,"native template workflow, full ensemble",17300,NA,NA,NA,NA,NA,NA,NA,NA,NA,failed,attempt to set 'colnames' on an object with less than two dimensions,"{""mode"":""full"",""numOfMarkers"":2,""multithread"":false}"
2020-11-05_SNV_E200K,E200K,F02,NTC,NTC,ntc,2020-11-05,ddPCRclust_template_native,"native template workflow, full ensemble",15765,NA,NA,NA,NA,NA,NA,NA,NA,NA,failed,attempt to set 'colnames' on an object with less than two dimensions,"{""mode"":""full"",""numOfMarkers"":2,""multithread"":false}"
2020-11-05_SNV_E200K,E200K,F06,CJD17-12_fr,biological_sample,17_12_fr,2020-11-05,ddPCRclust_template_native,"native template workflow, full ensemble",17213,17194,0,17194,0,0,19,0,0,17194,ok,NA,"{""mode"":""full"",""numOfMarkers"":2,""multithread"":false}"
2020-11-05_SNV_E200K,E200K,G02,WT,WT_control,wt,2020-11-05,ddPCRclust_template_native,"native template workflow, full ensemble",16316,16316,0,16314,2,0,0,0,2,16314,ok,NA,"{""mode"":""full"",""numOfMarkers"":2,""multithread"":false}"
2020-11-05_SNV_E200K,E200K,G06,CJD17-12_sn,biological_sample,17_12_sn,2020-11-05,ddPCRclust_template_native,"native template workflow, full ensemble",18481,NA,NA,NA,NA,NA,NA,NA,NA,NA,failed,attempt to set 'colnames' on an object with less than two dimensions,"{""mode"":""full"",""numOfMarkers"":2,""multithread"":false}"
2020-11-05_SNV_E200K,E200K,H02,E200K-mut,positive_control,,2020-11-05,ddPCRclust_template_native,"native template workflow, full ensemble",17166,17166,12676,2053,2437,0,0,0,2437,2053,ok,NA,"{""mode"":""full"",""numOfMarkers"":2,""multithread"":false}"
2020-11-24_SNV_E200K,E200K,A02,CJD17-30_bg_E200K,biological_sample,17_30_bg,2020-11-24,ddPCRclust_template_native,"native template workflow, full ensemble",15801,NA,NA,NA,NA,NA,NA,NA,NA,NA,failed,attempt to set 'colnames' on an object with less than two dimensions,"{""mode"":""full"",""numOfMarkers"":2,""multithread"":false}"
2020-11-24_SNV_E200K,E200K,A08,CJD18-5_bg_E200K,biological_sample,18_5_bg,2020-11-24,ddPCRclust_template_native,"native template workflow, full ensemble",15922,15921,0,15921,0,0,1,0,0,15921,ok,NA,"{""mode"":""full"",""numOfMarkers"":2,""multithread"":false}"
2020-11-24_SNV_E200K,E200K,B02,CJD17-30_fr_E200K,biological_sample,17_30_fr,2020-11-24,ddPCRclust_template_native,"native template workflow, full ensemble",16494,NA,NA,NA,NA,NA,NA,NA,NA,NA,failed,attempt to set 'colnames' on an object with less than two dimensions,"{""mode"":""full"",""numOfMarkers"":2,""multithread"":false}"
2020-11-24_SNV_E200K,E200K,B06,CJD17-15_cb_E200K,biological_sample,17_15_cb,2020-11-24,ddPCRclust_template_native,"native template workflow, full ensemble",17688,NA,NA,NA,NA,NA,NA,NA,NA,NA,failed,attempt to set 'colnames' on an object with less than two dimensions,"{""mode"":""full"",""numOfMarkers"":2,""multithread"":false}"
2020-11-24_SNV_E200K,E200K,C02,CJD17-30_hc_E200K,biological_sample,17_30_hc,2020-11-24,ddPCRclust_template_native,"native template workflow, full ensemble",17046,17045,5,17040,0,0,1,0,0,17040,ok,NA,"{""mode"":""full"",""numOfMarkers"":2,""multithread"":false}"
2020-11-24_SNV_E200K,E200K,D02,CJD17-30_sn_E200K,biological_sample,17_30_sn,2020-11-24,ddPCRclust_template_native,"native template workflow, full ensemble",17369,17369,1143,16226,0,0,0,0,0,16226,ok,NA,"{""mode"":""full"",""numOfMarkers"":2,""multithread"":false}"
2020-11-24_SNV_E200K,E200K,D10,CJD17-34_sn_E200K,biological_sample,17_34_sn,2020-11-24,ddPCRclust_template_native,"native template workflow, full ensemble",18613,NA,NA,NA,NA,NA,NA,NA,NA,NA,failed,attempt to set 'colnames' on an object with less than two dimensions,"{""mode"":""full"",""numOfMarkers"":2,""multithread"":false}"
2020-11-24_SNV_E200K,E200K,F02,NTC_E200K,NTC,ntc,2020-11-24,ddPCRclust_template_native,"native template workflow, full ensemble",16821,NA,NA,NA,NA,NA,NA,NA,NA,NA,failed,attempt to set 'colnames' on an object with less than two dimensions,"{""mode"":""full"",""numOfMarkers"":2,""multithread"":false}"
2020-11-24_SNV_E200K,E200K,G02,WT_E200K,WT_control,wt,2020-11-24,ddPCRclust_template_native,"native template workflow, full ensemble",16266,16264,0,16264,0,0,2,0,0,16264,ok,NA,"{""mode"":""full"",""numOfMarkers"":2,""multithread"":false}"
2020-11-24_SNV_E200K,E200K,H02,E200K_mut,positive_control,,2020-11-24,ddPCRclust_template_native,"native template workflow, full ensemble",15464,15464,11502,1878,1796,288,0,0,2084,2166,ok,NA,"{""mode"":""full"",""numOfMarkers"":2,""multithread"":false}"
2021-01-26_SNV_E200K,E200K,A02,NTC,NTC,ntc,2021-01-26,ddPCRclust_template_native,"native template workflow, full ensemble",10668,NA,NA,NA,NA,NA,NA,NA,NA,NA,failed,attempt to set 'colnames' on an object with less than two dimensions,"{""mode"":""full"",""numOfMarkers"":2,""multithread"":false}"
2021-01-26_SNV_E200K,E200K,A05,924486-th,biological_sample,924486_th,2021-01-26,ddPCRclust_template_native,"native template workflow, full ensemble",13049,13041,20,13021,0,0,8,0,0,13021,ok,NA,"{""mode"":""full"",""numOfMarkers"":2,""multithread"":false}"
2021-01-26_SNV_E200K,E200K,B02,E200K-mut,positive_control,,2021-01-26,ddPCRclust_template_native,"native template workflow, full ensemble",12474,12474,10322,1198,913,41,0,0,954,1239,ok,NA,"{""mode"":""full"",""numOfMarkers"":2,""multithread"":false}"
2021-01-26_SNV_E200K,E200K,B05,953891-bg,biological_sample,953891_bg,2021-01-26,ddPCRclust_template_native,"native template workflow, full ensemble",12019,12019,489,11530,0,0,0,0,0,11530,ok,NA,"{""mode"":""full"",""numOfMarkers"":2,""multithread"":false}"
2021-01-26_SNV_E200K,E200K,B08,955427-cb,biological_sample,955427_cb,2021-01-26,ddPCRclust_template_native,"native template workflow, full ensemble",13528,13528,301,13227,0,0,0,0,0,13227,ok,NA,"{""mode"":""full"",""numOfMarkers"":2,""multithread"":false}"
2021-01-26_SNV_E200K,E200K,C02,WT,WT_control,wt,2021-01-26,ddPCRclust_template_native,"native template workflow, full ensemble",12252,12252,2690,9562,0,0,0,0,0,9562,ok,NA,"{""mode"":""full"",""numOfMarkers"":2,""multithread"":false}"
2021-01-26_SNV_E200K,E200K,C05,953891-cb,biological_sample,953891_cb,2021-01-26,ddPCRclust_template_native,"native template workflow, full ensemble",14774,14774,465,14309,0,0,0,0,0,14309,ok,NA,"{""mode"":""full"",""numOfMarkers"":2,""multithread"":false}"
2021-01-26_SNV_E200K,E200K,C08,955427-fr,biological_sample,955427_fr,2021-01-26,ddPCRclust_template_native,"native template workflow, full ensemble",12785,12784,11,12773,0,0,1,0,0,12773,ok,NA,"{""mode"":""full"",""numOfMarkers"":2,""multithread"":false}"
2021-01-26_SNV_E200K,E200K,D02,924486-bg,biological_sample,924486_bg,2021-01-26,ddPCRclust_template_native,"native template workflow, full ensemble",12149,12149,782,11367,0,0,0,0,0,11367,ok,NA,"{""mode"":""full"",""numOfMarkers"":2,""multithread"":false}"
2021-01-26_SNV_E200K,E200K,D05,953891-fr,biological_sample,953891_fr,2021-01-26,ddPCRclust_template_native,"native template workflow, full ensemble",14933,14932,6,14926,0,0,1,0,0,14926,ok,NA,"{""mode"":""full"",""numOfMarkers"":2,""multithread"":false}"
2021-01-26_SNV_E200K,E200K,D08,955427-hc,biological_sample,955427_hc,2021-01-26,ddPCRclust_template_native,"native template workflow, full ensemble",13935,13924,0,13924,0,0,11,0,0,13924,ok,NA,"{""mode"":""full"",""numOfMarkers"":2,""multithread"":false}"
2021-01-26_SNV_E200K,E200K,E02,924486-cb,biological_sample,924486_cb,2021-01-26,ddPCRclust_template_native,"native template workflow, full ensemble",11569,11568,62,11506,0,0,1,0,0,11506,ok,NA,"{""mode"":""full"",""numOfMarkers"":2,""multithread"":false}"
2021-01-26_SNV_E200K,E200K,E08,955427-sn,biological_sample,955427_sn,2021-01-26,ddPCRclust_template_native,"native template workflow, full ensemble",13898,NA,NA,NA,NA,NA,NA,NA,NA,NA,failed,attempt to set 'colnames' on an object with less than two dimensions,"{""mode"":""full"",""numOfMarkers"":2,""multithread"":false}"
2021-01-26_SNV_E200K,E200K,F02,924486-fr,biological_sample,924486_fr,2021-01-26,ddPCRclust_template_native,"native template workflow, full ensemble",13045,13044,23,13021,0,0,1,0,0,13021,ok,NA,"{""mode"":""full"",""numOfMarkers"":2,""multithread"":false}"
2021-01-26_SNV_E200K,E200K,F05,953891-sn,biological_sample,953891_sn,2021-01-26,ddPCRclust_template_native,"native template workflow, full ensemble",14240,14240,483,13757,0,0,0,0,0,13757,ok,NA,"{""mode"":""full"",""numOfMarkers"":2,""multithread"":false}"
2021-01-26_SNV_E200K,E200K,F08,955427-th,biological_sample,955427_th,2021-01-26,ddPCRclust_template_native,"native template workflow, full ensemble",14242,14223,0,14223,0,0,19,0,0,14223,ok,NA,"{""mode"":""full"",""numOfMarkers"":2,""multithread"":false}"
2021-01-26_SNV_E200K,E200K,G02,924486-hc,biological_sample,924486_hc,2021-01-26,ddPCRclust_template_native,"native template workflow, full ensemble",12906,12905,52,12853,0,0,1,0,0,12853,ok,NA,"{""mode"":""full"",""numOfMarkers"":2,""multithread"":false}"
2021-01-26_SNV_E200K,E200K,G05,953891-th,biological_sample,953891_th,2021-01-26,ddPCRclust_template_native,"native template workflow, full ensemble",14758,14756,0,14756,0,0,2,0,0,14756,ok,NA,"{""mode"":""full"",""numOfMarkers"":2,""multithread"":false}"
2021-01-26_SNV_E200K,E200K,G08,929474-bg,biological_sample,929474_bg,2021-01-26,ddPCRclust_template_native,"native template workflow, full ensemble",14003,14003,270,13733,0,0,0,0,0,13733,ok,NA,"{""mode"":""full"",""numOfMarkers"":2,""multithread"":false}"
2021-01-26_SNV_E200K,E200K,H02,924486-sn,biological_sample,924486_sn,2021-01-26,ddPCRclust_template_native,"native template workflow, full ensemble",13762,13762,157,13605,0,0,0,0,0,13605,ok,NA,"{""mode"":""full"",""numOfMarkers"":2,""multithread"":false}"
2021-01-26_SNV_E200K,E200K,H05,18-5-th,biological_sample,18_5_th,2021-01-26,ddPCRclust_template_native,"native template workflow, full ensemble",15754,15754,1436,14318,0,0,0,0,0,14318,ok,NA,"{""mode"":""full"",""numOfMarkers"":2,""multithread"":false}"
2021-01-26_SNV_E200K,E200K,H08,929474-cb,biological_sample,929474_cb,2021-01-26,ddPCRclust_template_native,"native template workflow, full ensemble",13321,13321,287,13034,0,0,0,0,0,13034,ok,NA,"{""mode"":""full"",""numOfMarkers"":2,""multithread"":false}"
2021-02-17_SNV_E200K,E200K,A02,NTC,NTC,ntc,2021-02-17,ddPCRclust_template_native,"native template workflow, full ensemble",15981,NA,NA,NA,NA,NA,NA,NA,NA,NA,failed,attempt to set 'colnames' on an object with less than two dimensions,"{""mode"":""full"",""numOfMarkers"":2,""multithread"":false}"
2021-02-17_SNV_E200K,E200K,A05,CJD-933892-hc,biological_sample,933892_hc,2021-02-17,ddPCRclust_template_native,"native template workflow, full ensemble",16200,16186,718,15468,0,0,14,0,0,15468,ok,NA,"{""mode"":""full"",""numOfMarkers"":2,""multithread"":false}"
2021-02-17_SNV_E200K,E200K,A08,E200K-mut,positive_control,,2021-02-17,ddPCRclust_template_native,"native template workflow, full ensemble",18335,18175,17111,556,508,0,160,0,508,556,ok,NA,"{""mode"":""full"",""numOfMarkers"":2,""multithread"":false}"
2021-02-17_SNV_E200K,E200K,B02,WT,WT_control,wt,2021-02-17,ddPCRclust_template_native,"native template workflow, full ensemble",14214,NA,NA,NA,NA,NA,NA,NA,NA,NA,failed,attempt to set 'colnames' on an object with less than two dimensions,"{""mode"":""full"",""numOfMarkers"":2,""multithread"":false}"
2021-02-17_SNV_E200K,E200K,B05,CJD-933892-sn,biological_sample,933892_sn,2021-02-17,ddPCRclust_template_native,"native template workflow, full ensemble",16615,16615,2967,13648,0,0,0,0,0,13648,ok,NA,"{""mode"":""full"",""numOfMarkers"":2,""multithread"":false}"
2021-02-17_SNV_E200K,E200K,B08,CJD-18-24-th,biological_sample,18_24_th,2021-02-17,ddPCRclust_template_native,"native template workflow, full ensemble",17770,17770,0,17770,0,0,0,0,0,17770,ok,NA,"{""mode"":""full"",""numOfMarkers"":2,""multithread"":false}"
2021-02-17_SNV_E200K,E200K,C02,CJD-943497-hc,biological_sample,943497_hc,2021-02-17,ddPCRclust_template_native,"native template workflow, full ensemble",15639,15638,2,15636,0,0,1,0,0,15636,ok,NA,"{""mode"":""full"",""numOfMarkers"":2,""multithread"":false}"
2021-02-17_SNV_E200K,E200K,C05,CJD-933892-th,biological_sample,933892_th,2021-02-17,ddPCRclust_template_native,"native template workflow, full ensemble",16516,16516,0,16516,0,0,0,0,0,16516,ok,NA,"{""mode"":""full"",""numOfMarkers"":2,""multithread"":false}"
2021-02-17_SNV_E200K,E200K,C08,CJD-955427-bg,biological_sample,955427_bg,2021-02-17,ddPCRclust_template_native,"native template workflow, full ensemble",15918,15918,2468,13450,0,0,0,0,0,13450,ok,NA,"{""mode"":""full"",""numOfMarkers"":2,""multithread"":false}"
2021-02-17_SNV_E200K,E200K,D02,CJD-943497-sn,biological_sample,943497_sn,2021-02-17,ddPCRclust_template_native,"native template workflow, full ensemble",14593,NA,NA,NA,NA,NA,NA,NA,NA,NA,failed,attempt to set 'colnames' on an object with less than two dimensions,"{""mode"":""full"",""numOfMarkers"":2,""multithread"":false}"
2021-02-17_SNV_E200K,E200K,D05,CJD-18-31-hc,biological_sample,18_31_hc,2021-02-17,ddPCRclust_template_native,"native template workflow, full ensemble",16078,16078,3,16074,0,1,0,0,1,16075,ok,NA,"{""mode"":""full"",""numOfMarkers"":2,""multithread"":false}"
2021-02-17_SNV_E200K,E200K,E05,CJD-18-31-th,biological_sample,18_31_th,2021-02-17,ddPCRclust_template_native,"native template workflow, full ensemble",16425,16425,7,16418,0,0,0,0,0,16418,ok,NA,"{""mode"":""full"",""numOfMarkers"":2,""multithread"":false}"
2021-02-17_SNV_E200K,E200K,F05,CJD-17-32-cb,biological_sample,17_32_cb,2021-02-17,ddPCRclust_template_native,"native template workflow, full ensemble",15586,15586,3680,11906,0,0,0,0,0,11906,ok,NA,"{""mode"":""full"",""numOfMarkers"":2,""multithread"":false}"
2021-02-17_SNV_E200K,E200K,G02,CJD-933892-cb,biological_sample,933892_cb,2021-02-17,ddPCRclust_template_native,"native template workflow, full ensemble",14752,14751,1,14750,0,0,1,0,0,14750,ok,NA,"{""mode"":""full"",""numOfMarkers"":2,""multithread"":false}"
2021-02-17_SNV_E200K,E200K,G05,CJD-17-30-cb,biological_sample,17_30_cb,2021-02-17,ddPCRclust_template_native,"native template workflow, full ensemble",17220,17220,3,17217,0,0,0,0,0,17217,ok,NA,"{""mode"":""full"",""numOfMarkers"":2,""multithread"":false}"
2021-02-17_SNV_E200K,E200K,H02,CJD-933892-fr,biological_sample,933892_fr,2021-02-17,ddPCRclust_template_native,"native template workflow, full ensemble",15542,NA,NA,NA,NA,NA,NA,NA,NA,NA,failed,attempt to set 'colnames' on an object with less than two dimensions,"{""mode"":""full"",""numOfMarkers"":2,""multithread"":false}"
2021-02-17_SNV_E200K,E200K,H05,CJD-17-31-cb,biological_sample,17_31_cb,2021-02-17,ddPCRclust_template_native,"native template workflow, full ensemble",16235,16233,1,16232,0,0,2,0,0,16232,ok,NA,"{""mode"":""full"",""numOfMarkers"":2,""multithread"":false}"
2021-02-18_SNV_E200K,E200K,A02,NTC,NTC,ntc,2021-02-18,ddPCRclust_template_native,"native template workflow, full ensemble",14208,NA,NA,NA,NA,NA,NA,NA,NA,NA,failed,attempt to set 'colnames' on an object with less than two dimensions,"{""mode"":""full"",""numOfMarkers"":2,""multithread"":false}"
2021-02-18_SNV_E200K,E200K,A05,E200K-mut,positive_control,,2021-02-18,ddPCRclust_template_native,"native template workflow, full ensemble",18258,18005,16830,621,554,0,253,0,554,621,ok,NA,"{""mode"":""full"",""numOfMarkers"":2,""multithread"":false}"
2021-02-18_SNV_E200K,E200K,A08,CJD-238501-cb,biological_sample,238501_cb,2021-02-18,ddPCRclust_template_native,"native template workflow, full ensemble",16047,16046,0,16046,0,0,1,0,0,16046,ok,NA,"{""mode"":""full"",""numOfMarkers"":2,""multithread"":false}"
2021-02-18_SNV_E200K,E200K,B02,WT,WT_control,wt,2021-02-18,ddPCRclust_template_native,"native template workflow, full ensemble",15501,15501,5,15496,0,0,0,0,0,15496,ok,NA,"{""mode"":""full"",""numOfMarkers"":2,""multithread"":false}"
2021-02-18_SNV_E200K,E200K,B08,CJD-238501-fr,biological_sample,238501_fr,2021-02-18,ddPCRclust_template_native,"native template workflow, full ensemble",15285,15285,578,14707,0,0,0,0,0,14707,ok,NA,"{""mode"":""full"",""numOfMarkers"":2,""multithread"":false}"
2021-02-18_SNV_E200K,E200K,C02,CJD-15-1-bg,biological_sample,15_1_bg,2021-02-18,ddPCRclust_template_native,"native template workflow, full ensemble",16352,16352,1053,15299,0,0,0,0,0,15299,ok,NA,"{""mode"":""full"",""numOfMarkers"":2,""multithread"":false}"
2021-02-18_SNV_E200K,E200K,C05,CJD-953891-hc,biological_sample,953891_hc,2021-02-18,ddPCRclust_template_native,"native template workflow, full ensemble",17843,17842,28,17814,0,0,1,0,0,17814,ok,NA,"{""mode"":""full"",""numOfMarkers"":2,""multithread"":false}"
2021-02-18_SNV_E200K,E200K,C08,CJD-238501-hc,biological_sample,238501_hc,2021-02-18,ddPCRclust_template_native,"native template workflow, full ensemble",14773,14768,1,14767,0,0,5,0,0,14767,ok,NA,"{""mode"":""full"",""numOfMarkers"":2,""multithread"":false}"
2021-02-18_SNV_E200K,E200K,D02,CJD-15-1-cb,biological_sample,15_1_cb,2021-02-18,ddPCRclust_template_native,"native template workflow, full ensemble",14953,14953,1136,13817,0,0,0,0,0,13817,ok,NA,"{""mode"":""full"",""numOfMarkers"":2,""multithread"":false}"
2021-02-18_SNV_E200K,E200K,D05,CJD-15-27-fr,biological_sample,15_27_fr,2021-02-18,ddPCRclust_template_native,"native template workflow, full ensemble",17440,17440,5514,11926,0,0,0,0,0,11926,ok,NA,"{""mode"":""full"",""numOfMarkers"":2,""multithread"":false}"
2021-02-18_SNV_E200K,E200K,D08,CJD-238501-sn,biological_sample,238501_sn,2021-02-18,ddPCRclust_template_native,"native template workflow, full ensemble",15024,15024,14,15010,0,0,0,0,0,15010,ok,NA,"{""mode"":""full"",""numOfMarkers"":2,""multithread"":false}"
2021-02-18_SNV_E200K,E200K,E02,CJD-15-1-th,biological_sample,15_1_th,2021-02-18,ddPCRclust_template_native,"native template workflow, full ensemble",15753,15753,257,15496,0,0,0,0,0,15496,ok,NA,"{""mode"":""full"",""numOfMarkers"":2,""multithread"":false}"
2021-02-18_SNV_E200K,E200K,E05,CJD-929474-fr,biological_sample,929474_fr,2021-02-18,ddPCRclust_template_native,"native template workflow, full ensemble",16327,16322,8,16314,0,0,5,0,0,16314,ok,NA,"{""mode"":""full"",""numOfMarkers"":2,""multithread"":false}"
2021-02-18_SNV_E200K,E200K,E08,CJD-238501-th,biological_sample,238501_th,2021-02-18,ddPCRclust_template_native,"native template workflow, full ensemble",15368,NA,NA,NA,NA,NA,NA,NA,NA,NA,failed,attempt to set 'colnames' on an object with less than two dimensions,"{""mode"":""full"",""numOfMarkers"":2,""multithread"":false}"
2021-02-18_SNV_E200K,E200K,F05,CJD-929474-hc,biological_sample,929474_hc,2021-02-18,ddPCRclust_template_native,"native template workflow, full ensemble",18542,18542,11,18531,0,0,0,0,0,18531,ok,NA,"{""mode"":""full"",""numOfMarkers"":2,""multithread"":false}"
2021-02-18_SNV_E200K,E200K,F08,CJD-943497-bg,biological_sample,943497_bg,2021-02-18,ddPCRclust_template_native,"native template workflow, full ensemble",12392,12392,191,12201,0,0,0,0,0,12201,ok,NA,"{""mode"":""full"",""numOfMarkers"":2,""multithread"":false}"
2021-02-18_SNV_E200K,E200K,G08,CJD-943497-cb,biological_sample,943497_cb,2021-02-18,ddPCRclust_template_native,"native template workflow, full ensemble",12225,12225,804,11421,0,0,0,0,0,11421,ok,NA,"{""mode"":""full"",""numOfMarkers"":2,""multithread"":false}"
2021-02-18_SNV_E200K,E200K,H02,CJD-17-12-th,biological_sample,17_12_th,2021-02-18,ddPCRclust_template_native,"native template workflow, full ensemble",13815,NA,NA,NA,NA,NA,NA,NA,NA,NA,failed,attempt to set 'colnames' on an object with less than two dimensions,"{""mode"":""full"",""numOfMarkers"":2,""multithread"":false}"
2021-02-18_SNV_E200K,E200K,H05,CJD-238501-bg,biological_sample,238501_bg,2021-02-18,ddPCRclust_template_native,"native template workflow, full ensemble",17375,NA,NA,NA,NA,NA,NA,NA,NA,NA,failed,attempt to set 'colnames' on an object with less than two dimensions,"{""mode"":""full"",""numOfMarkers"":2,""multithread"":false}"
2021-02-18_SNV_E200K,E200K,H08,CJD-943497-fr,biological_sample,943497_fr,2021-02-18,ddPCRclust_template_native,"native template workflow, full ensemble",11904,11904,0,11895,0,9,0,0,9,11904,ok,NA,"{""mode"":""full"",""numOfMarkers"":2,""multithread"":false}"
2021-03-29_SNV_E200K,E200K,A02,NTC,NTC,ntc,2021-03-29,ddPCRclust_template_native,"native template workflow, full ensemble",14666,NA,NA,NA,NA,NA,NA,NA,NA,NA,failed,attempt to set 'colnames' on an object with less than two dimensions,"{""mode"":""full"",""numOfMarkers"":2,""multithread"":false}"
2021-03-29_SNV_E200K,E200K,A05,17-11-sn,biological_sample,17_11_sn,2021-03-29,ddPCRclust_template_native,"native template workflow, full ensemble",14532,NA,NA,NA,NA,NA,NA,NA,NA,NA,failed,attempt to set 'colnames' on an object with less than two dimensions,"{""mode"":""full"",""numOfMarkers"":2,""multithread"":false}"
2021-03-29_SNV_E200K,E200K,A08,17-8-sn,biological_sample,17_8_sn,2021-03-29,ddPCRclust_template_native,"native template workflow, full ensemble",16023,16023,303,15720,0,0,0,0,0,15720,ok,NA,"{""mode"":""full"",""numOfMarkers"":2,""multithread"":false}"
2021-03-29_SNV_E200K,E200K,A11,14-2-hc,biological_sample,14_2_hc,2021-03-29,ddPCRclust_template_native,"native template workflow, full ensemble",16236,16236,154,1509,1344,13229,0,0,14573,14738,ok,NA,"{""mode"":""full"",""numOfMarkers"":2,""multithread"":false}"
2021-03-29_SNV_E200K,E200K,B02,WT,WT_control,wt,2021-03-29,ddPCRclust_template_native,"native template workflow, full ensemble",14000,14000,3,13996,1,0,0,0,1,13996,ok,NA,"{""mode"":""full"",""numOfMarkers"":2,""multithread"":false}"
2021-03-29_SNV_E200K,E200K,B05,17-11-th,biological_sample,17_11_th,2021-03-29,ddPCRclust_template_native,"native template workflow, full ensemble",15874,15874,311,15563,0,0,0,0,0,15563,ok,NA,"{""mode"":""full"",""numOfMarkers"":2,""multithread"":false}"
2021-03-29_SNV_E200K,E200K,B08,17-8-th,biological_sample,17_8_th,2021-03-29,ddPCRclust_template_native,"native template workflow, full ensemble",16899,NA,NA,NA,NA,NA,NA,NA,NA,NA,failed,attempt to set 'colnames' on an object with less than two dimensions,"{""mode"":""full"",""numOfMarkers"":2,""multithread"":false}"
2021-03-29_SNV_E200K,E200K,B11,14-2-sn,biological_sample,14_2_sn,2021-03-29,ddPCRclust_template_native,"native template workflow, full ensemble",17660,17660,280,1868,2022,13490,0,0,15512,15358,ok,NA,"{""mode"":""full"",""numOfMarkers"":2,""multithread"":false}"
2021-03-29_SNV_E200K,E200K,C02,E200K,positive_control,e200k,2021-03-29,ddPCRclust_template_native,"native template workflow, full ensemble",15900,15900,14121,913,831,35,0,0,866,948,ok,NA,"{""mode"":""full"",""numOfMarkers"":2,""multithread"":false}"
2021-03-29_SNV_E200K,E200K,C05,17-12-cb,biological_sample,17_12_cb,2021-03-29,ddPCRclust_template_native,"native template workflow, full ensemble",16207,NA,NA,NA,NA,NA,NA,NA,NA,NA,failed,attempt to set 'colnames' on an object with less than two dimensions,"{""mode"":""full"",""numOfMarkers"":2,""multithread"":false}"
2021-03-29_SNV_E200K,E200K,C08,17-34-bg,biological_sample,17_34_bg,2021-03-29,ddPCRclust_template_native,"native template workflow, full ensemble",15887,15887,399,15488,0,0,0,0,0,15488,ok,NA,"{""mode"":""full"",""numOfMarkers"":2,""multithread"":false}"
2021-03-29_SNV_E200K,E200K,C11,14-2-th,biological_sample,14_2_th,2021-03-29,ddPCRclust_template_native,"native template workflow, full ensemble",18711,18711,0,969,970,16772,0,0,17742,17741,ok,NA,"{""mode"":""full"",""numOfMarkers"":2,""multithread"":false}"
2021-03-29_SNV_E200K,E200K,D02,17-31-fr,biological_sample,17_31_fr,2021-03-29,ddPCRclust_template_native,"native template workflow, full ensemble",15712,15712,1035,14677,0,0,0,0,0,14677,ok,NA,"{""mode"":""full"",""numOfMarkers"":2,""multithread"":false}"
2021-03-29_SNV_E200K,E200K,D05,17-12-hc,biological_sample,17_12_hc,2021-03-29,ddPCRclust_template_native,"native template workflow, full ensemble",15756,15756,463,15293,0,0,0,0,0,15293,ok,NA,"{""mode"":""full"",""numOfMarkers"":2,""multithread"":false}"
2021-03-29_SNV_E200K,E200K,D08,17-34-hc,biological_sample,17_34_hc,2021-03-29,ddPCRclust_template_native,"native template workflow, full ensemble",16484,NA,NA,NA,NA,NA,NA,NA,NA,NA,failed,attempt to set 'colnames' on an object with less than two dimensions,"{""mode"":""full"",""numOfMarkers"":2,""multithread"":false}"
2021-03-29_SNV_E200K,E200K,D11,15-6-bg,biological_sample,15_6_bg,2021-03-29,ddPCRclust_template_native,"native template workflow, full ensemble",17330,NA,NA,NA,NA,NA,NA,NA,NA,NA,failed,attempt to set 'colnames' on an object with less than two dimensions,"{""mode"":""full"",""numOfMarkers"":2,""multithread"":false}"
2021-03-29_SNV_E200K,E200K,E05,17-5-bg,biological_sample,17_5_bg,2021-03-29,ddPCRclust_template_native,"native template workflow, full ensemble",16882,16882,955,15927,0,0,0,0,0,15927,ok,NA,"{""mode"":""full"",""numOfMarkers"":2,""multithread"":false}"
2021-03-29_SNV_E200K,E200K,E08,929474-th,biological_sample,929474_th,2021-03-29,ddPCRclust_template_native,"native template workflow, full ensemble",16694,NA,NA,NA,NA,NA,NA,NA,NA,NA,failed,attempt to set 'colnames' on an object with less than two dimensions,"{""mode"":""full"",""numOfMarkers"":2,""multithread"":false}"
2021-03-29_SNV_E200K,E200K,E11,15-6-cb,biological_sample,15_6_cb,2021-03-29,ddPCRclust_template_native,"native template workflow, full ensemble",18391,NA,NA,NA,NA,NA,NA,NA,NA,NA,failed,attempt to set 'colnames' on an object with less than two dimensions,"{""mode"":""full"",""numOfMarkers"":2,""multithread"":false}"
2021-03-29_SNV_E200K,E200K,F02,18-1-th,biological_sample,18_1_th,2021-03-29,ddPCRclust_template_native,"native template workflow, full ensemble",15818,NA,NA,NA,NA,NA,NA,NA,NA,NA,failed,attempt to set 'colnames' on an object with less than two dimensions,"{""mode"":""full"",""numOfMarkers"":2,""multithread"":false}"
2021-03-29_SNV_E200K,E200K,F05,17-5-hc,biological_sample,17_5_hc,2021-03-29,ddPCRclust_template_native,"native template workflow, full ensemble",16309,NA,NA,NA,NA,NA,NA,NA,NA,NA,failed,attempt to set 'colnames' on an object with less than two dimensions,"{""mode"":""full"",""numOfMarkers"":2,""multithread"":false}"
2021-03-29_SNV_E200K,E200K,F08,14-2-bg,biological_sample,14_2_bg,2021-03-29,ddPCRclust_template_native,"native template workflow, full ensemble",15547,15547,435,2254,2040,10818,0,0,12858,13072,ok,NA,"{""mode"":""full"",""numOfMarkers"":2,""multithread"":false}"
2021-03-29_SNV_E200K,E200K,F11,15-6-fr,biological_sample,15_6_fr,2021-03-29,ddPCRclust_template_native,"native template workflow, full ensemble",15594,15594,698,14896,0,0,0,0,0,14896,ok,NA,"{""mode"":""full"",""numOfMarkers"":2,""multithread"":false}"
2021-03-29_SNV_E200K,E200K,G02,17-13-fr,biological_sample,17_13_fr,2021-03-29,ddPCRclust_template_native,"native template workflow, full ensemble",15532,NA,NA,NA,NA,NA,NA,NA,NA,NA,failed,attempt to set 'colnames' on an object with less than two dimensions,"{""mode"":""full"",""numOfMarkers"":2,""multithread"":false}"
2021-03-29_SNV_E200K,E200K,G05,17-5-sn,biological_sample,17_5_sn,2021-03-29,ddPCRclust_template_native,"native template workflow, full ensemble",17739,17728,808,16920,0,0,11,0,0,16920,ok,NA,"{""mode"":""full"",""numOfMarkers"":2,""multithread"":false}"
2021-03-29_SNV_E200K,E200K,G08,14-2-cb,biological_sample,14_2_cb,2021-03-29,ddPCRclust_template_native,"native template workflow, full ensemble",15483,15483,903,2940,2773,8867,0,0,11640,11807,ok,NA,"{""mode"":""full"",""numOfMarkers"":2,""multithread"":false}"
2021-03-29_SNV_E200K,E200K,G11,15-6-hc,biological_sample,15_6_hc,2021-03-29,ddPCRclust_template_native,"native template workflow, full ensemble",18387,NA,NA,NA,NA,NA,NA,NA,NA,NA,failed,attempt to set 'colnames' on an object with less than two dimensions,"{""mode"":""full"",""numOfMarkers"":2,""multithread"":false}"
2021-03-29_SNV_E200K,E200K,H02,17-13-th,biological_sample,17_13_th,2021-03-29,ddPCRclust_template_native,"native template workflow, full ensemble",16185,16167,604,15563,0,0,18,0,0,15563,ok,NA,"{""mode"":""full"",""numOfMarkers"":2,""multithread"":false}"
2021-03-29_SNV_E200K,E200K,H05,17-8-hc,biological_sample,17_8_hc,2021-03-29,ddPCRclust_template_native,"native template workflow, full ensemble",17333,NA,NA,NA,NA,NA,NA,NA,NA,NA,failed,attempt to set 'colnames' on an object with less than two dimensions,"{""mode"":""full"",""numOfMarkers"":2,""multithread"":false}"
2021-03-29_SNV_E200K,E200K,H08,14-2-fr,biological_sample,14_2_fr,2021-03-29,ddPCRclust_template_native,"native template workflow, full ensemble",16039,16039,408,2288,2193,11150,0,0,13343,13438,ok,NA,"{""mode"":""full"",""numOfMarkers"":2,""multithread"":false}"
2021-03-29_SNV_E200K,E200K,H11,15-6-sn,biological_sample,15_6_sn,2021-03-29,ddPCRclust_template_native,"native template workflow, full ensemble",18668,NA,NA,NA,NA,NA,NA,NA,NA,NA,failed,attempt to set 'colnames' on an object with less than two dimensions,"{""mode"":""full"",""numOfMarkers"":2,""multithread"":false}"
2021-04-06_SNV_E200K,E200K,A02,NTC,NTC,ntc,2021-04-06,ddPCRclust_template_native,"native template workflow, full ensemble",15880,NA,NA,NA,NA,NA,NA,NA,NA,NA,failed,attempt to set 'colnames' on an object with less than two dimensions,"{""mode"":""full"",""numOfMarkers"":2,""multithread"":false}"
2021-04-06_SNV_E200K,E200K,A05,20-08-hc,biological_sample,20_08_hc,2021-04-06,ddPCRclust_template_native,"native template workflow, full ensemble",12664,NA,NA,NA,NA,NA,NA,NA,NA,NA,failed,attempt to set 'colnames' on an object with less than two dimensions,"{""mode"":""full"",""numOfMarkers"":2,""multithread"":false}"
2021-04-06_SNV_E200K,E200K,B02,WT,WT_control,wt,2021-04-06,ddPCRclust_template_native,"native template workflow, full ensemble",14822,14822,4234,10588,0,0,0,0,0,10588,ok,NA,"{""mode"":""full"",""numOfMarkers"":2,""multithread"":false}"
2021-04-06_SNV_E200K,E200K,B05,20-08-th,biological_sample,20_08_th,2021-04-06,ddPCRclust_template_native,"native template workflow, full ensemble",12346,NA,NA,NA,NA,NA,NA,NA,NA,NA,failed,attempt to set 'colnames' on an object with less than two dimensions,"{""mode"":""full"",""numOfMarkers"":2,""multithread"":false}"
2021-04-06_SNV_E200K,E200K,C02,E200K,positive_control,e200k,2021-04-06,ddPCRclust_template_native,"native template workflow, full ensemble",14138,14138,5191,3371,3336,2240,0,0,5576,5611,ok,NA,"{""mode"":""full"",""numOfMarkers"":2,""multithread"":false}"
2021-04-06_SNV_E200K,E200K,C05,15-27-bg,biological_sample,15_27_bg,2021-04-06,ddPCRclust_template_native,"native template workflow, full ensemble",14451,14451,662,13789,0,0,0,0,0,13789,ok,NA,"{""mode"":""full"",""numOfMarkers"":2,""multithread"":false}"
2021-04-06_SNV_E200K,E200K,D02,17-20-hc,biological_sample,17_20_hc,2021-04-06,ddPCRclust_template_native,"native template workflow, full ensemble",13500,NA,NA,NA,NA,NA,NA,NA,NA,NA,failed,attempt to set 'colnames' on an object with less than two dimensions,"{""mode"":""full"",""numOfMarkers"":2,""multithread"":false}"
2021-04-06_SNV_E200K,E200K,D05,15-27-cb,biological_sample,15_27_cb,2021-04-06,ddPCRclust_template_native,"native template workflow, full ensemble",15377,15368,9,15359,0,0,9,0,0,15359,ok,NA,"{""mode"":""full"",""numOfMarkers"":2,""multithread"":false}"
2021-04-06_SNV_E200K,E200K,E02,15-6-th,biological_sample,15_6_th,2021-04-06,ddPCRclust_template_native,"native template workflow, full ensemble",12645,NA,NA,NA,NA,NA,NA,NA,NA,NA,failed,attempt to set 'colnames' on an object with less than two dimensions,"{""mode"":""full"",""numOfMarkers"":2,""multithread"":false}"
2021-04-06_SNV_E200K,E200K,E05,15-27-pons,biological_sample,15_27_ps,2021-04-06,ddPCRclust_template_native,"native template workflow, full ensemble",16586,16586,206,16017,363,0,0,0,363,16017,ok,NA,"{""mode"":""full"",""numOfMarkers"":2,""multithread"":false}"
2021-04-06_SNV_E200K,E200K,F02,18-1-sn,biological_sample,18_1_sn,2021-04-06,ddPCRclust_template_native,"native template workflow, full ensemble",14530,NA,NA,NA,NA,NA,NA,NA,NA,NA,failed,attempt to set 'colnames' on an object with less than two dimensions,"{""mode"":""full"",""numOfMarkers"":2,""multithread"":false}"
2021-04-06_SNV_E200K,E200K,F05,15-27-th,biological_sample,15_27_th,2021-04-06,ddPCRclust_template_native,"native template workflow, full ensemble",15862,NA,NA,NA,NA,NA,NA,NA,NA,NA,failed,attempt to set 'colnames' on an object with less than two dimensions,"{""mode"":""full"",""numOfMarkers"":2,""multithread"":false}"
2021-04-06_SNV_E200K,E200K,G02,943497-th,biological_sample,943497_th,2021-04-06,ddPCRclust_template_native,"native template workflow, full ensemble",14037,14037,1089,12862,86,0,0,0,86,12862,ok,NA,"{""mode"":""full"",""numOfMarkers"":2,""multithread"":false}"
2021-04-06_SNV_E200K,E200K,G05,15-1-hc,biological_sample,15_1_hc,2021-04-06,ddPCRclust_template_native,"native template workflow, full ensemble",15910,NA,NA,NA,NA,NA,NA,NA,NA,NA,failed,attempt to set 'colnames' on an object with less than two dimensions,"{""mode"":""full"",""numOfMarkers"":2,""multithread"":false}"
2021-04-06_SNV_E200K,E200K,H02,933892-bg,biological_sample,933892_bg,2021-04-06,ddPCRclust_template_native,"native template workflow, full ensemble",18617,18606,0,18606,0,0,11,0,0,18606,ok,NA,"{""mode"":""full"",""numOfMarkers"":2,""multithread"":false}"
2021-04-06_SNV_E200K,E200K,H05,15-1-sn,biological_sample,15_1_sn,2021-04-06,ddPCRclust_template_native,"native template workflow, full ensemble",17185,NA,NA,NA,NA,NA,NA,NA,NA,NA,failed,attempt to set 'colnames' on an object with less than two dimensions,"{""mode"":""full"",""numOfMarkers"":2,""multithread"":false}"
2021-05-10_SNV_E200K,E200K,A02,NTC,NTC,ntc,2021-05-10,ddPCRclust_template_native,"native template workflow, full ensemble",14946,NA,NA,NA,NA,NA,NA,NA,NA,NA,failed,attempt to set 'colnames' on an object with less than two dimensions,"{""mode"":""full"",""numOfMarkers"":2,""multithread"":false}"
2021-05-10_SNV_E200K,E200K,A05,09-100-th,biological_sample,09_100_th,2021-05-10,ddPCRclust_template_native,"native template workflow, full ensemble",16040,NA,NA,NA,NA,NA,NA,NA,NA,NA,failed,attempt to set 'colnames' on an object with less than two dimensions,"{""mode"":""full"",""numOfMarkers"":2,""multithread"":false}"
2021-05-10_SNV_E200K,E200K,A08,03-132-ce,biological_sample,03_132_ce,2021-05-10,ddPCRclust_template_native,"native template workflow, full ensemble",14178,14178,323,13855,0,0,0,0,0,13855,ok,NA,"{""mode"":""full"",""numOfMarkers"":2,""multithread"":false}"
2021-05-10_SNV_E200K,E200K,A11,15-27-bg,biological_sample,15_27_bg,2021-05-10,ddPCRclust_template_native,"native template workflow, full ensemble",15986,15986,814,15172,0,0,0,0,0,15172,ok,NA,"{""mode"":""full"",""numOfMarkers"":2,""multithread"":false}"
2021-05-10_SNV_E200K,E200K,A12,943497-bg,biological_sample,943497_bg,2021-05-10,ddPCRclust_template_native,"native template workflow, full ensemble",16304,16304,1532,14772,0,0,0,0,0,14772,ok,NA,"{""mode"":""full"",""numOfMarkers"":2,""multithread"":false}"
2021-05-10_SNV_E200K,E200K,B02,WT,WT_control,wt,2021-05-10,ddPCRclust_template_native,"native template workflow, full ensemble",13744,13744,3753,9991,0,0,0,0,0,9991,ok,NA,"{""mode"":""full"",""numOfMarkers"":2,""multithread"":false}"
2021-05-10_SNV_E200K,E200K,B05,03-112-cau,biological_sample,03_112_cau,2021-05-10,ddPCRclust_template_native,"native template workflow, full ensemble",15739,15739,313,15426,0,0,0,0,0,15426,ok,NA,"{""mode"":""full"",""numOfMarkers"":2,""multithread"":false}"
2021-05-10_SNV_E200K,E200K,B08,03-132-fc,biological_sample,03_132_fc,2021-05-10,ddPCRclust_template_native,"native template workflow, full ensemble",15125,NA,NA,NA,NA,NA,NA,NA,NA,NA,failed,attempt to set 'colnames' on an object with less than two dimensions,"{""mode"":""full"",""numOfMarkers"":2,""multithread"":false}"
2021-05-10_SNV_E200K,E200K,B11,15-27-cb,biological_sample,15_27_cb,2021-05-10,ddPCRclust_template_native,"native template workflow, full ensemble",18350,18350,372,17978,0,0,0,0,0,17978,ok,NA,"{""mode"":""full"",""numOfMarkers"":2,""multithread"":false}"
2021-05-10_SNV_E200K,E200K,B12,943497-cb,biological_sample,943497_cb,2021-05-10,ddPCRclust_template_native,"native template workflow, full ensemble",17296,17296,986,16310,0,0,0,0,0,16310,ok,NA,"{""mode"":""full"",""numOfMarkers"":2,""multithread"":false}"
2021-05-10_SNV_E200K,E200K,C02,E200K,positive_control,e200k,2021-05-10,ddPCRclust_template_native,"native template workflow, full ensemble",14938,14938,5736,3532,3518,2152,0,0,5670,5684,ok,NA,"{""mode"":""full"",""numOfMarkers"":2,""multithread"":false}"
2021-05-10_SNV_E200K,E200K,C05,03-112-ce,biological_sample,03_112_ce,2021-05-10,ddPCRclust_template_native,"native template workflow, full ensemble",16587,NA,NA,NA,NA,NA,NA,NA,NA,NA,failed,attempt to set 'colnames' on an object with less than two dimensions,"{""mode"":""full"",""numOfMarkers"":2,""multithread"":false}"
2021-05-10_SNV_E200K,E200K,C08,03-132-hip,biological_sample,03_132_hip,2021-05-10,ddPCRclust_template_native,"native template workflow, full ensemble",13571,NA,NA,NA,NA,NA,NA,NA,NA,NA,failed,attempt to set 'colnames' on an object with less than two dimensions,"{""mode"":""full"",""numOfMarkers"":2,""multithread"":false}"
2021-05-10_SNV_E200K,E200K,C11,15-27-fr,biological_sample,15_27_fr,2021-05-10,ddPCRclust_template_native,"native template workflow, full ensemble",18360,18360,4440,13920,0,0,0,0,0,13920,ok,NA,"{""mode"":""full"",""numOfMarkers"":2,""multithread"":false}"
2021-05-10_SNV_E200K,E200K,C12,943497-fr,biological_sample,943497_fr,2021-05-10,ddPCRclust_template_native,"native template workflow, full ensemble",17871,17871,0,17869,0,2,0,0,2,17871,ok,NA,"{""mode"":""full"",""numOfMarkers"":2,""multithread"":false}"
2021-05-10_SNV_E200K,E200K,D02,09-100-cau,biological_sample,09_100_cau,2021-05-10,ddPCRclust_template_native,"native template workflow, full ensemble",15632,NA,NA,NA,NA,NA,NA,NA,NA,NA,failed,attempt to set 'colnames' on an object with less than two dimensions,"{""mode"":""full"",""numOfMarkers"":2,""multithread"":false}"
2021-05-10_SNV_E200K,E200K,D05,03-112-fc,biological_sample,03_112_fc,2021-05-10,ddPCRclust_template_native,"native template workflow, full ensemble",16681,NA,NA,NA,NA,NA,NA,NA,NA,NA,failed,attempt to set 'colnames' on an object with less than two dimensions,"{""mode"":""full"",""numOfMarkers"":2,""multithread"":false}"
2021-05-10_SNV_E200K,E200K,D08,03-132-mdb,biological_sample,03_132_mdb,2021-05-10,ddPCRclust_template_native,"native template workflow, full ensemble",15965,NA,NA,NA,NA,NA,NA,NA,NA,NA,failed,attempt to set 'colnames' on an object with less than two dimensions,"{""mode"":""full"",""numOfMarkers"":2,""multithread"":false}"
2021-05-10_SNV_E200K,E200K,D11,15-27-pons,biological_sample,15_27_ps,2021-05-10,ddPCRclust_template_native,"native template workflow, full ensemble",16406,16406,776,15630,0,0,0,0,0,15630,ok,NA,"{""mode"":""full"",""numOfMarkers"":2,""multithread"":false}"
2021-05-10_SNV_E200K,E200K,D12,943497-hc,biological_sample,943497_hc,2021-05-10,ddPCRclust_template_native,"native template workflow, full ensemble",16346,16317,5571,10746,0,0,29,0,0,10746,ok,NA,"{""mode"":""full"",""numOfMarkers"":2,""multithread"":false}"
2021-05-10_SNV_E200K,E200K,E02,09-100-ce,biological_sample,09_100_ce,2021-05-10,ddPCRclust_template_native,"native template workflow, full ensemble",14830,NA,NA,NA,NA,NA,NA,NA,NA,NA,failed,attempt to set 'colnames' on an object with less than two dimensions,"{""mode"":""full"",""numOfMarkers"":2,""multithread"":false}"
2021-05-10_SNV_E200K,E200K,E05,03-112-hip,biological_sample,03_112_hip,2021-05-10,ddPCRclust_template_native,"native template workflow, full ensemble",13845,NA,NA,NA,NA,NA,NA,NA,NA,NA,failed,attempt to set 'colnames' on an object with less than two dimensions,"{""mode"":""full"",""numOfMarkers"":2,""multithread"":false}"
2021-05-10_SNV_E200K,E200K,E08,03-132-th,biological_sample,03_132_th,2021-05-10,ddPCRclust_template_native,"native template workflow, full ensemble",14319,NA,NA,NA,NA,NA,NA,NA,NA,NA,failed,attempt to set 'colnames' on an object with less than two dimensions,"{""mode"":""full"",""numOfMarkers"":2,""multithread"":false}"
2021-05-10_SNV_E200K,E200K,E11,15-27-th,biological_sample,15_27_th,2021-05-10,ddPCRclust_template_native,"native template workflow, full ensemble",16603,NA,NA,NA,NA,NA,NA,NA,NA,NA,failed,attempt to set 'colnames' on an object with less than two dimensions,"{""mode"":""full"",""numOfMarkers"":2,""multithread"":false}"
2021-05-10_SNV_E200K,E200K,E12,943497-sn,biological_sample,943497_sn,2021-05-10,ddPCRclust_template_native,"native template workflow, full ensemble",18403,NA,NA,NA,NA,NA,NA,NA,NA,NA,failed,attempt to set 'colnames' on an object with less than two dimensions,"{""mode"":""full"",""numOfMarkers"":2,""multithread"":false}"
2021-05-10_SNV_E200K,E200K,F02,09-100-fc,biological_sample,09_100_fc,2021-05-10,ddPCRclust_template_native,"native template workflow, full ensemble",15197,NA,NA,NA,NA,NA,NA,NA,NA,NA,failed,attempt to set 'colnames' on an object with less than two dimensions,"{""mode"":""full"",""numOfMarkers"":2,""multithread"":false}"
2021-05-10_SNV_E200K,E200K,F05,03-112-mdb,biological_sample,03_112_mdb,2021-05-10,ddPCRclust_template_native,"native template workflow, full ensemble",16615,NA,NA,NA,NA,NA,NA,NA,NA,NA,failed,attempt to set 'colnames' on an object with less than two dimensions,"{""mode"":""full"",""numOfMarkers"":2,""multithread"":false}"
2021-05-10_SNV_E200K,E200K,F08,04-045-cau,biological_sample,04_045_cau,2021-05-10,ddPCRclust_template_native,"native template workflow, full ensemble",14551,NA,NA,NA,NA,NA,NA,NA,NA,NA,failed,attempt to set 'colnames' on an object with less than two dimensions,"{""mode"":""full"",""numOfMarkers"":2,""multithread"":false}"
2021-05-10_SNV_E200K,E200K,F12,943497-th,biological_sample,943497_th,2021-05-10,ddPCRclust_template_native,"native template workflow, full ensemble",18661,18661,2139,16522,0,0,0,0,0,16522,ok,NA,"{""mode"":""full"",""numOfMarkers"":2,""multithread"":false}"
2021-05-10_SNV_E200K,E200K,G02,09-100-hip,biological_sample,09_100_hip,2021-05-10,ddPCRclust_template_native,"native template workflow, full ensemble",15397,NA,NA,NA,NA,NA,NA,NA,NA,NA,failed,attempt to set 'colnames' on an object with less than two dimensions,"{""mode"":""full"",""numOfMarkers"":2,""multithread"":false}"
2021-05-10_SNV_E200K,E200K,G05,03-112-th,biological_sample,03_112_th,2021-05-10,ddPCRclust_template_native,"native template workflow, full ensemble",15419,NA,NA,NA,NA,NA,NA,NA,NA,NA,failed,attempt to set 'colnames' on an object with less than two dimensions,"{""mode"":""full"",""numOfMarkers"":2,""multithread"":false}"
2021-05-10_SNV_E200K,E200K,G08,04-045-ce,biological_sample,04_045_ce,2021-05-10,ddPCRclust_template_native,"native template workflow, full ensemble",14008,NA,NA,NA,NA,NA,NA,NA,NA,NA,failed,attempt to set 'colnames' on an object with less than two dimensions,"{""mode"":""full"",""numOfMarkers"":2,""multithread"":false}"
2021-05-10_SNV_E200K,E200K,H02,09-100-mdb,biological_sample,09_100_mdb,2021-05-10,ddPCRclust_template_native,"native template workflow, full ensemble",15604,NA,NA,NA,NA,NA,NA,NA,NA,NA,failed,attempt to set 'colnames' on an object with less than two dimensions,"{""mode"":""full"",""numOfMarkers"":2,""multithread"":false}"
2021-05-10_SNV_E200K,E200K,H05,03-132-cau,biological_sample,03_132_cau,2021-05-10,ddPCRclust_template_native,"native template workflow, full ensemble",16937,16937,0,16937,0,0,0,0,0,16937,ok,NA,"{""mode"":""full"",""numOfMarkers"":2,""multithread"":false}"
2021-05-10_SNV_E200K,E200K,H08,04-045-fc,biological_sample,04_045_fc,2021-05-10,ddPCRclust_template_native,"native template workflow, full ensemble",15124,NA,NA,NA,NA,NA,NA,NA,NA,NA,failed,attempt to set 'colnames' on an object with less than two dimensions,"{""mode"":""full"",""numOfMarkers"":2,""multithread"":false}"
2021-05-20_SNV_E200K,E200K,A02,NTC,NTC,ntc,2021-05-20,ddPCRclust_template_native,"native template workflow, full ensemble",17071,NA,NA,NA,NA,NA,NA,NA,NA,NA,failed,attempt to set 'colnames' on an object with less than two dimensions,"{""mode"":""full"",""numOfMarkers"":2,""multithread"":false}"
2021-05-20_SNV_E200K,E200K,A05,04-045-hip,biological_sample,04_045_hip,2021-05-20,ddPCRclust_template_native,"native template workflow, full ensemble",17736,NA,NA,NA,NA,NA,NA,NA,NA,NA,failed,attempt to set 'colnames' on an object with less than two dimensions,"{""mode"":""full"",""numOfMarkers"":2,""multithread"":false}"
2021-05-20_SNV_E200K,E200K,A08,20-357-th,biological_sample,20_357_th,2021-05-20,ddPCRclust_template_native,"native template workflow, full ensemble",17063,NA,NA,NA,NA,NA,NA,NA,NA,NA,failed,attempt to set 'colnames' on an object with less than two dimensions,"{""mode"":""full"",""numOfMarkers"":2,""multithread"":false}"
2021-05-20_SNV_E200K,E200K,A11,929474-sn,biological_sample,929474_sn,2021-05-20,ddPCRclust_template_native,"native template workflow, full ensemble",16912,16899,544,16355,0,0,13,0,0,16355,ok,NA,"{""mode"":""full"",""numOfMarkers"":2,""multithread"":false}"
2021-05-20_SNV_E200K,E200K,B02,WT,WT_control,wt,2021-05-20,ddPCRclust_template_native,"native template workflow, full ensemble",17085,17084,0,17071,0,13,1,0,13,17084,ok,NA,"{""mode"":""full"",""numOfMarkers"":2,""multithread"":false}"
2021-05-20_SNV_E200K,E200K,B05,04-045-mdb,biological_sample,04_045_mdb,2021-05-20,ddPCRclust_template_native,"native template workflow, full ensemble",17805,NA,NA,NA,NA,NA,NA,NA,NA,NA,failed,attempt to set 'colnames' on an object with less than two dimensions,"{""mode"":""full"",""numOfMarkers"":2,""multithread"":false}"
2021-05-20_SNV_E200K,E200K,B08,20-169-cau,biological_sample,20_169_cau,2021-05-20,ddPCRclust_template_native,"native template workflow, full ensemble",15419,NA,NA,NA,NA,NA,NA,NA,NA,NA,failed,attempt to set 'colnames' on an object with less than two dimensions,"{""mode"":""full"",""numOfMarkers"":2,""multithread"":false}"
2021-05-20_SNV_E200K,E200K,B11,17-13-bg,biological_sample,17_13_bg,2021-05-20,ddPCRclust_template_native,"native template workflow, full ensemble",16668,16666,0,16666,0,0,2,0,0,16666,ok,NA,"{""mode"":""full"",""numOfMarkers"":2,""multithread"":false}"
2021-05-20_SNV_E200K,E200K,C02,E200K,positive_control,e200k,2021-05-20,ddPCRclust_template_native,"native template workflow, full ensemble",17997,17997,7569,4079,4046,2303,0,0,6349,6382,ok,NA,"{""mode"":""full"",""numOfMarkers"":2,""multithread"":false}"
2021-05-20_SNV_E200K,E200K,C05,04-045-th,biological_sample,04_045_th,2021-05-20,ddPCRclust_template_native,"native template workflow, full ensemble",18316,NA,NA,NA,NA,NA,NA,NA,NA,NA,failed,attempt to set 'colnames' on an object with less than two dimensions,"{""mode"":""full"",""numOfMarkers"":2,""multithread"":false}"
2021-05-20_SNV_E200K,E200K,C08,20-169-ce,biological_sample,20_169_ce,2021-05-20,ddPCRclust_template_native,"native template workflow, full ensemble",16058,NA,NA,NA,NA,NA,NA,NA,NA,NA,failed,attempt to set 'colnames' on an object with less than two dimensions,"{""mode"":""full"",""numOfMarkers"":2,""multithread"":false}"
2021-05-20_SNV_E200K,E200K,C11,17-8-cb,biological_sample,17_8_cb,2021-05-20,ddPCRclust_template_native,"native template workflow, full ensemble",15369,NA,NA,NA,NA,NA,NA,NA,NA,NA,failed,attempt to set 'colnames' on an object with less than two dimensions,"{""mode"":""full"",""numOfMarkers"":2,""multithread"":false}"
2021-05-20_SNV_E200K,E200K,D02,19-082-ce,biological_sample,19_082_ce,2021-05-20,ddPCRclust_template_native,"native template workflow, full ensemble",17232,NA,NA,NA,NA,NA,NA,NA,NA,NA,failed,attempt to set 'colnames' on an object with less than two dimensions,"{""mode"":""full"",""numOfMarkers"":2,""multithread"":false}"
2021-05-20_SNV_E200K,E200K,D05,20-357-cau,biological_sample,20_357_cau,2021-05-20,ddPCRclust_template_native,"native template workflow, full ensemble",17828,17828,3206,14622,0,0,0,0,0,14622,ok,NA,"{""mode"":""full"",""numOfMarkers"":2,""multithread"":false}"
2021-05-20_SNV_E200K,E200K,D08,20-169-fc,biological_sample,20_169_fc,2021-05-20,ddPCRclust_template_native,"native template workflow, full ensemble",13562,13562,259,13302,1,0,0,0,1,13302,ok,NA,"{""mode"":""full"",""numOfMarkers"":2,""multithread"":false}"
2021-05-20_SNV_E200K,E200K,D11,17-8-fr,biological_sample,17_8_fr,2021-05-20,ddPCRclust_template_native,"native template workflow, full ensemble",16828,NA,NA,NA,NA,NA,NA,NA,NA,NA,failed,attempt to set 'colnames' on an object with less than two dimensions,"{""mode"":""full"",""numOfMarkers"":2,""multithread"":false}"
2021-05-20_SNV_E200K,E200K,E02,19-082-fc,biological_sample,19_082_fc,2021-05-20,ddPCRclust_template_native,"native template workflow, full ensemble",17438,NA,NA,NA,NA,NA,NA,NA,NA,NA,failed,attempt to set 'colnames' on an object with less than two dimensions,"{""mode"":""full"",""numOfMarkers"":2,""multithread"":false}"
2021-05-20_SNV_E200K,E200K,E05,20-357-ce,biological_sample,20_357_ce,2021-05-20,ddPCRclust_template_native,"native template workflow, full ensemble",17924,17924,0,17920,0,4,0,0,4,17924,ok,NA,"{""mode"":""full"",""numOfMarkers"":2,""multithread"":false}"
2021-05-20_SNV_E200K,E200K,E08,20-169-hip,biological_sample,20_169_hip,2021-05-20,ddPCRclust_template_native,"native template workflow, full ensemble",14123,NA,NA,NA,NA,NA,NA,NA,NA,NA,failed,attempt to set 'colnames' on an object with less than two dimensions,"{""mode"":""full"",""numOfMarkers"":2,""multithread"":false}"
2021-05-20_SNV_E200K,E200K,F02,19-082-hip,biological_sample,19_082_hip,2021-05-20,ddPCRclust_template_native,"native template workflow, full ensemble",16763,16758,0,16758,0,0,5,0,0,16758,ok,NA,"{""mode"":""full"",""numOfMarkers"":2,""multithread"":false}"
2021-05-20_SNV_E200K,E200K,F05,20-357-fc,biological_sample,20_357_fc,2021-05-20,ddPCRclust_template_native,"native template workflow, full ensemble",18561,NA,NA,NA,NA,NA,NA,NA,NA,NA,failed,attempt to set 'colnames' on an object with less than two dimensions,"{""mode"":""full"",""numOfMarkers"":2,""multithread"":false}"
2021-05-20_SNV_E200K,E200K,F08,20-169-mdb,biological_sample,20_169_mdb,2021-05-20,ddPCRclust_template_native,"native template workflow, full ensemble",13496,13496,279,13217,0,0,0,0,0,13217,ok,NA,"{""mode"":""full"",""numOfMarkers"":2,""multithread"":false}"
2021-05-20_SNV_E200K,E200K,F11,17-34-th,biological_sample,17_34_th,2021-05-20,ddPCRclust_template_native,"native template workflow, full ensemble",16668,NA,NA,NA,NA,NA,NA,NA,NA,NA,failed,attempt to set 'colnames' on an object with less than two dimensions,"{""mode"":""full"",""numOfMarkers"":2,""multithread"":false}"
2021-05-20_SNV_E200K,E200K,G02,19-082-mdb,biological_sample,19_082_mdb,2021-05-20,ddPCRclust_template_native,"native template workflow, full ensemble",17839,NA,NA,NA,NA,NA,NA,NA,NA,NA,failed,attempt to set 'colnames' on an object with less than two dimensions,"{""mode"":""full"",""numOfMarkers"":2,""multithread"":false}"
2021-05-20_SNV_E200K,E200K,G05,20-357-hip,biological_sample,20_357_hip,2021-05-20,ddPCRclust_template_native,"native template workflow, full ensemble",18374,18374,384,17990,0,0,0,0,0,17990,ok,NA,"{""mode"":""full"",""numOfMarkers"":2,""multithread"":false}"
2021-05-20_SNV_E200K,E200K,G08,20-169-th,biological_sample,20_169_th,2021-05-20,ddPCRclust_template_native,"native template workflow, full ensemble",14409,14409,0,14400,0,9,0,0,9,14409,ok,NA,"{""mode"":""full"",""numOfMarkers"":2,""multithread"":false}"
2021-05-20_SNV_E200K,E200K,G11,17-31-hc,biological_sample,17_31_hc,2021-05-20,ddPCRclust_template_native,"native template workflow, full ensemble",16258,16258,2804,13454,0,0,0,0,0,13454,ok,NA,"{""mode"":""full"",""numOfMarkers"":2,""multithread"":false}"
2021-05-20_SNV_E200K,E200K,H02,19-082-th,biological_sample,19_082_th,2021-05-20,ddPCRclust_template_native,"native template workflow, full ensemble",17671,NA,NA,NA,NA,NA,NA,NA,NA,NA,failed,attempt to set 'colnames' on an object with less than two dimensions,"{""mode"":""full"",""numOfMarkers"":2,""multithread"":false}"
2021-05-20_SNV_E200K,E200K,H05,20-357-mdb,biological_sample,20_357_mdb,2021-05-20,ddPCRclust_template_native,"native template workflow, full ensemble",19535,NA,NA,NA,NA,NA,NA,NA,NA,NA,failed,attempt to set 'colnames' on an object with less than two dimensions,"{""mode"":""full"",""numOfMarkers"":2,""multithread"":false}"
2021-05-20_SNV_E200K,E200K,H08,19-082-cau,biological_sample,19_082_cau,2021-05-20,ddPCRclust_template_native,"native template workflow, full ensemble",14276,NA,NA,NA,NA,NA,NA,NA,NA,NA,failed,attempt to set 'colnames' on an object with less than two dimensions,"{""mode"":""full"",""numOfMarkers"":2,""multithread"":false}"
2021-05-20_SNV_E200K,E200K,H11,17-32-cb,biological_sample,17_32_cb,2021-05-20,ddPCRclust_template_native,"native template workflow, full ensemble",16661,16661,3523,13138,0,0,0,0,0,13138,ok,NA,"{""mode"":""full"",""numOfMarkers"":2,""multithread"":false}"
2021-05-20_SNV_E200K,E200K,H12,17-11-cb,biological_sample,17_11_cb,2021-05-20,ddPCRclust_template_native,"native template workflow, full ensemble",17828,17669,4449,13220,0,0,159,0,0,13220,ok,NA,"{""mode"":""full"",""numOfMarkers"":2,""multithread"":false}"
2021-10-25_SNV_E200K,E200K,A01,NTC,NTC,ntc,2021-10-25,ddPCRclust_template_native,"native template workflow, full ensemble",11328,NA,NA,NA,NA,NA,NA,NA,NA,NA,failed,attempt to set 'colnames' on an object with less than two dimensions,"{""mode"":""full"",""numOfMarkers"":2,""multithread"":false}"
2021-10-25_SNV_E200K,E200K,B01,WT,WT_control,wt,2021-10-25,ddPCRclust_template_native,"native template workflow, full ensemble",6306,6306,2015,4291,0,0,0,0,0,4291,ok,NA,"{""mode"":""full"",""numOfMarkers"":2,""multithread"":false}"
2021-10-25_SNV_E200K,E200K,C01,E200K-mut,positive_control,,2021-10-25,ddPCRclust_template_native,"native template workflow, full ensemble",7050,7050,3302,1522,1430,796,0,0,2226,2318,ok,NA,"{""mode"":""full"",""numOfMarkers"":2,""multithread"":false}"
2021-10-25_SNV_E200K,E200K,D01,17-34-cb,biological_sample,17_34_cb,2021-10-25,ddPCRclust_template_native,"native template workflow, full ensemble",13950,13948,0,13947,0,1,2,0,1,13948,ok,NA,"{""mode"":""full"",""numOfMarkers"":2,""multithread"":false}"
2020-12-01_SNV_P102L,P102L,A01,17-34_bg,biological_sample,17_34_bg,2020-12-01,ddPCRclust_template_native,"native template workflow, full ensemble",14870,14832,0,14832,0,0,38,0,0,14832,ok,NA,"{""mode"":""full"",""numOfMarkers"":2,""multithread"":false}"
2020-12-01_SNV_P102L,P102L,A04,17-13_bg,biological_sample,17_13_bg,2020-12-01,ddPCRclust_template_native,"native template workflow, full ensemble",13725,13725,0,13725,0,0,0,0,0,13725,ok,NA,"{""mode"":""full"",""numOfMarkers"":2,""multithread"":false}"
2020-12-01_SNV_P102L,P102L,A05,18-5_bg,biological_sample,18_5_bg,2020-12-01,ddPCRclust_template_native,"native template workflow, full ensemble",12989,12989,4,12985,0,0,0,0,0,12985,ok,NA,"{""mode"":""full"",""numOfMarkers"":2,""multithread"":false}"
2020-12-01_SNV_P102L,P102L,A06,18-1_bg,biological_sample,18_1_bg,2020-12-01,ddPCRclust_template_native,"native template workflow, full ensemble",15577,15563,0,15563,0,0,14,0,0,15563,ok,NA,"{""mode"":""full"",""numOfMarkers"":2,""multithread"":false}"
2020-12-01_SNV_P102L,P102L,A08,17-30_bg,biological_sample,17_30_bg,2020-12-01,ddPCRclust_template_native,"native template workflow, full ensemble",15805,15805,0,15805,0,0,0,0,0,15805,ok,NA,"{""mode"":""full"",""numOfMarkers"":2,""multithread"":false}"
2020-12-01_SNV_P102L,P102L,A09,17-20_bg,biological_sample,17_20_bg,2020-12-01,ddPCRclust_template_native,"native template workflow, full ensemble",18805,NA,NA,NA,NA,NA,NA,NA,NA,NA,failed,attempt to set 'colnames' on an object with less than two dimensions,"{""mode"":""full"",""numOfMarkers"":2,""multithread"":false}"
2020-12-01_SNV_P102L,P102L,A10,18-31_sn,biological_sample,18_31_sn,2020-12-01,ddPCRclust_template_native,"native template workflow, full ensemble",16991,NA,NA,NA,NA,NA,NA,NA,NA,NA,failed,attempt to set 'colnames' on an object with less than two dimensions,"{""mode"":""full"",""numOfMarkers"":2,""multithread"":false}"
2020-12-01_SNV_P102L,P102L,A11,17-8_bg,biological_sample,17_8_bg,2020-12-01,ddPCRclust_template_native,"native template workflow, full ensemble",17974,NA,NA,NA,NA,NA,NA,NA,NA,NA,failed,attempt to set 'colnames' on an object with less than two dimensions,"{""mode"":""full"",""numOfMarkers"":2,""multithread"":false}"
2020-12-01_SNV_P102L,P102L,A12,NTC,NTC,ntc,2020-12-01,ddPCRclust_template_native,"native template workflow, full ensemble",17860,NA,NA,NA,NA,NA,NA,NA,NA,NA,failed,attempt to set 'colnames' on an object with less than two dimensions,"{""mode"":""full"",""numOfMarkers"":2,""multithread"":false}"
2020-12-01_SNV_P102L,P102L,B04,17-13_cb,biological_sample,17_13_cb,2020-12-01,ddPCRclust_template_native,"native template workflow, full ensemble",14841,NA,NA,NA,NA,NA,NA,NA,NA,NA,failed,attempt to set 'colnames' on an object with less than two dimensions,"{""mode"":""full"",""numOfMarkers"":2,""multithread"":false}"
2020-12-01_SNV_P102L,P102L,B05,18-5_cb,biological_sample,18_5_cb,2020-12-01,ddPCRclust_template_native,"native template workflow, full ensemble",15262,NA,NA,NA,NA,NA,NA,NA,NA,NA,failed,attempt to set 'colnames' on an object with less than two dimensions,"{""mode"":""full"",""numOfMarkers"":2,""multithread"":false}"
2020-12-01_SNV_P102L,P102L,B06,18-1_cb,biological_sample,18_1_cb,2020-12-01,ddPCRclust_template_native,"native template workflow, full ensemble",15497,15497,89,15408,0,0,0,0,0,15408,ok,NA,"{""mode"":""full"",""numOfMarkers"":2,""multithread"":false}"
2020-12-01_SNV_P102L,P102L,B08,17-30_fr,biological_sample,17_30_fr,2020-12-01,ddPCRclust_template_native,"native template workflow, full ensemble",15228,15228,57,15171,0,0,0,0,0,15171,ok,NA,"{""mode"":""full"",""numOfMarkers"":2,""multithread"":false}"
2020-12-01_SNV_P102L,P102L,B09,17-20_cb,biological_sample,17_20_cb,2020-12-01,ddPCRclust_template_native,"native template workflow, full ensemble",17728,NA,NA,NA,NA,NA,NA,NA,NA,NA,failed,attempt to set 'colnames' on an object with less than two dimensions,"{""mode"":""full"",""numOfMarkers"":2,""multithread"":false}"
2020-12-01_SNV_P102L,P102L,B10,18-31_th,biological_sample,18_31_th,2020-12-01,ddPCRclust_template_native,"native template workflow, full ensemble",15685,15668,0,15668,0,0,17,0,0,15668,ok,NA,"{""mode"":""full"",""numOfMarkers"":2,""multithread"":false}"
2020-12-01_SNV_P102L,P102L,B11,17-8_cb,biological_sample,17_8_cb,2020-12-01,ddPCRclust_template_native,"native template workflow, full ensemble",16154,NA,NA,NA,NA,NA,NA,NA,NA,NA,failed,attempt to set 'colnames' on an object with less than two dimensions,"{""mode"":""full"",""numOfMarkers"":2,""multithread"":false}"
2020-12-01_SNV_P102L,P102L,B12,WT,WT_control,wt,2020-12-01,ddPCRclust_template_native,"native template workflow, full ensemble",15419,15156,3015,12141,0,0,263,0,0,12141,ok,NA,"{""mode"":""full"",""numOfMarkers"":2,""multithread"":false}"
2020-12-01_SNV_P102L,P102L,C01,17-34_fr,biological_sample,17_34_fr,2020-12-01,ddPCRclust_template_native,"native template workflow, full ensemble",13361,13361,13,13348,0,0,0,0,0,13348,ok,NA,"{""mode"":""full"",""numOfMarkers"":2,""multithread"":false}"
2020-12-01_SNV_P102L,P102L,C04,17-13_hc,biological_sample,17_13_hc,2020-12-01,ddPCRclust_template_native,"native template workflow, full ensemble",15052,15039,0,15039,0,0,13,0,0,15039,ok,NA,"{""mode"":""full"",""numOfMarkers"":2,""multithread"":false}"
2020-12-01_SNV_P102L,P102L,C05,18-5_fr,biological_sample,18_5_fr,2020-12-01,ddPCRclust_template_native,"native template workflow, full ensemble",16432,16432,25,16406,0,1,0,0,1,16407,ok,NA,"{""mode"":""full"",""numOfMarkers"":2,""multithread"":false}"
2020-12-01_SNV_P102L,P102L,C06,18-1_fr,biological_sample,18_1_fr,2020-12-01,ddPCRclust_template_native,"native template workflow, full ensemble",15141,15141,28,15113,0,0,0,0,0,15113,ok,NA,"{""mode"":""full"",""numOfMarkers"":2,""multithread"":false}"
2020-12-01_SNV_P102L,P102L,C08,17-30_hc,biological_sample,17_30_hc,2020-12-01,ddPCRclust_template_native,"native template workflow, full ensemble",15425,15414,0,15414,0,0,11,0,0,15414,ok,NA,"{""mode"":""full"",""numOfMarkers"":2,""multithread"":false}"
2020-12-01_SNV_P102L,P102L,C09,17-20_fr,biological_sample,17_20_fr,2020-12-01,ddPCRclust_template_native,"native template workflow, full ensemble",17124,NA,NA,NA,NA,NA,NA,NA,NA,NA,failed,attempt to set 'colnames' on an object with less than two dimensions,"{""mode"":""full"",""numOfMarkers"":2,""multithread"":false}"
2020-12-01_SNV_P102L,P102L,C12,P102L-mut,positive_control,,2020-12-01,ddPCRclust_template_native,"native template workflow, full ensemble",17693,17693,13676,1897,1906,214,0,0,2120,2111,ok,NA,"{""mode"":""full"",""numOfMarkers"":2,""multithread"":false}"
2020-12-01_SNV_P102L,P102L,D01,17-34_sn,biological_sample,17_34_sn,2020-12-01,ddPCRclust_template_native,"native template workflow, full ensemble",14349,14348,0,14348,0,0,1,0,0,14348,ok,NA,"{""mode"":""full"",""numOfMarkers"":2,""multithread"":false}"
2020-12-01_SNV_P102L,P102L,D02,17-5_cb,biological_sample,17_5_cb,2020-12-01,ddPCRclust_template_native,"native template workflow, full ensemble",14783,14758,0,14758,0,0,25,0,0,14758,ok,NA,"{""mode"":""full"",""numOfMarkers"":2,""multithread"":false}"
2020-12-01_SNV_P102L,P102L,D04,17-13_sn,biological_sample,17_13_sn,2020-12-01,ddPCRclust_template_native,"native template workflow, full ensemble",11897,11894,68,11826,0,0,3,0,0,11826,ok,NA,"{""mode"":""full"",""numOfMarkers"":2,""multithread"":false}"
2020-12-01_SNV_P102L,P102L,D05,18-5_hc,biological_sample,18_5_hc,2020-12-01,ddPCRclust_template_native,"native template workflow, full ensemble",14883,14862,1,14861,0,0,21,0,0,14861,ok,NA,"{""mode"":""full"",""numOfMarkers"":2,""multithread"":false}"
2020-12-01_SNV_P102L,P102L,D06,18-1_hc,biological_sample,18_1_hc,2020-12-01,ddPCRclust_template_native,"native template workflow, full ensemble",13932,NA,NA,NA,NA,NA,NA,NA,NA,NA,failed,attempt to set 'colnames' on an object with less than two dimensions,"{""mode"":""full"",""numOfMarkers"":2,""multithread"":false}"
2020-12-01_SNV_P102L,P102L,D07,17-32_hc,biological_sample,17_32_hc,2020-12-01,ddPCRclust_template_native,"native template workflow, full ensemble",15321,14947,0,14947,0,0,374,0,0,14947,ok,NA,"{""mode"":""full"",""numOfMarkers"":2,""multithread"":false}"
2020-12-01_SNV_P102L,P102L,D08,17-30_sn,biological_sample,17_30_sn,2020-12-01,ddPCRclust_template_native,"native template workflow, full ensemble",14775,14750,0,14750,0,0,25,0,0,14750,ok,NA,"{""mode"":""full"",""numOfMarkers"":2,""multithread"":false}"
2020-12-01_SNV_P102L,P102L,D09,17-20_sn,biological_sample,17_20_sn,2020-12-01,ddPCRclust_template_native,"native template workflow, full ensemble",17541,17530,0,17530,0,0,11,0,0,17530,ok,NA,"{""mode"":""full"",""numOfMarkers"":2,""multithread"":false}"
2020-12-01_SNV_P102L,P102L,E01,17-34-th,biological_sample,17_34_th,2020-12-01,ddPCRclust_template_native,"native template workflow, full ensemble",12533,12533,0,12533,0,0,0,0,0,12533,ok,NA,"{""mode"":""full"",""numOfMarkers"":2,""multithread"":false}"
2020-12-01_SNV_P102L,P102L,E02,17-5_fr,biological_sample,17_5_fr,2020-12-01,ddPCRclust_template_native,"native template workflow, full ensemble",14639,14592,0,14592,0,0,47,0,0,14592,ok,NA,"{""mode"":""full"",""numOfMarkers"":2,""multithread"":false}"
2020-12-01_SNV_P102L,P102L,E04,17-13_th,biological_sample,17_13_th,2020-12-01,ddPCRclust_template_native,"native template workflow, full ensemble",13930,13923,69,13854,0,0,7,0,0,13854,ok,NA,"{""mode"":""full"",""numOfMarkers"":2,""multithread"":false}"
2020-12-01_SNV_P102L,P102L,E05,18-5_sn,biological_sample,18_5_sn,2020-12-01,ddPCRclust_template_native,"native template workflow, full ensemble",15400,15400,772,14628,0,0,0,0,0,14628,ok,NA,"{""mode"":""full"",""numOfMarkers"":2,""multithread"":false}"
2020-12-01_SNV_P102L,P102L,E06,17-31_bg,biological_sample,17_31_bg,2020-12-01,ddPCRclust_template_native,"native template workflow, full ensemble",13222,13222,13,13209,0,0,0,0,0,13209,ok,NA,"{""mode"":""full"",""numOfMarkers"":2,""multithread"":false}"
2020-12-01_SNV_P102L,P102L,E07,17-32_sn,biological_sample,17_32_sn,2020-12-01,ddPCRclust_template_native,"native template workflow, full ensemble",14049,14049,1,14048,0,0,0,0,0,14048,ok,NA,"{""mode"":""full"",""numOfMarkers"":2,""multithread"":false}"
2020-12-01_SNV_P102L,P102L,E08,17-30_th,biological_sample,17_30_th,2020-12-01,ddPCRclust_template_native,"native template workflow, full ensemble",16216,16210,24,16186,0,0,6,0,0,16186,ok,NA,"{""mode"":""full"",""numOfMarkers"":2,""multithread"":false}"
2020-12-01_SNV_P102L,P102L,E09,17-20_th,biological_sample,17_20_th,2020-12-01,ddPCRclust_template_native,"native template workflow, full ensemble",17907,17895,0,17895,0,0,12,0,0,17895,ok,NA,"{""mode"":""full"",""numOfMarkers"":2,""multithread"":false}"
2020-12-01_SNV_P102L,P102L,F02,17-5_th,biological_sample,17_5_th,2020-12-01,ddPCRclust_template_native,"native template workflow, full ensemble",14197,14197,21,14176,0,0,0,0,0,14176,ok,NA,"{""mode"":""full"",""numOfMarkers"":2,""multithread"":false}"
2020-12-01_SNV_P102L,P102L,F04,17-15_cb,biological_sample,17_15_cb,2020-12-01,ddPCRclust_template_native,"native template workflow, full ensemble",14154,14154,3,14151,0,0,0,0,0,14151,ok,NA,"{""mode"":""full"",""numOfMarkers"":2,""multithread"":false}"
2020-12-01_SNV_P102L,P102L,F05,18-5_th,biological_sample,18_5_th,2020-12-01,ddPCRclust_template_native,"native template workflow, full ensemble",16408,16381,15,16366,0,0,27,0,0,16366,ok,NA,"{""mode"":""full"",""numOfMarkers"":2,""multithread"":false}"
2020-12-01_SNV_P102L,P102L,F06,17-31_hc,biological_sample,17_31_hc,2020-12-01,ddPCRclust_template_native,"native template workflow, full ensemble",15459,15440,0,15440,0,0,19,0,0,15440,ok,NA,"{""mode"":""full"",""numOfMarkers"":2,""multithread"":false}"
2020-12-01_SNV_P102L,P102L,F07,17-32_th,biological_sample,17_32_th,2020-12-01,ddPCRclust_template_native,"native template workflow, full ensemble",14516,14491,0,14491,0,0,25,0,0,14491,ok,NA,"{""mode"":""full"",""numOfMarkers"":2,""multithread"":false}"
2020-12-01_SNV_P102L,P102L,G06,17-31_sn,biological_sample,17_31_sn,2020-12-01,ddPCRclust_template_native,"native template workflow, full ensemble",12096,12096,141,11955,0,0,0,0,0,11955,ok,NA,"{""mode"":""full"",""numOfMarkers"":2,""multithread"":false}"
2020-12-01_SNV_P102L,P102L,H06,17-31_th,biological_sample,17_31_th,2020-12-01,ddPCRclust_template_native,"native template workflow, full ensemble",14646,14639,0,14639,0,0,7,0,0,14639,ok,NA,"{""mode"":""full"",""numOfMarkers"":2,""multithread"":false}"
2021-01-26_SNV_P102L,P102L,A03,NTC,NTC,ntc,2021-01-26,ddPCRclust_template_native,"native template workflow, full ensemble",14644,14638,14638,0,0,0,6,0,0,0,ok,NA,"{""mode"":""full"",""numOfMarkers"":2,""multithread"":false}"
2021-01-26_SNV_P102L,P102L,A06,924486-th,biological_sample,924486_th,2021-01-26,ddPCRclust_template_native,"native template workflow, full ensemble",14840,NA,NA,NA,NA,NA,NA,NA,NA,NA,failed,attempt to set 'colnames' on an object with less than two dimensions,"{""mode"":""full"",""numOfMarkers"":2,""multithread"":false}"
2021-01-26_SNV_P102L,P102L,A09,955427-bg,biological_sample,955427_bg,2021-01-26,ddPCRclust_template_native,"native template workflow, full ensemble",14767,14767,898,13869,0,0,0,0,0,13869,ok,NA,"{""mode"":""full"",""numOfMarkers"":2,""multithread"":false}"
2021-01-26_SNV_P102L,P102L,B03,P102L-mut,positive_control,,2021-01-26,ddPCRclust_template_native,"native template workflow, full ensemble",15329,15329,10901,2143,2285,0,0,0,2285,2143,ok,NA,"{""mode"":""full"",""numOfMarkers"":2,""multithread"":false}"
2021-01-26_SNV_P102L,P102L,B06,953891-bg,biological_sample,953891_bg,2021-01-26,ddPCRclust_template_native,"native template workflow, full ensemble",15841,15827,0,15827,0,0,14,0,0,15827,ok,NA,"{""mode"":""full"",""numOfMarkers"":2,""multithread"":false}"
2021-01-26_SNV_P102L,P102L,B09,955427-cb,biological_sample,955427_cb,2021-01-26,ddPCRclust_template_native,"native template workflow, full ensemble",13644,13635,0,13635,0,0,9,0,0,13635,ok,NA,"{""mode"":""full"",""numOfMarkers"":2,""multithread"":false}"
2021-01-26_SNV_P102L,P102L,C03,WT,WT_control,wt,2021-01-26,ddPCRclust_template_native,"native template workflow, full ensemble",16381,16381,643,15738,0,0,0,0,0,15738,ok,NA,"{""mode"":""full"",""numOfMarkers"":2,""multithread"":false}"
2021-01-26_SNV_P102L,P102L,C06,953891-cb,biological_sample,953891_cb,2021-01-26,ddPCRclust_template_native,"native template workflow, full ensemble",15460,15455,0,15455,0,0,5,0,0,15455,ok,NA,"{""mode"":""full"",""numOfMarkers"":2,""multithread"":false}"
2021-01-26_SNV_P102L,P102L,C09,955427-fr,biological_sample,955427_fr,2021-01-26,ddPCRclust_template_native,"native template workflow, full ensemble",14977,14972,0,14972,0,0,5,0,0,14972,ok,NA,"{""mode"":""full"",""numOfMarkers"":2,""multithread"":false}"
2021-01-26_SNV_P102L,P102L,D03,924486-bg,biological_sample,924486_bg,2021-01-26,ddPCRclust_template_native,"native template workflow, full ensemble",15299,15244,0,15244,0,0,55,0,0,15244,ok,NA,"{""mode"":""full"",""numOfMarkers"":2,""multithread"":false}"
2021-01-26_SNV_P102L,P102L,D06,953891-fr,biological_sample,953891_fr,2021-01-26,ddPCRclust_template_native,"native template workflow, full ensemble",14901,14901,848,14053,0,0,0,0,0,14053,ok,NA,"{""mode"":""full"",""numOfMarkers"":2,""multithread"":false}"
2021-01-26_SNV_P102L,P102L,D09,955427-hc,biological_sample,955427_hc,2021-01-26,ddPCRclust_template_native,"native template workflow, full ensemble",15001,14983,0,14983,0,0,18,0,0,14983,ok,NA,"{""mode"":""full"",""numOfMarkers"":2,""multithread"":false}"
2021-01-26_SNV_P102L,P102L,E03,924486-cb,biological_sample,924486_cb,2021-01-26,ddPCRclust_template_native,"native template workflow, full ensemble",15575,14542,0,14542,0,0,1033,0,0,14542,ok,NA,"{""mode"":""full"",""numOfMarkers"":2,""multithread"":false}"
2021-01-26_SNV_P102L,P102L,E06,953891-hc,biological_sample,953891_hc,2021-01-26,ddPCRclust_template_native,"native template workflow, full ensemble",16176,16176,298,15878,0,0,0,0,0,15878,ok,NA,"{""mode"":""full"",""numOfMarkers"":2,""multithread"":false}"
2021-01-26_SNV_P102L,P102L,E09,955427-sn,biological_sample,955427_sn,2021-01-26,ddPCRclust_template_native,"native template workflow, full ensemble",14144,14130,0,14130,0,0,14,0,0,14130,ok,NA,"{""mode"":""full"",""numOfMarkers"":2,""multithread"":false}"
2021-01-26_SNV_P102L,P102L,F03,924486-fr,biological_sample,924486_fr,2021-01-26,ddPCRclust_template_native,"native template workflow, full ensemble",15841,15590,0,15590,0,0,251,0,0,15590,ok,NA,"{""mode"":""full"",""numOfMarkers"":2,""multithread"":false}"
2021-01-26_SNV_P102L,P102L,F06,953891-sn,biological_sample,953891_sn,2021-01-26,ddPCRclust_template_native,"native template workflow, full ensemble",15006,15006,24,14982,0,0,0,0,0,14982,ok,NA,"{""mode"":""full"",""numOfMarkers"":2,""multithread"":false}"
2021-01-26_SNV_P102L,P102L,F09,955427-th,biological_sample,955427_th,2021-01-26,ddPCRclust_template_native,"native template workflow, full ensemble",15257,15243,0,15243,0,0,14,0,0,15243,ok,NA,"{""mode"":""full"",""numOfMarkers"":2,""multithread"":false}"
2021-01-26_SNV_P102L,P102L,G03,924486-hc,biological_sample,924486_hc,2021-01-26,ddPCRclust_template_native,"native template workflow, full ensemble",15934,15379,0,15379,0,0,555,0,0,15379,ok,NA,"{""mode"":""full"",""numOfMarkers"":2,""multithread"":false}"
2021-01-26_SNV_P102L,P102L,G06,953891-th,biological_sample,953891_th,2021-01-26,ddPCRclust_template_native,"native template workflow, full ensemble",14025,13637,0,13637,0,0,388,0,0,13637,ok,NA,"{""mode"":""full"",""numOfMarkers"":2,""multithread"":false}"
2021-01-26_SNV_P102L,P102L,G09,929474-bg,biological_sample,929474_bg,2021-01-26,ddPCRclust_template_native,"native template workflow, full ensemble",14194,14170,0,14170,0,0,24,0,0,14170,ok,NA,"{""mode"":""full"",""numOfMarkers"":2,""multithread"":false}"
2021-01-26_SNV_P102L,P102L,H03,924486-sn,biological_sample,924486_sn,2021-01-26,ddPCRclust_template_native,"native template workflow, full ensemble",15177,15177,1421,13756,0,0,0,0,0,13756,ok,NA,"{""mode"":""full"",""numOfMarkers"":2,""multithread"":false}"
2021-01-26_SNV_P102L,P102L,H06,18-5-th,biological_sample,18_5_th,2021-01-26,ddPCRclust_template_native,"native template workflow, full ensemble",14887,14697,0,14697,0,0,190,0,0,14697,ok,NA,"{""mode"":""full"",""numOfMarkers"":2,""multithread"":false}"
2021-01-26_SNV_P102L,P102L,H09,929474-cb,biological_sample,929474_cb,2021-01-26,ddPCRclust_template_native,"native template workflow, full ensemble",14779,NA,NA,NA,NA,NA,NA,NA,NA,NA,failed,attempt to set 'colnames' on an object with less than two dimensions,"{""mode"":""full"",""numOfMarkers"":2,""multithread"":false}"
2021-01-28_SNV_P102L,P102L,A03,NTC,NTC,ntc,2021-01-28,ddPCRclust_template_native,"native template workflow, full ensemble",15113,NA,NA,NA,NA,NA,NA,NA,NA,NA,failed,attempt to set 'colnames' on an object with less than two dimensions,"{""mode"":""full"",""numOfMarkers"":2,""multithread"":false}"
2021-01-28_SNV_P102L,P102L,A06,933892-th,biological_sample,933892_th,2021-01-28,ddPCRclust_template_native,"native template workflow, full ensemble",14741,14741,0,14713,0,28,0,0,28,14741,ok,NA,"{""mode"":""full"",""numOfMarkers"":2,""multithread"":false}"
2021-01-28_SNV_P102L,P102L,A09,238501-cb,biological_sample,238501_cb,2021-01-28,ddPCRclust_template_native,"native template workflow, full ensemble",15297,15297,4645,10652,0,0,0,0,0,10652,ok,NA,"{""mode"":""full"",""numOfMarkers"":2,""multithread"":false}"
2021-01-28_SNV_P102L,P102L,B03,WT,WT_control,wt,2021-01-28,ddPCRclust_template_native,"native template workflow, full ensemble",13200,13200,0,13193,0,7,0,0,7,13200,ok,NA,"{""mode"":""full"",""numOfMarkers"":2,""multithread"":false}"
2021-01-28_SNV_P102L,P102L,B06,943497-bg,biological_sample,943497_bg,2021-01-28,ddPCRclust_template_native,"native template workflow, full ensemble",14908,14908,0,14892,0,16,0,0,16,14908,ok,NA,"{""mode"":""full"",""numOfMarkers"":2,""multithread"":false}"
2021-01-28_SNV_P102L,P102L,B09,238501-fr,biological_sample,238501_fr,2021-01-28,ddPCRclust_template_native,"native template workflow, full ensemble",15310,15310,778,14532,0,0,0,0,0,14532,ok,NA,"{""mode"":""full"",""numOfMarkers"":2,""multithread"":false}"
2021-01-28_SNV_P102L,P102L,C03,P102L-mut,positive_control,,2021-01-28,ddPCRclust_template_native,"native template workflow, full ensemble",15678,15678,8647,2991,2971,1069,0,0,4040,4060,ok,NA,"{""mode"":""full"",""numOfMarkers"":2,""multithread"":false}"
2021-01-28_SNV_P102L,P102L,C06,943497-cb,biological_sample,943497_cb,2021-01-28,ddPCRclust_template_native,"native template workflow, full ensemble",14937,14937,0,14922,0,15,0,0,15,14937,ok,NA,"{""mode"":""full"",""numOfMarkers"":2,""multithread"":false}"
2021-01-28_SNV_P102L,P102L,C09,238501-hc,biological_sample,238501_hc,2021-01-28,ddPCRclust_template_native,"native template workflow, full ensemble",15589,15577,0,15566,0,11,12,0,11,15577,ok,NA,"{""mode"":""full"",""numOfMarkers"":2,""multithread"":false}"
2021-01-28_SNV_P102L,P102L,D03,933892-bg,biological_sample,933892_bg,2021-01-28,ddPCRclust_template_native,"native template workflow, full ensemble",16172,16172,0,16153,0,19,0,0,19,16172,ok,NA,"{""mode"":""full"",""numOfMarkers"":2,""multithread"":false}"
2021-01-28_SNV_P102L,P102L,D06,943497-fr,biological_sample,943497_fr,2021-01-28,ddPCRclust_template_native,"native template workflow, full ensemble",15556,15551,0,15551,0,0,5,0,0,15551,ok,NA,"{""mode"":""full"",""numOfMarkers"":2,""multithread"":false}"
2021-01-28_SNV_P102L,P102L,E03,933892-cb,biological_sample,933892_cb,2021-01-28,ddPCRclust_template_native,"native template workflow, full ensemble",16125,16125,0,16117,0,8,0,0,8,16125,ok,NA,"{""mode"":""full"",""numOfMarkers"":2,""multithread"":false}"
2021-01-28_SNV_P102L,P102L,E06,943497-hc,biological_sample,943497_hc,2021-01-28,ddPCRclust_template_native,"native template workflow, full ensemble",15816,15787,0,15787,0,0,29,0,0,15787,ok,NA,"{""mode"":""full"",""numOfMarkers"":2,""multithread"":false}"
2021-01-28_SNV_P102L,P102L,E09,238501-th,biological_sample,238501_th,2021-01-28,ddPCRclust_template_native,"native template workflow, full ensemble",14016,14016,841,13161,0,14,0,0,14,13175,ok,NA,"{""mode"":""full"",""numOfMarkers"":2,""multithread"":false}"
2021-01-28_SNV_P102L,P102L,F03,933892-fr,biological_sample,933892_fr,2021-01-28,ddPCRclust_template_native,"native template workflow, full ensemble",15816,NA,NA,NA,NA,NA,NA,NA,NA,NA,failed,attempt to set 'colnames' on an object with less than two dimensions,"{""mode"":""full"",""numOfMarkers"":2,""multithread"":false}"
2021-01-28_SNV_P102L,P102L,F06,943497-sn,biological_sample,943497_sn,2021-01-28,ddPCRclust_template_native,"native template workflow, full ensemble",15568,NA,NA,NA,NA,NA,NA,NA,NA,NA,failed,attempt to set 'colnames' on an object with less than two dimensions,"{""mode"":""full"",""numOfMarkers"":2,""multithread"":false}"
2021-01-28_SNV_P102L,P102L,F09,929474-fr,biological_sample,929474_fr,2021-01-28,ddPCRclust_template_native,"native template workflow, full ensemble",14976,14976,905,14071,0,0,0,0,0,14071,ok,NA,"{""mode"":""full"",""numOfMarkers"":2,""multithread"":false}"
2021-01-28_SNV_P102L,P102L,G03,933892-hc,biological_sample,933892_hc,2021-01-28,ddPCRclust_template_native,"native template workflow, full ensemble",14650,14650,0,14633,0,17,0,0,17,14650,ok,NA,"{""mode"":""full"",""numOfMarkers"":2,""multithread"":false}"
2021-01-28_SNV_P102L,P102L,G06,943497-th,biological_sample,943497_th,2021-01-28,ddPCRclust_template_native,"native template workflow, full ensemble",15538,15538,2095,13443,0,0,0,0,0,13443,ok,NA,"{""mode"":""full"",""numOfMarkers"":2,""multithread"":false}"
2021-01-28_SNV_P102L,P102L,G09,929474-hc,biological_sample,929474_hc,2021-01-28,ddPCRclust_template_native,"native template workflow, full ensemble",15549,15549,0,15535,0,14,0,0,14,15549,ok,NA,"{""mode"":""full"",""numOfMarkers"":2,""multithread"":false}"
2021-01-28_SNV_P102L,P102L,H03,933892-sn,biological_sample,933892_sn,2021-01-28,ddPCRclust_template_native,"native template workflow, full ensemble",14972,NA,NA,NA,NA,NA,NA,NA,NA,NA,failed,attempt to set 'colnames' on an object with less than two dimensions,"{""mode"":""full"",""numOfMarkers"":2,""multithread"":false}"
2021-01-28_SNV_P102L,P102L,H06,238501-bg,biological_sample,238501_bg,2021-01-28,ddPCRclust_template_native,"native template workflow, full ensemble",15503,NA,NA,NA,NA,NA,NA,NA,NA,NA,failed,attempt to set 'colnames' on an object with less than two dimensions,"{""mode"":""full"",""numOfMarkers"":2,""multithread"":false}"
2021-02-02_SNV_P102L,P102L,A01,NTC,NTC,ntc,2021-02-02,ddPCRclust_template_native,"native template workflow, full ensemble",16027,NA,NA,NA,NA,NA,NA,NA,NA,NA,failed,attempt to set 'colnames' on an object with less than two dimensions,"{""mode"":""full"",""numOfMarkers"":2,""multithread"":false}"
2021-02-02_SNV_P102L,P102L,A02,18-17-cb,biological_sample,18_17_cb,2021-02-02,ddPCRclust_template_native,"native template workflow, full ensemble",14222,14205,0,14205,0,0,17,0,0,14205,ok,NA,"{""mode"":""full"",""numOfMarkers"":2,""multithread"":false}"
2021-02-02_SNV_P102L,P102L,A03,18-24-sn,biological_sample,18_24_sn,2021-02-02,ddPCRclust_template_native,"native template workflow, full ensemble",14580,14579,0,14570,0,9,1,0,9,14579,ok,NA,"{""mode"":""full"",""numOfMarkers"":2,""multithread"":false}"
2021-02-02_SNV_P102L,P102L,A04,17-20-fr,biological_sample,17_20_fr,2021-02-02,ddPCRclust_template_native,"native template workflow, full ensemble",15787,15787,0,15774,0,13,0,0,13,15787,ok,NA,"{""mode"":""full"",""numOfMarkers"":2,""multithread"":false}"
2021-02-02_SNV_P102L,P102L,A05,18-1-bg,biological_sample,18_1_bg,2021-02-02,ddPCRclust_template_native,"native template workflow, full ensemble",15714,15678,0,15678,0,0,36,0,0,15678,ok,NA,"{""mode"":""full"",""numOfMarkers"":2,""multithread"":false}"
2021-02-02_SNV_P102L,P102L,A06,18-6-bg,biological_sample,18_6_bg,2021-02-02,ddPCRclust_template_native,"native template workflow, full ensemble",15037,15012,0,15012,0,0,25,0,0,15012,ok,NA,"{""mode"":""full"",""numOfMarkers"":2,""multithread"":false}"
2021-02-02_SNV_P102L,P102L,A08,14-24-sn,biological_sample,14_24_sn,2021-02-02,ddPCRclust_template_native,"native template workflow, full ensemble",16803,16800,2,16798,0,0,3,0,0,16798,ok,NA,"{""mode"":""full"",""numOfMarkers"":2,""multithread"":false}"
2021-02-02_SNV_P102L,P102L,B01,WT,WT_control,wt,2021-02-02,ddPCRclust_template_native,"native template workflow, full ensemble",15341,15329,0,15329,0,0,12,0,0,15329,ok,NA,"{""mode"":""full"",""numOfMarkers"":2,""multithread"":false}"
2021-02-02_SNV_P102L,P102L,B02,18-17-fr,biological_sample,18_17_fr,2021-02-02,ddPCRclust_template_native,"native template workflow, full ensemble",15220,15220,0,15209,0,11,0,0,11,15220,ok,NA,"{""mode"":""full"",""numOfMarkers"":2,""multithread"":false}"
2021-02-02_SNV_P102L,P102L,B03,18-24-th,biological_sample,18_24_th,2021-02-02,ddPCRclust_template_native,"native template workflow, full ensemble",15463,15463,0,15446,0,17,0,0,17,15463,ok,NA,"{""mode"":""full"",""numOfMarkers"":2,""multithread"":false}"
2021-02-02_SNV_P102L,P102L,B04,17-20-sn,biological_sample,17_20_sn,2021-02-02,ddPCRclust_template_native,"native template workflow, full ensemble",14899,14899,0,14885,0,14,0,0,14,14899,ok,NA,"{""mode"":""full"",""numOfMarkers"":2,""multithread"":false}"
2021-02-02_SNV_P102L,P102L,B05,18-1-cb,biological_sample,18_1_cb,2021-02-02,ddPCRclust_template_native,"native template workflow, full ensemble",16696,16696,0,16683,0,13,0,0,13,16696,ok,NA,"{""mode"":""full"",""numOfMarkers"":2,""multithread"":false}"
2021-02-02_SNV_P102L,P102L,B06,18-6-cb,biological_sample,18_6_cb,2021-02-02,ddPCRclust_template_native,"native template workflow, full ensemble",15887,15871,0,15871,0,0,16,0,0,15871,ok,NA,"{""mode"":""full"",""numOfMarkers"":2,""multithread"":false}"
2021-02-02_SNV_P102L,P102L,B08,14-24-th,biological_sample,14_24_th,2021-02-02,ddPCRclust_template_native,"native template workflow, full ensemble",15970,NA,NA,NA,NA,NA,NA,NA,NA,NA,failed,attempt to set 'colnames' on an object with less than two dimensions,"{""mode"":""full"",""numOfMarkers"":2,""multithread"":false}"
2021-02-02_SNV_P102L,P102L,C01,P102L-mut,positive_control,,2021-02-02,ddPCRclust_template_native,"native template workflow, full ensemble",14350,14350,6742,3047,3105,1456,0,0,4561,4503,ok,NA,"{""mode"":""full"",""numOfMarkers"":2,""multithread"":false}"
2021-02-02_SNV_P102L,P102L,C02,18-17-sn,biological_sample,18_17_sn,2021-02-02,ddPCRclust_template_native,"native template workflow, full ensemble",14965,14954,0,14937,0,17,11,0,17,14954,ok,NA,"{""mode"":""full"",""numOfMarkers"":2,""multithread"":false}"
2021-02-02_SNV_P102L,P102L,C03,18-31-bg,biological_sample,18_31_bg,2021-02-02,ddPCRclust_template_native,"native template workflow, full ensemble",15911,15911,0,15900,0,11,0,0,11,15911,ok,NA,"{""mode"":""full"",""numOfMarkers"":2,""multithread"":false}"
2021-02-02_SNV_P102L,P102L,C04,17-20-th,biological_sample,17_20_th,2021-02-02,ddPCRclust_template_native,"native template workflow, full ensemble",15491,15491,0,15482,0,9,0,0,9,15491,ok,NA,"{""mode"":""full"",""numOfMarkers"":2,""multithread"":false}"
2021-02-02_SNV_P102L,P102L,C05,18-1-fr,biological_sample,18_1_fr,2021-02-02,ddPCRclust_template_native,"native template workflow, full ensemble",16711,16711,0,16687,0,24,0,0,24,16711,ok,NA,"{""mode"":""full"",""numOfMarkers"":2,""multithread"":false}"
2021-02-02_SNV_P102L,P102L,C06,18-6-fr,biological_sample,18_6_fr,2021-02-02,ddPCRclust_template_native,"native template workflow, full ensemble",15883,15882,0,15873,0,9,1,0,9,15882,ok,NA,"{""mode"":""full"",""numOfMarkers"":2,""multithread"":false}"
2021-02-02_SNV_P102L,P102L,C08,18-31-cb,biological_sample,18_31_cb,2021-02-02,ddPCRclust_template_native,"native template workflow, full ensemble",14797,14797,0,14797,0,0,0,0,0,14797,ok,NA,"{""mode"":""full"",""numOfMarkers"":2,""multithread"":false}"
2021-02-02_SNV_P102L,P102L,D01,14-24-bg,biological_sample,14_24_bg,2021-02-02,ddPCRclust_template_native,"native template workflow, full ensemble",22950,22950,69,22881,0,0,0,0,0,22881,ok,NA,"{""mode"":""full"",""numOfMarkers"":2,""multithread"":false}"
2021-02-02_SNV_P102L,P102L,D02,18-17-th,biological_sample,18_17_th,2021-02-02,ddPCRclust_template_native,"native template workflow, full ensemble",16170,16170,0,16147,0,23,0,0,23,16170,ok,NA,"{""mode"":""full"",""numOfMarkers"":2,""multithread"":false}"
2021-02-02_SNV_P102L,P102L,D03,18-31-hc,biological_sample,18_31_hc,2021-02-02,ddPCRclust_template_native,"native template workflow, full ensemble",17010,17010,0,16998,0,12,0,0,12,17010,ok,NA,"{""mode"":""full"",""numOfMarkers"":2,""multithread"":false}"
2021-02-02_SNV_P102L,P102L,D04,17-32-bg,biological_sample,17_32_bg,2021-02-02,ddPCRclust_template_native,"native template workflow, full ensemble",15122,15122,0,15110,0,12,0,0,12,15122,ok,NA,"{""mode"":""full"",""numOfMarkers"":2,""multithread"":false}"
2021-02-02_SNV_P102L,P102L,D05,18-1-hc,biological_sample,18_1_hc,2021-02-02,ddPCRclust_template_native,"native template workflow, full ensemble",15246,15246,0,15232,0,14,0,0,14,15246,ok,NA,"{""mode"":""full"",""numOfMarkers"":2,""multithread"":false}"
2021-02-02_SNV_P102L,P102L,D06,18-6-hc,biological_sample,18_6_hc,2021-02-02,ddPCRclust_template_native,"native template workflow, full ensemble",17174,17168,0,17168,0,0,6,0,0,17168,ok,NA,"{""mode"":""full"",""numOfMarkers"":2,""multithread"":false}"
2021-02-02_SNV_P102L,P102L,D08,18-31-fr,biological_sample,18_31_fr,2021-02-02,ddPCRclust_template_native,"native template workflow, full ensemble",16218,16215,1,16214,0,0,3,0,0,16214,ok,NA,"{""mode"":""full"",""numOfMarkers"":2,""multithread"":false}"
2021-02-02_SNV_P102L,P102L,E02,18-24-bg,biological_sample,18_24_bg,2021-02-02,ddPCRclust_template_native,"native template workflow, full ensemble",15514,15514,0,15492,0,22,0,0,22,15514,ok,NA,"{""mode"":""full"",""numOfMarkers"":2,""multithread"":false}"
2021-02-02_SNV_P102L,P102L,E03,18-31-sn,biological_sample,18_31_sn,2021-02-02,ddPCRclust_template_native,"native template workflow, full ensemble",16547,16547,0,16521,0,26,0,0,26,16547,ok,NA,"{""mode"":""full"",""numOfMarkers"":2,""multithread"":false}"
2021-02-02_SNV_P102L,P102L,E04,17-32-cb,biological_sample,17_32_cb,2021-02-02,ddPCRclust_template_native,"native template workflow, full ensemble",15597,15572,0,15572,0,0,25,0,0,15572,ok,NA,"{""mode"":""full"",""numOfMarkers"":2,""multithread"":false}"
2021-02-02_SNV_P102L,P102L,E05,18-5-cb,biological_sample,18_5_cb,2021-02-02,ddPCRclust_template_native,"native template workflow, full ensemble",15599,15581,0,15581,0,0,18,0,0,15581,ok,NA,"{""mode"":""full"",""numOfMarkers"":2,""multithread"":false}"
2021-02-02_SNV_P102L,P102L,E06,18-17-hc,biological_sample,18_17_hc,2021-02-02,ddPCRclust_template_native,"native template workflow, full ensemble",14642,14633,0,14633,0,0,9,0,0,14633,ok,NA,"{""mode"":""full"",""numOfMarkers"":2,""multithread"":false}"
2021-02-02_SNV_P102L,P102L,E08,17-32-sn,biological_sample,17_32_sn,2021-02-02,ddPCRclust_template_native,"native template workflow, full ensemble",16272,16272,1145,15127,0,0,0,0,0,15127,ok,NA,"{""mode"":""full"",""numOfMarkers"":2,""multithread"":false}"
2021-02-02_SNV_P102L,P102L,F01,14-24-fr,biological_sample,14_24_fr,2021-02-02,ddPCRclust_template_native,"native template workflow, full ensemble",18091,18087,0,18087,0,0,4,0,0,18087,ok,NA,"{""mode"":""full"",""numOfMarkers"":2,""multithread"":false}"
2021-02-02_SNV_P102L,P102L,F02,18-24-cb,biological_sample,18_24_cb,2021-02-02,ddPCRclust_template_native,"native template workflow, full ensemble",15537,15536,2008,13528,0,0,1,0,0,13528,ok,NA,"{""mode"":""full"",""numOfMarkers"":2,""multithread"":false}"
2021-02-02_SNV_P102L,P102L,F03,18-31-th,biological_sample,18_31_th,2021-02-02,ddPCRclust_template_native,"native template workflow, full ensemble",16097,16083,0,16083,0,0,14,0,0,16083,ok,NA,"{""mode"":""full"",""numOfMarkers"":2,""multithread"":false}"
2021-02-02_SNV_P102L,P102L,F04,17-32-fr,biological_sample,17_32_fr,2021-02-02,ddPCRclust_template_native,"native template workflow, full ensemble",16990,16967,0,16967,0,0,23,0,0,16967,ok,NA,"{""mode"":""full"",""numOfMarkers"":2,""multithread"":false}"
2021-02-02_SNV_P102L,P102L,F05,18-5-fr,biological_sample,18_5_fr,2021-02-02,ddPCRclust_template_native,"native template workflow, full ensemble",16128,16128,0,16128,0,0,0,0,0,16128,ok,NA,"{""mode"":""full"",""numOfMarkers"":2,""multithread"":false}"
2021-02-02_SNV_P102L,P102L,F08,18-5-bg,biological_sample,18_5_bg,2021-02-02,ddPCRclust_template_native,"native template workflow, full ensemble",16768,16754,0,16754,0,0,14,0,0,16754,ok,NA,"{""mode"":""full"",""numOfMarkers"":2,""multithread"":false}"
2021-02-02_SNV_P102L,P102L,G01,14-24-hc,biological_sample,14_24_hc,2021-02-02,ddPCRclust_template_native,"native template workflow, full ensemble",17009,16991,1,16990,0,0,18,0,0,16990,ok,NA,"{""mode"":""full"",""numOfMarkers"":2,""multithread"":false}"
2021-02-02_SNV_P102L,P102L,G02,18-24-fr,biological_sample,18_24_fr,2021-02-02,ddPCRclust_template_native,"native template workflow, full ensemble",15514,15491,0,15491,0,0,23,0,0,15491,ok,NA,"{""mode"":""full"",""numOfMarkers"":2,""multithread"":false}"
2021-02-02_SNV_P102L,P102L,G03,17-20-bg,biological_sample,17_20_bg,2021-02-02,ddPCRclust_template_native,"native template workflow, full ensemble",15799,15785,0,15785,0,0,14,0,0,15785,ok,NA,"{""mode"":""full"",""numOfMarkers"":2,""multithread"":false}"
2021-02-02_SNV_P102L,P102L,G04,17-32-hc,biological_sample,17_32_hc,2021-02-02,ddPCRclust_template_native,"native template workflow, full ensemble",15217,15217,0,15212,0,5,0,0,5,15217,ok,NA,"{""mode"":""full"",""numOfMarkers"":2,""multithread"":false}"
2021-02-02_SNV_P102L,P102L,G05,18-5-hc,biological_sample,18_5_hc,2021-02-02,ddPCRclust_template_native,"native template workflow, full ensemble",15820,15803,0,15797,0,6,17,0,6,15803,ok,NA,"{""mode"":""full"",""numOfMarkers"":2,""multithread"":false}"
2021-02-02_SNV_P102L,P102L,G08,18-5-sn,biological_sample,18_5_sn,2021-02-02,ddPCRclust_template_native,"native template workflow, full ensemble",17741,NA,NA,NA,NA,NA,NA,NA,NA,NA,failed,attempt to set 'colnames' on an object with less than two dimensions,"{""mode"":""full"",""numOfMarkers"":2,""multithread"":false}"
2021-02-02_SNV_P102L,P102L,H01,18-17-bg,biological_sample,18_17_bg,2021-02-02,ddPCRclust_template_native,"native template workflow, full ensemble",17706,17706,2850,14856,0,0,0,0,0,14856,ok,NA,"{""mode"":""full"",""numOfMarkers"":2,""multithread"":false}"
2021-02-02_SNV_P102L,P102L,H02,18-24-hc,biological_sample,18_24_hc,2021-02-02,ddPCRclust_template_native,"native template workflow, full ensemble",14191,14191,755,13436,0,0,0,0,0,13436,ok,NA,"{""mode"":""full"",""numOfMarkers"":2,""multithread"":false}"
2021-02-02_SNV_P102L,P102L,H03,17-20-cb,biological_sample,17_20_cb,2021-02-02,ddPCRclust_template_native,"native template workflow, full ensemble",14189,14184,0,14184,0,0,5,0,0,14184,ok,NA,"{""mode"":""full"",""numOfMarkers"":2,""multithread"":false}"
2021-02-02_SNV_P102L,P102L,H04,17-32-th,biological_sample,17_32_th,2021-02-02,ddPCRclust_template_native,"native template workflow, full ensemble",17425,17395,0,17381,0,14,30,0,14,17395,ok,NA,"{""mode"":""full"",""numOfMarkers"":2,""multithread"":false}"
2021-02-02_SNV_P102L,P102L,H05,18-5-th,biological_sample,18_5_th,2021-02-02,ddPCRclust_template_native,"native template workflow, full ensemble",15093,15093,0,15080,0,13,0,0,13,15093,ok,NA,"{""mode"":""full"",""numOfMarkers"":2,""multithread"":false}"
2021-02-17_SNV_P102L,P102L,A03,NTC,NTC,ntc,2021-02-17,ddPCRclust_template_native,"native template workflow, full ensemble",15602,NA,NA,NA,NA,NA,NA,NA,NA,NA,failed,attempt to set 'colnames' on an object with less than two dimensions,"{""mode"":""full"",""numOfMarkers"":2,""multithread"":false}"
2021-02-17_SNV_P102L,P102L,A06,CJD-20-08-bg,biological_sample,20_08_bg,2021-02-17,ddPCRclust_template_native,"native template workflow, full ensemble",16577,16577,1177,15399,1,0,0,0,1,15399,ok,NA,"{""mode"":""full"",""numOfMarkers"":2,""multithread"":false}"
2021-02-17_SNV_P102L,P102L,A09,P102L-mut,positive_control,,2021-02-17,ddPCRclust_template_native,"native template workflow, full ensemble",18386,18386,9545,3572,3678,1591,0,0,5269,5163,ok,NA,"{""mode"":""full"",""numOfMarkers"":2,""multithread"":false}"
2021-02-17_SNV_P102L,P102L,B03,WT,WT_control,wt,2021-02-17,ddPCRclust_template_native,"native template workflow, full ensemble",16164,NA,NA,NA,NA,NA,NA,NA,NA,NA,failed,attempt to set 'colnames' on an object with less than two dimensions,"{""mode"":""full"",""numOfMarkers"":2,""multithread"":false}"
2021-02-17_SNV_P102L,P102L,B06,CJD-20-08-cb,biological_sample,20_08_cb,2021-02-17,ddPCRclust_template_native,"native template workflow, full ensemble",15168,15168,2590,12567,0,11,0,0,11,12578,ok,NA,"{""mode"":""full"",""numOfMarkers"":2,""multithread"":false}"
2021-02-17_SNV_P102L,P102L,C03,CJD-13-21-bg,biological_sample,13_21_bg,2021-02-17,ddPCRclust_template_native,"native template workflow, full ensemble",14552,14552,0,14545,0,7,0,0,7,14552,ok,NA,"{""mode"":""full"",""numOfMarkers"":2,""multithread"":false}"
2021-02-17_SNV_P102L,P102L,C06,CJD-20-08-fr,biological_sample,20_08_fr,2021-02-17,ddPCRclust_template_native,"native template workflow, full ensemble",14946,14946,1920,13026,0,0,0,0,0,13026,ok,NA,"{""mode"":""full"",""numOfMarkers"":2,""multithread"":false}"
2021-02-17_SNV_P102L,P102L,C09,CJD-14-24-cb,biological_sample,14_24_cb,2021-02-17,ddPCRclust_template_native,"native template workflow, full ensemble",16344,16342,875,15467,0,0,2,0,0,15467,ok,NA,"{""mode"":""full"",""numOfMarkers"":2,""multithread"":false}"
2021-02-17_SNV_P102L,P102L,D03,CJD-17-12-sn,biological_sample,17_12_sn,2021-02-17,ddPCRclust_template_native,"native template workflow, full ensemble",16297,NA,NA,NA,NA,NA,NA,NA,NA,NA,failed,attempt to set 'colnames' on an object with less than two dimensions,"{""mode"":""full"",""numOfMarkers"":2,""multithread"":false}"
2021-02-17_SNV_P102L,P102L,D06,CJD-20-08-sn,biological_sample,20_08_sn,2021-02-17,ddPCRclust_template_native,"native template workflow, full ensemble",16266,16266,5774,10492,0,0,0,0,0,10492,ok,NA,"{""mode"":""full"",""numOfMarkers"":2,""multithread"":false}"
2021-02-17_SNV_P102L,P102L,E03,CJD-13-21-fr,biological_sample,13_21_fr,2021-02-17,ddPCRclust_template_native,"native template workflow, full ensemble",16093,16072,0,16072,0,0,21,0,0,16072,ok,NA,"{""mode"":""full"",""numOfMarkers"":2,""multithread"":false}"
2021-02-17_SNV_P102L,P102L,E06,CJD-15-1-fr,biological_sample,15_1_fr,2021-02-17,ddPCRclust_template_native,"native template workflow, full ensemble",15356,15356,0,15346,0,10,0,0,10,15356,ok,NA,"{""mode"":""full"",""numOfMarkers"":2,""multithread"":false}"
2021-02-17_SNV_P102L,P102L,F03,CJD-13-21-sn,biological_sample,13_21_sn,2021-02-17,ddPCRclust_template_native,"native template workflow, full ensemble",15639,15639,0,15629,0,10,0,0,10,15639,ok,NA,"{""mode"":""full"",""numOfMarkers"":2,""multithread"":false}"
2021-02-17_SNV_P102L,P102L,G06,CJD-17-30-cb,biological_sample,17_30_cb,2021-02-17,ddPCRclust_template_native,"native template workflow, full ensemble",15659,15637,0,15637,0,0,22,0,0,15637,ok,NA,"{""mode"":""full"",""numOfMarkers"":2,""multithread"":false}"
2021-02-17_SNV_P102L,P102L,H03,CJD-15-27-fr,biological_sample,15_27_fr,2021-02-17,ddPCRclust_template_native,"native template workflow, full ensemble",16340,NA,NA,NA,NA,NA,NA,NA,NA,NA,failed,attempt to set 'colnames' on an object with less than two dimensions,"{""mode"":""full"",""numOfMarkers"":2,""multithread"":false}"
2021-02-17_SNV_P102L,P102L,H06,CJD-17-31-cb,biological_sample,17_31_cb,2021-02-17,ddPCRclust_template_native,"native template workflow, full ensemble",17283,17262,0,17262,0,0,21,0,0,17262,ok,NA,"{""mode"":""full"",""numOfMarkers"":2,""multithread"":false}"
2021-02-18_SNV_P102L,P102L,A03,NTC,NTC,ntc,2021-02-18,ddPCRclust_template_native,"native template workflow, full ensemble",14312,NA,NA,NA,NA,NA,NA,NA,NA,NA,failed,attempt to set 'colnames' on an object with less than two dimensions,"{""mode"":""full"",""numOfMarkers"":2,""multithread"":false}"
2021-02-18_SNV_P102L,P102L,A06,P102L-mut,positive_control,,2021-02-18,ddPCRclust_template_native,"native template workflow, full ensemble",17455,17455,10041,2455,3064,1895,0,0,4959,4350,ok,NA,"{""mode"":""full"",""numOfMarkers"":2,""multithread"":false}"
2021-02-18_SNV_P102L,P102L,A09,CJD-17-8-bg,biological_sample,17_8_bg,2021-02-18,ddPCRclust_template_native,"native template workflow, full ensemble",15968,15941,0,15941,0,0,27,0,0,15941,ok,NA,"{""mode"":""full"",""numOfMarkers"":2,""multithread"":false}"
2021-02-18_SNV_P102L,P102L,B03,WT,WT_control,wt,2021-02-18,ddPCRclust_template_native,"native template workflow, full ensemble",18248,18232,0,18232,0,0,16,0,0,18232,ok,NA,"{""mode"":""full"",""numOfMarkers"":2,""multithread"":false}"
2021-02-18_SNV_P102L,P102L,B06,CJD-17-11-bg,biological_sample,17_11_bg,2021-02-18,ddPCRclust_template_native,"native template workflow, full ensemble",14152,14152,0,14124,0,28,0,0,28,14152,ok,NA,"{""mode"":""full"",""numOfMarkers"":2,""multithread"":false}"
2021-02-18_SNV_P102L,P102L,B09,CJD-17-8-cb,biological_sample,17_8_cb,2021-02-18,ddPCRclust_template_native,"native template workflow, full ensemble",17467,NA,NA,NA,NA,NA,NA,NA,NA,NA,failed,attempt to set 'colnames' on an object with less than two dimensions,"{""mode"":""full"",""numOfMarkers"":2,""multithread"":false}"
2021-02-18_SNV_P102L,P102L,C03,CJD-15-1-bg,biological_sample,15_1_bg,2021-02-18,ddPCRclust_template_native,"native template workflow, full ensemble",17066,17052,0,17048,0,4,14,0,4,17052,ok,NA,"{""mode"":""full"",""numOfMarkers"":2,""multithread"":false}"
2021-02-18_SNV_P102L,P102L,C06,CJD-17-11-fr,biological_sample,17_11_fr,2021-02-18,ddPCRclust_template_native,"native template workflow, full ensemble",14457,NA,NA,NA,NA,NA,NA,NA,NA,NA,failed,attempt to set 'colnames' on an object with less than two dimensions,"{""mode"":""full"",""numOfMarkers"":2,""multithread"":false}"
2021-02-18_SNV_P102L,P102L,C09,CJD-17-8-fr,biological_sample,17_8_fr,2021-02-18,ddPCRclust_template_native,"native template workflow, full ensemble",14629,NA,NA,NA,NA,NA,NA,NA,NA,NA,failed,attempt to set 'colnames' on an object with less than two dimensions,"{""mode"":""full"",""numOfMarkers"":2,""multithread"":false}"
2021-02-18_SNV_P102L,P102L,D03,CJD-15-1-cb,biological_sample,15_1_cb,2021-02-18,ddPCRclust_template_native,"native template workflow, full ensemble",16934,16934,1682,15252,0,0,0,0,0,15252,ok,NA,"{""mode"":""full"",""numOfMarkers"":2,""multithread"":false}"
2021-02-18_SNV_P102L,P102L,D06,CJD-17-11-hc,biological_sample,17_11_hc,2021-02-18,ddPCRclust_template_native,"native template workflow, full ensemble",15536,NA,NA,NA,NA,NA,NA,NA,NA,NA,failed,attempt to set 'colnames' on an object with less than two dimensions,"{""mode"":""full"",""numOfMarkers"":2,""multithread"":false}"
2021-02-18_SNV_P102L,P102L,E03,CJD-15-1-th,biological_sample,15_1_th,2021-02-18,ddPCRclust_template_native,"native template workflow, full ensemble",16049,16049,5537,10512,0,0,0,0,0,10512,ok,NA,"{""mode"":""full"",""numOfMarkers"":2,""multithread"":false}"
2021-02-18_SNV_P102L,P102L,E06,CJD-17-12-bg,biological_sample,17_12_bg,2021-02-18,ddPCRclust_template_native,"native template workflow, full ensemble",16129,NA,NA,NA,NA,NA,NA,NA,NA,NA,failed,attempt to set 'colnames' on an object with less than two dimensions,"{""mode"":""full"",""numOfMarkers"":2,""multithread"":false}"
2021-02-18_SNV_P102L,P102L,F06,CJD-17-12-fr,biological_sample,17_12_fr,2021-02-18,ddPCRclust_template_native,"native template workflow, full ensemble",15096,NA,NA,NA,NA,NA,NA,NA,NA,NA,failed,attempt to set 'colnames' on an object with less than two dimensions,"{""mode"":""full"",""numOfMarkers"":2,""multithread"":false}"
2021-02-18_SNV_P102L,P102L,G03,CJD-17-11-cb,biological_sample,17_11_cb,2021-02-18,ddPCRclust_template_native,"native template workflow, full ensemble",17004,17000,8559,8441,0,0,4,0,0,8441,ok,NA,"{""mode"":""full"",""numOfMarkers"":2,""multithread"":false}"
2021-02-18_SNV_P102L,P102L,H03,CJD-17-12-th,biological_sample,17_12_th,2021-02-18,ddPCRclust_template_native,"native template workflow, full ensemble",16726,NA,NA,NA,NA,NA,NA,NA,NA,NA,failed,attempt to set 'colnames' on an object with less than two dimensions,"{""mode"":""full"",""numOfMarkers"":2,""multithread"":false}"
2021-03-05_SNV_P102L,P102L,A03,NTC,NTC,ntc,2021-03-05,ddPCRclust_template_native,"native template workflow, full ensemble",13706,NA,NA,NA,NA,NA,NA,NA,NA,NA,failed,attempt to set 'colnames' on an object with less than two dimensions,"{""mode"":""full"",""numOfMarkers"":2,""multithread"":false}"
2021-03-05_SNV_P102L,P102L,A07,19-29-fr,biological_sample,19_29_fr,2021-03-05,ddPCRclust_template_native,"native template workflow, full ensemble",15084,15084,0,15083,0,1,0,0,1,15084,ok,NA,"{""mode"":""full"",""numOfMarkers"":2,""multithread"":false}"
2021-03-05_SNV_P102L,P102L,B03,WT,WT_control,wt,2021-03-05,ddPCRclust_template_native,"native template workflow, full ensemble",13119,13119,0,13115,0,4,0,0,4,13119,ok,NA,"{""mode"":""full"",""numOfMarkers"":2,""multithread"":false}"
2021-03-05_SNV_P102L,P102L,B07,15-27-fr,biological_sample,15_27_fr,2021-03-05,ddPCRclust_template_native,"native template workflow, full ensemble",13217,13201,0,13201,0,0,16,0,0,13201,ok,NA,"{""mode"":""full"",""numOfMarkers"":2,""multithread"":false}"
2021-03-05_SNV_P102L,P102L,C03,P102L-mut,positive_control,,2021-03-05,ddPCRclust_template_native,"native template workflow, full ensemble",13612,13612,6828,2845,2739,1200,0,0,3939,4045,ok,NA,"{""mode"":""full"",""numOfMarkers"":2,""multithread"":false}"
2021-03-05_SNV_P102L,P102L,C07,17-34-cb,biological_sample,17_34_cb,2021-03-05,ddPCRclust_template_native,"native template workflow, full ensemble",14576,14576,7463,7113,0,0,0,0,0,7113,ok,NA,"{""mode"":""full"",""numOfMarkers"":2,""multithread"":false}"
2021-03-05_SNV_P102L,P102L,D03,14-24-th,biological_sample,14_24_th,2021-03-05,ddPCRclust_template_native,"native template workflow, full ensemble",13771,13771,0,13768,0,3,0,0,3,13771,ok,NA,"{""mode"":""full"",""numOfMarkers"":2,""multithread"":false}"
2021-03-05_SNV_P102L,P102L,E03,17-12-sn,biological_sample,17_12_sn,2021-03-05,ddPCRclust_template_native,"native template workflow, full ensemble",11656,NA,NA,NA,NA,NA,NA,NA,NA,NA,failed,attempt to set 'colnames' on an object with less than two dimensions,"{""mode"":""full"",""numOfMarkers"":2,""multithread"":false}"
2021-03-29_SNV_P102L,P102L,A03,NTC,NTC,ntc,2021-03-29,ddPCRclust_template_native,"native template workflow, full ensemble",15224,NA,NA,NA,NA,NA,NA,NA,NA,NA,failed,attempt to set 'colnames' on an object with less than two dimensions,"{""mode"":""full"",""numOfMarkers"":2,""multithread"":false}"
2021-03-29_SNV_P102L,P102L,A06,17-11-sn,biological_sample,17_11_sn,2021-03-29,ddPCRclust_template_native,"native template workflow, full ensemble",15553,NA,NA,NA,NA,NA,NA,NA,NA,NA,failed,attempt to set 'colnames' on an object with less than two dimensions,"{""mode"":""full"",""numOfMarkers"":2,""multithread"":false}"
2021-03-29_SNV_P102L,P102L,A12,14-2-hc,biological_sample,14_2_hc,2021-03-29,ddPCRclust_template_native,"native template workflow, full ensemble",16097,NA,NA,NA,NA,NA,NA,NA,NA,NA,failed,attempt to set 'colnames' on an object with less than two dimensions,"{""mode"":""full"",""numOfMarkers"":2,""multithread"":false}"
2021-03-29_SNV_P102L,P102L,B03,WT,WT_control,wt,2021-03-29,ddPCRclust_template_native,"native template workflow, full ensemble",15947,15947,4631,11316,0,0,0,0,0,11316,ok,NA,"{""mode"":""full"",""numOfMarkers"":2,""multithread"":false}"
2021-03-29_SNV_P102L,P102L,B06,17-11-th,biological_sample,17_11_th,2021-03-29,ddPCRclust_template_native,"native template workflow, full ensemble",14797,14797,0,14781,0,16,0,0,16,14797,ok,NA,"{""mode"":""full"",""numOfMarkers"":2,""multithread"":false}"
2021-03-29_SNV_P102L,P102L,B12,14-2-sn,biological_sample,14_2_sn,2021-03-29,ddPCRclust_template_native,"native template workflow, full ensemble",16702,NA,NA,NA,NA,NA,NA,NA,NA,NA,failed,attempt to set 'colnames' on an object with less than two dimensions,"{""mode"":""full"",""numOfMarkers"":2,""multithread"":false}"
2021-03-29_SNV_P102L,P102L,C03,P102L,positive_control,p102l,2021-03-29,ddPCRclust_template_native,"native template workflow, full ensemble",15155,15155,5146,3681,3685,2643,0,0,6328,6324,ok,NA,"{""mode"":""full"",""numOfMarkers"":2,""multithread"":false}"
2021-03-29_SNV_P102L,P102L,C06,17-12-cb,biological_sample,17_12_cb,2021-03-29,ddPCRclust_template_native,"native template workflow, full ensemble",14846,NA,NA,NA,NA,NA,NA,NA,NA,NA,failed,attempt to set 'colnames' on an object with less than two dimensions,"{""mode"":""full"",""numOfMarkers"":2,""multithread"":false}"
2021-03-29_SNV_P102L,P102L,C12,14-2-th,biological_sample,14_2_th,2021-03-29,ddPCRclust_template_native,"native template workflow, full ensemble",17937,NA,NA,NA,NA,NA,NA,NA,NA,NA,failed,attempt to set 'colnames' on an object with less than two dimensions,"{""mode"":""full"",""numOfMarkers"":2,""multithread"":false}"
2021-03-29_SNV_P102L,P102L,D03,17-31-fr,biological_sample,17_31_fr,2021-03-29,ddPCRclust_template_native,"native template workflow, full ensemble",16633,16633,0,16616,0,17,0,0,17,16633,ok,NA,"{""mode"":""full"",""numOfMarkers"":2,""multithread"":false}"
2021-03-29_SNV_P102L,P102L,D06,17-12-hc,biological_sample,17_12_hc,2021-03-29,ddPCRclust_template_native,"native template workflow, full ensemble",15134,NA,NA,NA,NA,NA,NA,NA,NA,NA,failed,attempt to set 'colnames' on an object with less than two dimensions,"{""mode"":""full"",""numOfMarkers"":2,""multithread"":false}"
2021-03-29_SNV_P102L,P102L,D12,15-6-bg,biological_sample,15_6_bg,2021-03-29,ddPCRclust_template_native,"native template workflow, full ensemble",16887,NA,NA,NA,NA,NA,NA,NA,NA,NA,failed,attempt to set 'colnames' on an object with less than two dimensions,"{""mode"":""full"",""numOfMarkers"":2,""multithread"":false}"
2021-03-29_SNV_P102L,P102L,E03,18-1-sn,biological_sample,18_1_sn,2021-03-29,ddPCRclust_template_native,"native template workflow, full ensemble",15207,NA,NA,NA,NA,NA,NA,NA,NA,NA,failed,attempt to set 'colnames' on an object with less than two dimensions,"{""mode"":""full"",""numOfMarkers"":2,""multithread"":false}"
2021-03-29_SNV_P102L,P102L,E06,17-5-bg,biological_sample,17_5_bg,2021-03-29,ddPCRclust_template_native,"native template workflow, full ensemble",16438,16438,0,16433,0,5,0,0,5,16438,ok,NA,"{""mode"":""full"",""numOfMarkers"":2,""multithread"":false}"
2021-03-29_SNV_P102L,P102L,E12,15-6-cb,biological_sample,15_6_cb,2021-03-29,ddPCRclust_template_native,"native template workflow, full ensemble",16143,NA,NA,NA,NA,NA,NA,NA,NA,NA,failed,attempt to set 'colnames' on an object with less than two dimensions,"{""mode"":""full"",""numOfMarkers"":2,""multithread"":false}"
2021-03-29_SNV_P102L,P102L,F03,18-1-th,biological_sample,18_1_th,2021-03-29,ddPCRclust_template_native,"native template workflow, full ensemble",16853,NA,NA,NA,NA,NA,NA,NA,NA,NA,failed,attempt to set 'colnames' on an object with less than two dimensions,"{""mode"":""full"",""numOfMarkers"":2,""multithread"":false}"
2021-03-29_SNV_P102L,P102L,F06,17-5-hc,biological_sample,17_5_hc,2021-03-29,ddPCRclust_template_native,"native template workflow, full ensemble",16450,NA,NA,NA,NA,NA,NA,NA,NA,NA,failed,attempt to set 'colnames' on an object with less than two dimensions,"{""mode"":""full"",""numOfMarkers"":2,""multithread"":false}"
2021-03-29_SNV_P102L,P102L,F12,15-6-fr,biological_sample,15_6_fr,2021-03-29,ddPCRclust_template_native,"native template workflow, full ensemble",16536,16536,0,16515,0,21,0,0,21,16536,ok,NA,"{""mode"":""full"",""numOfMarkers"":2,""multithread"":false}"
2021-03-29_SNV_P102L,P102L,G03,17-13-fr,biological_sample,17_13_fr,2021-03-29,ddPCRclust_template_native,"native template workflow, full ensemble",14407,14407,0,14400,0,7,0,0,7,14407,ok,NA,"{""mode"":""full"",""numOfMarkers"":2,""multithread"":false}"
2021-03-29_SNV_P102L,P102L,G06,17-5-sn,biological_sample,17_5_sn,2021-03-29,ddPCRclust_template_native,"native template workflow, full ensemble",15710,15710,0,15684,0,26,0,0,26,15710,ok,NA,"{""mode"":""full"",""numOfMarkers"":2,""multithread"":false}"
2021-03-29_SNV_P102L,P102L,G12,15-6-hc,biological_sample,15_6_hc,2021-03-29,ddPCRclust_template_native,"native template workflow, full ensemble",15867,NA,NA,NA,NA,NA,NA,NA,NA,NA,failed,attempt to set 'colnames' on an object with less than two dimensions,"{""mode"":""full"",""numOfMarkers"":2,""multithread"":false}"
2021-03-29_SNV_P102L,P102L,H03,17-13-th,biological_sample,17_13_th,2021-03-29,ddPCRclust_template_native,"native template workflow, full ensemble",15092,15092,0,15092,0,0,0,0,0,15092,ok,NA,"{""mode"":""full"",""numOfMarkers"":2,""multithread"":false}"
2021-03-29_SNV_P102L,P102L,H06,17-8-hc,biological_sample,17_8_hc,2021-03-29,ddPCRclust_template_native,"native template workflow, full ensemble",16207,NA,NA,NA,NA,NA,NA,NA,NA,NA,failed,attempt to set 'colnames' on an object with less than two dimensions,"{""mode"":""full"",""numOfMarkers"":2,""multithread"":false}"
2021-03-29_SNV_P102L,P102L,H12,15-6-sn,biological_sample,15_6_sn,2021-03-29,ddPCRclust_template_native,"native template workflow, full ensemble",15535,NA,NA,NA,NA,NA,NA,NA,NA,NA,failed,attempt to set 'colnames' on an object with less than two dimensions,"{""mode"":""full"",""numOfMarkers"":2,""multithread"":false}"
2021-04-06_SNV_P102L,P102L,A03,NTC,NTC,ntc,2021-04-06,ddPCRclust_template_native,"native template workflow, full ensemble",14977,NA,NA,NA,NA,NA,NA,NA,NA,NA,failed,attempt to set 'colnames' on an object with less than two dimensions,"{""mode"":""full"",""numOfMarkers"":2,""multithread"":false}"
2021-04-06_SNV_P102L,P102L,A06,20-08-hc,biological_sample,20_08_hc,2021-04-06,ddPCRclust_template_native,"native template workflow, full ensemble",11655,NA,NA,NA,NA,NA,NA,NA,NA,NA,failed,attempt to set 'colnames' on an object with less than two dimensions,"{""mode"":""full"",""numOfMarkers"":2,""multithread"":false}"
2021-04-06_SNV_P102L,P102L,A09,17-8-sn,biological_sample,17_8_sn,2021-04-06,ddPCRclust_template_native,"native template workflow, full ensemble",15078,15078,513,14565,0,0,0,0,0,14565,ok,NA,"{""mode"":""full"",""numOfMarkers"":2,""multithread"":false}"
2021-04-06_SNV_P102L,P102L,B03,WT,WT_control,wt,2021-04-06,ddPCRclust_template_native,"native template workflow, full ensemble",14186,14152,0,14152,0,0,34,0,0,14152,ok,NA,"{""mode"":""full"",""numOfMarkers"":2,""multithread"":false}"
2021-04-06_SNV_P102L,P102L,B06,20-08-th,biological_sample,20_08_th,2021-04-06,ddPCRclust_template_native,"native template workflow, full ensemble",11463,NA,NA,NA,NA,NA,NA,NA,NA,NA,failed,attempt to set 'colnames' on an object with less than two dimensions,"{""mode"":""full"",""numOfMarkers"":2,""multithread"":false}"
2021-04-06_SNV_P102L,P102L,B09,17-8-th,biological_sample,17_8_th,2021-04-06,ddPCRclust_template_native,"native template workflow, full ensemble",14594,14594,0,14574,0,20,0,0,20,14594,ok,NA,"{""mode"":""full"",""numOfMarkers"":2,""multithread"":false}"
2021-04-06_SNV_P102L,P102L,C03,P102L,positive_control,p102l,2021-04-06,ddPCRclust_template_native,"native template workflow, full ensemble",12002,12002,1965,2529,2525,4983,0,0,7508,7512,ok,NA,"{""mode"":""full"",""numOfMarkers"":2,""multithread"":false}"
2021-04-06_SNV_P102L,P102L,C06,15-27-bg,biological_sample,15_27_bg,2021-04-06,ddPCRclust_template_native,"native template workflow, full ensemble",12103,12089,0,12089,0,0,14,0,0,12089,ok,NA,"{""mode"":""full"",""numOfMarkers"":2,""multithread"":false}"
2021-04-06_SNV_P102L,P102L,C09,17-34-bg,biological_sample,17_34_bg,2021-04-06,ddPCRclust_template_native,"native template workflow, full ensemble",14083,14083,0,14066,0,17,0,0,17,14083,ok,NA,"{""mode"":""full"",""numOfMarkers"":2,""multithread"":false}"
2021-04-06_SNV_P102L,P102L,D03,17-20-hc,biological_sample,17_20_hc,2021-04-06,ddPCRclust_template_native,"native template workflow, full ensemble",11987,11957,0,11957,0,0,30,0,0,11957,ok,NA,"{""mode"":""full"",""numOfMarkers"":2,""multithread"":false}"
2021-04-06_SNV_P102L,P102L,D06,15-27-cb,biological_sample,15_27_cb,2021-04-06,ddPCRclust_template_native,"native template workflow, full ensemble",14126,14126,0,14126,0,0,0,0,0,14126,ok,NA,"{""mode"":""full"",""numOfMarkers"":2,""multithread"":false}"
2021-04-06_SNV_P102L,P102L,D09,17-34-hc,biological_sample,17_34_hc,2021-04-06,ddPCRclust_template_native,"native template workflow, full ensemble",10589,10567,0,10567,0,0,22,0,0,10567,ok,NA,"{""mode"":""full"",""numOfMarkers"":2,""multithread"":false}"
2021-04-06_SNV_P102L,P102L,E03,15-6-th,biological_sample,15_6_th,2021-04-06,ddPCRclust_template_native,"native template workflow, full ensemble",14310,NA,NA,NA,NA,NA,NA,NA,NA,NA,failed,attempt to set 'colnames' on an object with less than two dimensions,"{""mode"":""full"",""numOfMarkers"":2,""multithread"":false}"
2021-04-06_SNV_P102L,P102L,E06,15-27-pons,biological_sample,15_27_ps,2021-04-06,ddPCRclust_template_native,"native template workflow, full ensemble",12522,NA,NA,NA,NA,NA,NA,NA,NA,NA,failed,attempt to set 'colnames' on an object with less than two dimensions,"{""mode"":""full"",""numOfMarkers"":2,""multithread"":false}"
2021-04-06_SNV_P102L,P102L,E09,929474-th,biological_sample,929474_th,2021-04-06,ddPCRclust_template_native,"native template workflow, full ensemble",15419,15419,0,15419,0,0,0,0,0,15419,ok,NA,"{""mode"":""full"",""numOfMarkers"":2,""multithread"":false}"
2021-04-06_SNV_P102L,P102L,F03,18-6-sn,biological_sample,18_6_sn,2021-04-06,ddPCRclust_template_native,"native template workflow, full ensemble",12665,12662,5,12657,0,0,3,0,0,12657,ok,NA,"{""mode"":""full"",""numOfMarkers"":2,""multithread"":false}"
2021-04-06_SNV_P102L,P102L,F06,15-27-th,biological_sample,15_27_th,2021-04-06,ddPCRclust_template_native,"native template workflow, full ensemble",13258,13258,0,13248,0,10,0,0,10,13258,ok,NA,"{""mode"":""full"",""numOfMarkers"":2,""multithread"":false}"
2021-04-06_SNV_P102L,P102L,F09,14-2-bg,biological_sample,14_2_bg,2021-04-06,ddPCRclust_template_native,"native template workflow, full ensemble",16337,16337,1,16336,0,0,0,0,0,16336,ok,NA,"{""mode"":""full"",""numOfMarkers"":2,""multithread"":false}"
2021-04-06_SNV_P102L,P102L,G06,15-1-hc,biological_sample,15_1_hc,2021-04-06,ddPCRclust_template_native,"native template workflow, full ensemble",12604,12604,0,12604,0,0,0,0,0,12604,ok,NA,"{""mode"":""full"",""numOfMarkers"":2,""multithread"":false}"
2021-04-06_SNV_P102L,P102L,G09,14-2-cb,biological_sample,14_2_cb,2021-04-06,ddPCRclust_template_native,"native template workflow, full ensemble",14213,14199,0,14199,0,0,14,0,0,14199,ok,NA,"{""mode"":""full"",""numOfMarkers"":2,""multithread"":false}"
2021-04-06_SNV_P102L,P102L,H06,15-1-sn,biological_sample,15_1_sn,2021-04-06,ddPCRclust_template_native,"native template workflow, full ensemble",13189,NA,NA,NA,NA,NA,NA,NA,NA,NA,failed,attempt to set 'colnames' on an object with less than two dimensions,"{""mode"":""full"",""numOfMarkers"":2,""multithread"":false}"
2021-04-06_SNV_P102L,P102L,H09,14-2-fr,biological_sample,14_2_fr,2021-04-06,ddPCRclust_template_native,"native template workflow, full ensemble",15379,15355,0,15355,0,0,24,0,0,15355,ok,NA,"{""mode"":""full"",""numOfMarkers"":2,""multithread"":false}"
2021-05-10_SNV_P102L,P102L,A03,NTC,NTC,ntc,2021-05-10,ddPCRclust_template_native,"native template workflow, full ensemble",15040,NA,NA,NA,NA,NA,NA,NA,NA,NA,failed,attempt to set 'colnames' on an object with less than two dimensions,"{""mode"":""full"",""numOfMarkers"":2,""multithread"":false}"
2021-05-10_SNV_P102L,P102L,A06,09-100-th,biological_sample,09_100_th,2021-05-10,ddPCRclust_template_native,"native template workflow, full ensemble",9975,9962,0,9962,0,0,13,0,0,9962,ok,NA,"{""mode"":""full"",""numOfMarkers"":2,""multithread"":false}"
2021-05-10_SNV_P102L,P102L,A09,03-132-ce,biological_sample,03_132_ce,2021-05-10,ddPCRclust_template_native,"native template workflow, full ensemble",15333,15333,0,15315,0,18,0,0,18,15333,ok,NA,"{""mode"":""full"",""numOfMarkers"":2,""multithread"":false}"
2021-05-10_SNV_P102L,P102L,B03,WT,WT_control,wt,2021-05-10,ddPCRclust_template_native,"native template workflow, full ensemble",14581,14581,4012,10569,0,0,0,0,0,10569,ok,NA,"{""mode"":""full"",""numOfMarkers"":2,""multithread"":false}"
2021-05-10_SNV_P102L,P102L,B06,03-112-cau,biological_sample,03_112_cau,2021-05-10,ddPCRclust_template_native,"native template workflow, full ensemble",11677,11677,584,11093,0,0,0,0,0,11093,ok,NA,"{""mode"":""full"",""numOfMarkers"":2,""multithread"":false}"
2021-05-10_SNV_P102L,P102L,B09,03-132-fc,biological_sample,03_132_fc,2021-05-10,ddPCRclust_template_native,"native template workflow, full ensemble",16014,NA,NA,NA,NA,NA,NA,NA,NA,NA,failed,attempt to set 'colnames' on an object with less than two dimensions,"{""mode"":""full"",""numOfMarkers"":2,""multithread"":false}"
2021-05-10_SNV_P102L,P102L,C03,P102L,positive_control,p102l,2021-05-10,ddPCRclust_template_native,"native template workflow, full ensemble",15471,15471,1893,3578,3550,6450,0,0,10000,10028,ok,NA,"{""mode"":""full"",""numOfMarkers"":2,""multithread"":false}"
2021-05-10_SNV_P102L,P102L,C06,03-112-ce,biological_sample,03_112_ce,2021-05-10,ddPCRclust_template_native,"native template workflow, full ensemble",14558,NA,NA,NA,NA,NA,NA,NA,NA,NA,failed,attempt to set 'colnames' on an object with less than two dimensions,"{""mode"":""full"",""numOfMarkers"":2,""multithread"":false}"
2021-05-10_SNV_P102L,P102L,C09,03-132-hip,biological_sample,03_132_hip,2021-05-10,ddPCRclust_template_native,"native template workflow, full ensemble",15608,15608,278,15330,0,0,0,0,0,15330,ok,NA,"{""mode"":""full"",""numOfMarkers"":2,""multithread"":false}"
2021-05-10_SNV_P102L,P102L,D03,09-100-cau,biological_sample,09_100_cau,2021-05-10,ddPCRclust_template_native,"native template workflow, full ensemble",17215,17171,0,17171,0,0,44,0,0,17171,ok,NA,"{""mode"":""full"",""numOfMarkers"":2,""multithread"":false}"
2021-05-10_SNV_P102L,P102L,D06,03-112-fc,biological_sample,03_112_fc,2021-05-10,ddPCRclust_template_native,"native template workflow, full ensemble",15313,15313,330,14983,0,0,0,0,0,14983,ok,NA,"{""mode"":""full"",""numOfMarkers"":2,""multithread"":false}"
2021-05-10_SNV_P102L,P102L,D09,03-132-mdb,biological_sample,03_132_mdb,2021-05-10,ddPCRclust_template_native,"native template workflow, full ensemble",16813,16813,313,16500,0,0,0,0,0,16500,ok,NA,"{""mode"":""full"",""numOfMarkers"":2,""multithread"":false}"
2021-05-10_SNV_P102L,P102L,E03,09-100-ce,biological_sample,09_100_ce,2021-05-10,ddPCRclust_template_native,"native template workflow, full ensemble",15893,15893,2620,13273,0,0,0,0,0,13273,ok,NA,"{""mode"":""full"",""numOfMarkers"":2,""multithread"":false}"
2021-05-10_SNV_P102L,P102L,E06,03-112-hip,biological_sample,03_112_hip,2021-05-10,ddPCRclust_template_native,"native template workflow, full ensemble",12349,12349,272,12077,0,0,0,0,0,12077,ok,NA,"{""mode"":""full"",""numOfMarkers"":2,""multithread"":false}"
2021-05-10_SNV_P102L,P102L,E09,03-132-th,biological_sample,03_132_th,2021-05-10,ddPCRclust_template_native,"native template workflow, full ensemble",16520,NA,NA,NA,NA,NA,NA,NA,NA,NA,failed,attempt to set 'colnames' on an object with less than two dimensions,"{""mode"":""full"",""numOfMarkers"":2,""multithread"":false}"
2021-05-10_SNV_P102L,P102L,F03,09-100-fc,biological_sample,09_100_fc,2021-05-10,ddPCRclust_template_native,"native template workflow, full ensemble",16569,NA,NA,NA,NA,NA,NA,NA,NA,NA,failed,attempt to set 'colnames' on an object with less than two dimensions,"{""mode"":""full"",""numOfMarkers"":2,""multithread"":false}"
2021-05-10_SNV_P102L,P102L,F06,03-112-mdb,biological_sample,03_112_mdb,2021-05-10,ddPCRclust_template_native,"native template workflow, full ensemble",14923,NA,NA,NA,NA,NA,NA,NA,NA,NA,failed,attempt to set 'colnames' on an object with less than two dimensions,"{""mode"":""full"",""numOfMarkers"":2,""multithread"":false}"
2021-05-10_SNV_P102L,P102L,F09,04-045-cau,biological_sample,04_045_cau,2021-05-10,ddPCRclust_template_native,"native template workflow, full ensemble",16702,NA,NA,NA,NA,NA,NA,NA,NA,NA,failed,attempt to set 'colnames' on an object with less than two dimensions,"{""mode"":""full"",""numOfMarkers"":2,""multithread"":false}"
2021-05-10_SNV_P102L,P102L,G03,09-100-hip,biological_sample,09_100_hip,2021-05-10,ddPCRclust_template_native,"native template workflow, full ensemble",15396,15388,0,15358,0,30,8,0,30,15388,ok,NA,"{""mode"":""full"",""numOfMarkers"":2,""multithread"":false}"
2021-05-10_SNV_P102L,P102L,G06,03-112-th,biological_sample,03_112_th,2021-05-10,ddPCRclust_template_native,"native template workflow, full ensemble",15629,NA,NA,NA,NA,NA,NA,NA,NA,NA,failed,attempt to set 'colnames' on an object with less than two dimensions,"{""mode"":""full"",""numOfMarkers"":2,""multithread"":false}"
2021-05-10_SNV_P102L,P102L,G09,04-045-ce,biological_sample,04_045_ce,2021-05-10,ddPCRclust_template_native,"native template workflow, full ensemble",16278,NA,NA,NA,NA,NA,NA,NA,NA,NA,failed,attempt to set 'colnames' on an object with less than two dimensions,"{""mode"":""full"",""numOfMarkers"":2,""multithread"":false}"
2021-05-10_SNV_P102L,P102L,H03,09-100-mdb,biological_sample,09_100_mdb,2021-05-10,ddPCRclust_template_native,"native template workflow, full ensemble",16886,16886,0,16857,0,29,0,0,29,16886,ok,NA,"{""mode"":""full"",""numOfMarkers"":2,""multithread"":false}"
2021-05-10_SNV_P102L,P102L,H06,03-132-cau,biological_sample,03_132_cau,2021-05-10,ddPCRclust_template_native,"native template workflow, full ensemble",12784,12783,0,12783,0,0,1,0,0,12783,ok,NA,"{""mode"":""full"",""numOfMarkers"":2,""multithread"":false}"
2021-05-10_SNV_P102L,P102L,H09,04-045-fc,biological_sample,04_045_fc,2021-05-10,ddPCRclust_template_native,"native template workflow, full ensemble",18259,NA,NA,NA,NA,NA,NA,NA,NA,NA,failed,attempt to set 'colnames' on an object with less than two dimensions,"{""mode"":""full"",""numOfMarkers"":2,""multithread"":false}"
2021-05-20_SNV_P102L,P102L,A03,NTC,NTC,ntc,2021-05-20,ddPCRclust_template_native,"native template workflow, full ensemble",17375,NA,NA,NA,NA,NA,NA,NA,NA,NA,failed,attempt to set 'colnames' on an object with less than two dimensions,"{""mode"":""full"",""numOfMarkers"":2,""multithread"":false}"
2021-05-20_SNV_P102L,P102L,A06,04-045-hip,biological_sample,04_045_hip,2021-05-20,ddPCRclust_template_native,"native template workflow, full ensemble",17556,NA,NA,NA,NA,NA,NA,NA,NA,NA,failed,attempt to set 'colnames' on an object with less than two dimensions,"{""mode"":""full"",""numOfMarkers"":2,""multithread"":false}"
2021-05-20_SNV_P102L,P102L,A09,20-357-th,biological_sample,20_357_th,2021-05-20,ddPCRclust_template_native,"native template workflow, full ensemble",16248,16227,329,15898,0,0,21,0,0,15898,ok,NA,"{""mode"":""full"",""numOfMarkers"":2,""multithread"":false}"
2021-05-20_SNV_P102L,P102L,A12,929474-sn,biological_sample,929474_sn,2021-05-20,ddPCRclust_template_native,"native template workflow, full ensemble",16877,16877,994,15883,0,0,0,0,0,15883,ok,NA,"{""mode"":""full"",""numOfMarkers"":2,""multithread"":false}"
2021-05-20_SNV_P102L,P102L,B03,WT,WT_control,wt,2021-05-20,ddPCRclust_template_native,"native template workflow, full ensemble",14707,14698,0,14698,0,0,9,0,0,14698,ok,NA,"{""mode"":""full"",""numOfMarkers"":2,""multithread"":false}"
2021-05-20_SNV_P102L,P102L,B06,04-045-mdb,biological_sample,04_045_mdb,2021-05-20,ddPCRclust_template_native,"native template workflow, full ensemble",17007,NA,NA,NA,NA,NA,NA,NA,NA,NA,failed,attempt to set 'colnames' on an object with less than two dimensions,"{""mode"":""full"",""numOfMarkers"":2,""multithread"":false}"
2021-05-20_SNV_P102L,P102L,B09,20-169-cau,biological_sample,20_169_cau,2021-05-20,ddPCRclust_template_native,"native template workflow, full ensemble",16225,16225,0,16199,0,26,0,0,26,16225,ok,NA,"{""mode"":""full"",""numOfMarkers"":2,""multithread"":false}"
2021-05-20_SNV_P102L,P102L,C03,P102L,positive_control,p102l,2021-05-20,ddPCRclust_template_native,"native template workflow, full ensemble",16823,16821,0,6556,3870,6395,2,0,10265,12951,ok,NA,"{""mode"":""full"",""numOfMarkers"":2,""multithread"":false}"
2021-05-20_SNV_P102L,P102L,C06,04-045-th,biological_sample,04_045_th,2021-05-20,ddPCRclust_template_native,"native template workflow, full ensemble",17339,NA,NA,NA,NA,NA,NA,NA,NA,NA,failed,attempt to set 'colnames' on an object with less than two dimensions,"{""mode"":""full"",""numOfMarkers"":2,""multithread"":false}"
2021-05-20_SNV_P102L,P102L,C09,20-169-ce,biological_sample,20_169_ce,2021-05-20,ddPCRclust_template_native,"native template workflow, full ensemble",16406,NA,NA,NA,NA,NA,NA,NA,NA,NA,failed,attempt to set 'colnames' on an object with less than two dimensions,"{""mode"":""full"",""numOfMarkers"":2,""multithread"":false}"
2021-05-20_SNV_P102L,P102L,C12,13-21-th,biological_sample,13_21_th,2021-05-20,ddPCRclust_template_native,"native template workflow, full ensemble",18322,18322,1835,16487,0,0,0,0,0,16487,ok,NA,"{""mode"":""full"",""numOfMarkers"":2,""multithread"":false}"
2021-05-20_SNV_P102L,P102L,D03,19-082-ce,biological_sample,19_082_ce,2021-05-20,ddPCRclust_template_native,"native template workflow, full ensemble",16025,NA,NA,NA,NA,NA,NA,NA,NA,NA,failed,attempt to set 'colnames' on an object with less than two dimensions,"{""mode"":""full"",""numOfMarkers"":2,""multithread"":false}"
2021-05-20_SNV_P102L,P102L,D06,20-357-cau,biological_sample,20_357_cau,2021-05-20,ddPCRclust_template_native,"native template workflow, full ensemble",17636,17636,3326,14310,0,0,0,0,0,14310,ok,NA,"{""mode"":""full"",""numOfMarkers"":2,""multithread"":false}"
2021-05-20_SNV_P102L,P102L,D09,20-169-fc,biological_sample,20_169_fc,2021-05-20,ddPCRclust_template_native,"native template workflow, full ensemble",15753,15718,0,15718,0,0,35,0,0,15718,ok,NA,"{""mode"":""full"",""numOfMarkers"":2,""multithread"":false}"
2021-05-20_SNV_P102L,P102L,D12,18-6-th,biological_sample,18_6_th,2021-05-20,ddPCRclust_template_native,"native template workflow, full ensemble",18089,18073,0,18073,0,0,16,0,0,18073,ok,NA,"{""mode"":""full"",""numOfMarkers"":2,""multithread"":false}"
2021-05-20_SNV_P102L,P102L,E03,19-082-fc,biological_sample,19_082_fc,2021-05-20,ddPCRclust_template_native,"native template workflow, full ensemble",16671,16645,0,16645,0,0,26,0,0,16645,ok,NA,"{""mode"":""full"",""numOfMarkers"":2,""multithread"":false}"
2021-05-20_SNV_P102L,P102L,E06,20-357-ce,biological_sample,20_357_ce,2021-05-20,ddPCRclust_template_native,"native template workflow, full ensemble",16733,16708,0,16708,0,0,25,0,0,16708,ok,NA,"{""mode"":""full"",""numOfMarkers"":2,""multithread"":false}"
2021-05-20_SNV_P102L,P102L,E09,20-169-hip,biological_sample,20_169_hip,2021-05-20,ddPCRclust_template_native,"native template workflow, full ensemble",16199,16199,0,16199,0,0,0,0,0,16199,ok,NA,"{""mode"":""full"",""numOfMarkers"":2,""multithread"":false}"
2021-05-20_SNV_P102L,P102L,E12,238501-sn,biological_sample,238501_sn,2021-05-20,ddPCRclust_template_native,"native template workflow, full ensemble",17671,17640,0,17627,0,13,31,0,13,17640,ok,NA,"{""mode"":""full"",""numOfMarkers"":2,""multithread"":false}"
2021-05-20_SNV_P102L,P102L,F03,19-082-hip,biological_sample,19_082_hip,2021-05-20,ddPCRclust_template_native,"native template workflow, full ensemble",17186,17186,2382,14787,0,17,0,0,17,14804,ok,NA,"{""mode"":""full"",""numOfMarkers"":2,""multithread"":false}"
2021-05-20_SNV_P102L,P102L,F06,20-357-fc,biological_sample,20_357_fc,2021-05-20,ddPCRclust_template_native,"native template workflow, full ensemble",16885,NA,NA,NA,NA,NA,NA,NA,NA,NA,failed,attempt to set 'colnames' on an object with less than two dimensions,"{""mode"":""full"",""numOfMarkers"":2,""multithread"":false}"
2021-05-20_SNV_P102L,P102L,F09,20-169-mdb,biological_sample,20_169_mdb,2021-05-20,ddPCRclust_template_native,"native template workflow, full ensemble",16473,16473,0,16437,0,36,0,0,36,16473,ok,NA,"{""mode"":""full"",""numOfMarkers"":2,""multithread"":false}"
2021-05-20_SNV_P102L,P102L,G03,19-082-mdb,biological_sample,19_082_mdb,2021-05-20,ddPCRclust_template_native,"native template workflow, full ensemble",16756,NA,NA,NA,NA,NA,NA,NA,NA,NA,failed,attempt to set 'colnames' on an object with less than two dimensions,"{""mode"":""full"",""numOfMarkers"":2,""multithread"":false}"
2021-05-20_SNV_P102L,P102L,G06,20-357-hip,biological_sample,20_357_hip,2021-05-20,ddPCRclust_template_native,"native template workflow, full ensemble",16517,16488,0,16488,0,0,29,0,0,16488,ok,NA,"{""mode"":""full"",""numOfMarkers"":2,""multithread"":false}"
2021-05-20_SNV_P102L,P102L,G09,20-169-th,biological_sample,20_169_th,2021-05-20,ddPCRclust_template_native,"native template workflow, full ensemble",16320,16320,1,16304,0,15,0,0,15,16319,ok,NA,"{""mode"":""full"",""numOfMarkers"":2,""multithread"":false}"
2021-05-20_SNV_P102L,P102L,H03,19-082-th,biological_sample,19_082_th,2021-05-20,ddPCRclust_template_native,"native template workflow, full ensemble",15473,NA,NA,NA,NA,NA,NA,NA,NA,NA,failed,attempt to set 'colnames' on an object with less than two dimensions,"{""mode"":""full"",""numOfMarkers"":2,""multithread"":false}"
2021-05-20_SNV_P102L,P102L,H06,20-357-mdb,biological_sample,20_357_mdb,2021-05-20,ddPCRclust_template_native,"native template workflow, full ensemble",16393,NA,NA,NA,NA,NA,NA,NA,NA,NA,failed,attempt to set 'colnames' on an object with less than two dimensions,"{""mode"":""full"",""numOfMarkers"":2,""multithread"":false}"
2021-05-20_SNV_P102L,P102L,H09,19-082-cau,biological_sample,19_082_cau,2021-05-20,ddPCRclust_template_native,"native template workflow, full ensemble",16927,16927,0,16927,0,0,0,0,0,16927,ok,NA,"{""mode"":""full"",""numOfMarkers"":2,""multithread"":false}"
2021-10-14_SNV_P102L,P102L,A03,NTC,NTC,ntc,2021-10-14,ddPCRclust_template_native,"native template workflow, full ensemble",14134,NA,NA,NA,NA,NA,NA,NA,NA,NA,failed,attempt to set 'colnames' on an object with less than two dimensions,"{""mode"":""full"",""numOfMarkers"":2,""multithread"":false}"
2021-10-14_SNV_P102L,P102L,B03,WT,WT_control,wt,2021-10-14,ddPCRclust_template_native,"native template workflow, full ensemble",14475,14459,0,14459,0,0,16,0,0,14459,ok,NA,"{""mode"":""full"",""numOfMarkers"":2,""multithread"":false}"
2021-10-14_SNV_P102L,P102L,C03,P102L-mut,positive_control,,2021-10-14,ddPCRclust_template_native,"native template workflow, full ensemble",14214,14214,1864,3254,3143,5953,0,0,9096,9207,ok,NA,"{""mode"":""full"",""numOfMarkers"":2,""multithread"":false}"
2021-10-14_SNV_P102L,P102L,D03,13-21-cb,biological_sample,13_21_cb,2021-10-14,ddPCRclust_template_native,"native template workflow, full ensemble",14823,14823,0,14812,0,11,0,0,11,14823,ok,NA,"{""mode"":""full"",""numOfMarkers"":2,""multithread"":false}"
