package,assay,run_id,path,files,rows,template_path,sample_table_path,reference_well,reference_file,reference_sample_type,well,channel
twoddpcr,D178N,2020-10-12_SNV_D178N,/mnt/c/Projects/prnp-somatic/scratch/ddpcr_gating_method_comparison_v2/inputs/twoddpcr/D178N/2020-10-12_SNV_D178N,2,89351,NA,NA,NA,NA,NA,NA,NA
twoddpcr,D178N,2020-10-15_SNV_D178N,/mnt/c/Projects/prnp-somatic/scratch/ddpcr_gating_method_comparison_v2/inputs/twoddpcr/D178N/2020-10-15_SNV_D178N,2,299120,NA,NA,NA,NA,NA,NA,NA
twoddpcr,D178N,2020-10-22_SNV_D178N,/mnt/c/Projects/prnp-somatic/scratch/ddpcr_gating_method_comparison_v2/inputs/twoddpcr/D178N/2020-10-22_SNV_D178N,2,284563,NA,NA,NA,NA,NA,NA,NA
twoddpcr,D178N,2020-10-29_SNV_D178N,/mnt/c/Projects/prnp-somatic/scratch/ddpcr_gating_method_comparison_v2/inputs/twoddpcr/D178N/2020-10-29_SNV_D178N,2,368469,NA,NA,NA,NA,NA,NA,NA
twoddpcr,D178N,2020-11-05_SNV_D178N,/mnt/c/Projects/prnp-somatic/scratch/ddpcr_gating_method_comparison_v2/inputs/twoddpcr/D178N/2020-11-05_SNV_D178N,2,357665,NA,NA,NA,NA,NA,NA,NA
twoddpcr,D178N,2020-11-24_SNV_D178N,/mnt/c/Projects/prnp-somatic/scratch/ddpcr_gating_method_comparison_v2/inputs/twoddpcr/D178N/2020-11-24_SNV_D178N,2,177059,NA,NA,NA,NA,NA,NA,NA
twoddpcr,D178N,2021-01-26_SNV_D178N,/mnt/c/Projects/prnp-somatic/scratch/ddpcr_gating_method_comparison_v2/inputs/twoddpcr/D178N/2021-01-26_SNV_D178N,2,336659,NA,NA,NA,NA,NA,NA,NA
twoddpcr,D178N,2021-02-17_SNV_D178N,/mnt/c/Projects/prnp-somatic/scratch/ddpcr_gating_method_comparison_v2/inputs/twoddpcr/D178N/2021-02-17_SNV_D178N,2,256932,NA,NA,NA,NA,NA,NA,NA
twoddpcr,D178N,2021-03-29_SNV_D178N,/mnt/c/Projects/prnp-somatic/scratch/ddpcr_gating_method_comparison_v2/inputs/twoddpcr/D178N/2021-03-29_SNV_D178N,2,358427,NA,NA,NA,NA,NA,NA,NA
twoddpcr,D178N,2021-04-06_SNV_D178N,/mnt/c/Projects/prnp-somatic/scratch/ddpcr_gating_method_comparison_v2/inputs/twoddpcr/D178N/2021-04-06_SNV_D178N,2,323218,NA,NA,NA,NA,NA,NA,NA
twoddpcr,D178N,2021-05-10_SNV_D178N,/mnt/c/Projects/prnp-somatic/scratch/ddpcr_gating_method_comparison_v2/inputs/twoddpcr/D178N/2021-05-10_SNV_D178N,2,367920,NA,NA,NA,NA,NA,NA,NA
twoddpcr,D178N,2021-05-20_SNV_D178N,/mnt/c/Projects/prnp-somatic/scratch/ddpcr_gating_method_comparison_v2/inputs/twoddpcr/D178N/2021-05-20_SNV_D178N,2,459434,NA,NA,NA,NA,NA,NA,NA
twoddpcr,D178N,2021-10-14_SNV_D178N,/mnt/c/Projects/prnp-somatic/scratch/ddpcr_gating_method_comparison_v2/inputs/twoddpcr/D178N/2021-10-14_SNV_D178N,2,67443,NA,NA,NA,NA,NA,NA,NA
twoddpcr,E200K,2020-10-12_SNV_E200K,/mnt/c/Projects/prnp-somatic/scratch/ddpcr_gating_method_comparison_v2/inputs/twoddpcr/E200K/2020-10-12_SNV_E200K,2,85776,NA,NA,NA,NA,NA,NA,NA
twoddpcr,E200K,2020-10-15_SNV_E200K,/mnt/c/Projects/prnp-somatic/scratch/ddpcr_gating_method_comparison_v2/inputs/twoddpcr/E200K/2020-10-15_SNV_E200K,2,295022,NA,NA,NA,NA,NA,NA,NA
twoddpcr,E200K,2020-10-22_SNV_E200K,/mnt/c/Projects/prnp-somatic/scratch/ddpcr_gating_method_comparison_v2/inputs/twoddpcr/E200K/2020-10-22_SNV_E200K,2,297770,NA,NA,NA,NA,NA,NA,NA
twoddpcr,E200K,2020-10-29_SNV_E200K,/mnt/c/Projects/prnp-somatic/scratch/ddpcr_gating_method_comparison_v2/inputs/twoddpcr/E200K/2020-10-29_SNV_E200K,2,347046,NA,NA,NA,NA,NA,NA,NA
twoddpcr,E200K,2020-11-05_SNV_E200K,/mnt/c/Projects/prnp-somatic/scratch/ddpcr_gating_method_comparison_v2/inputs/twoddpcr/E200K/2020-11-05_SNV_E200K,2,358507,NA,NA,NA,NA,NA,NA,NA
twoddpcr,E200K,2020-11-24_SNV_E200K,/mnt/c/Projects/prnp-somatic/scratch/ddpcr_gating_method_comparison_v2/inputs/twoddpcr/E200K/2020-11-24_SNV_E200K,2,167484,NA,NA,NA,NA,NA,NA,NA
twoddpcr,E200K,2021-01-26_SNV_E200K,/mnt/c/Projects/prnp-somatic/scratch/ddpcr_gating_method_comparison_v2/inputs/twoddpcr/E200K/2021-01-26_SNV_E200K,2,294064,NA,NA,NA,NA,NA,NA,NA
twoddpcr,E200K,2021-02-17_SNV_E200K,/mnt/c/Projects/prnp-somatic/scratch/ddpcr_gating_method_comparison_v2/inputs/twoddpcr/E200K/2021-02-17_SNV_E200K,2,273619,NA,NA,NA,NA,NA,NA,NA
twoddpcr,E200K,2021-02-18_SNV_E200K,/mnt/c/Projects/prnp-somatic/scratch/ddpcr_gating_method_comparison_v2/inputs/twoddpcr/E200K/2021-02-18_SNV_E200K,2,309385,NA,NA,NA,NA,NA,NA,NA
twoddpcr,E200K,2021-03-29_SNV_E200K,/mnt/c/Projects/prnp-somatic/scratch/ddpcr_gating_method_comparison_v2/inputs/twoddpcr/E200K/2021-03-29_SNV_E200K,2,508478,NA,NA,NA,NA,NA,NA,NA
twoddpcr,E200K,2021-04-06_SNV_E200K,/mnt/c/Projects/prnp-somatic/scratch/ddpcr_gating_method_comparison_v2/inputs/twoddpcr/E200K/2021-04-06_SNV_E200K,2,238550,NA,NA,NA,NA,NA,NA,NA
twoddpcr,E200K,2021-05-10_SNV_E200K,/mnt/c/Projects/prnp-somatic/scratch/ddpcr_gating_method_comparison_v2/inputs/twoddpcr/E200K/2021-05-10_SNV_E200K,2,555578,NA,NA,NA,NA,NA,NA,NA
twoddpcr,E200K,2021-05-20_SNV_E200K,/mnt/c/Projects/prnp-somatic/scratch/ddpcr_gating_method_comparison_v2/inputs/twoddpcr/E200K/2021-05-20_SNV_E200K,2,536773,NA,NA,NA,NA,NA,NA,NA
twoddpcr,E200K,2021-10-25_SNV_E200K,/mnt/c/Projects/prnp-somatic/scratch/ddpcr_gating_method_comparison_v2/inputs/twoddpcr/E200K/2021-10-25_SNV_E200K,2,38634,NA,NA,NA,NA,NA,NA,NA
twoddpcr,P102L,2020-12-01_SNV_P102L,/mnt/c/Projects/prnp-somatic/scratch/ddpcr_gating_method_comparison_v2/inputs/twoddpcr/P102L/2020-12-01_SNV_P102L,2,717491,NA,NA,NA,NA,NA,NA,NA
twoddpcr,P102L,2021-01-26_SNV_P102L,/mnt/c/Projects/prnp-somatic/scratch/ddpcr_gating_method_comparison_v2/inputs/twoddpcr/P102L/2021-01-26_SNV_P102L,2,362079,NA,NA,NA,NA,NA,NA,NA
twoddpcr,P102L,2021-01-28_SNV_P102L,/mnt/c/Projects/prnp-somatic/scratch/ddpcr_gating_method_comparison_v2/inputs/twoddpcr/P102L/2021-01-28_SNV_P102L,2,335030,NA,NA,NA,NA,NA,NA,NA
twoddpcr,P102L,2021-02-02_SNV_P102L,/mnt/c/Projects/prnp-somatic/scratch/ddpcr_gating_method_comparison_v2/inputs/twoddpcr/P102L/2021-02-02_SNV_P102L,2,815130,NA,NA,NA,NA,NA,NA,NA
twoddpcr,P102L,2021-02-17_SNV_P102L,/mnt/c/Projects/prnp-somatic/scratch/ddpcr_gating_method_comparison_v2/inputs/twoddpcr/P102L/2021-02-17_SNV_P102L,2,256672,NA,NA,NA,NA,NA,NA,NA
twoddpcr,P102L,2021-02-18_SNV_P102L,/mnt/c/Projects/prnp-somatic/scratch/ddpcr_gating_method_comparison_v2/inputs/twoddpcr/P102L/2021-02-18_SNV_P102L,2,257228,NA,NA,NA,NA,NA,NA,NA
twoddpcr,P102L,2021-03-05_SNV_P102L,/mnt/c/Projects/prnp-somatic/scratch/ddpcr_gating_method_comparison_v2/inputs/twoddpcr/P102L/2021-03-05_SNV_P102L,2,108741,NA,NA,NA,NA,NA,NA,NA
twoddpcr,P102L,2021-03-29_SNV_P102L,/mnt/c/Projects/prnp-somatic/scratch/ddpcr_gating_method_comparison_v2/inputs/twoddpcr/P102L/2021-03-29_SNV_P102L,2,381357,NA,NA,NA,NA,NA,NA,NA
twoddpcr,P102L,2021-04-06_SNV_P102L,/mnt/c/Projects/prnp-somatic/scratch/ddpcr_gating_method_comparison_v2/inputs/twoddpcr/P102L/2021-04-06_SNV_P102L,2,296739,NA,NA,NA,NA,NA,NA,NA
twoddpcr,P102L,2021-05-10_SNV_P102L,/mnt/c/Projects/prnp-somatic/scratch/ddpcr_gating_method_comparison_v2/inputs/twoddpcr/P102L/2021-05-10_SNV_P102L,2,365786,NA,NA,NA,NA,NA,NA,NA
twoddpcr,P102L,2021-05-20_SNV_P102L,/mnt/c/Projects/prnp-somatic/scratch/ddpcr_gating_method_comparison_v2/inputs/twoddpcr/P102L/2021-05-20_SNV_P102L,2,468592,NA,NA,NA,NA,NA,NA,NA
twoddpcr,P102L,2021-10-14_SNV_P102L,/mnt/c/Projects/prnp-somatic/scratch/ddpcr_gating_method_comparison_v2/inputs/twoddpcr/P102L/2021-10-14_SNV_P102L,2,57646,NA,NA,NA,NA,NA,NA,NA
ddPCRclust,D178N,2020-10-12_SNV_D178N,/mnt/c/Projects/prnp-somatic/scratch/ddpcr_gating_method_comparison_v2/inputs/ddPCRclust/D178N/2020-10-12_SNV_D178N,7,89351,/mnt/c/Projects/prnp-somatic/scratch/ddpcr_gating_method_comparison_v2/inputs/ddPCRclust/D178N/2020-10-12_SNV_D178N/ddPCR_run_template.csv,NA,NA,NA,NA,NA,NA
ddPCRclust,D178N,2020-10-15_SNV_D178N,/mnt/c/Projects/prnp-somatic/scratch/ddpcr_gating_method_comparison_v2/inputs/ddPCRclust/D178N/2020-10-15_SNV_D178N,25,299120,/mnt/c/Projects/prnp-somatic/scratch/ddpcr_gating_method_comparison_v2/inputs/ddPCRclust/D178N/2020-10-15_SNV_D178N/ddPCR_run_template.csv,NA,NA,NA,NA,NA,NA
ddPCRclust,D178N,2020-10-22_SNV_D178N,/mnt/c/Projects/prnp-somatic/scratch/ddpcr_gating_method_comparison_v2/inputs/ddPCRclust/D178N/2020-10-22_SNV_D178N,21,284563,/mnt/c/Projects/prnp-somatic/scratch/ddpcr_gating_method_comparison_v2/inputs/ddPCRclust/D178N/2020-10-22_SNV_D178N/ddPCR_run_template.csv,NA,NA,NA,NA,NA,NA
ddPCRclust,D178N,2020-10-29_SNV_D178N,/mnt/c/Projects/prnp-somatic/scratch/ddpcr_gating_method_comparison_v2/inputs/ddPCRclust/D178N/2020-10-29_SNV_D178N,29,368469,/mnt/c/Projects/prnp-somatic/scratch/ddpcr_gating_method_comparison_v2/inputs/ddPCRclust/D178N/2020-10-29_SNV_D178N/ddPCR_run_template.csv,NA,NA,NA,NA,NA,NA
ddPCRclust,D178N,2020-11-05_SNV_D178N,/mnt/c/Projects/prnp-somatic/scratch/ddpcr_gating_method_comparison_v2/inputs/ddPCRclust/D178N/2020-11-05_SNV_D178N,22,357665,/mnt/c/Projects/prnp-somatic/scratch/ddpcr_gating_method_comparison_v2/inputs/ddPCRclust/D178N/2020-11-05_SNV_D178N/ddPCR_run_template.csv,NA,NA,NA,NA,NA,NA
ddPCRclust,D178N,2020-11-24_SNV_D178N,/mnt/c/Projects/prnp-somatic/scratch/ddpcr_gating_method_comparison_v2/inputs/ddPCRclust/D178N/2020-11-24_SNV_D178N,12,177059,/mnt/c/Projects/prnp-somatic/scratch/ddpcr_gating_method_comparison_v2/inputs/ddPCRclust/D178N/2020-11-24_SNV_D178N/ddPCR_run_template.csv,NA,NA,NA,NA,NA,NA
ddPCRclust,D178N,2021-01-26_SNV_D178N,/mnt/c/Projects/prnp-somatic/scratch/ddpcr_gating_method_comparison_v2/inputs/ddPCRclust/D178N/2021-01-26_SNV_D178N,24,336659,/mnt/c/Projects/prnp-somatic/scratch/ddpcr_gating_method_comparison_v2/inputs/ddPCRclust/D178N/2021-01-26_SNV_D178N/ddPCR_run_template.csv,NA,NA,NA,NA,NA,NA
ddPCRclust,D178N,2021-02-17_SNV_D178N,/mnt/c/Projects/prnp-somatic/scratch/ddpcr_gating_method_comparison_v2/inputs/ddPCRclust/D178N/2021-02-17_SNV_D178N,18,256932,/mnt/c/Projects/prnp-somatic/scratch/ddpcr_gating_method_comparison_v2/inputs/ddPCRclust/D178N/2021-02-17_SNV_D178N/ddPCR_run_template.csv,NA,NA,NA,NA,NA,NA
ddPCRclust,D178N,2021-03-29_SNV_D178N,/mnt/c/Projects/prnp-somatic/scratch/ddpcr_gating_method_comparison_v2/inputs/ddPCRclust/D178N/2021-03-29_SNV_D178N,24,358427,/mnt/c/Projects/prnp-somatic/scratch/ddpcr_gating_method_comparison_v2/inputs/ddPCRclust/D178N/2021-03-29_SNV_D178N/ddPCR_run_template.csv,NA,NA,NA,NA,NA,NA
ddPCRclust,D178N,2021-04-06_SNV_D178N,/mnt/c/Projects/prnp-somatic/scratch/ddpcr_gating_method_comparison_v2/inputs/ddPCRclust/D178N/2021-04-06_SNV_D178N,24,323218,/mnt/c/Projects/prnp-somatic/scratch/ddpcr_gating_method_comparison_v2/inputs/ddPCRclust/D178N/2021-04-06_SNV_D178N/ddPCR_run_template.csv,NA,NA,NA,NA,NA,NA
ddPCRclust,D178N,2021-05-10_SNV_D178N,/mnt/c/Projects/prnp-somatic/scratch/ddpcr_gating_method_comparison_v2/inputs/ddPCRclust/D178N/2021-05-10_SNV_D178N,25,367920,/mnt/c/Projects/prnp-somatic/scratch/ddpcr_gating_method_comparison_v2/inputs/ddPCRclust/D178N/2021-05-10_SNV_D178N/ddPCR_run_template.csv,NA,NA,NA,NA,NA,NA
ddPCRclust,D178N,2021-05-20_SNV_D178N,/mnt/c/Projects/prnp-somatic/scratch/ddpcr_gating_method_comparison_v2/inputs/ddPCRclust/D178N/2021-05-20_SNV_D178N,29,459434,/mnt/c/Projects/prnp-somatic/scratch/ddpcr_gating_method_comparison_v2/inputs/ddPCRclust/D178N/2021-05-20_SNV_D178N/ddPCR_run_template.csv,NA,NA,NA,NA,NA,NA
ddPCRclust,D178N,2021-10-14_SNV_D178N,/mnt/c/Projects/prnp-somatic/scratch/ddpcr_gating_method_comparison_v2/inputs/ddPCRclust/D178N/2021-10-14_SNV_D178N,6,67443,/mnt/c/Projects/prnp-somatic/scratch/ddpcr_gating_method_comparison_v2/inputs/ddPCRclust/D178N/2021-10-14_SNV_D178N/ddPCR_run_template.csv,NA,NA,NA,NA,NA,NA
ddPCRclust,E200K,2020-10-12_SNV_E200K,/mnt/c/Projects/prnp-somatic/scratch/ddpcr_gating_method_comparison_v2/inputs/ddPCRclust/E200K/2020-10-12_SNV_E200K,7,85776,/mnt/c/Projects/prnp-somatic/scratch/ddpcr_gating_method_comparison_v2/inputs/ddPCRclust/E200K/2020-10-12_SNV_E200K/ddPCR_run_template.csv,NA,NA,NA,NA,NA,NA
ddPCRclust,E200K,2020-10-15_SNV_E200K,/mnt/c/Projects/prnp-somatic/scratch/ddpcr_gating_method_comparison_v2/inputs/ddPCRclust/E200K/2020-10-15_SNV_E200K,25,295022,/mnt/c/Projects/prnp-somatic/scratch/ddpcr_gating_method_comparison_v2/inputs/ddPCRclust/E200K/2020-10-15_SNV_E200K/ddPCR_run_template.csv,NA,NA,NA,NA,NA,NA
ddPCRclust,E200K,2020-10-22_SNV_E200K,/mnt/c/Projects/prnp-somatic/scratch/ddpcr_gating_method_comparison_v2/inputs/ddPCRclust/E200K/2020-10-22_SNV_E200K,21,297770,/mnt/c/Projects/prnp-somatic/scratch/ddpcr_gating_method_comparison_v2/inputs/ddPCRclust/E200K/2020-10-22_SNV_E200K/ddPCR_run_template.csv,NA,NA,NA,NA,NA,NA
ddPCRclust,E200K,2020-10-29_SNV_E200K,/mnt/c/Projects/prnp-somatic/scratch/ddpcr_gating_method_comparison_v2/inputs/ddPCRclust/E200K/2020-10-29_SNV_E200K,28,347046,/mnt/c/Projects/prnp-somatic/scratch/ddpcr_gating_method_comparison_v2/inputs/ddPCRclust/E200K/2020-10-29_SNV_E200K/ddPCR_run_template.csv,NA,NA,NA,NA,NA,NA
ddPCRclust,E200K,2020-11-05_SNV_E200K,/mnt/c/Projects/prnp-somatic/scratch/ddpcr_gating_method_comparison_v2/inputs/ddPCRclust/E200K/2020-11-05_SNV_E200K,22,358507,/mnt/c/Projects/prnp-somatic/scratch/ddpcr_gating_method_comparison_v2/inputs/ddPCRclust/E200K/2020-11-05_SNV_E200K/ddPCR_run_template.csv,NA,NA,NA,NA,NA,NA
ddPCRclust,E200K,2020-11-24_SNV_E200K,/mnt/c/Projects/prnp-somatic/scratch/ddpcr_gating_method_comparison_v2/inputs/ddPCRclust/E200K/2020-11-24_SNV_E200K,11,167484,/mnt/c/Projects/prnp-somatic/scratch/ddpcr_gating_method_comparison_v2/inputs/ddPCRclust/E200K/2020-11-24_SNV_E200K/ddPCR_run_template.csv,NA,NA,NA,NA,NA,NA
ddPCRclust,E200K,2021-01-26_SNV_E200K,/mnt/c/Projects/prnp-somatic/scratch/ddpcr_gating_method_comparison_v2/inputs/ddPCRclust/E200K/2021-01-26_SNV_E200K,23,294064,/mnt/c/Projects/prnp-somatic/scratch/ddpcr_gating_method_comparison_v2/inputs/ddPCRclust/E200K/2021-01-26_SNV_E200K/ddPCR_run_template.csv,NA,NA,NA,NA,NA,NA
ddPCRclust,E200K,2021-02-17_SNV_E200K,/mnt/c/Projects/prnp-somatic/scratch/ddpcr_gating_method_comparison_v2/inputs/ddPCRclust/E200K/2021-02-17_SNV_E200K,18,273619,/mnt/c/Projects/prnp-somatic/scratch/ddpcr_gating_method_comparison_v2/inputs/ddPCRclust/E200K/2021-02-17_SNV_E200K/ddPCR_run_template.csv,NA,NA,NA,NA,NA,NA
ddPCRclust,E200K,2021-02-18_SNV_E200K,/mnt/c/Projects/prnp-somatic/scratch/ddpcr_gating_method_comparison_v2/inputs/ddPCRclust/E200K/2021-02-18_SNV_E200K,21,309385,/mnt/c/Projects/prnp-somatic/scratch/ddpcr_gating_method_comparison_v2/inputs/ddPCRclust/E200K/2021-02-18_SNV_E200K/ddPCR_run_template.csv,NA,NA,NA,NA,NA,NA
ddPCRclust,E200K,2021-03-29_SNV_E200K,/mnt/c/Projects/prnp-somatic/scratch/ddpcr_gating_method_comparison_v2/inputs/ddPCRclust/E200K/2021-03-29_SNV_E200K,32,508478,/mnt/c/Projects/prnp-somatic/scratch/ddpcr_gating_method_comparison_v2/inputs/ddPCRclust/E200K/2021-03-29_SNV_E200K/ddPCR_run_template.csv,NA,NA,NA,NA,NA,NA
ddPCRclust,E200K,2021-04-06_SNV_E200K,/mnt/c/Projects/prnp-somatic/scratch/ddpcr_gating_method_comparison_v2/inputs/ddPCRclust/E200K/2021-04-06_SNV_E200K,17,238550,/mnt/c/Projects/prnp-somatic/scratch/ddpcr_gating_method_comparison_v2/inputs/ddPCRclust/E200K/2021-04-06_SNV_E200K/ddPCR_run_template.csv,NA,NA,NA,NA,NA,NA
ddPCRclust,E200K,2021-05-10_SNV_E200K,/mnt/c/Projects/prnp-somatic/scratch/ddpcr_gating_method_comparison_v2/inputs/ddPCRclust/E200K/2021-05-10_SNV_E200K,36,555578,/mnt/c/Projects/prnp-somatic/scratch/ddpcr_gating_method_comparison_v2/inputs/ddPCRclust/E200K/2021-05-10_SNV_E200K/ddPCR_run_template.csv,NA,NA,NA,NA,NA,NA
ddPCRclust,E200K,2021-05-20_SNV_E200K,/mnt/c/Projects/prnp-somatic/scratch/ddpcr_gating_method_comparison_v2/inputs/ddPCRclust/E200K/2021-05-20_SNV_E200K,33,536773,/mnt/c/Projects/prnp-somatic/scratch/ddpcr_gating_method_comparison_v2/inputs/ddPCRclust/E200K/2021-05-20_SNV_E200K/ddPCR_run_template.csv,NA,NA,NA,NA,NA,NA
ddPCRclust,E200K,2021-10-25_SNV_E200K,/mnt/c/Projects/prnp-somatic/scratch/ddpcr_gating_method_comparison_v2/inputs/ddPCRclust/E200K/2021-10-25_SNV_E200K,5,38634,/mnt/c/Projects/prnp-somatic/scratch/ddpcr_gating_method_comparison_v2/inputs/ddPCRclust/E200K/2021-10-25_SNV_E200K/ddPCR_run_template.csv,NA,NA,NA,NA,NA,NA
ddPCRclust,P102L,2020-12-01_SNV_P102L,/mnt/c/Projects/prnp-somatic/scratch/ddpcr_gating_method_comparison_v2/inputs/ddPCRclust/P102L/2020-12-01_SNV_P102L,48,717491,/mnt/c/Projects/prnp-somatic/scratch/ddpcr_gating_method_comparison_v2/inputs/ddPCRclust/P102L/2020-12-01_SNV_P102L/ddPCR_run_template.csv,NA,NA,NA,NA,NA,NA
ddPCRclust,P102L,2021-01-26_SNV_P102L,/mnt/c/Projects/prnp-somatic/scratch/ddpcr_gating_method_comparison_v2/inputs/ddPCRclust/P102L/2021-01-26_SNV_P102L,25,362079,/mnt/c/Projects/prnp-somatic/scratch/ddpcr_gating_method_comparison_v2/inputs/ddPCRclust/P102L/2021-01-26_SNV_P102L/ddPCR_run_template.csv,NA,NA,NA,NA,NA,NA
ddPCRclust,P102L,2021-01-28_SNV_P102L,/mnt/c/Projects/prnp-somatic/scratch/ddpcr_gating_method_comparison_v2/inputs/ddPCRclust/P102L/2021-01-28_SNV_P102L,23,335030,/mnt/c/Projects/prnp-somatic/scratch/ddpcr_gating_method_comparison_v2/inputs/ddPCRclust/P102L/2021-01-28_SNV_P102L/ddPCR_run_template.csv,NA,NA,NA,NA,NA,NA
ddPCRclust,P102L,2021-02-02_SNV_P102L,/mnt/c/Projects/prnp-somatic/scratch/ddpcr_gating_method_comparison_v2/inputs/ddPCRclust/P102L/2021-02-02_SNV_P102L,52,815130,/mnt/c/Projects/prnp-somatic/scratch/ddpcr_gating_method_comparison_v2/inputs/ddPCRclust/P102L/2021-02-02_SNV_P102L/ddPCR_run_template.csv,NA,NA,NA,NA,NA,NA
ddPCRclust,P102L,2021-02-17_SNV_P102L,/mnt/c/Projects/prnp-somatic/scratch/ddpcr_gating_method_comparison_v2/inputs/ddPCRclust/P102L/2021-02-17_SNV_P102L,17,256672,/mnt/c/Projects/prnp-somatic/scratch/ddpcr_gating_method_comparison_v2/inputs/ddPCRclust/P102L/2021-02-17_SNV_P102L/ddPCR_run_template.csv,NA,NA,NA,NA,NA,NA
ddPCRclust,P102L,2021-02-18_SNV_P102L,/mnt/c/Projects/prnp-somatic/scratch/ddpcr_gating_method_comparison_v2/inputs/ddPCRclust/P102L/2021-02-18_SNV_P102L,17,257228,/mnt/c/Projects/prnp-somatic/scratch/ddpcr_gating_method_comparison_v2/inputs/ddPCRclust/P102L/2021-02-18_SNV_P102L/ddPCR_run_template.csv,NA,NA,NA,NA,NA,NA
ddPCRclust,P102L,2021-03-05_SNV_P102L,/mnt/c/Projects/prnp-somatic/scratch/ddpcr_gating_method_comparison_v2/inputs/ddPCRclust/P102L/2021-03-05_SNV_P102L,9,108741,/mnt/c/Projects/prnp-somatic/scratch/ddpcr_gating_method_comparison_v2/inputs/ddPCRclust/P102L/2021-03-05_SNV_P102L/ddPCR_run_template.csv,NA,NA,NA,NA,NA,NA
ddPCRclust,P102L,2021-03-29_SNV_P102L,/mnt/c/Projects/prnp-somatic/scratch/ddpcr_gating_method_comparison_v2/inputs/ddPCRclust/P102L/2021-03-29_SNV_P102L,25,381357,/mnt/c/Projects/prnp-somatic/scratch/ddpcr_gating_method_comparison_v2/inputs/ddPCRclust/P102L/2021-03-29_SNV_P102L/ddPCR_run_template.csv,NA,NA,NA,NA,NA,NA
ddPCRclust,P102L,2021-04-06_SNV_P102L,/mnt/c/Projects/prnp-somatic/scratch/ddpcr_gating_method_comparison_v2/inputs/ddPCRclust/P102L/2021-04-06_SNV_P102L,23,296739,/mnt/c/Projects/prnp-somatic/scratch/ddpcr_gating_method_comparison_v2/inputs/ddPCRclust/P102L/2021-04-06_SNV_P102L/ddPCR_run_template.csv,NA,NA,NA,NA,NA,NA
ddPCRclust,P102L,2021-05-10_SNV_P102L,/mnt/c/Projects/prnp-somatic/scratch/ddpcr_gating_method_comparison_v2/inputs/ddPCRclust/P102L/2021-05-10_SNV_P102L,25,365786,/mnt/c/Projects/prnp-somatic/scratch/ddpcr_gating_method_comparison_v2/inputs/ddPCRclust/P102L/2021-05-10_SNV_P102L/ddPCR_run_template.csv,NA,NA,NA,NA,NA,NA
ddPCRclust,P102L,2021-05-20_SNV_P102L,/mnt/c/Projects/prnp-somatic/scratch/ddpcr_gating_method_comparison_v2/inputs/ddPCRclust/P102L/2021-05-20_SNV_P102L,29,468592,/mnt/c/Projects/prnp-somatic/scratch/ddpcr_gating_method_comparison_v2/inputs/ddPCRclust/P102L/2021-05-20_SNV_P102L/ddPCR_run_template.csv,NA,NA,NA,NA,NA,NA
ddPCRclust,P102L,2021-10-14_SNV_P102L,/mnt/c/Projects/prnp-somatic/scratch/ddpcr_gating_method_comparison_v2/inputs/ddPCRclust/P102L/2021-10-14_SNV_P102L,5,57646,/mnt/c/Projects/prnp-somatic/scratch/ddpcr_gating_method_comparison_v2/inputs/ddPCRclust/P102L/2021-10-14_SNV_P102L/ddPCR_run_template.csv,NA,NA,NA,NA,NA,NA
dPCP,D178N,2020-10-12_SNV_D178N,/mnt/c/Projects/prnp-somatic/scratch/ddpcr_gating_method_comparison_v2/inputs/dPCP/D178N/2020-10-12_SNV_D178N,7,89351,NA,/mnt/c/Projects/prnp-somatic/scratch/ddpcr_gating_method_comparison_v2/inputs/dPCP/D178N/2020-10-12_SNV_D178N/sample_table.csv,C01,C01_Amplitude.csv,positive_control,NA,NA
dPCP,D178N,2020-10-15_SNV_D178N,/mnt/c/Projects/prnp-somatic/scratch/ddpcr_gating_method_comparison_v2/inputs/dPCP/D178N/2020-10-15_SNV_D178N,25,299120,NA,/mnt/c/Projects/prnp-somatic/scratch/ddpcr_gating_method_comparison_v2/inputs/dPCP/D178N/2020-10-15_SNV_D178N/sample_table.csv,C01,C01_Amplitude.csv,positive_control,NA,NA
dPCP,D178N,2020-10-22_SNV_D178N,/mnt/c/Projects/prnp-somatic/scratch/ddpcr_gating_method_comparison_v2/inputs/dPCP/D178N/2020-10-22_SNV_D178N,21,284563,NA,/mnt/c/Projects/prnp-somatic/scratch/ddpcr_gating_method_comparison_v2/inputs/dPCP/D178N/2020-10-22_SNV_D178N/sample_table.csv,C01,C01_Amplitude.csv,positive_control,NA,NA
dPCP,D178N,2020-10-29_SNV_D178N,/mnt/c/Projects/prnp-somatic/scratch/ddpcr_gating_method_comparison_v2/inputs/dPCP/D178N/2020-10-29_SNV_D178N,29,368469,NA,/mnt/c/Projects/prnp-somatic/scratch/ddpcr_gating_method_comparison_v2/inputs/dPCP/D178N/2020-10-29_SNV_D178N/sample_table.csv,H01,H01_Amplitude.csv,positive_control,NA,NA
dPCP,D178N,2020-11-05_SNV_D178N,/mnt/c/Projects/prnp-somatic/scratch/ddpcr_gating_method_comparison_v2/inputs/dPCP/D178N/2020-11-05_SNV_D178N,22,357665,NA,/mnt/c/Projects/prnp-somatic/scratch/ddpcr_gating_method_comparison_v2/inputs/dPCP/D178N/2020-11-05_SNV_D178N/sample_table.csv,H01,H01_Amplitude.csv,positive_control,NA,NA
dPCP,D178N,2020-11-24_SNV_D178N,/mnt/c/Projects/prnp-somatic/scratch/ddpcr_gating_method_comparison_v2/inputs/dPCP/D178N/2020-11-24_SNV_D178N,12,177059,NA,/mnt/c/Projects/prnp-somatic/scratch/ddpcr_gating_method_comparison_v2/inputs/dPCP/D178N/2020-11-24_SNV_D178N/sample_table.csv,H01,H01_Amplitude.csv,positive_control,NA,NA
dPCP,D178N,2021-01-26_SNV_D178N,/mnt/c/Projects/prnp-somatic/scratch/ddpcr_gating_method_comparison_v2/inputs/dPCP/D178N/2021-01-26_SNV_D178N,24,336659,NA,/mnt/c/Projects/prnp-somatic/scratch/ddpcr_gating_method_comparison_v2/inputs/dPCP/D178N/2021-01-26_SNV_D178N/sample_table.csv,B01,B01_Amplitude.csv,positive_control,NA,NA
dPCP,D178N,2021-02-17_SNV_D178N,/mnt/c/Projects/prnp-somatic/scratch/ddpcr_gating_method_comparison_v2/inputs/dPCP/D178N/2021-02-17_SNV_D178N,18,256932,NA,/mnt/c/Projects/prnp-somatic/scratch/ddpcr_gating_method_comparison_v2/inputs/dPCP/D178N/2021-02-17_SNV_D178N/sample_table.csv,A07,A07_Amplitude.csv,positive_control,NA,NA
dPCP,D178N,2021-03-29_SNV_D178N,/mnt/c/Projects/prnp-somatic/scratch/ddpcr_gating_method_comparison_v2/inputs/dPCP/D178N/2021-03-29_SNV_D178N,24,358427,NA,/mnt/c/Projects/prnp-somatic/scratch/ddpcr_gating_method_comparison_v2/inputs/dPCP/D178N/2021-03-29_SNV_D178N/sample_table.csv,C01,C01_Amplitude.csv,positive_control,NA,NA
dPCP,D178N,2021-04-06_SNV_D178N,/mnt/c/Projects/prnp-somatic/scratch/ddpcr_gating_method_comparison_v2/inputs/dPCP/D178N/2021-04-06_SNV_D178N,24,323218,NA,/mnt/c/Projects/prnp-somatic/scratch/ddpcr_gating_method_comparison_v2/inputs/dPCP/D178N/2021-04-06_SNV_D178N/sample_table.csv,C01,C01_Amplitude.csv,positive_control,NA,NA
dPCP,D178N,2021-05-10_SNV_D178N,/mnt/c/Projects/prnp-somatic/scratch/ddpcr_gating_method_comparison_v2/inputs/dPCP/D178N/2021-05-10_SNV_D178N,25,367920,NA,/mnt/c/Projects/prnp-somatic/scratch/ddpcr_gating_method_comparison_v2/inputs/dPCP/D178N/2021-05-10_SNV_D178N/sample_table.csv,C01,C01_Amplitude.csv,positive_control,NA,NA
dPCP,D178N,2021-05-20_SNV_D178N,/mnt/c/Projects/prnp-somatic/scratch/ddpcr_gating_method_comparison_v2/inputs/dPCP/D178N/2021-05-20_SNV_D178N,29,459434,NA,/mnt/c/Projects/prnp-somatic/scratch/ddpcr_gating_method_comparison_v2/inputs/dPCP/D178N/2021-05-20_SNV_D178N/sample_table.csv,C01,C01_Amplitude.csv,positive_control,NA,NA
dPCP,D178N,2021-10-14_SNV_D178N,/mnt/c/Projects/prnp-somatic/scratch/ddpcr_gating_method_comparison_v2/inputs/dPCP/D178N/2021-10-14_SNV_D178N,6,67443,NA,/mnt/c/Projects/prnp-somatic/scratch/ddpcr_gating_method_comparison_v2/inputs/dPCP/D178N/2021-10-14_SNV_D178N/sample_table.csv,C01,C01_Amplitude.csv,positive_control,NA,NA
dPCP,E200K,2020-10-12_SNV_E200K,/mnt/c/Projects/prnp-somatic/scratch/ddpcr_gating_method_comparison_v2/inputs/dPCP/E200K/2020-10-12_SNV_E200K,7,85776,NA,/mnt/c/Projects/prnp-somatic/scratch/ddpcr_gating_method_comparison_v2/inputs/dPCP/E200K/2020-10-12_SNV_E200K/sample_table.csv,C02,C02_Amplitude.csv,positive_control,NA,NA
dPCP,E200K,2020-10-15_SNV_E200K,/mnt/c/Projects/prnp-somatic/scratch/ddpcr_gating_method_comparison_v2/inputs/dPCP/E200K/2020-10-15_SNV_E200K,25,295022,NA,/mnt/c/Projects/prnp-somatic/scratch/ddpcr_gating_method_comparison_v2/inputs/dPCP/E200K/2020-10-15_SNV_E200K/sample_table.csv,C02,C02_Amplitude.csv,positive_control,NA,NA
dPCP,E200K,2020-10-22_SNV_E200K,/mnt/c/Projects/prnp-somatic/scratch/ddpcr_gating_method_comparison_v2/inputs/dPCP/E200K/2020-10-22_SNV_E200K,21,297770,NA,/mnt/c/Projects/prnp-somatic/scratch/ddpcr_gating_method_comparison_v2/inputs/dPCP/E200K/2020-10-22_SNV_E200K/sample_table.csv,C02,C02_Amplitude.csv,positive_control,NA,NA
dPCP,E200K,2020-10-29_SNV_E200K,/mnt/c/Projects/prnp-somatic/scratch/ddpcr_gating_method_comparison_v2/inputs/dPCP/E200K/2020-10-29_SNV_E200K,28,347046,NA,/mnt/c/Projects/prnp-somatic/scratch/ddpcr_gating_method_comparison_v2/inputs/dPCP/E200K/2020-10-29_SNV_E200K/sample_table.csv,H02,H02_Amplitude.csv,positive_control,NA,NA
dPCP,E200K,2020-11-05_SNV_E200K,/mnt/c/Projects/prnp-somatic/scratch/ddpcr_gating_method_comparison_v2/inputs/dPCP/E200K/2020-11-05_SNV_E200K,22,358507,NA,/mnt/c/Projects/prnp-somatic/scratch/ddpcr_gating_method_comparison_v2/inputs/dPCP/E200K/2020-11-05_SNV_E200K/sample_table.csv,H02,H02_Amplitude.csv,positive_control,NA,NA
dPCP,E200K,2020-11-24_SNV_E200K,/mnt/c/Projects/prnp-somatic/scratch/ddpcr_gating_method_comparison_v2/inputs/dPCP/E200K/2020-11-24_SNV_E200K,11,167484,NA,/mnt/c/Projects/prnp-somatic/scratch/ddpcr_gating_method_comparison_v2/inputs/dPCP/E200K/2020-11-24_SNV_E200K/sample_table.csv,H02,H02_Amplitude.csv,positive_control,NA,NA
dPCP,E200K,2021-01-26_SNV_E200K,/mnt/c/Projects/prnp-somatic/scratch/ddpcr_gating_method_comparison_v2/inputs/dPCP/E200K/2021-01-26_SNV_E200K,23,294064,NA,/mnt/c/Projects/prnp-somatic/scratch/ddpcr_gating_method_comparison_v2/inputs/dPCP/E200K/2021-01-26_SNV_E200K/sample_table.csv,B02,B02_Amplitude.csv,positive_control,NA,NA
dPCP,E200K,2021-02-17_SNV_E200K,/mnt/c/Projects/prnp-somatic/scratch/ddpcr_gating_method_comparison_v2/inputs/dPCP/E200K/2021-02-17_SNV_E200K,18,273619,NA,/mnt/c/Projects/prnp-somatic/scratch/ddpcr_gating_method_comparison_v2/inputs/dPCP/E200K/2021-02-17_SNV_E200K/sample_table.csv,A08,A08_Amplitude.csv,positive_control,NA,NA
dPCP,E200K,2021-02-18_SNV_E200K,/mnt/c/Projects/prnp-somatic/scratch/ddpcr_gating_method_comparison_v2/inputs/dPCP/E200K/2021-02-18_SNV_E200K,21,309385,NA,/mnt/c/Projects/prnp-somatic/scratch/ddpcr_gating_method_comparison_v2/inputs/dPCP/E200K/2021-02-18_SNV_E200K/sample_table.csv,A05,A05_Amplitude.csv,positive_control,NA,NA
dPCP,E200K,2021-03-29_SNV_E200K,/mnt/c/Projects/prnp-somatic/scratch/ddpcr_gating_method_comparison_v2/inputs/dPCP/E200K/2021-03-29_SNV_E200K,32,508478,NA,/mnt/c/Projects/prnp-somatic/scratch/ddpcr_gating_method_comparison_v2/inputs/dPCP/E200K/2021-03-29_SNV_E200K/sample_table.csv,C02,C02_Amplitude.csv,positive_control,NA,NA
dPCP,E200K,2021-04-06_SNV_E200K,/mnt/c/Projects/prnp-somatic/scratch/ddpcr_gating_method_comparison_v2/inputs/dPCP/E200K/2021-04-06_SNV_E200K,17,238550,NA,/mnt/c/Projects/prnp-somatic/scratch/ddpcr_gating_method_comparison_v2/inputs/dPCP/E200K/2021-04-06_SNV_E200K/sample_table.csv,C02,C02_Amplitude.csv,positive_control,NA,NA
dPCP,E200K,2021-05-10_SNV_E200K,/mnt/c/Projects/prnp-somatic/scratch/ddpcr_gating_method_comparison_v2/inputs/dPCP/E200K/2021-05-10_SNV_E200K,36,555578,NA,/mnt/c/Projects/prnp-somatic/scratch/ddpcr_gating_method_comparison_v2/inputs/dPCP/E200K/2021-05-10_SNV_E200K/sample_table.csv,C02,C02_Amplitude.csv,positive_control,NA,NA
dPCP,E200K,2021-05-20_SNV_E200K,/mnt/c/Projects/prnp-somatic/scratch/ddpcr_gating_method_comparison_v2/inputs/dPCP/E200K/2021-05-20_SNV_E200K,33,536773,NA,/mnt/c/Projects/prnp-somatic/scratch/ddpcr_gating_method_comparison_v2/inputs/dPCP/E200K/2021-05-20_SNV_E200K/sample_table.csv,C02,C02_Amplitude.csv,positive_control,NA,NA
dPCP,E200K,2021-10-25_SNV_E200K,/mnt/c/Projects/prnp-somatic/scratch/ddpcr_gating_method_comparison_v2/inputs/dPCP/E200K/2021-10-25_SNV_E200K,5,38634,NA,/mnt/c/Projects/prnp-somatic/scratch/ddpcr_gating_method_comparison_v2/inputs/dPCP/E200K/2021-10-25_SNV_E200K/sample_table.csv,C01,C01_Amplitude.csv,positive_control,NA,NA
dPCP,P102L,2020-12-01_SNV_P102L,/mnt/c/Projects/prnp-somatic/scratch/ddpcr_gating_method_comparison_v2/inputs/dPCP/P102L/2020-12-01_SNV_P102L,48,717491,NA,/mnt/c/Projects/prnp-somatic/scratch/ddpcr_gating_method_comparison_v2/inputs/dPCP/P102L/2020-12-01_SNV_P102L/sample_table.csv,C12,C12_Amplitude.csv,positive_control,NA,NA
dPCP,P102L,2021-01-26_SNV_P102L,/mnt/c/Projects/prnp-somatic/scratch/ddpcr_gating_method_comparison_v2/inputs/dPCP/P102L/2021-01-26_SNV_P102L,25,362079,NA,/mnt/c/Projects/prnp-somatic/scratch/ddpcr_gating_method_comparison_v2/inputs/dPCP/P102L/2021-01-26_SNV_P102L/sample_table.csv,B03,B03_Amplitude.csv,positive_control,NA,NA
dPCP,P102L,2021-01-28_SNV_P102L,/mnt/c/Projects/prnp-somatic/scratch/ddpcr_gating_method_comparison_v2/inputs/dPCP/P102L/2021-01-28_SNV_P102L,23,335030,NA,/mnt/c/Projects/prnp-somatic/scratch/ddpcr_gating_method_comparison_v2/inputs/dPCP/P102L/2021-01-28_SNV_P102L/sample_table.csv,C03,C03_Amplitude.csv,positive_control,NA,NA
dPCP,P102L,2021-02-02_SNV_P102L,/mnt/c/Projects/prnp-somatic/scratch/ddpcr_gating_method_comparison_v2/inputs/dPCP/P102L/2021-02-02_SNV_P102L,52,815130,NA,/mnt/c/Projects/prnp-somatic/scratch/ddpcr_gating_method_comparison_v2/inputs/dPCP/P102L/2021-02-02_SNV_P102L/sample_table.csv,C01,C01_Amplitude.csv,positive_control,NA,NA
dPCP,P102L,2021-02-17_SNV_P102L,/mnt/c/Projects/prnp-somatic/scratch/ddpcr_gating_method_comparison_v2/inputs/dPCP/P102L/2021-02-17_SNV_P102L,17,256672,NA,/mnt/c/Projects/prnp-somatic/scratch/ddpcr_gating_method_comparison_v2/inputs/dPCP/P102L/2021-02-17_SNV_P102L/sample_table.csv,A09,A09_Amplitude.csv,positive_control,NA,NA
dPCP,P102L,2021-02-18_SNV_P102L,/mnt/c/Projects/prnp-somatic/scratch/ddpcr_gating_method_comparison_v2/inputs/dPCP/P102L/2021-02-18_SNV_P102L,17,257228,NA,/mnt/c/Projects/prnp-somatic/scratch/ddpcr_gating_method_comparison_v2/inputs/dPCP/P102L/2021-02-18_SNV_P102L/sample_table.csv,A06,A06_Amplitude.csv,positive_control,NA,NA
dPCP,P102L,2021-03-05_SNV_P102L,/mnt/c/Projects/prnp-somatic/scratch/ddpcr_gating_method_comparison_v2/inputs/dPCP/P102L/2021-03-05_SNV_P102L,9,108741,NA,/mnt/c/Projects/prnp-somatic/scratch/ddpcr_gating_method_comparison_v2/inputs/dPCP/P102L/2021-03-05_SNV_P102L/sample_table.csv,C03,C03_Amplitude.csv,positive_control,NA,NA
dPCP,P102L,2021-03-29_SNV_P102L,/mnt/c/Projects/prnp-somatic/scratch/ddpcr_gating_method_comparison_v2/inputs/dPCP/P102L/2021-03-29_SNV_P102L,25,381357,NA,/mnt/c/Projects/prnp-somatic/scratch/ddpcr_gating_method_comparison_v2/inputs/dPCP/P102L/2021-03-29_SNV_P102L/sample_table.csv,C03,C03_Amplitude.csv,positive_control,NA,NA
dPCP,P102L,2021-04-06_SNV_P102L,/mnt/c/Projects/prnp-somatic/scratch/ddpcr_gating_method_comparison_v2/inputs/dPCP/P102L/2021-04-06_SNV_P102L,23,296739,NA,/mnt/c/Projects/prnp-somatic/scratch/ddpcr_gating_method_comparison_v2/inputs/dPCP/P102L/2021-04-06_SNV_P102L/sample_table.csv,C03,C03_Amplitude.csv,positive_control,NA,NA
dPCP,P102L,2021-05-10_SNV_P102L,/mnt/c/Projects/prnp-somatic/scratch/ddpcr_gating_method_comparison_v2/inputs/dPCP/P102L/2021-05-10_SNV_P102L,25,365786,NA,/mnt/c/Projects/prnp-somatic/scratch/ddpcr_gating_method_comparison_v2/inputs/dPCP/P102L/2021-05-10_SNV_P102L/sample_table.csv,C03,C03_Amplitude.csv,positive_control,NA,NA
dPCP,P102L,2021-05-20_SNV_P102L,/mnt/c/Projects/prnp-somatic/scratch/ddpcr_gating_method_comparison_v2/inputs/dPCP/P102L/2021-05-20_SNV_P102L,29,468592,NA,/mnt/c/Projects/prnp-somatic/scratch/ddpcr_gating_method_comparison_v2/inputs/dPCP/P102L/2021-05-20_SNV_P102L/sample_table.csv,C03,C03_Amplitude.csv,positive_control,NA,NA
dPCP,P102L,2021-10-14_SNV_P102L,/mnt/c/Projects/prnp-somatic/scratch/ddpcr_gating_method_comparison_v2/inputs/dPCP/P102L/2021-10-14_SNV_P102L,5,57646,NA,/mnt/c/Projects/prnp-somatic/scratch/ddpcr_gating_method_comparison_v2/inputs/dPCP/P102L/2021-10-14_SNV_P102L/sample_table.csv,C03,C03_Amplitude.csv,positive_control,NA,NA
definetherain,D178N,2020-10-12_SNV_D178N,/mnt/c/Projects/prnp-somatic/scratch/ddpcr_gating_method_comparison_v2/inputs/definetherain/D178N/2020-10-12_SNV_D178N/ch1/A01_amplitude.csv,1,15305,NA,NA,NA,NA,NA,A01,ch1
definetherain,D178N,2020-10-12_SNV_D178N,/mnt/c/Projects/prnp-somatic/scratch/ddpcr_gating_method_comparison_v2/inputs/definetherain/D178N/2020-10-12_SNV_D178N/ch2/A01_amplitude.csv,1,15305,NA,NA,NA,NA,NA,A01,ch2
definetherain,D178N,2020-10-12_SNV_D178N,/mnt/c/Projects/prnp-somatic/scratch/ddpcr_gating_method_comparison_v2/inputs/definetherain/D178N/2020-10-12_SNV_D178N/ch1/A07_amplitude.csv,1,17133,NA,NA,NA,NA,NA,A07,ch1
definetherain,D178N,2020-10-12_SNV_D178N,/mnt/c/Projects/prnp-somatic/scratch/ddpcr_gating_method_comparison_v2/inputs/definetherain/D178N/2020-10-12_SNV_D178N/ch2/A07_amplitude.csv,1,17133,NA,NA,NA,NA,NA,A07,ch2
definetherain,D178N,2020-10-12_SNV_D178N,/mnt/c/Projects/prnp-somatic/scratch/ddpcr_gating_method_comparison_v2/inputs/definetherain/D178N/2020-10-12_SNV_D178N/ch1/B01_amplitude.csv,1,13319,NA,NA,NA,NA,NA,B01,ch1
definetherain,D178N,2020-10-12_SNV_D178N,/mnt/c/Projects/prnp-somatic/scratch/ddpcr_gating_method_comparison_v2/inputs/definetherain/D178N/2020-10-12_SNV_D178N/ch2/B01_amplitude.csv,1,13319,NA,NA,NA,NA,NA,B01,ch2
definetherain,D178N,2020-10-12_SNV_D178N,/mnt/c/Projects/prnp-somatic/scratch/ddpcr_gating_method_comparison_v2/inputs/definetherain/D178N/2020-10-12_SNV_D178N/ch1/B04_amplitude.csv,1,14872,NA,NA,NA,NA,NA,B04,ch1
definetherain,D178N,2020-10-12_SNV_D178N,/mnt/c/Projects/prnp-somatic/scratch/ddpcr_gating_method_comparison_v2/inputs/definetherain/D178N/2020-10-12_SNV_D178N/ch2/B04_amplitude.csv,1,14872,NA,NA,NA,NA,NA,B04,ch2
definetherain,D178N,2020-10-12_SNV_D178N,/mnt/c/Projects/prnp-somatic/scratch/ddpcr_gating_method_comparison_v2/inputs/definetherain/D178N/2020-10-12_SNV_D178N/ch1/C01_amplitude.csv,1,15700,NA,NA,NA,NA,NA,C01,ch1
definetherain,D178N,2020-10-12_SNV_D178N,/mnt/c/Projects/prnp-somatic/scratch/ddpcr_gating_method_comparison_v2/inputs/definetherain/D178N/2020-10-12_SNV_D178N/ch2/C01_amplitude.csv,1,15700,NA,NA,NA,NA,NA,C01,ch2
definetherain,D178N,2020-10-12_SNV_D178N,/mnt/c/Projects/prnp-somatic/scratch/ddpcr_gating_method_comparison_v2/inputs/definetherain/D178N/2020-10-12_SNV_D178N/ch1/C04_amplitude.csv,1,13022,NA,NA,NA,NA,NA,C04,ch1
definetherain,D178N,2020-10-12_SNV_D178N,/mnt/c/Projects/prnp-somatic/scratch/ddpcr_gating_method_comparison_v2/inputs/definetherain/D178N/2020-10-12_SNV_D178N/ch2/C04_amplitude.csv,1,13022,NA,NA,NA,NA,NA,C04,ch2
definetherain,D178N,2020-10-15_SNV_D178N,/mnt/c/Projects/prnp-somatic/scratch/ddpcr_gating_method_comparison_v2/inputs/definetherain/D178N/2020-10-15_SNV_D178N/ch1/A01_amplitude.csv,1,10394,NA,NA,NA,NA,NA,A01,ch1
definetherain,D178N,2020-10-15_SNV_D178N,/mnt/c/Projects/prnp-somatic/scratch/ddpcr_gating_method_comparison_v2/inputs/definetherain/D178N/2020-10-15_SNV_D178N/ch2/A01_amplitude.csv,1,10394,NA,NA,NA,NA,NA,A01,ch2
definetherain,D178N,2020-10-15_SNV_D178N,/mnt/c/Projects/prnp-somatic/scratch/ddpcr_gating_method_comparison_v2/inputs/definetherain/D178N/2020-10-15_SNV_D178N/ch1/A03_amplitude.csv,1,14022,NA,NA,NA,NA,NA,A03,ch1
definetherain,D178N,2020-10-15_SNV_D178N,/mnt/c/Projects/prnp-somatic/scratch/ddpcr_gating_method_comparison_v2/inputs/definetherain/D178N/2020-10-15_SNV_D178N/ch2/A03_amplitude.csv,1,14022,NA,NA,NA,NA,NA,A03,ch2
definetherain,D178N,2020-10-15_SNV_D178N,/mnt/c/Projects/prnp-somatic/scratch/ddpcr_gating_method_comparison_v2/inputs/definetherain/D178N/2020-10-15_SNV_D178N/ch1/A05_amplitude.csv,1,11938,NA,NA,NA,NA,NA,A05,ch1
definetherain,D178N,2020-10-15_SNV_D178N,/mnt/c/Projects/prnp-somatic/scratch/ddpcr_gating_method_comparison_v2/inputs/definetherain/D178N/2020-10-15_SNV_D178N/ch2/A05_amplitude.csv,1,11938,NA,NA,NA,NA,NA,A05,ch2
definetherain,D178N,2020-10-15_SNV_D178N,/mnt/c/Projects/prnp-somatic/scratch/ddpcr_gating_method_comparison_v2/inputs/definetherain/D178N/2020-10-15_SNV_D178N/ch1/A07_amplitude.csv,1,13793,NA,NA,NA,NA,NA,A07,ch1
definetherain,D178N,2020-10-15_SNV_D178N,/mnt/c/Projects/prnp-somatic/scratch/ddpcr_gating_method_comparison_v2/inputs/definetherain/D178N/2020-10-15_SNV_D178N/ch2/A07_amplitude.csv,1,13793,NA,NA,NA,NA,NA,A07,ch2
definetherain,D178N,2020-10-15_SNV_D178N,/mnt/c/Projects/prnp-somatic/scratch/ddpcr_gating_method_comparison_v2/inputs/definetherain/D178N/2020-10-15_SNV_D178N/ch1/A09_amplitude.csv,1,12762,NA,NA,NA,NA,NA,A09,ch1
definetherain,D178N,2020-10-15_SNV_D178N,/mnt/c/Projects/prnp-somatic/scratch/ddpcr_gating_method_comparison_v2/inputs/definetherain/D178N/2020-10-15_SNV_D178N/ch2/A09_amplitude.csv,1,12762,NA,NA,NA,NA,NA,A09,ch2
definetherain,D178N,2020-10-15_SNV_D178N,/mnt/c/Projects/prnp-somatic/scratch/ddpcr_gating_method_comparison_v2/inputs/definetherain/D178N/2020-10-15_SNV_D178N/ch1/B01_amplitude.csv,1,10440,NA,NA,NA,NA,NA,B01,ch1
definetherain,D178N,2020-10-15_SNV_D178N,/mnt/c/Projects/prnp-somatic/scratch/ddpcr_gating_method_comparison_v2/inputs/definetherain/D178N/2020-10-15_SNV_D178N/ch2/B01_amplitude.csv,1,10440,NA,NA,NA,NA,NA,B01,ch2
definetherain,D178N,2020-10-15_SNV_D178N,/mnt/c/Projects/prnp-somatic/scratch/ddpcr_gating_method_comparison_v2/inputs/definetherain/D178N/2020-10-15_SNV_D178N/ch1/B03_amplitude.csv,1,14641,NA,NA,NA,NA,NA,B03,ch1
definetherain,D178N,2020-10-15_SNV_D178N,/mnt/c/Projects/prnp-somatic/scratch/ddpcr_gating_method_comparison_v2/inputs/definetherain/D178N/2020-10-15_SNV_D178N/ch2/B03_amplitude.csv,1,14641,NA,NA,NA,NA,NA,B03,ch2
definetherain,D178N,2020-10-15_SNV_D178N,/mnt/c/Projects/prnp-somatic/scratch/ddpcr_gating_method_comparison_v2/inputs/definetherain/D178N/2020-10-15_SNV_D178N/ch1/B05_amplitude.csv,1,12393,NA,NA,NA,NA,NA,B05,ch1
definetherain,D178N,2020-10-15_SNV_D178N,/mnt/c/Projects/prnp-somatic/scratch/ddpcr_gating_method_comparison_v2/inputs/definetherain/D178N/2020-10-15_SNV_D178N/ch2/B05_amplitude.csv,1,12393,NA,NA,NA,NA,NA,B05,ch2
definetherain,D178N,2020-10-15_SNV_D178N,/mnt/c/Projects/prnp-somatic/scratch/ddpcr_gating_method_comparison_v2/inputs/definetherain/D178N/2020-10-15_SNV_D178N/ch1/B07_amplitude.csv,1,13849,NA,NA,NA,NA,NA,B07,ch1
definetherain,D178N,2020-10-15_SNV_D178N,/mnt/c/Projects/prnp-somatic/scratch/ddpcr_gating_method_comparison_v2/inputs/definetherain/D178N/2020-10-15_SNV_D178N/ch2/B07_amplitude.csv,1,13849,NA,NA,NA,NA,NA,B07,ch2
definetherain,D178N,2020-10-15_SNV_D178N,/mnt/c/Projects/prnp-somatic/scratch/ddpcr_gating_method_comparison_v2/inputs/definetherain/D178N/2020-10-15_SNV_D178N/ch1/B09_amplitude.csv,1,15381,NA,NA,NA,NA,NA,B09,ch1
definetherain,D178N,2020-10-15_SNV_D178N,/mnt/c/Projects/prnp-somatic/scratch/ddpcr_gating_method_comparison_v2/inputs/definetherain/D178N/2020-10-15_SNV_D178N/ch2/B09_amplitude.csv,1,15381,NA,NA,NA,NA,NA,B09,ch2
definetherain,D178N,2020-10-15_SNV_D178N,/mnt/c/Projects/prnp-somatic/scratch/ddpcr_gating_method_comparison_v2/inputs/definetherain/D178N/2020-10-15_SNV_D178N/ch1/C01_amplitude.csv,1,5827,NA,NA,NA,NA,NA,C01,ch1
definetherain,D178N,2020-10-15_SNV_D178N,/mnt/c/Projects/prnp-somatic/scratch/ddpcr_gating_method_comparison_v2/inputs/definetherain/D178N/2020-10-15_SNV_D178N/ch2/C01_amplitude.csv,1,5827,NA,NA,NA,NA,NA,C01,ch2
definetherain,D178N,2020-10-15_SNV_D178N,/mnt/c/Projects/prnp-somatic/scratch/ddpcr_gating_method_comparison_v2/inputs/definetherain/D178N/2020-10-15_SNV_D178N/ch1/C03_amplitude.csv,1,15621,NA,NA,NA,NA,NA,C03,ch1
definetherain,D178N,2020-10-15_SNV_D178N,/mnt/c/Projects/prnp-somatic/scratch/ddpcr_gating_method_comparison_v2/inputs/definetherain/D178N/2020-10-15_SNV_D178N/ch2/C03_amplitude.csv,1,15621,NA,NA,NA,NA,NA,C03,ch2
definetherain,D178N,2020-10-15_SNV_D178N,/mnt/c/Projects/prnp-somatic/scratch/ddpcr_gating_method_comparison_v2/inputs/definetherain/D178N/2020-10-15_SNV_D178N/ch1/C05_amplitude.csv,1,13888,NA,NA,NA,NA,NA,C05,ch1
definetherain,D178N,2020-10-15_SNV_D178N,/mnt/c/Projects/prnp-somatic/scratch/ddpcr_gating_method_comparison_v2/inputs/definetherain/D178N/2020-10-15_SNV_D178N/ch2/C05_amplitude.csv,1,13888,NA,NA,NA,NA,NA,C05,ch2
definetherain,D178N,2020-10-15_SNV_D178N,/mnt/c/Projects/prnp-somatic/scratch/ddpcr_gating_method_comparison_v2/inputs/definetherain/D178N/2020-10-15_SNV_D178N/ch1/C07_amplitude.csv,1,15049,NA,NA,NA,NA,NA,C07,ch1
definetherain,D178N,2020-10-15_SNV_D178N,/mnt/c/Projects/prnp-somatic/scratch/ddpcr_gating_method_comparison_v2/inputs/definetherain/D178N/2020-10-15_SNV_D178N/ch2/C07_amplitude.csv,1,15049,NA,NA,NA,NA,NA,C07,ch2
definetherain,D178N,2020-10-15_SNV_D178N,/mnt/c/Projects/prnp-somatic/scratch/ddpcr_gating_method_comparison_v2/inputs/definetherain/D178N/2020-10-15_SNV_D178N/ch1/D03_amplitude.csv,1,12400,NA,NA,NA,NA,NA,D03,ch1
definetherain,D178N,2020-10-15_SNV_D178N,/mnt/c/Projects/prnp-somatic/scratch/ddpcr_gating_method_comparison_v2/inputs/definetherain/D178N/2020-10-15_SNV_D178N/ch2/D03_amplitude.csv,1,12400,NA,NA,NA,NA,NA,D03,ch2
definetherain,D178N,2020-10-15_SNV_D178N,/mnt/c/Projects/prnp-somatic/scratch/ddpcr_gating_method_comparison_v2/inputs/definetherain/D178N/2020-10-15_SNV_D178N/ch1/D05_amplitude.csv,1,12930,NA,NA,NA,NA,NA,D05,ch1
definetherain,D178N,2020-10-15_SNV_D178N,/mnt/c/Projects/prnp-somatic/scratch/ddpcr_gating_method_comparison_v2/inputs/definetherain/D178N/2020-10-15_SNV_D178N/ch2/D05_amplitude.csv,1,12930,NA,NA,NA,NA,NA,D05,ch2
definetherain,D178N,2020-10-15_SNV_D178N,/mnt/c/Projects/prnp-somatic/scratch/ddpcr_gating_method_comparison_v2/inputs/definetherain/D178N/2020-10-15_SNV_D178N/ch1/D07_amplitude.csv,1,12035,NA,NA,NA,NA,NA,D07,ch1
definetherain,D178N,2020-10-15_SNV_D178N,/mnt/c/Projects/prnp-somatic/scratch/ddpcr_gating_method_comparison_v2/inputs/definetherain/D178N/2020-10-15_SNV_D178N/ch2/D07_amplitude.csv,1,12035,NA,NA,NA,NA,NA,D07,ch2
definetherain,D178N,2020-10-15_SNV_D178N,/mnt/c/Projects/prnp-somatic/scratch/ddpcr_gating_method_comparison_v2/inputs/definetherain/D178N/2020-10-15_SNV_D178N/ch1/D09_amplitude.csv,1,10005,NA,NA,NA,NA,NA,D09,ch1
definetherain,D178N,2020-10-15_SNV_D178N,/mnt/c/Projects/prnp-somatic/scratch/ddpcr_gating_method_comparison_v2/inputs/definetherain/D178N/2020-10-15_SNV_D178N/ch2/D09_amplitude.csv,1,10005,NA,NA,NA,NA,NA,D09,ch2
definetherain,D178N,2020-10-15_SNV_D178N,/mnt/c/Projects/prnp-somatic/scratch/ddpcr_gating_method_comparison_v2/inputs/definetherain/D178N/2020-10-15_SNV_D178N/ch1/E03_amplitude.csv,1,13010,NA,NA,NA,NA,NA,E03,ch1
definetherain,D178N,2020-10-15_SNV_D178N,/mnt/c/Projects/prnp-somatic/scratch/ddpcr_gating_method_comparison_v2/inputs/definetherain/D178N/2020-10-15_SNV_D178N/ch2/E03_amplitude.csv,1,13010,NA,NA,NA,NA,NA,E03,ch2
definetherain,D178N,2020-10-15_SNV_D178N,/mnt/c/Projects/prnp-somatic/scratch/ddpcr_gating_method_comparison_v2/inputs/definetherain/D178N/2020-10-15_SNV_D178N/ch1/E05_amplitude.csv,1,13175,NA,NA,NA,NA,NA,E05,ch1
definetherain,D178N,2020-10-15_SNV_D178N,/mnt/c/Projects/prnp-somatic/scratch/ddpcr_gating_method_comparison_v2/inputs/definetherain/D178N/2020-10-15_SNV_D178N/ch2/E05_amplitude.csv,1,13175,NA,NA,NA,NA,NA,E05,ch2
definetherain,D178N,2020-10-15_SNV_D178N,/mnt/c/Projects/prnp-somatic/scratch/ddpcr_gating_method_comparison_v2/inputs/definetherain/D178N/2020-10-15_SNV_D178N/ch1/E07_amplitude.csv,1,11173,NA,NA,NA,NA,NA,E07,ch1
definetherain,D178N,2020-10-15_SNV_D178N,/mnt/c/Projects/prnp-somatic/scratch/ddpcr_gating_method_comparison_v2/inputs/definetherain/D178N/2020-10-15_SNV_D178N/ch2/E07_amplitude.csv,1,11173,NA,NA,NA,NA,NA,E07,ch2
definetherain,D178N,2020-10-15_SNV_D178N,/mnt/c/Projects/prnp-somatic/scratch/ddpcr_gating_method_comparison_v2/inputs/definetherain/D178N/2020-10-15_SNV_D178N/ch1/E09_amplitude.csv,1,11011,NA,NA,NA,NA,NA,E09,ch1
definetherain,D178N,2020-10-15_SNV_D178N,/mnt/c/Projects/prnp-somatic/scratch/ddpcr_gating_method_comparison_v2/inputs/definetherain/D178N/2020-10-15_SNV_D178N/ch2/E09_amplitude.csv,1,11011,NA,NA,NA,NA,NA,E09,ch2
definetherain,D178N,2020-10-15_SNV_D178N,/mnt/c/Projects/prnp-somatic/scratch/ddpcr_gating_method_comparison_v2/inputs/definetherain/D178N/2020-10-15_SNV_D178N/ch1/F03_amplitude.csv,1,10976,NA,NA,NA,NA,NA,F03,ch1
definetherain,D178N,2020-10-15_SNV_D178N,/mnt/c/Projects/prnp-somatic/scratch/ddpcr_gating_method_comparison_v2/inputs/definetherain/D178N/2020-10-15_SNV_D178N/ch2/F03_amplitude.csv,1,10976,NA,NA,NA,NA,NA,F03,ch2
definetherain,D178N,2020-10-15_SNV_D178N,/mnt/c/Projects/prnp-somatic/scratch/ddpcr_gating_method_comparison_v2/inputs/definetherain/D178N/2020-10-15_SNV_D178N/ch1/F05_amplitude.csv,1,12407,NA,NA,NA,NA,NA,F05,ch1
definetherain,D178N,2020-10-15_SNV_D178N,/mnt/c/Projects/prnp-somatic/scratch/ddpcr_gating_method_comparison_v2/inputs/definetherain/D178N/2020-10-15_SNV_D178N/ch2/F05_amplitude.csv,1,12407,NA,NA,NA,NA,NA,F05,ch2
definetherain,D178N,2020-10-22_SNV_D178N,/mnt/c/Projects/prnp-somatic/scratch/ddpcr_gating_method_comparison_v2/inputs/definetherain/D178N/2020-10-22_SNV_D178N/ch1/A01_amplitude.csv,1,14594,NA,NA,NA,NA,NA,A01,ch1
definetherain,D178N,2020-10-22_SNV_D178N,/mnt/c/Projects/prnp-somatic/scratch/ddpcr_gating_method_comparison_v2/inputs/definetherain/D178N/2020-10-22_SNV_D178N/ch2/A01_amplitude.csv,1,14594,NA,NA,NA,NA,NA,A01,ch2
definetherain,D178N,2020-10-22_SNV_D178N,/mnt/c/Projects/prnp-somatic/scratch/ddpcr_gating_method_comparison_v2/inputs/definetherain/D178N/2020-10-22_SNV_D178N/ch1/A03_amplitude.csv,1,13792,NA,NA,NA,NA,NA,A03,ch1
definetherain,D178N,2020-10-22_SNV_D178N,/mnt/c/Projects/prnp-somatic/scratch/ddpcr_gating_method_comparison_v2/inputs/definetherain/D178N/2020-10-22_SNV_D178N/ch2/A03_amplitude.csv,1,13792,NA,NA,NA,NA,NA,A03,ch2
definetherain,D178N,2020-10-22_SNV_D178N,/mnt/c/Projects/prnp-somatic/scratch/ddpcr_gating_method_comparison_v2/inputs/definetherain/D178N/2020-10-22_SNV_D178N/ch1/A05_amplitude.csv,1,13917,NA,NA,NA,NA,NA,A05,ch1
definetherain,D178N,2020-10-22_SNV_D178N,/mnt/c/Projects/prnp-somatic/scratch/ddpcr_gating_method_comparison_v2/inputs/definetherain/D178N/2020-10-22_SNV_D178N/ch2/A05_amplitude.csv,1,13917,NA,NA,NA,NA,NA,A05,ch2
definetherain,D178N,2020-10-22_SNV_D178N,/mnt/c/Projects/prnp-somatic/scratch/ddpcr_gating_method_comparison_v2/inputs/definetherain/D178N/2020-10-22_SNV_D178N/ch1/A07_amplitude.csv,1,14933,NA,NA,NA,NA,NA,A07,ch1
definetherain,D178N,2020-10-22_SNV_D178N,/mnt/c/Projects/prnp-somatic/scratch/ddpcr_gating_method_comparison_v2/inputs/definetherain/D178N/2020-10-22_SNV_D178N/ch2/A07_amplitude.csv,1,14933,NA,NA,NA,NA,NA,A07,ch2
definetherain,D178N,2020-10-22_SNV_D178N,/mnt/c/Projects/prnp-somatic/scratch/ddpcr_gating_method_comparison_v2/inputs/definetherain/D178N/2020-10-22_SNV_D178N/ch1/A09_amplitude.csv,1,15716,NA,NA,NA,NA,NA,A09,ch1
definetherain,D178N,2020-10-22_SNV_D178N,/mnt/c/Projects/prnp-somatic/scratch/ddpcr_gating_method_comparison_v2/inputs/definetherain/D178N/2020-10-22_SNV_D178N/ch2/A09_amplitude.csv,1,15716,NA,NA,NA,NA,NA,A09,ch2
definetherain,D178N,2020-10-22_SNV_D178N,/mnt/c/Projects/prnp-somatic/scratch/ddpcr_gating_method_comparison_v2/inputs/definetherain/D178N/2020-10-22_SNV_D178N/ch1/B01_amplitude.csv,1,10594,NA,NA,NA,NA,NA,B01,ch1
definetherain,D178N,2020-10-22_SNV_D178N,/mnt/c/Projects/prnp-somatic/scratch/ddpcr_gating_method_comparison_v2/inputs/definetherain/D178N/2020-10-22_SNV_D178N/ch2/B01_amplitude.csv,1,10594,NA,NA,NA,NA,NA,B01,ch2
definetherain,D178N,2020-10-22_SNV_D178N,/mnt/c/Projects/prnp-somatic/scratch/ddpcr_gating_method_comparison_v2/inputs/definetherain/D178N/2020-10-22_SNV_D178N/ch1/B03_amplitude.csv,1,16247,NA,NA,NA,NA,NA,B03,ch1
definetherain,D178N,2020-10-22_SNV_D178N,/mnt/c/Projects/prnp-somatic/scratch/ddpcr_gating_method_comparison_v2/inputs/definetherain/D178N/2020-10-22_SNV_D178N/ch2/B03_amplitude.csv,1,16247,NA,NA,NA,NA,NA,B03,ch2
definetherain,D178N,2020-10-22_SNV_D178N,/mnt/c/Projects/prnp-somatic/scratch/ddpcr_gating_method_comparison_v2/inputs/definetherain/D178N/2020-10-22_SNV_D178N/ch1/B05_amplitude.csv,1,13431,NA,NA,NA,NA,NA,B05,ch1
definetherain,D178N,2020-10-22_SNV_D178N,/mnt/c/Projects/prnp-somatic/scratch/ddpcr_gating_method_comparison_v2/inputs/definetherain/D178N/2020-10-22_SNV_D178N/ch2/B05_amplitude.csv,1,13431,NA,NA,NA,NA,NA,B05,ch2
definetherain,D178N,2020-10-22_SNV_D178N,/mnt/c/Projects/prnp-somatic/scratch/ddpcr_gating_method_comparison_v2/inputs/definetherain/D178N/2020-10-22_SNV_D178N/ch1/B07_amplitude.csv,1,13836,NA,NA,NA,NA,NA,B07,ch1
definetherain,D178N,2020-10-22_SNV_D178N,/mnt/c/Projects/prnp-somatic/scratch/ddpcr_gating_method_comparison_v2/inputs/definetherain/D178N/2020-10-22_SNV_D178N/ch2/B07_amplitude.csv,1,13836,NA,NA,NA,NA,NA,B07,ch2
definetherain,D178N,2020-10-22_SNV_D178N,/mnt/c/Projects/prnp-somatic/scratch/ddpcr_gating_method_comparison_v2/inputs/definetherain/D178N/2020-10-22_SNV_D178N/ch1/C01_amplitude.csv,1,15354,NA,NA,NA,NA,NA,C01,ch1
definetherain,D178N,2020-10-22_SNV_D178N,/mnt/c/Projects/prnp-somatic/scratch/ddpcr_gating_method_comparison_v2/inputs/definetherain/D178N/2020-10-22_SNV_D178N/ch2/C01_amplitude.csv,1,15354,NA,NA,NA,NA,NA,C01,ch2
definetherain,D178N,2020-10-22_SNV_D178N,/mnt/c/Projects/prnp-somatic/scratch/ddpcr_gating_method_comparison_v2/inputs/definetherain/D178N/2020-10-22_SNV_D178N/ch1/C03_amplitude.csv,1,12568,NA,NA,NA,NA,NA,C03,ch1
definetherain,D178N,2020-10-22_SNV_D178N,/mnt/c/Projects/prnp-somatic/scratch/ddpcr_gating_method_comparison_v2/inputs/definetherain/D178N/2020-10-22_SNV_D178N/ch2/C03_amplitude.csv,1,12568,NA,NA,NA,NA,NA,C03,ch2
definetherain,D178N,2020-10-22_SNV_D178N,/mnt/c/Projects/prnp-somatic/scratch/ddpcr_gating_method_comparison_v2/inputs/definetherain/D178N/2020-10-22_SNV_D178N/ch1/C05_amplitude.csv,1,15282,NA,NA,NA,NA,NA,C05,ch1
definetherain,D178N,2020-10-22_SNV_D178N,/mnt/c/Projects/prnp-somatic/scratch/ddpcr_gating_method_comparison_v2/inputs/definetherain/D178N/2020-10-22_SNV_D178N/ch2/C05_amplitude.csv,1,15282,NA,NA,NA,NA,NA,C05,ch2
definetherain,D178N,2020-10-22_SNV_D178N,/mnt/c/Projects/prnp-somatic/scratch/ddpcr_gating_method_comparison_v2/inputs/definetherain/D178N/2020-10-22_SNV_D178N/ch1/C07_amplitude.csv,1,15760,NA,NA,NA,NA,NA,C07,ch1
definetherain,D178N,2020-10-22_SNV_D178N,/mnt/c/Projects/prnp-somatic/scratch/ddpcr_gating_method_comparison_v2/inputs/definetherain/D178N/2020-10-22_SNV_D178N/ch2/C07_amplitude.csv,1,15760,NA,NA,NA,NA,NA,C07,ch2
definetherain,D178N,2020-10-22_SNV_D178N,/mnt/c/Projects/prnp-somatic/scratch/ddpcr_gating_method_comparison_v2/inputs/definetherain/D178N/2020-10-22_SNV_D178N/ch1/D03_amplitude.csv,1,14888,NA,NA,NA,NA,NA,D03,ch1
definetherain,D178N,2020-10-22_SNV_D178N,/mnt/c/Projects/prnp-somatic/scratch/ddpcr_gating_method_comparison_v2/inputs/definetherain/D178N/2020-10-22_SNV_D178N/ch2/D03_amplitude.csv,1,14888,NA,NA,NA,NA,NA,D03,ch2
definetherain,D178N,2020-10-22_SNV_D178N,/mnt/c/Projects/prnp-somatic/scratch/ddpcr_gating_method_comparison_v2/inputs/definetherain/D178N/2020-10-22_SNV_D178N/ch1/D05_amplitude.csv,1,11561,NA,NA,NA,NA,NA,D05,ch1
definetherain,D178N,2020-10-22_SNV_D178N,/mnt/c/Projects/prnp-somatic/scratch/ddpcr_gating_method_comparison_v2/inputs/definetherain/D178N/2020-10-22_SNV_D178N/ch2/D05_amplitude.csv,1,11561,NA,NA,NA,NA,NA,D05,ch2
definetherain,D178N,2020-10-22_SNV_D178N,/mnt/c/Projects/prnp-somatic/scratch/ddpcr_gating_method_comparison_v2/inputs/definetherain/D178N/2020-10-22_SNV_D178N/ch1/D07_amplitude.csv,1,14810,NA,NA,NA,NA,NA,D07,ch1
definetherain,D178N,2020-10-22_SNV_D178N,/mnt/c/Projects/prnp-somatic/scratch/ddpcr_gating_method_comparison_v2/inputs/definetherain/D178N/2020-10-22_SNV_D178N/ch2/D07_amplitude.csv,1,14810,NA,NA,NA,NA,NA,D07,ch2
definetherain,D178N,2020-10-22_SNV_D178N,/mnt/c/Projects/prnp-somatic/scratch/ddpcr_gating_method_comparison_v2/inputs/definetherain/D178N/2020-10-22_SNV_D178N/ch1/E03_amplitude.csv,1,15117,NA,NA,NA,NA,NA,E03,ch1
definetherain,D178N,2020-10-22_SNV_D178N,/mnt/c/Projects/prnp-somatic/scratch/ddpcr_gating_method_comparison_v2/inputs/definetherain/D178N/2020-10-22_SNV_D178N/ch2/E03_amplitude.csv,1,15117,NA,NA,NA,NA,NA,E03,ch2
definetherain,D178N,2020-10-22_SNV_D178N,/mnt/c/Projects/prnp-somatic/scratch/ddpcr_gating_method_comparison_v2/inputs/definetherain/D178N/2020-10-22_SNV_D178N/ch1/E05_amplitude.csv,1,14604,NA,NA,NA,NA,NA,E05,ch1
definetherain,D178N,2020-10-22_SNV_D178N,/mnt/c/Projects/prnp-somatic/scratch/ddpcr_gating_method_comparison_v2/inputs/definetherain/D178N/2020-10-22_SNV_D178N/ch2/E05_amplitude.csv,1,14604,NA,NA,NA,NA,NA,E05,ch2
definetherain,D178N,2020-10-22_SNV_D178N,/mnt/c/Projects/prnp-somatic/scratch/ddpcr_gating_method_comparison_v2/inputs/definetherain/D178N/2020-10-22_SNV_D178N/ch1/E07_amplitude.csv,1,14117,NA,NA,NA,NA,NA,E07,ch1
definetherain,D178N,2020-10-22_SNV_D178N,/mnt/c/Projects/prnp-somatic/scratch/ddpcr_gating_method_comparison_v2/inputs/definetherain/D178N/2020-10-22_SNV_D178N/ch2/E07_amplitude.csv,1,14117,NA,NA,NA,NA,NA,E07,ch2
definetherain,D178N,2020-10-22_SNV_D178N,/mnt/c/Projects/prnp-somatic/scratch/ddpcr_gating_method_comparison_v2/inputs/definetherain/D178N/2020-10-22_SNV_D178N/ch1/F05_amplitude.csv,1,13442,NA,NA,NA,NA,NA,F05,ch1
definetherain,D178N,2020-10-22_SNV_D178N,/mnt/c/Projects/prnp-somatic/scratch/ddpcr_gating_method_comparison_v2/inputs/definetherain/D178N/2020-10-22_SNV_D178N/ch2/F05_amplitude.csv,1,13442,NA,NA,NA,NA,NA,F05,ch2
definetherain,D178N,2020-10-29_SNV_D178N,/mnt/c/Projects/prnp-somatic/scratch/ddpcr_gating_method_comparison_v2/inputs/definetherain/D178N/2020-10-29_SNV_D178N/ch1/A01_amplitude.csv,1,14623,NA,NA,NA,NA,NA,A01,ch1
definetherain,D178N,2020-10-29_SNV_D178N,/mnt/c/Projects/prnp-somatic/scratch/ddpcr_gating_method_comparison_v2/inputs/definetherain/D178N/2020-10-29_SNV_D178N/ch2/A01_amplitude.csv,1,14623,NA,NA,NA,NA,NA,A01,ch2
definetherain,D178N,2020-10-29_SNV_D178N,/mnt/c/Projects/prnp-somatic/scratch/ddpcr_gating_method_comparison_v2/inputs/definetherain/D178N/2020-10-29_SNV_D178N/ch1/A05_amplitude.csv,1,13105,NA,NA,NA,NA,NA,A05,ch1
definetherain,D178N,2020-10-29_SNV_D178N,/mnt/c/Projects/prnp-somatic/scratch/ddpcr_gating_method_comparison_v2/inputs/definetherain/D178N/2020-10-29_SNV_D178N/ch2/A05_amplitude.csv,1,13105,NA,NA,NA,NA,NA,A05,ch2
definetherain,D178N,2020-10-29_SNV_D178N,/mnt/c/Projects/prnp-somatic/scratch/ddpcr_gating_method_comparison_v2/inputs/definetherain/D178N/2020-10-29_SNV_D178N/ch1/A07_amplitude.csv,1,9128,NA,NA,NA,NA,NA,A07,ch1
definetherain,D178N,2020-10-29_SNV_D178N,/mnt/c/Projects/prnp-somatic/scratch/ddpcr_gating_method_comparison_v2/inputs/definetherain/D178N/2020-10-29_SNV_D178N/ch2/A07_amplitude.csv,1,9128,NA,NA,NA,NA,NA,A07,ch2
definetherain,D178N,2020-10-29_SNV_D178N,/mnt/c/Projects/prnp-somatic/scratch/ddpcr_gating_method_comparison_v2/inputs/definetherain/D178N/2020-10-29_SNV_D178N/ch1/A09_amplitude.csv,1,12999,NA,NA,NA,NA,NA,A09,ch1
definetherain,D178N,2020-10-29_SNV_D178N,/mnt/c/Projects/prnp-somatic/scratch/ddpcr_gating_method_comparison_v2/inputs/definetherain/D178N/2020-10-29_SNV_D178N/ch2/A09_amplitude.csv,1,12999,NA,NA,NA,NA,NA,A09,ch2
definetherain,D178N,2020-10-29_SNV_D178N,/mnt/c/Projects/prnp-somatic/scratch/ddpcr_gating_method_comparison_v2/inputs/definetherain/D178N/2020-10-29_SNV_D178N/ch1/B01_amplitude.csv,1,15623,NA,NA,NA,NA,NA,B01,ch1
definetherain,D178N,2020-10-29_SNV_D178N,/mnt/c/Projects/prnp-somatic/scratch/ddpcr_gating_method_comparison_v2/inputs/definetherain/D178N/2020-10-29_SNV_D178N/ch2/B01_amplitude.csv,1,15623,NA,NA,NA,NA,NA,B01,ch2
definetherain,D178N,2020-10-29_SNV_D178N,/mnt/c/Projects/prnp-somatic/scratch/ddpcr_gating_method_comparison_v2/inputs/definetherain/D178N/2020-10-29_SNV_D178N/ch1/B05_amplitude.csv,1,12912,NA,NA,NA,NA,NA,B05,ch1
definetherain,D178N,2020-10-29_SNV_D178N,/mnt/c/Projects/prnp-somatic/scratch/ddpcr_gating_method_comparison_v2/inputs/definetherain/D178N/2020-10-29_SNV_D178N/ch2/B05_amplitude.csv,1,12912,NA,NA,NA,NA,NA,B05,ch2
definetherain,D178N,2020-10-29_SNV_D178N,/mnt/c/Projects/prnp-somatic/scratch/ddpcr_gating_method_comparison_v2/inputs/definetherain/D178N/2020-10-29_SNV_D178N/ch1/B07_amplitude.csv,1,12520,NA,NA,NA,NA,NA,B07,ch1
definetherain,D178N,2020-10-29_SNV_D178N,/mnt/c/Projects/prnp-somatic/scratch/ddpcr_gating_method_comparison_v2/inputs/definetherain/D178N/2020-10-29_SNV_D178N/ch2/B07_amplitude.csv,1,12520,NA,NA,NA,NA,NA,B07,ch2
definetherain,D178N,2020-10-29_SNV_D178N,/mnt/c/Projects/prnp-somatic/scratch/ddpcr_gating_method_comparison_v2/inputs/definetherain/D178N/2020-10-29_SNV_D178N/ch1/B09_amplitude.csv,1,9194,NA,NA,NA,NA,NA,B09,ch1
definetherain,D178N,2020-10-29_SNV_D178N,/mnt/c/Projects/prnp-somatic/scratch/ddpcr_gating_method_comparison_v2/inputs/definetherain/D178N/2020-10-29_SNV_D178N/ch2/B09_amplitude.csv,1,9194,NA,NA,NA,NA,NA,B09,ch2
definetherain,D178N,2020-10-29_SNV_D178N,/mnt/c/Projects/prnp-somatic/scratch/ddpcr_gating_method_comparison_v2/inputs/definetherain/D178N/2020-10-29_SNV_D178N/ch1/C01_amplitude.csv,1,15777,NA,NA,NA,NA,NA,C01,ch1
definetherain,D178N,2020-10-29_SNV_D178N,/mnt/c/Projects/prnp-somatic/scratch/ddpcr_gating_method_comparison_v2/inputs/definetherain/D178N/2020-10-29_SNV_D178N/ch2/C01_amplitude.csv,1,15777,NA,NA,NA,NA,NA,C01,ch2
definetherain,D178N,2020-10-29_SNV_D178N,/mnt/c/Projects/prnp-somatic/scratch/ddpcr_gating_method_comparison_v2/inputs/definetherain/D178N/2020-10-29_SNV_D178N/ch1/C05_amplitude.csv,1,12274,NA,NA,NA,NA,NA,C05,ch1
definetherain,D178N,2020-10-29_SNV_D178N,/mnt/c/Projects/prnp-somatic/scratch/ddpcr_gating_method_comparison_v2/inputs/definetherain/D178N/2020-10-29_SNV_D178N/ch2/C05_amplitude.csv,1,12274,NA,NA,NA,NA,NA,C05,ch2
definetherain,D178N,2020-10-29_SNV_D178N,/mnt/c/Projects/prnp-somatic/scratch/ddpcr_gating_method_comparison_v2/inputs/definetherain/D178N/2020-10-29_SNV_D178N/ch1/C07_amplitude.csv,1,13841,NA,NA,NA,NA,NA,C07,ch1
definetherain,D178N,2020-10-29_SNV_D178N,/mnt/c/Projects/prnp-somatic/scratch/ddpcr_gating_method_comparison_v2/inputs/definetherain/D178N/2020-10-29_SNV_D178N/ch2/C07_amplitude.csv,1,13841,NA,NA,NA,NA,NA,C07,ch2
definetherain,D178N,2020-10-29_SNV_D178N,/mnt/c/Projects/prnp-somatic/scratch/ddpcr_gating_method_comparison_v2/inputs/definetherain/D178N/2020-10-29_SNV_D178N/ch1/C09_amplitude.csv,1,12757,NA,NA,NA,NA,NA,C09,ch1
definetherain,D178N,2020-10-29_SNV_D178N,/mnt/c/Projects/prnp-somatic/scratch/ddpcr_gating_method_comparison_v2/inputs/definetherain/D178N/2020-10-29_SNV_D178N/ch2/C09_amplitude.csv,1,12757,NA,NA,NA,NA,NA,C09,ch2
definetherain,D178N,2020-10-29_SNV_D178N,/mnt/c/Projects/prnp-somatic/scratch/ddpcr_gating_method_comparison_v2/inputs/definetherain/D178N/2020-10-29_SNV_D178N/ch1/D01_amplitude.csv,1,17008,NA,NA,NA,NA,NA,D01,ch1
definetherain,D178N,2020-10-29_SNV_D178N,/mnt/c/Projects/prnp-somatic/scratch/ddpcr_gating_method_comparison_v2/inputs/definetherain/D178N/2020-10-29_SNV_D178N/ch2/D01_amplitude.csv,1,17008,NA,NA,NA,NA,NA,D01,ch2
definetherain,D178N,2020-10-29_SNV_D178N,/mnt/c/Projects/prnp-somatic/scratch/ddpcr_gating_method_comparison_v2/inputs/definetherain/D178N/2020-10-29_SNV_D178N/ch1/D05_amplitude.csv,1,14061,NA,NA,NA,NA,NA,D05,ch1
definetherain,D178N,2020-10-29_SNV_D178N,/mnt/c/Projects/prnp-somatic/scratch/ddpcr_gating_method_comparison_v2/inputs/definetherain/D178N/2020-10-29_SNV_D178N/ch2/D05_amplitude.csv,1,14061,NA,NA,NA,NA,NA,D05,ch2
definetherain,D178N,2020-10-29_SNV_D178N,/mnt/c/Projects/prnp-somatic/scratch/ddpcr_gating_method_comparison_v2/inputs/definetherain/D178N/2020-10-29_SNV_D178N/ch1/D07_amplitude.csv,1,13447,NA,NA,NA,NA,NA,D07,ch1
definetherain,D178N,2020-10-29_SNV_D178N,/mnt/c/Projects/prnp-somatic/scratch/ddpcr_gating_method_comparison_v2/inputs/definetherain/D178N/2020-10-29_SNV_D178N/ch2/D07_amplitude.csv,1,13447,NA,NA,NA,NA,NA,D07,ch2
definetherain,D178N,2020-10-29_SNV_D178N,/mnt/c/Projects/prnp-somatic/scratch/ddpcr_gating_method_comparison_v2/inputs/definetherain/D178N/2020-10-29_SNV_D178N/ch1/D09_amplitude.csv,1,11574,NA,NA,NA,NA,NA,D09,ch1
definetherain,D178N,2020-10-29_SNV_D178N,/mnt/c/Projects/prnp-somatic/scratch/ddpcr_gating_method_comparison_v2/inputs/definetherain/D178N/2020-10-29_SNV_D178N/ch2/D09_amplitude.csv,1,11574,NA,NA,NA,NA,NA,D09,ch2
definetherain,D178N,2020-10-29_SNV_D178N,/mnt/c/Projects/prnp-somatic/scratch/ddpcr_gating_method_comparison_v2/inputs/definetherain/D178N/2020-10-29_SNV_D178N/ch1/E01_amplitude.csv,1,11943,NA,NA,NA,NA,NA,E01,ch1
definetherain,D178N,2020-10-29_SNV_D178N,/mnt/c/Projects/prnp-somatic/scratch/ddpcr_gating_method_comparison_v2/inputs/definetherain/D178N/2020-10-29_SNV_D178N/ch2/E01_amplitude.csv,1,11943,NA,NA,NA,NA,NA,E01,ch2
definetherain,D178N,2020-10-29_SNV_D178N,/mnt/c/Projects/prnp-somatic/scratch/ddpcr_gating_method_comparison_v2/inputs/definetherain/D178N/2020-10-29_SNV_D178N/ch1/E03_amplitude.csv,1,15368,NA,NA,NA,NA,NA,E03,ch1
definetherain,D178N,2020-10-29_SNV_D178N,/mnt/c/Projects/prnp-somatic/scratch/ddpcr_gating_method_comparison_v2/inputs/definetherain/D178N/2020-10-29_SNV_D178N/ch2/E03_amplitude.csv,1,15368,NA,NA,NA,NA,NA,E03,ch2
definetherain,D178N,2020-10-29_SNV_D178N,/mnt/c/Projects/prnp-somatic/scratch/ddpcr_gating_method_comparison_v2/inputs/definetherain/D178N/2020-10-29_SNV_D178N/ch1/E05_amplitude.csv,1,13210,NA,NA,NA,NA,NA,E05,ch1
definetherain,D178N,2020-10-29_SNV_D178N,/mnt/c/Projects/prnp-somatic/scratch/ddpcr_gating_method_comparison_v2/inputs/definetherain/D178N/2020-10-29_SNV_D178N/ch2/E05_amplitude.csv,1,13210,NA,NA,NA,NA,NA,E05,ch2
definetherain,D178N,2020-10-29_SNV_D178N,/mnt/c/Projects/prnp-somatic/scratch/ddpcr_gating_method_comparison_v2/inputs/definetherain/D178N/2020-10-29_SNV_D178N/ch1/E07_amplitude.csv,1,13143,NA,NA,NA,NA,NA,E07,ch1
definetherain,D178N,2020-10-29_SNV_D178N,/mnt/c/Projects/prnp-somatic/scratch/ddpcr_gating_method_comparison_v2/inputs/definetherain/D178N/2020-10-29_SNV_D178N/ch2/E07_amplitude.csv,1,13143,NA,NA,NA,NA,NA,E07,ch2
definetherain,D178N,2020-10-29_SNV_D178N,/mnt/c/Projects/prnp-somatic/scratch/ddpcr_gating_method_comparison_v2/inputs/definetherain/D178N/2020-10-29_SNV_D178N/ch1/E09_amplitude.csv,1,13404,NA,NA,NA,NA,NA,E09,ch1
definetherain,D178N,2020-10-29_SNV_D178N,/mnt/c/Projects/prnp-somatic/scratch/ddpcr_gating_method_comparison_v2/inputs/definetherain/D178N/2020-10-29_SNV_D178N/ch2/E09_amplitude.csv,1,13404,NA,NA,NA,NA,NA,E09,ch2
definetherain,D178N,2020-10-29_SNV_D178N,/mnt/c/Projects/prnp-somatic/scratch/ddpcr_gating_method_comparison_v2/inputs/definetherain/D178N/2020-10-29_SNV_D178N/ch1/F01_amplitude.csv,1,15177,NA,NA,NA,NA,NA,F01,ch1
definetherain,D178N,2020-10-29_SNV_D178N,/mnt/c/Projects/prnp-somatic/scratch/ddpcr_gating_method_comparison_v2/inputs/definetherain/D178N/2020-10-29_SNV_D178N/ch2/F01_amplitude.csv,1,15177,NA,NA,NA,NA,NA,F01,ch2
definetherain,D178N,2020-10-29_SNV_D178N,/mnt/c/Projects/prnp-somatic/scratch/ddpcr_gating_method_comparison_v2/inputs/definetherain/D178N/2020-10-29_SNV_D178N/ch1/F05_amplitude.csv,1,13637,NA,NA,NA,NA,NA,F05,ch1
definetherain,D178N,2020-10-29_SNV_D178N,/mnt/c/Projects/prnp-somatic/scratch/ddpcr_gating_method_comparison_v2/inputs/definetherain/D178N/2020-10-29_SNV_D178N/ch2/F05_amplitude.csv,1,13637,NA,NA,NA,NA,NA,F05,ch2
definetherain,D178N,2020-10-29_SNV_D178N,/mnt/c/Projects/prnp-somatic/scratch/ddpcr_gating_method_comparison_v2/inputs/definetherain/D178N/2020-10-29_SNV_D178N/ch1/F07_amplitude.csv,1,9126,NA,NA,NA,NA,NA,F07,ch1
definetherain,D178N,2020-10-29_SNV_D178N,/mnt/c/Projects/prnp-somatic/scratch/ddpcr_gating_method_comparison_v2/inputs/definetherain/D178N/2020-10-29_SNV_D178N/ch2/F07_amplitude.csv,1,9126,NA,NA,NA,NA,NA,F07,ch2
definetherain,D178N,2020-10-29_SNV_D178N,/mnt/c/Projects/prnp-somatic/scratch/ddpcr_gating_method_comparison_v2/inputs/definetherain/D178N/2020-10-29_SNV_D178N/ch1/G01_amplitude.csv,1,11098,NA,NA,NA,NA,NA,G01,ch1
definetherain,D178N,2020-10-29_SNV_D178N,/mnt/c/Projects/prnp-somatic/scratch/ddpcr_gating_method_comparison_v2/inputs/definetherain/D178N/2020-10-29_SNV_D178N/ch2/G01_amplitude.csv,1,11098,NA,NA,NA,NA,NA,G01,ch2
definetherain,D178N,2020-10-29_SNV_D178N,/mnt/c/Projects/prnp-somatic/scratch/ddpcr_gating_method_comparison_v2/inputs/definetherain/D178N/2020-10-29_SNV_D178N/ch1/G05_amplitude.csv,1,13116,NA,NA,NA,NA,NA,G05,ch1
definetherain,D178N,2020-10-29_SNV_D178N,/mnt/c/Projects/prnp-somatic/scratch/ddpcr_gating_method_comparison_v2/inputs/definetherain/D178N/2020-10-29_SNV_D178N/ch2/G05_amplitude.csv,1,13116,NA,NA,NA,NA,NA,G05,ch2
definetherain,D178N,2020-10-29_SNV_D178N,/mnt/c/Projects/prnp-somatic/scratch/ddpcr_gating_method_comparison_v2/inputs/definetherain/D178N/2020-10-29_SNV_D178N/ch1/H01_amplitude.csv,1,16050,NA,NA,NA,NA,NA,H01,ch1
definetherain,D178N,2020-10-29_SNV_D178N,/mnt/c/Projects/prnp-somatic/scratch/ddpcr_gating_method_comparison_v2/inputs/definetherain/D178N/2020-10-29_SNV_D178N/ch2/H01_amplitude.csv,1,16050,NA,NA,NA,NA,NA,H01,ch2
definetherain,D178N,2020-10-29_SNV_D178N,/mnt/c/Projects/prnp-somatic/scratch/ddpcr_gating_method_comparison_v2/inputs/definetherain/D178N/2020-10-29_SNV_D178N/ch1/H05_amplitude.csv,1,12354,NA,NA,NA,NA,NA,H05,ch1
definetherain,D178N,2020-10-29_SNV_D178N,/mnt/c/Projects/prnp-somatic/scratch/ddpcr_gating_method_comparison_v2/inputs/definetherain/D178N/2020-10-29_SNV_D178N/ch2/H05_amplitude.csv,1,12354,NA,NA,NA,NA,NA,H05,ch2
definetherain,D178N,2020-11-05_SNV_D178N,/mnt/c/Projects/prnp-somatic/scratch/ddpcr_gating_method_comparison_v2/inputs/definetherain/D178N/2020-11-05_SNV_D178N/ch1/A01_amplitude.csv,1,17302,NA,NA,NA,NA,NA,A01,ch1
definetherain,D178N,2020-11-05_SNV_D178N,/mnt/c/Projects/prnp-somatic/scratch/ddpcr_gating_method_comparison_v2/inputs/definetherain/D178N/2020-11-05_SNV_D178N/ch2/A01_amplitude.csv,1,17302,NA,NA,NA,NA,NA,A01,ch2
definetherain,D178N,2020-11-05_SNV_D178N,/mnt/c/Projects/prnp-somatic/scratch/ddpcr_gating_method_comparison_v2/inputs/definetherain/D178N/2020-11-05_SNV_D178N/ch1/A03_amplitude.csv,1,18564,NA,NA,NA,NA,NA,A03,ch1
definetherain,D178N,2020-11-05_SNV_D178N,/mnt/c/Projects/prnp-somatic/scratch/ddpcr_gating_method_comparison_v2/inputs/definetherain/D178N/2020-11-05_SNV_D178N/ch2/A03_amplitude.csv,1,18564,NA,NA,NA,NA,NA,A03,ch2
definetherain,D178N,2020-11-05_SNV_D178N,/mnt/c/Projects/prnp-somatic/scratch/ddpcr_gating_method_comparison_v2/inputs/definetherain/D178N/2020-11-05_SNV_D178N/ch1/A05_amplitude.csv,1,16613,NA,NA,NA,NA,NA,A05,ch1
definetherain,D178N,2020-11-05_SNV_D178N,/mnt/c/Projects/prnp-somatic/scratch/ddpcr_gating_method_comparison_v2/inputs/definetherain/D178N/2020-11-05_SNV_D178N/ch2/A05_amplitude.csv,1,16613,NA,NA,NA,NA,NA,A05,ch2
definetherain,D178N,2020-11-05_SNV_D178N,/mnt/c/Projects/prnp-somatic/scratch/ddpcr_gating_method_comparison_v2/inputs/definetherain/D178N/2020-11-05_SNV_D178N/ch1/A07_amplitude.csv,1,16601,NA,NA,NA,NA,NA,A07,ch1
definetherain,D178N,2020-11-05_SNV_D178N,/mnt/c/Projects/prnp-somatic/scratch/ddpcr_gating_method_comparison_v2/inputs/definetherain/D178N/2020-11-05_SNV_D178N/ch2/A07_amplitude.csv,1,16601,NA,NA,NA,NA,NA,A07,ch2
definetherain,D178N,2020-11-05_SNV_D178N,/mnt/c/Projects/prnp-somatic/scratch/ddpcr_gating_method_comparison_v2/inputs/definetherain/D178N/2020-11-05_SNV_D178N/ch1/A09_amplitude.csv,1,16009,NA,NA,NA,NA,NA,A09,ch1
definetherain,D178N,2020-11-05_SNV_D178N,/mnt/c/Projects/prnp-somatic/scratch/ddpcr_gating_method_comparison_v2/inputs/definetherain/D178N/2020-11-05_SNV_D178N/ch2/A09_amplitude.csv,1,16009,NA,NA,NA,NA,NA,A09,ch2
definetherain,D178N,2020-11-05_SNV_D178N,/mnt/c/Projects/prnp-somatic/scratch/ddpcr_gating_method_comparison_v2/inputs/definetherain/D178N/2020-11-05_SNV_D178N/ch1/B03_amplitude.csv,1,17298,NA,NA,NA,NA,NA,B03,ch1
definetherain,D178N,2020-11-05_SNV_D178N,/mnt/c/Projects/prnp-somatic/scratch/ddpcr_gating_method_comparison_v2/inputs/definetherain/D178N/2020-11-05_SNV_D178N/ch2/B03_amplitude.csv,1,17298,NA,NA,NA,NA,NA,B03,ch2
definetherain,D178N,2020-11-05_SNV_D178N,/mnt/c/Projects/prnp-somatic/scratch/ddpcr_gating_method_comparison_v2/inputs/definetherain/D178N/2020-11-05_SNV_D178N/ch1/B07_amplitude.csv,1,17242,NA,NA,NA,NA,NA,B07,ch1
definetherain,D178N,2020-11-05_SNV_D178N,/mnt/c/Projects/prnp-somatic/scratch/ddpcr_gating_method_comparison_v2/inputs/definetherain/D178N/2020-11-05_SNV_D178N/ch2/B07_amplitude.csv,1,17242,NA,NA,NA,NA,NA,B07,ch2
definetherain,D178N,2020-11-05_SNV_D178N,/mnt/c/Projects/prnp-somatic/scratch/ddpcr_gating_method_comparison_v2/inputs/definetherain/D178N/2020-11-05_SNV_D178N/ch1/C03_amplitude.csv,1,18363,NA,NA,NA,NA,NA,C03,ch1
definetherain,D178N,2020-11-05_SNV_D178N,/mnt/c/Projects/prnp-somatic/scratch/ddpcr_gating_method_comparison_v2/inputs/definetherain/D178N/2020-11-05_SNV_D178N/ch2/C03_amplitude.csv,1,18363,NA,NA,NA,NA,NA,C03,ch2
definetherain,D178N,2020-11-05_SNV_D178N,/mnt/c/Projects/prnp-somatic/scratch/ddpcr_gating_method_comparison_v2/inputs/definetherain/D178N/2020-11-05_SNV_D178N/ch1/C05_amplitude.csv,1,17461,NA,NA,NA,NA,NA,C05,ch1
definetherain,D178N,2020-11-05_SNV_D178N,/mnt/c/Projects/prnp-somatic/scratch/ddpcr_gating_method_comparison_v2/inputs/definetherain/D178N/2020-11-05_SNV_D178N/ch2/C05_amplitude.csv,1,17461,NA,NA,NA,NA,NA,C05,ch2
definetherain,D178N,2020-11-05_SNV_D178N,/mnt/c/Projects/prnp-somatic/scratch/ddpcr_gating_method_comparison_v2/inputs/definetherain/D178N/2020-11-05_SNV_D178N/ch1/C07_amplitude.csv,1,17555,NA,NA,NA,NA,NA,C07,ch1
definetherain,D178N,2020-11-05_SNV_D178N,/mnt/c/Projects/prnp-somatic/scratch/ddpcr_gating_method_comparison_v2/inputs/definetherain/D178N/2020-11-05_SNV_D178N/ch2/C07_amplitude.csv,1,17555,NA,NA,NA,NA,NA,C07,ch2
definetherain,D178N,2020-11-05_SNV_D178N,/mnt/c/Projects/prnp-somatic/scratch/ddpcr_gating_method_comparison_v2/inputs/definetherain/D178N/2020-11-05_SNV_D178N/ch1/D03_amplitude.csv,1,18672,NA,NA,NA,NA,NA,D03,ch1
definetherain,D178N,2020-11-05_SNV_D178N,/mnt/c/Projects/prnp-somatic/scratch/ddpcr_gating_method_comparison_v2/inputs/definetherain/D178N/2020-11-05_SNV_D178N/ch2/D03_amplitude.csv,1,18672,NA,NA,NA,NA,NA,D03,ch2
definetherain,D178N,2020-11-05_SNV_D178N,/mnt/c/Projects/prnp-somatic/scratch/ddpcr_gating_method_comparison_v2/inputs/definetherain/D178N/2020-11-05_SNV_D178N/ch1/D05_amplitude.csv,1,17453,NA,NA,NA,NA,NA,D05,ch1
definetherain,D178N,2020-11-05_SNV_D178N,/mnt/c/Projects/prnp-somatic/scratch/ddpcr_gating_method_comparison_v2/inputs/definetherain/D178N/2020-11-05_SNV_D178N/ch2/D05_amplitude.csv,1,17453,NA,NA,NA,NA,NA,D05,ch2
definetherain,D178N,2020-11-05_SNV_D178N,/mnt/c/Projects/prnp-somatic/scratch/ddpcr_gating_method_comparison_v2/inputs/definetherain/D178N/2020-11-05_SNV_D178N/ch1/D07_amplitude.csv,1,17225,NA,NA,NA,NA,NA,D07,ch1
definetherain,D178N,2020-11-05_SNV_D178N,/mnt/c/Projects/prnp-somatic/scratch/ddpcr_gating_method_comparison_v2/inputs/definetherain/D178N/2020-11-05_SNV_D178N/ch2/D07_amplitude.csv,1,17225,NA,NA,NA,NA,NA,D07,ch2
definetherain,D178N,2020-11-05_SNV_D178N,/mnt/c/Projects/prnp-somatic/scratch/ddpcr_gating_method_comparison_v2/inputs/definetherain/D178N/2020-11-05_SNV_D178N/ch1/E01_amplitude.csv,1,15309,NA,NA,NA,NA,NA,E01,ch1
definetherain,D178N,2020-11-05_SNV_D178N,/mnt/c/Projects/prnp-somatic/scratch/ddpcr_gating_method_comparison_v2/inputs/definetherain/D178N/2020-11-05_SNV_D178N/ch2/E01_amplitude.csv,1,15309,NA,NA,NA,NA,NA,E01,ch2
definetherain,D178N,2020-11-05_SNV_D178N,/mnt/c/Projects/prnp-somatic/scratch/ddpcr_gating_method_comparison_v2/inputs/definetherain/D178N/2020-11-05_SNV_D178N/ch1/E03_amplitude.csv,1,17628,NA,NA,NA,NA,NA,E03,ch1
definetherain,D178N,2020-11-05_SNV_D178N,/mnt/c/Projects/prnp-somatic/scratch/ddpcr_gating_method_comparison_v2/inputs/definetherain/D178N/2020-11-05_SNV_D178N/ch2/E03_amplitude.csv,1,17628,NA,NA,NA,NA,NA,E03,ch2
definetherain,D178N,2020-11-05_SNV_D178N,/mnt/c/Projects/prnp-somatic/scratch/ddpcr_gating_method_comparison_v2/inputs/definetherain/D178N/2020-11-05_SNV_D178N/ch1/E05_amplitude.csv,1,16718,NA,NA,NA,NA,NA,E05,ch1
definetherain,D178N,2020-11-05_SNV_D178N,/mnt/c/Projects/prnp-somatic/scratch/ddpcr_gating_method_comparison_v2/inputs/definetherain/D178N/2020-11-05_SNV_D178N/ch2/E05_amplitude.csv,1,16718,NA,NA,NA,NA,NA,E05,ch2
definetherain,D178N,2020-11-05_SNV_D178N,/mnt/c/Projects/prnp-somatic/scratch/ddpcr_gating_method_comparison_v2/inputs/definetherain/D178N/2020-11-05_SNV_D178N/ch1/F01_amplitude.csv,1,15201,NA,NA,NA,NA,NA,F01,ch1
definetherain,D178N,2020-11-05_SNV_D178N,/mnt/c/Projects/prnp-somatic/scratch/ddpcr_gating_method_comparison_v2/inputs/definetherain/D178N/2020-11-05_SNV_D178N/ch2/F01_amplitude.csv,1,15201,NA,NA,NA,NA,NA,F01,ch2
definetherain,D178N,2020-11-05_SNV_D178N,/mnt/c/Projects/prnp-somatic/scratch/ddpcr_gating_method_comparison_v2/inputs/definetherain/D178N/2020-11-05_SNV_D178N/ch1/F05_amplitude.csv,1,16679,NA,NA,NA,NA,NA,F05,ch1
definetherain,D178N,2020-11-05_SNV_D178N,/mnt/c/Projects/prnp-somatic/scratch/ddpcr_gating_method_comparison_v2/inputs/definetherain/D178N/2020-11-05_SNV_D178N/ch2/F05_amplitude.csv,1,16679,NA,NA,NA,NA,NA,F05,ch2
definetherain,D178N,2020-11-05_SNV_D178N,/mnt/c/Projects/prnp-somatic/scratch/ddpcr_gating_method_comparison_v2/inputs/definetherain/D178N/2020-11-05_SNV_D178N/ch1/G01_amplitude.csv,1,16106,NA,NA,NA,NA,NA,G01,ch1
definetherain,D178N,2020-11-05_SNV_D178N,/mnt/c/Projects/prnp-somatic/scratch/ddpcr_gating_method_comparison_v2/inputs/definetherain/D178N/2020-11-05_SNV_D178N/ch2/G01_amplitude.csv,1,16106,NA,NA,NA,NA,NA,G01,ch2
definetherain,D178N,2020-11-05_SNV_D178N,/mnt/c/Projects/prnp-somatic/scratch/ddpcr_gating_method_comparison_v2/inputs/definetherain/D178N/2020-11-05_SNV_D178N/ch1/G05_amplitude.csv,1,17471,NA,NA,NA,NA,NA,G05,ch1
definetherain,D178N,2020-11-05_SNV_D178N,/mnt/c/Projects/prnp-somatic/scratch/ddpcr_gating_method_comparison_v2/inputs/definetherain/D178N/2020-11-05_SNV_D178N/ch2/G05_amplitude.csv,1,17471,NA,NA,NA,NA,NA,G05,ch2
definetherain,D178N,2020-11-05_SNV_D178N,/mnt/c/Projects/prnp-somatic/scratch/ddpcr_gating_method_comparison_v2/inputs/definetherain/D178N/2020-11-05_SNV_D178N/ch1/H01_amplitude.csv,1,16195,NA,NA,NA,NA,NA,H01,ch1
definetherain,D178N,2020-11-05_SNV_D178N,/mnt/c/Projects/prnp-somatic/scratch/ddpcr_gating_method_comparison_v2/inputs/definetherain/D178N/2020-11-05_SNV_D178N/ch2/H01_amplitude.csv,1,16195,NA,NA,NA,NA,NA,H01,ch2
definetherain,D178N,2020-11-24_SNV_D178N,/mnt/c/Projects/prnp-somatic/scratch/ddpcr_gating_method_comparison_v2/inputs/definetherain/D178N/2020-11-24_SNV_D178N/ch1/A03_amplitude.csv,1,16147,NA,NA,NA,NA,NA,A03,ch1
definetherain,D178N,2020-11-24_SNV_D178N,/mnt/c/Projects/prnp-somatic/scratch/ddpcr_gating_method_comparison_v2/inputs/definetherain/D178N/2020-11-24_SNV_D178N/ch2/A03_amplitude.csv,1,16147,NA,NA,NA,NA,NA,A03,ch2
definetherain,D178N,2020-11-24_SNV_D178N,/mnt/c/Projects/prnp-somatic/scratch/ddpcr_gating_method_comparison_v2/inputs/definetherain/D178N/2020-11-24_SNV_D178N/ch1/B01_amplitude.csv,1,15706,NA,NA,NA,NA,NA,B01,ch1
definetherain,D178N,2020-11-24_SNV_D178N,/mnt/c/Projects/prnp-somatic/scratch/ddpcr_gating_method_comparison_v2/inputs/definetherain/D178N/2020-11-24_SNV_D178N/ch2/B01_amplitude.csv,1,15706,NA,NA,NA,NA,NA,B01,ch2
definetherain,D178N,2020-11-24_SNV_D178N,/mnt/c/Projects/prnp-somatic/scratch/ddpcr_gating_method_comparison_v2/inputs/definetherain/D178N/2020-11-24_SNV_D178N/ch1/B03_amplitude.csv,1,15183,NA,NA,NA,NA,NA,B03,ch1
definetherain,D178N,2020-11-24_SNV_D178N,/mnt/c/Projects/prnp-somatic/scratch/ddpcr_gating_method_comparison_v2/inputs/definetherain/D178N/2020-11-24_SNV_D178N/ch2/B03_amplitude.csv,1,15183,NA,NA,NA,NA,NA,B03,ch2
definetherain,D178N,2020-11-24_SNV_D178N,/mnt/c/Projects/prnp-somatic/scratch/ddpcr_gating_method_comparison_v2/inputs/definetherain/D178N/2020-11-24_SNV_D178N/ch1/B05_amplitude.csv,1,15887,NA,NA,NA,NA,NA,B05,ch1
definetherain,D178N,2020-11-24_SNV_D178N,/mnt/c/Projects/prnp-somatic/scratch/ddpcr_gating_method_comparison_v2/inputs/definetherain/D178N/2020-11-24_SNV_D178N/ch2/B05_amplitude.csv,1,15887,NA,NA,NA,NA,NA,B05,ch2
definetherain,D178N,2020-11-24_SNV_D178N,/mnt/c/Projects/prnp-somatic/scratch/ddpcr_gating_method_comparison_v2/inputs/definetherain/D178N/2020-11-24_SNV_D178N/ch1/B07_amplitude.csv,1,17289,NA,NA,NA,NA,NA,B07,ch1
definetherain,D178N,2020-11-24_SNV_D178N,/mnt/c/Projects/prnp-somatic/scratch/ddpcr_gating_method_comparison_v2/inputs/definetherain/D178N/2020-11-24_SNV_D178N/ch2/B07_amplitude.csv,1,17289,NA,NA,NA,NA,NA,B07,ch2
definetherain,D178N,2020-11-24_SNV_D178N,/mnt/c/Projects/prnp-somatic/scratch/ddpcr_gating_method_comparison_v2/inputs/definetherain/D178N/2020-11-24_SNV_D178N/ch1/C01_amplitude.csv,1,16003,NA,NA,NA,NA,NA,C01,ch1
definetherain,D178N,2020-11-24_SNV_D178N,/mnt/c/Projects/prnp-somatic/scratch/ddpcr_gating_method_comparison_v2/inputs/definetherain/D178N/2020-11-24_SNV_D178N/ch2/C01_amplitude.csv,1,16003,NA,NA,NA,NA,NA,C01,ch2
definetherain,D178N,2020-11-24_SNV_D178N,/mnt/c/Projects/prnp-somatic/scratch/ddpcr_gating_method_comparison_v2/inputs/definetherain/D178N/2020-11-24_SNV_D178N/ch1/C09_amplitude.csv,1,16907,NA,NA,NA,NA,NA,C09,ch1
definetherain,D178N,2020-11-24_SNV_D178N,/mnt/c/Projects/prnp-somatic/scratch/ddpcr_gating_method_comparison_v2/inputs/definetherain/D178N/2020-11-24_SNV_D178N/ch2/C09_amplitude.csv,1,16907,NA,NA,NA,NA,NA,C09,ch2
definetherain,D178N,2020-11-24_SNV_D178N,/mnt/c/Projects/prnp-somatic/scratch/ddpcr_gating_method_comparison_v2/inputs/definetherain/D178N/2020-11-24_SNV_D178N/ch1/D01_amplitude.csv,1,15925,NA,NA,NA,NA,NA,D01,ch1
definetherain,D178N,2020-11-24_SNV_D178N,/mnt/c/Projects/prnp-somatic/scratch/ddpcr_gating_method_comparison_v2/inputs/definetherain/D178N/2020-11-24_SNV_D178N/ch2/D01_amplitude.csv,1,15925,NA,NA,NA,NA,NA,D01,ch2
definetherain,D178N,2020-11-24_SNV_D178N,/mnt/c/Projects/prnp-somatic/scratch/ddpcr_gating_method_comparison_v2/inputs/definetherain/D178N/2020-11-24_SNV_D178N/ch1/F01_amplitude.csv,1,15912,NA,NA,NA,NA,NA,F01,ch1
definetherain,D178N,2020-11-24_SNV_D178N,/mnt/c/Projects/prnp-somatic/scratch/ddpcr_gating_method_comparison_v2/inputs/definetherain/D178N/2020-11-24_SNV_D178N/ch2/F01_amplitude.csv,1,15912,NA,NA,NA,NA,NA,F01,ch2
definetherain,D178N,2020-11-24_SNV_D178N,/mnt/c/Projects/prnp-somatic/scratch/ddpcr_gating_method_comparison_v2/inputs/definetherain/D178N/2020-11-24_SNV_D178N/ch1/G01_amplitude.csv,1,16269,NA,NA,NA,NA,NA,G01,ch1
definetherain,D178N,2020-11-24_SNV_D178N,/mnt/c/Projects/prnp-somatic/scratch/ddpcr_gating_method_comparison_v2/inputs/definetherain/D178N/2020-11-24_SNV_D178N/ch2/G01_amplitude.csv,1,16269,NA,NA,NA,NA,NA,G01,ch2
definetherain,D178N,2020-11-24_SNV_D178N,/mnt/c/Projects/prnp-somatic/scratch/ddpcr_gating_method_comparison_v2/inputs/definetherain/D178N/2020-11-24_SNV_D178N/ch1/H01_amplitude.csv,1,15831,NA,NA,NA,NA,NA,H01,ch1
definetherain,D178N,2020-11-24_SNV_D178N,/mnt/c/Projects/prnp-somatic/scratch/ddpcr_gating_method_comparison_v2/inputs/definetherain/D178N/2020-11-24_SNV_D178N/ch2/H01_amplitude.csv,1,15831,NA,NA,NA,NA,NA,H01,ch2
definetherain,D178N,2021-01-26_SNV_D178N,/mnt/c/Projects/prnp-somatic/scratch/ddpcr_gating_method_comparison_v2/inputs/definetherain/D178N/2021-01-26_SNV_D178N/ch1/A01_amplitude.csv,1,13301,NA,NA,NA,NA,NA,A01,ch1
definetherain,D178N,2021-01-26_SNV_D178N,/mnt/c/Projects/prnp-somatic/scratch/ddpcr_gating_method_comparison_v2/inputs/definetherain/D178N/2021-01-26_SNV_D178N/ch2/A01_amplitude.csv,1,13301,NA,NA,NA,NA,NA,A01,ch2
definetherain,D178N,2021-01-26_SNV_D178N,/mnt/c/Projects/prnp-somatic/scratch/ddpcr_gating_method_comparison_v2/inputs/definetherain/D178N/2021-01-26_SNV_D178N/ch1/A04_amplitude.csv,1,12968,NA,NA,NA,NA,NA,A04,ch1
definetherain,D178N,2021-01-26_SNV_D178N,/mnt/c/Projects/prnp-somatic/scratch/ddpcr_gating_method_comparison_v2/inputs/definetherain/D178N/2021-01-26_SNV_D178N/ch2/A04_amplitude.csv,1,12968,NA,NA,NA,NA,NA,A04,ch2
definetherain,D178N,2021-01-26_SNV_D178N,/mnt/c/Projects/prnp-somatic/scratch/ddpcr_gating_method_comparison_v2/inputs/definetherain/D178N/2021-01-26_SNV_D178N/ch1/B01_amplitude.csv,1,14358,NA,NA,NA,NA,NA,B01,ch1
definetherain,D178N,2021-01-26_SNV_D178N,/mnt/c/Projects/prnp-somatic/scratch/ddpcr_gating_method_comparison_v2/inputs/definetherain/D178N/2021-01-26_SNV_D178N/ch2/B01_amplitude.csv,1,14358,NA,NA,NA,NA,NA,B01,ch2
definetherain,D178N,2021-01-26_SNV_D178N,/mnt/c/Projects/prnp-somatic/scratch/ddpcr_gating_method_comparison_v2/inputs/definetherain/D178N/2021-01-26_SNV_D178N/ch1/B04_amplitude.csv,1,12706,NA,NA,NA,NA,NA,B04,ch1
definetherain,D178N,2021-01-26_SNV_D178N,/mnt/c/Projects/prnp-somatic/scratch/ddpcr_gating_method_comparison_v2/inputs/definetherain/D178N/2021-01-26_SNV_D178N/ch2/B04_amplitude.csv,1,12706,NA,NA,NA,NA,NA,B04,ch2
definetherain,D178N,2021-01-26_SNV_D178N,/mnt/c/Projects/prnp-somatic/scratch/ddpcr_gating_method_comparison_v2/inputs/definetherain/D178N/2021-01-26_SNV_D178N/ch1/B07_amplitude.csv,1,17060,NA,NA,NA,NA,NA,B07,ch1
definetherain,D178N,2021-01-26_SNV_D178N,/mnt/c/Projects/prnp-somatic/scratch/ddpcr_gating_method_comparison_v2/inputs/definetherain/D178N/2021-01-26_SNV_D178N/ch2/B07_amplitude.csv,1,17060,NA,NA,NA,NA,NA,B07,ch2
definetherain,D178N,2021-01-26_SNV_D178N,/mnt/c/Projects/prnp-somatic/scratch/ddpcr_gating_method_comparison_v2/inputs/definetherain/D178N/2021-01-26_SNV_D178N/ch1/C01_amplitude.csv,1,11997,NA,NA,NA,NA,NA,C01,ch1
definetherain,D178N,2021-01-26_SNV_D178N,/mnt/c/Projects/prnp-somatic/scratch/ddpcr_gating_method_comparison_v2/inputs/definetherain/D178N/2021-01-26_SNV_D178N/ch2/C01_amplitude.csv,1,11997,NA,NA,NA,NA,NA,C01,ch2
definetherain,D178N,2021-01-26_SNV_D178N,/mnt/c/Projects/prnp-somatic/scratch/ddpcr_gating_method_comparison_v2/inputs/definetherain/D178N/2021-01-26_SNV_D178N/ch1/C04_amplitude.csv,1,12944,NA,NA,NA,NA,NA,C04,ch1
definetherain,D178N,2021-01-26_SNV_D178N,/mnt/c/Projects/prnp-somatic/scratch/ddpcr_gating_method_comparison_v2/inputs/definetherain/D178N/2021-01-26_SNV_D178N/ch2/C04_amplitude.csv,1,12944,NA,NA,NA,NA,NA,C04,ch2
definetherain,D178N,2021-01-26_SNV_D178N,/mnt/c/Projects/prnp-somatic/scratch/ddpcr_gating_method_comparison_v2/inputs/definetherain/D178N/2021-01-26_SNV_D178N/ch1/C07_amplitude.csv,1,16294,NA,NA,NA,NA,NA,C07,ch1
definetherain,D178N,2021-01-26_SNV_D178N,/mnt/c/Projects/prnp-somatic/scratch/ddpcr_gating_method_comparison_v2/inputs/definetherain/D178N/2021-01-26_SNV_D178N/ch2/C07_amplitude.csv,1,16294,NA,NA,NA,NA,NA,C07,ch2
definetherain,D178N,2021-01-26_SNV_D178N,/mnt/c/Projects/prnp-somatic/scratch/ddpcr_gating_method_comparison_v2/inputs/definetherain/D178N/2021-01-26_SNV_D178N/ch1/D01_amplitude.csv,1,13959,NA,NA,NA,NA,NA,D01,ch1
definetherain,D178N,2021-01-26_SNV_D178N,/mnt/c/Projects/prnp-somatic/scratch/ddpcr_gating_method_comparison_v2/inputs/definetherain/D178N/2021-01-26_SNV_D178N/ch2/D01_amplitude.csv,1,13959,NA,NA,NA,NA,NA,D01,ch2
definetherain,D178N,2021-01-26_SNV_D178N,/mnt/c/Projects/prnp-somatic/scratch/ddpcr_gating_method_comparison_v2/inputs/definetherain/D178N/2021-01-26_SNV_D178N/ch1/D04_amplitude.csv,1,15213,NA,NA,NA,NA,NA,D04,ch1
definetherain,D178N,2021-01-26_SNV_D178N,/mnt/c/Projects/prnp-somatic/scratch/ddpcr_gating_method_comparison_v2/inputs/definetherain/D178N/2021-01-26_SNV_D178N/ch2/D04_amplitude.csv,1,15213,NA,NA,NA,NA,NA,D04,ch2
definetherain,D178N,2021-01-26_SNV_D178N,/mnt/c/Projects/prnp-somatic/scratch/ddpcr_gating_method_comparison_v2/inputs/definetherain/D178N/2021-01-26_SNV_D178N/ch1/D07_amplitude.csv,1,15583,NA,NA,NA,NA,NA,D07,ch1
definetherain,D178N,2021-01-26_SNV_D178N,/mnt/c/Projects/prnp-somatic/scratch/ddpcr_gating_method_comparison_v2/inputs/definetherain/D178N/2021-01-26_SNV_D178N/ch2/D07_amplitude.csv,1,15583,NA,NA,NA,NA,NA,D07,ch2
definetherain,D178N,2021-01-26_SNV_D178N,/mnt/c/Projects/prnp-somatic/scratch/ddpcr_gating_method_comparison_v2/inputs/definetherain/D178N/2021-01-26_SNV_D178N/ch1/E01_amplitude.csv,1,13533,NA,NA,NA,NA,NA,E01,ch1
definetherain,D178N,2021-01-26_SNV_D178N,/mnt/c/Projects/prnp-somatic/scratch/ddpcr_gating_method_comparison_v2/inputs/definetherain/D178N/2021-01-26_SNV_D178N/ch2/E01_amplitude.csv,1,13533,NA,NA,NA,NA,NA,E01,ch2
definetherain,D178N,2021-01-26_SNV_D178N,/mnt/c/Projects/prnp-somatic/scratch/ddpcr_gating_method_comparison_v2/inputs/definetherain/D178N/2021-01-26_SNV_D178N/ch1/E04_amplitude.csv,1,13105,NA,NA,NA,NA,NA,E04,ch1
definetherain,D178N,2021-01-26_SNV_D178N,/mnt/c/Projects/prnp-somatic/scratch/ddpcr_gating_method_comparison_v2/inputs/definetherain/D178N/2021-01-26_SNV_D178N/ch2/E04_amplitude.csv,1,13105,NA,NA,NA,NA,NA,E04,ch2
definetherain,D178N,2021-01-26_SNV_D178N,/mnt/c/Projects/prnp-somatic/scratch/ddpcr_gating_method_comparison_v2/inputs/definetherain/D178N/2021-01-26_SNV_D178N/ch1/E07_amplitude.csv,1,15660,NA,NA,NA,NA,NA,E07,ch1
definetherain,D178N,2021-01-26_SNV_D178N,/mnt/c/Projects/prnp-somatic/scratch/ddpcr_gating_method_comparison_v2/inputs/definetherain/D178N/2021-01-26_SNV_D178N/ch2/E07_amplitude.csv,1,15660,NA,NA,NA,NA,NA,E07,ch2
definetherain,D178N,2021-01-26_SNV_D178N,/mnt/c/Projects/prnp-somatic/scratch/ddpcr_gating_method_comparison_v2/inputs/definetherain/D178N/2021-01-26_SNV_D178N/ch1/F01_amplitude.csv,1,14297,NA,NA,NA,NA,NA,F01,ch1
definetherain,D178N,2021-01-26_SNV_D178N,/mnt/c/Projects/prnp-somatic/scratch/ddpcr_gating_method_comparison_v2/inputs/definetherain/D178N/2021-01-26_SNV_D178N/ch2/F01_amplitude.csv,1,14297,NA,NA,NA,NA,NA,F01,ch2
definetherain,D178N,2021-01-26_SNV_D178N,/mnt/c/Projects/prnp-somatic/scratch/ddpcr_gating_method_comparison_v2/inputs/definetherain/D178N/2021-01-26_SNV_D178N/ch1/F04_amplitude.csv,1,13036,NA,NA,NA,NA,NA,F04,ch1
definetherain,D178N,2021-01-26_SNV_D178N,/mnt/c/Projects/prnp-somatic/scratch/ddpcr_gating_method_comparison_v2/inputs/definetherain/D178N/2021-01-26_SNV_D178N/ch2/F04_amplitude.csv,1,13036,NA,NA,NA,NA,NA,F04,ch2
definetherain,D178N,2021-01-26_SNV_D178N,/mnt/c/Projects/prnp-somatic/scratch/ddpcr_gating_method_comparison_v2/inputs/definetherain/D178N/2021-01-26_SNV_D178N/ch1/F07_amplitude.csv,1,17752,NA,NA,NA,NA,NA,F07,ch1
definetherain,D178N,2021-01-26_SNV_D178N,/mnt/c/Projects/prnp-somatic/scratch/ddpcr_gating_method_comparison_v2/inputs/definetherain/D178N/2021-01-26_SNV_D178N/ch2/F07_amplitude.csv,1,17752,NA,NA,NA,NA,NA,F07,ch2
definetherain,D178N,2021-01-26_SNV_D178N,/mnt/c/Projects/prnp-somatic/scratch/ddpcr_gating_method_comparison_v2/inputs/definetherain/D178N/2021-01-26_SNV_D178N/ch1/G01_amplitude.csv,1,14515,NA,NA,NA,NA,NA,G01,ch1
definetherain,D178N,2021-01-26_SNV_D178N,/mnt/c/Projects/prnp-somatic/scratch/ddpcr_gating_method_comparison_v2/inputs/definetherain/D178N/2021-01-26_SNV_D178N/ch2/G01_amplitude.csv,1,14515,NA,NA,NA,NA,NA,G01,ch2
definetherain,D178N,2021-01-26_SNV_D178N,/mnt/c/Projects/prnp-somatic/scratch/ddpcr_gating_method_comparison_v2/inputs/definetherain/D178N/2021-01-26_SNV_D178N/ch1/G04_amplitude.csv,1,13873,NA,NA,NA,NA,NA,G04,ch1
definetherain,D178N,2021-01-26_SNV_D178N,/mnt/c/Projects/prnp-somatic/scratch/ddpcr_gating_method_comparison_v2/inputs/definetherain/D178N/2021-01-26_SNV_D178N/ch2/G04_amplitude.csv,1,13873,NA,NA,NA,NA,NA,G04,ch2
definetherain,D178N,2021-01-26_SNV_D178N,/mnt/c/Projects/prnp-somatic/scratch/ddpcr_gating_method_comparison_v2/inputs/definetherain/D178N/2021-01-26_SNV_D178N/ch1/G07_amplitude.csv,1,17599,NA,NA,NA,NA,NA,G07,ch1
definetherain,D178N,2021-01-26_SNV_D178N,/mnt/c/Projects/prnp-somatic/scratch/ddpcr_gating_method_comparison_v2/inputs/definetherain/D178N/2021-01-26_SNV_D178N/ch2/G07_amplitude.csv,1,17599,NA,NA,NA,NA,NA,G07,ch2
definetherain,D178N,2021-01-26_SNV_D178N,/mnt/c/Projects/prnp-somatic/scratch/ddpcr_gating_method_comparison_v2/inputs/definetherain/D178N/2021-01-26_SNV_D178N/ch1/H01_amplitude.csv,1,15255,NA,NA,NA,NA,NA,H01,ch1
definetherain,D178N,2021-01-26_SNV_D178N,/mnt/c/Projects/prnp-somatic/scratch/ddpcr_gating_method_comparison_v2/inputs/definetherain/D178N/2021-01-26_SNV_D178N/ch2/H01_amplitude.csv,1,15255,NA,NA,NA,NA,NA,H01,ch2
definetherain,D178N,2021-01-26_SNV_D178N,/mnt/c/Projects/prnp-somatic/scratch/ddpcr_gating_method_comparison_v2/inputs/definetherain/D178N/2021-01-26_SNV_D178N/ch1/H04_amplitude.csv,1,15610,NA,NA,NA,NA,NA,H04,ch1
definetherain,D178N,2021-01-26_SNV_D178N,/mnt/c/Projects/prnp-somatic/scratch/ddpcr_gating_method_comparison_v2/inputs/definetherain/D178N/2021-01-26_SNV_D178N/ch2/H04_amplitude.csv,1,15610,NA,NA,NA,NA,NA,H04,ch2
definetherain,D178N,2021-01-26_SNV_D178N,/mnt/c/Projects/prnp-somatic/scratch/ddpcr_gating_method_comparison_v2/inputs/definetherain/D178N/2021-01-26_SNV_D178N/ch1/H07_amplitude.csv,1,16041,NA,NA,NA,NA,NA,H07,ch1
definetherain,D178N,2021-01-26_SNV_D178N,/mnt/c/Projects/prnp-somatic/scratch/ddpcr_gating_method_comparison_v2/inputs/definetherain/D178N/2021-01-26_SNV_D178N/ch2/H07_amplitude.csv,1,16041,NA,NA,NA,NA,NA,H07,ch2
definetherain,D178N,2021-02-17_SNV_D178N,/mnt/c/Projects/prnp-somatic/scratch/ddpcr_gating_method_comparison_v2/inputs/definetherain/D178N/2021-02-17_SNV_D178N/ch1/A01_amplitude.csv,1,13342,NA,NA,NA,NA,NA,A01,ch1
definetherain,D178N,2021-02-17_SNV_D178N,/mnt/c/Projects/prnp-somatic/scratch/ddpcr_gating_method_comparison_v2/inputs/definetherain/D178N/2021-02-17_SNV_D178N/ch2/A01_amplitude.csv,1,13342,NA,NA,NA,NA,NA,A01,ch2
definetherain,D178N,2021-02-17_SNV_D178N,/mnt/c/Projects/prnp-somatic/scratch/ddpcr_gating_method_comparison_v2/inputs/definetherain/D178N/2021-02-17_SNV_D178N/ch1/A04_amplitude.csv,1,16784,NA,NA,NA,NA,NA,A04,ch1
definetherain,D178N,2021-02-17_SNV_D178N,/mnt/c/Projects/prnp-somatic/scratch/ddpcr_gating_method_comparison_v2/inputs/definetherain/D178N/2021-02-17_SNV_D178N/ch2/A04_amplitude.csv,1,16784,NA,NA,NA,NA,NA,A04,ch2
definetherain,D178N,2021-02-17_SNV_D178N,/mnt/c/Projects/prnp-somatic/scratch/ddpcr_gating_method_comparison_v2/inputs/definetherain/D178N/2021-02-17_SNV_D178N/ch1/A07_amplitude.csv,1,19272,NA,NA,NA,NA,NA,A07,ch1
definetherain,D178N,2021-02-17_SNV_D178N,/mnt/c/Projects/prnp-somatic/scratch/ddpcr_gating_method_comparison_v2/inputs/definetherain/D178N/2021-02-17_SNV_D178N/ch2/A07_amplitude.csv,1,19272,NA,NA,NA,NA,NA,A07,ch2
definetherain,D178N,2021-02-17_SNV_D178N,/mnt/c/Projects/prnp-somatic/scratch/ddpcr_gating_method_comparison_v2/inputs/definetherain/D178N/2021-02-17_SNV_D178N/ch1/B01_amplitude.csv,1,13010,NA,NA,NA,NA,NA,B01,ch1
definetherain,D178N,2021-02-17_SNV_D178N,/mnt/c/Projects/prnp-somatic/scratch/ddpcr_gating_method_comparison_v2/inputs/definetherain/D178N/2021-02-17_SNV_D178N/ch2/B01_amplitude.csv,1,13010,NA,NA,NA,NA,NA,B01,ch2
definetherain,D178N,2021-02-17_SNV_D178N,/mnt/c/Projects/prnp-somatic/scratch/ddpcr_gating_method_comparison_v2/inputs/definetherain/D178N/2021-02-17_SNV_D178N/ch1/B04_amplitude.csv,1,16451,NA,NA,NA,NA,NA,B04,ch1
definetherain,D178N,2021-02-17_SNV_D178N,/mnt/c/Projects/prnp-somatic/scratch/ddpcr_gating_method_comparison_v2/inputs/definetherain/D178N/2021-02-17_SNV_D178N/ch2/B04_amplitude.csv,1,16451,NA,NA,NA,NA,NA,B04,ch2
definetherain,D178N,2021-02-17_SNV_D178N,/mnt/c/Projects/prnp-somatic/scratch/ddpcr_gating_method_comparison_v2/inputs/definetherain/D178N/2021-02-17_SNV_D178N/ch1/B07_amplitude.csv,1,17707,NA,NA,NA,NA,NA,B07,ch1
definetherain,D178N,2021-02-17_SNV_D178N,/mnt/c/Projects/prnp-somatic/scratch/ddpcr_gating_method_comparison_v2/inputs/definetherain/D178N/2021-02-17_SNV_D178N/ch2/B07_amplitude.csv,1,17707,NA,NA,NA,NA,NA,B07,ch2
definetherain,D178N,2021-02-17_SNV_D178N,/mnt/c/Projects/prnp-somatic/scratch/ddpcr_gating_method_comparison_v2/inputs/definetherain/D178N/2021-02-17_SNV_D178N/ch1/C01_amplitude.csv,1,13542,NA,NA,NA,NA,NA,C01,ch1
definetherain,D178N,2021-02-17_SNV_D178N,/mnt/c/Projects/prnp-somatic/scratch/ddpcr_gating_method_comparison_v2/inputs/definetherain/D178N/2021-02-17_SNV_D178N/ch2/C01_amplitude.csv,1,13542,NA,NA,NA,NA,NA,C01,ch2
definetherain,D178N,2021-02-17_SNV_D178N,/mnt/c/Projects/prnp-somatic/scratch/ddpcr_gating_method_comparison_v2/inputs/definetherain/D178N/2021-02-17_SNV_D178N/ch1/C04_amplitude.csv,1,15113,NA,NA,NA,NA,NA,C04,ch1
definetherain,D178N,2021-02-17_SNV_D178N,/mnt/c/Projects/prnp-somatic/scratch/ddpcr_gating_method_comparison_v2/inputs/definetherain/D178N/2021-02-17_SNV_D178N/ch2/C04_amplitude.csv,1,15113,NA,NA,NA,NA,NA,C04,ch2
definetherain,D178N,2021-02-17_SNV_D178N,/mnt/c/Projects/prnp-somatic/scratch/ddpcr_gating_method_comparison_v2/inputs/definetherain/D178N/2021-02-17_SNV_D178N/ch1/C07_amplitude.csv,1,17261,NA,NA,NA,NA,NA,C07,ch1
definetherain,D178N,2021-02-17_SNV_D178N,/mnt/c/Projects/prnp-somatic/scratch/ddpcr_gating_method_comparison_v2/inputs/definetherain/D178N/2021-02-17_SNV_D178N/ch2/C07_amplitude.csv,1,17261,NA,NA,NA,NA,NA,C07,ch2
definetherain,D178N,2021-02-17_SNV_D178N,/mnt/c/Projects/prnp-somatic/scratch/ddpcr_gating_method_comparison_v2/inputs/definetherain/D178N/2021-02-17_SNV_D178N/ch1/D01_amplitude.csv,1,12743,NA,NA,NA,NA,NA,D01,ch1
definetherain,D178N,2021-02-17_SNV_D178N,/mnt/c/Projects/prnp-somatic/scratch/ddpcr_gating_method_comparison_v2/inputs/definetherain/D178N/2021-02-17_SNV_D178N/ch2/D01_amplitude.csv,1,12743,NA,NA,NA,NA,NA,D01,ch2
definetherain,D178N,2021-02-17_SNV_D178N,/mnt/c/Projects/prnp-somatic/scratch/ddpcr_gating_method_comparison_v2/inputs/definetherain/D178N/2021-02-17_SNV_D178N/ch1/E01_amplitude.csv,1,12983,NA,NA,NA,NA,NA,E01,ch1
definetherain,D178N,2021-02-17_SNV_D178N,/mnt/c/Projects/prnp-somatic/scratch/ddpcr_gating_method_comparison_v2/inputs/definetherain/D178N/2021-02-17_SNV_D178N/ch2/E01_amplitude.csv,1,12983,NA,NA,NA,NA,NA,E01,ch2
definetherain,D178N,2021-02-17_SNV_D178N,/mnt/c/Projects/prnp-somatic/scratch/ddpcr_gating_method_comparison_v2/inputs/definetherain/D178N/2021-02-17_SNV_D178N/ch1/E04_amplitude.csv,1,16204,NA,NA,NA,NA,NA,E04,ch1
definetherain,D178N,2021-02-17_SNV_D178N,/mnt/c/Projects/prnp-somatic/scratch/ddpcr_gating_method_comparison_v2/inputs/definetherain/D178N/2021-02-17_SNV_D178N/ch2/E04_amplitude.csv,1,16204,NA,NA,NA,NA,NA,E04,ch2
definetherain,D178N,2021-02-17_SNV_D178N,/mnt/c/Projects/prnp-somatic/scratch/ddpcr_gating_method_comparison_v2/inputs/definetherain/D178N/2021-02-17_SNV_D178N/ch1/F04_amplitude.csv,1,15831,NA,NA,NA,NA,NA,F04,ch1
definetherain,D178N,2021-02-17_SNV_D178N,/mnt/c/Projects/prnp-somatic/scratch/ddpcr_gating_method_comparison_v2/inputs/definetherain/D178N/2021-02-17_SNV_D178N/ch2/F04_amplitude.csv,1,15831,NA,NA,NA,NA,NA,F04,ch2
definetherain,D178N,2021-02-17_SNV_D178N,/mnt/c/Projects/prnp-somatic/scratch/ddpcr_gating_method_comparison_v2/inputs/definetherain/D178N/2021-02-17_SNV_D178N/ch1/G01_amplitude.csv,1,12525,NA,NA,NA,NA,NA,G01,ch1
definetherain,D178N,2021-02-17_SNV_D178N,/mnt/c/Projects/prnp-somatic/scratch/ddpcr_gating_method_comparison_v2/inputs/definetherain/D178N/2021-02-17_SNV_D178N/ch2/G01_amplitude.csv,1,12525,NA,NA,NA,NA,NA,G01,ch2
definetherain,D178N,2021-02-17_SNV_D178N,/mnt/c/Projects/prnp-somatic/scratch/ddpcr_gating_method_comparison_v2/inputs/definetherain/D178N/2021-02-17_SNV_D178N/ch1/G04_amplitude.csv,1,16218,NA,NA,NA,NA,NA,G04,ch1
definetherain,D178N,2021-02-17_SNV_D178N,/mnt/c/Projects/prnp-somatic/scratch/ddpcr_gating_method_comparison_v2/inputs/definetherain/D178N/2021-02-17_SNV_D178N/ch2/G04_amplitude.csv,1,16218,NA,NA,NA,NA,NA,G04,ch2
definetherain,D178N,2021-02-17_SNV_D178N,/mnt/c/Projects/prnp-somatic/scratch/ddpcr_gating_method_comparison_v2/inputs/definetherain/D178N/2021-02-17_SNV_D178N/ch1/H01_amplitude.csv,1,11727,NA,NA,NA,NA,NA,H01,ch1
definetherain,D178N,2021-02-17_SNV_D178N,/mnt/c/Projects/prnp-somatic/scratch/ddpcr_gating_method_comparison_v2/inputs/definetherain/D178N/2021-02-17_SNV_D178N/ch2/H01_amplitude.csv,1,11727,NA,NA,NA,NA,NA,H01,ch2
definetherain,D178N,2021-02-17_SNV_D178N,/mnt/c/Projects/prnp-somatic/scratch/ddpcr_gating_method_comparison_v2/inputs/definetherain/D178N/2021-02-17_SNV_D178N/ch1/H04_amplitude.csv,1,16219,NA,NA,NA,NA,NA,H04,ch1
definetherain,D178N,2021-02-17_SNV_D178N,/mnt/c/Projects/prnp-somatic/scratch/ddpcr_gating_method_comparison_v2/inputs/definetherain/D178N/2021-02-17_SNV_D178N/ch2/H04_amplitude.csv,1,16219,NA,NA,NA,NA,NA,H04,ch2
definetherain,D178N,2021-03-29_SNV_D178N,/mnt/c/Projects/prnp-somatic/scratch/ddpcr_gating_method_comparison_v2/inputs/definetherain/D178N/2021-03-29_SNV_D178N/ch1/A01_amplitude.csv,1,13056,NA,NA,NA,NA,NA,A01,ch1
definetherain,D178N,2021-03-29_SNV_D178N,/mnt/c/Projects/prnp-somatic/scratch/ddpcr_gating_method_comparison_v2/inputs/definetherain/D178N/2021-03-29_SNV_D178N/ch2/A01_amplitude.csv,1,13056,NA,NA,NA,NA,NA,A01,ch2
definetherain,D178N,2021-03-29_SNV_D178N,/mnt/c/Projects/prnp-somatic/scratch/ddpcr_gating_method_comparison_v2/inputs/definetherain/D178N/2021-03-29_SNV_D178N/ch1/A04_amplitude.csv,1,16713,NA,NA,NA,NA,NA,A04,ch1
definetherain,D178N,2021-03-29_SNV_D178N,/mnt/c/Projects/prnp-somatic/scratch/ddpcr_gating_method_comparison_v2/inputs/definetherain/D178N/2021-03-29_SNV_D178N/ch2/A04_amplitude.csv,1,16713,NA,NA,NA,NA,NA,A04,ch2
definetherain,D178N,2021-03-29_SNV_D178N,/mnt/c/Projects/prnp-somatic/scratch/ddpcr_gating_method_comparison_v2/inputs/definetherain/D178N/2021-03-29_SNV_D178N/ch1/A07_amplitude.csv,1,15353,NA,NA,NA,NA,NA,A07,ch1
definetherain,D178N,2021-03-29_SNV_D178N,/mnt/c/Projects/prnp-somatic/scratch/ddpcr_gating_method_comparison_v2/inputs/definetherain/D178N/2021-03-29_SNV_D178N/ch2/A07_amplitude.csv,1,15353,NA,NA,NA,NA,NA,A07,ch2
definetherain,D178N,2021-03-29_SNV_D178N,/mnt/c/Projects/prnp-somatic/scratch/ddpcr_gating_method_comparison_v2/inputs/definetherain/D178N/2021-03-29_SNV_D178N/ch1/B01_amplitude.csv,1,13984,NA,NA,NA,NA,NA,B01,ch1
definetherain,D178N,2021-03-29_SNV_D178N,/mnt/c/Projects/prnp-somatic/scratch/ddpcr_gating_method_comparison_v2/inputs/definetherain/D178N/2021-03-29_SNV_D178N/ch2/B01_amplitude.csv,1,13984,NA,NA,NA,NA,NA,B01,ch2
definetherain,D178N,2021-03-29_SNV_D178N,/mnt/c/Projects/prnp-somatic/scratch/ddpcr_gating_method_comparison_v2/inputs/definetherain/D178N/2021-03-29_SNV_D178N/ch1/B04_amplitude.csv,1,15499,NA,NA,NA,NA,NA,B04,ch1
definetherain,D178N,2021-03-29_SNV_D178N,/mnt/c/Projects/prnp-somatic/scratch/ddpcr_gating_method_comparison_v2/inputs/definetherain/D178N/2021-03-29_SNV_D178N/ch2/B04_amplitude.csv,1,15499,NA,NA,NA,NA,NA,B04,ch2
definetherain,D178N,2021-03-29_SNV_D178N,/mnt/c/Projects/prnp-somatic/scratch/ddpcr_gating_method_comparison_v2/inputs/definetherain/D178N/2021-03-29_SNV_D178N/ch1/C01_amplitude.csv,1,14485,NA,NA,NA,NA,NA,C01,ch1
definetherain,D178N,2021-03-29_SNV_D178N,/mnt/c/Projects/prnp-somatic/scratch/ddpcr_gating_method_comparison_v2/inputs/definetherain/D178N/2021-03-29_SNV_D178N/ch2/C01_amplitude.csv,1,14485,NA,NA,NA,NA,NA,C01,ch2
definetherain,D178N,2021-03-29_SNV_D178N,/mnt/c/Projects/prnp-somatic/scratch/ddpcr_gating_method_comparison_v2/inputs/definetherain/D178N/2021-03-29_SNV_D178N/ch1/C04_amplitude.csv,1,12549,NA,NA,NA,NA,NA,C04,ch1
definetherain,D178N,2021-03-29_SNV_D178N,/mnt/c/Projects/prnp-somatic/scratch/ddpcr_gating_method_comparison_v2/inputs/definetherain/D178N/2021-03-29_SNV_D178N/ch2/C04_amplitude.csv,1,12549,NA,NA,NA,NA,NA,C04,ch2
definetherain,D178N,2021-03-29_SNV_D178N,/mnt/c/Projects/prnp-somatic/scratch/ddpcr_gating_method_comparison_v2/inputs/definetherain/D178N/2021-03-29_SNV_D178N/ch1/C07_amplitude.csv,1,16761,NA,NA,NA,NA,NA,C07,ch1
definetherain,D178N,2021-03-29_SNV_D178N,/mnt/c/Projects/prnp-somatic/scratch/ddpcr_gating_method_comparison_v2/inputs/definetherain/D178N/2021-03-29_SNV_D178N/ch2/C07_amplitude.csv,1,16761,NA,NA,NA,NA,NA,C07,ch2
definetherain,D178N,2021-03-29_SNV_D178N,/mnt/c/Projects/prnp-somatic/scratch/ddpcr_gating_method_comparison_v2/inputs/definetherain/D178N/2021-03-29_SNV_D178N/ch1/D01_amplitude.csv,1,14631,NA,NA,NA,NA,NA,D01,ch1
definetherain,D178N,2021-03-29_SNV_D178N,/mnt/c/Projects/prnp-somatic/scratch/ddpcr_gating_method_comparison_v2/inputs/definetherain/D178N/2021-03-29_SNV_D178N/ch2/D01_amplitude.csv,1,14631,NA,NA,NA,NA,NA,D01,ch2
definetherain,D178N,2021-03-29_SNV_D178N,/mnt/c/Projects/prnp-somatic/scratch/ddpcr_gating_method_comparison_v2/inputs/definetherain/D178N/2021-03-29_SNV_D178N/ch1/D04_amplitude.csv,1,17304,NA,NA,NA,NA,NA,D04,ch1
definetherain,D178N,2021-03-29_SNV_D178N,/mnt/c/Projects/prnp-somatic/scratch/ddpcr_gating_method_comparison_v2/inputs/definetherain/D178N/2021-03-29_SNV_D178N/ch2/D04_amplitude.csv,1,17304,NA,NA,NA,NA,NA,D04,ch2
definetherain,D178N,2021-03-29_SNV_D178N,/mnt/c/Projects/prnp-somatic/scratch/ddpcr_gating_method_comparison_v2/inputs/definetherain/D178N/2021-03-29_SNV_D178N/ch1/D07_amplitude.csv,1,17087,NA,NA,NA,NA,NA,D07,ch1
definetherain,D178N,2021-03-29_SNV_D178N,/mnt/c/Projects/prnp-somatic/scratch/ddpcr_gating_method_comparison_v2/inputs/definetherain/D178N/2021-03-29_SNV_D178N/ch2/D07_amplitude.csv,1,17087,NA,NA,NA,NA,NA,D07,ch2
definetherain,D178N,2021-03-29_SNV_D178N,/mnt/c/Projects/prnp-somatic/scratch/ddpcr_gating_method_comparison_v2/inputs/definetherain/D178N/2021-03-29_SNV_D178N/ch1/E01_amplitude.csv,1,15297,NA,NA,NA,NA,NA,E01,ch1
definetherain,D178N,2021-03-29_SNV_D178N,/mnt/c/Projects/prnp-somatic/scratch/ddpcr_gating_method_comparison_v2/inputs/definetherain/D178N/2021-03-29_SNV_D178N/ch2/E01_amplitude.csv,1,15297,NA,NA,NA,NA,NA,E01,ch2
definetherain,D178N,2021-03-29_SNV_D178N,/mnt/c/Projects/prnp-somatic/scratch/ddpcr_gating_method_comparison_v2/inputs/definetherain/D178N/2021-03-29_SNV_D178N/ch1/E04_amplitude.csv,1,15184,NA,NA,NA,NA,NA,E04,ch1
definetherain,D178N,2021-03-29_SNV_D178N,/mnt/c/Projects/prnp-somatic/scratch/ddpcr_gating_method_comparison_v2/inputs/definetherain/D178N/2021-03-29_SNV_D178N/ch2/E04_amplitude.csv,1,15184,NA,NA,NA,NA,NA,E04,ch2
definetherain,D178N,2021-03-29_SNV_D178N,/mnt/c/Projects/prnp-somatic/scratch/ddpcr_gating_method_comparison_v2/inputs/definetherain/D178N/2021-03-29_SNV_D178N/ch1/E07_amplitude.csv,1,16809,NA,NA,NA,NA,NA,E07,ch1
definetherain,D178N,2021-03-29_SNV_D178N,/mnt/c/Projects/prnp-somatic/scratch/ddpcr_gating_method_comparison_v2/inputs/definetherain/D178N/2021-03-29_SNV_D178N/ch2/E07_amplitude.csv,1,16809,NA,NA,NA,NA,NA,E07,ch2
definetherain,D178N,2021-03-29_SNV_D178N,/mnt/c/Projects/prnp-somatic/scratch/ddpcr_gating_method_comparison_v2/inputs/definetherain/D178N/2021-03-29_SNV_D178N/ch1/F01_amplitude.csv,1,14693,NA,NA,NA,NA,NA,F01,ch1
definetherain,D178N,2021-03-29_SNV_D178N,/mnt/c/Projects/prnp-somatic/scratch/ddpcr_gating_method_comparison_v2/inputs/definetherain/D178N/2021-03-29_SNV_D178N/ch2/F01_amplitude.csv,1,14693,NA,NA,NA,NA,NA,F01,ch2
definetherain,D178N,2021-03-29_SNV_D178N,/mnt/c/Projects/prnp-somatic/scratch/ddpcr_gating_method_comparison_v2/inputs/definetherain/D178N/2021-03-29_SNV_D178N/ch1/F04_amplitude.csv,1,17022,NA,NA,NA,NA,NA,F04,ch1
definetherain,D178N,2021-03-29_SNV_D178N,/mnt/c/Projects/prnp-somatic/scratch/ddpcr_gating_method_comparison_v2/inputs/definetherain/D178N/2021-03-29_SNV_D178N/ch2/F04_amplitude.csv,1,17022,NA,NA,NA,NA,NA,F04,ch2
definetherain,D178N,2021-03-29_SNV_D178N,/mnt/c/Projects/prnp-somatic/scratch/ddpcr_gating_method_comparison_v2/inputs/definetherain/D178N/2021-03-29_SNV_D178N/ch1/F07_amplitude.csv,1,15870,NA,NA,NA,NA,NA,F07,ch1
definetherain,D178N,2021-03-29_SNV_D178N,/mnt/c/Projects/prnp-somatic/scratch/ddpcr_gating_method_comparison_v2/inputs/definetherain/D178N/2021-03-29_SNV_D178N/ch2/F07_amplitude.csv,1,15870,NA,NA,NA,NA,NA,F07,ch2
definetherain,D178N,2021-03-29_SNV_D178N,/mnt/c/Projects/prnp-somatic/scratch/ddpcr_gating_method_comparison_v2/inputs/definetherain/D178N/2021-03-29_SNV_D178N/ch1/G01_amplitude.csv,1,14891,NA,NA,NA,NA,NA,G01,ch1
definetherain,D178N,2021-03-29_SNV_D178N,/mnt/c/Projects/prnp-somatic/scratch/ddpcr_gating_method_comparison_v2/inputs/definetherain/D178N/2021-03-29_SNV_D178N/ch2/G01_amplitude.csv,1,14891,NA,NA,NA,NA,NA,G01,ch2
definetherain,D178N,2021-03-29_SNV_D178N,/mnt/c/Projects/prnp-somatic/scratch/ddpcr_gating_method_comparison_v2/inputs/definetherain/D178N/2021-03-29_SNV_D178N/ch1/G04_amplitude.csv,1,16772,NA,NA,NA,NA,NA,G04,ch1
definetherain,D178N,2021-03-29_SNV_D178N,/mnt/c/Projects/prnp-somatic/scratch/ddpcr_gating_method_comparison_v2/inputs/definetherain/D178N/2021-03-29_SNV_D178N/ch2/G04_amplitude.csv,1,16772,NA,NA,NA,NA,NA,G04,ch2
definetherain,D178N,2021-03-29_SNV_D178N,/mnt/c/Projects/prnp-somatic/scratch/ddpcr_gating_method_comparison_v2/inputs/definetherain/D178N/2021-03-29_SNV_D178N/ch1/G07_amplitude.csv,1,14291,NA,NA,NA,NA,NA,G07,ch1
definetherain,D178N,2021-03-29_SNV_D178N,/mnt/c/Projects/prnp-somatic/scratch/ddpcr_gating_method_comparison_v2/inputs/definetherain/D178N/2021-03-29_SNV_D178N/ch2/G07_amplitude.csv,1,14291,NA,NA,NA,NA,NA,G07,ch2
definetherain,D178N,2021-03-29_SNV_D178N,/mnt/c/Projects/prnp-somatic/scratch/ddpcr_gating_method_comparison_v2/inputs/definetherain/D178N/2021-03-29_SNV_D178N/ch1/H01_amplitude.csv,1,15941,NA,NA,NA,NA,NA,H01,ch1
definetherain,D178N,2021-03-29_SNV_D178N,/mnt/c/Projects/prnp-somatic/scratch/ddpcr_gating_method_comparison_v2/inputs/definetherain/D178N/2021-03-29_SNV_D178N/ch2/H01_amplitude.csv,1,15941,NA,NA,NA,NA,NA,H01,ch2
definetherain,D178N,2021-03-29_SNV_D178N,/mnt/c/Projects/prnp-somatic/scratch/ddpcr_gating_method_comparison_v2/inputs/definetherain/D178N/2021-03-29_SNV_D178N/ch1/H04_amplitude.csv,1,16456,NA,NA,NA,NA,NA,H04,ch1
definetherain,D178N,2021-03-29_SNV_D178N,/mnt/c/Projects/prnp-somatic/scratch/ddpcr_gating_method_comparison_v2/inputs/definetherain/D178N/2021-03-29_SNV_D178N/ch2/H04_amplitude.csv,1,16456,NA,NA,NA,NA,NA,H04,ch2
definetherain,D178N,2021-03-29_SNV_D178N,/mnt/c/Projects/prnp-somatic/scratch/ddpcr_gating_method_comparison_v2/inputs/definetherain/D178N/2021-03-29_SNV_D178N/ch1/H07_amplitude.csv,1,17779,NA,NA,NA,NA,NA,H07,ch1
definetherain,D178N,2021-03-29_SNV_D178N,/mnt/c/Projects/prnp-somatic/scratch/ddpcr_gating_method_comparison_v2/inputs/definetherain/D178N/2021-03-29_SNV_D178N/ch2/H07_amplitude.csv,1,17779,NA,NA,NA,NA,NA,H07,ch2
definetherain,D178N,2021-04-06_SNV_D178N,/mnt/c/Projects/prnp-somatic/scratch/ddpcr_gating_method_comparison_v2/inputs/definetherain/D178N/2021-04-06_SNV_D178N/ch1/A01_amplitude.csv,1,16349,NA,NA,NA,NA,NA,A01,ch1
definetherain,D178N,2021-04-06_SNV_D178N,/mnt/c/Projects/prnp-somatic/scratch/ddpcr_gating_method_comparison_v2/inputs/definetherain/D178N/2021-04-06_SNV_D178N/ch2/A01_amplitude.csv,1,16349,NA,NA,NA,NA,NA,A01,ch2
definetherain,D178N,2021-04-06_SNV_D178N,/mnt/c/Projects/prnp-somatic/scratch/ddpcr_gating_method_comparison_v2/inputs/definetherain/D178N/2021-04-06_SNV_D178N/ch1/A04_amplitude.csv,1,12446,NA,NA,NA,NA,NA,A04,ch1
definetherain,D178N,2021-04-06_SNV_D178N,/mnt/c/Projects/prnp-somatic/scratch/ddpcr_gating_method_comparison_v2/inputs/definetherain/D178N/2021-04-06_SNV_D178N/ch2/A04_amplitude.csv,1,12446,NA,NA,NA,NA,NA,A04,ch2
definetherain,D178N,2021-04-06_SNV_D178N,/mnt/c/Projects/prnp-somatic/scratch/ddpcr_gating_method_comparison_v2/inputs/definetherain/D178N/2021-04-06_SNV_D178N/ch1/A07_amplitude.csv,1,14630,NA,NA,NA,NA,NA,A07,ch1
definetherain,D178N,2021-04-06_SNV_D178N,/mnt/c/Projects/prnp-somatic/scratch/ddpcr_gating_method_comparison_v2/inputs/definetherain/D178N/2021-04-06_SNV_D178N/ch2/A07_amplitude.csv,1,14630,NA,NA,NA,NA,NA,A07,ch2
definetherain,D178N,2021-04-06_SNV_D178N,/mnt/c/Projects/prnp-somatic/scratch/ddpcr_gating_method_comparison_v2/inputs/definetherain/D178N/2021-04-06_SNV_D178N/ch1/B01_amplitude.csv,1,16299,NA,NA,NA,NA,NA,B01,ch1
definetherain,D178N,2021-04-06_SNV_D178N,/mnt/c/Projects/prnp-somatic/scratch/ddpcr_gating_method_comparison_v2/inputs/definetherain/D178N/2021-04-06_SNV_D178N/ch2/B01_amplitude.csv,1,16299,NA,NA,NA,NA,NA,B01,ch2
definetherain,D178N,2021-04-06_SNV_D178N,/mnt/c/Projects/prnp-somatic/scratch/ddpcr_gating_method_comparison_v2/inputs/definetherain/D178N/2021-04-06_SNV_D178N/ch1/B04_amplitude.csv,1,11635,NA,NA,NA,NA,NA,B04,ch1
definetherain,D178N,2021-04-06_SNV_D178N,/mnt/c/Projects/prnp-somatic/scratch/ddpcr_gating_method_comparison_v2/inputs/definetherain/D178N/2021-04-06_SNV_D178N/ch2/B04_amplitude.csv,1,11635,NA,NA,NA,NA,NA,B04,ch2
definetherain,D178N,2021-04-06_SNV_D178N,/mnt/c/Projects/prnp-somatic/scratch/ddpcr_gating_method_comparison_v2/inputs/definetherain/D178N/2021-04-06_SNV_D178N/ch1/B07_amplitude.csv,1,13770,NA,NA,NA,NA,NA,B07,ch1
definetherain,D178N,2021-04-06_SNV_D178N,/mnt/c/Projects/prnp-somatic/scratch/ddpcr_gating_method_comparison_v2/inputs/definetherain/D178N/2021-04-06_SNV_D178N/ch2/B07_amplitude.csv,1,13770,NA,NA,NA,NA,NA,B07,ch2
definetherain,D178N,2021-04-06_SNV_D178N,/mnt/c/Projects/prnp-somatic/scratch/ddpcr_gating_method_comparison_v2/inputs/definetherain/D178N/2021-04-06_SNV_D178N/ch1/C01_amplitude.csv,1,17175,NA,NA,NA,NA,NA,C01,ch1
definetherain,D178N,2021-04-06_SNV_D178N,/mnt/c/Projects/prnp-somatic/scratch/ddpcr_gating_method_comparison_v2/inputs/definetherain/D178N/2021-04-06_SNV_D178N/ch2/C01_amplitude.csv,1,17175,NA,NA,NA,NA,NA,C01,ch2
definetherain,D178N,2021-04-06_SNV_D178N,/mnt/c/Projects/prnp-somatic/scratch/ddpcr_gating_method_comparison_v2/inputs/definetherain/D178N/2021-04-06_SNV_D178N/ch1/C04_amplitude.csv,1,10788,NA,NA,NA,NA,NA,C04,ch1
definetherain,D178N,2021-04-06_SNV_D178N,/mnt/c/Projects/prnp-somatic/scratch/ddpcr_gating_method_comparison_v2/inputs/definetherain/D178N/2021-04-06_SNV_D178N/ch2/C04_amplitude.csv,1,10788,NA,NA,NA,NA,NA,C04,ch2
definetherain,D178N,2021-04-06_SNV_D178N,/mnt/c/Projects/prnp-somatic/scratch/ddpcr_gating_method_comparison_v2/inputs/definetherain/D178N/2021-04-06_SNV_D178N/ch1/C07_amplitude.csv,1,15964,NA,NA,NA,NA,NA,C07,ch1
definetherain,D178N,2021-04-06_SNV_D178N,/mnt/c/Projects/prnp-somatic/scratch/ddpcr_gating_method_comparison_v2/inputs/definetherain/D178N/2021-04-06_SNV_D178N/ch2/C07_amplitude.csv,1,15964,NA,NA,NA,NA,NA,C07,ch2
definetherain,D178N,2021-04-06_SNV_D178N,/mnt/c/Projects/prnp-somatic/scratch/ddpcr_gating_method_comparison_v2/inputs/definetherain/D178N/2021-04-06_SNV_D178N/ch1/D01_amplitude.csv,1,15420,NA,NA,NA,NA,NA,D01,ch1
definetherain,D178N,2021-04-06_SNV_D178N,/mnt/c/Projects/prnp-somatic/scratch/ddpcr_gating_method_comparison_v2/inputs/definetherain/D178N/2021-04-06_SNV_D178N/ch2/D01_amplitude.csv,1,15420,NA,NA,NA,NA,NA,D01,ch2
definetherain,D178N,2021-04-06_SNV_D178N,/mnt/c/Projects/prnp-somatic/scratch/ddpcr_gating_method_comparison_v2/inputs/definetherain/D178N/2021-04-06_SNV_D178N/ch1/D04_amplitude.csv,1,12890,NA,NA,NA,NA,NA,D04,ch1
definetherain,D178N,2021-04-06_SNV_D178N,/mnt/c/Projects/prnp-somatic/scratch/ddpcr_gating_method_comparison_v2/inputs/definetherain/D178N/2021-04-06_SNV_D178N/ch2/D04_amplitude.csv,1,12890,NA,NA,NA,NA,NA,D04,ch2
definetherain,D178N,2021-04-06_SNV_D178N,/mnt/c/Projects/prnp-somatic/scratch/ddpcr_gating_method_comparison_v2/inputs/definetherain/D178N/2021-04-06_SNV_D178N/ch1/D07_amplitude.csv,1,14604,NA,NA,NA,NA,NA,D07,ch1
definetherain,D178N,2021-04-06_SNV_D178N,/mnt/c/Projects/prnp-somatic/scratch/ddpcr_gating_method_comparison_v2/inputs/definetherain/D178N/2021-04-06_SNV_D178N/ch2/D07_amplitude.csv,1,14604,NA,NA,NA,NA,NA,D07,ch2
definetherain,D178N,2021-04-06_SNV_D178N,/mnt/c/Projects/prnp-somatic/scratch/ddpcr_gating_method_comparison_v2/inputs/definetherain/D178N/2021-04-06_SNV_D178N/ch1/E01_amplitude.csv,1,14025,NA,NA,NA,NA,NA,E01,ch1
definetherain,D178N,2021-04-06_SNV_D178N,/mnt/c/Projects/prnp-somatic/scratch/ddpcr_gating_method_comparison_v2/inputs/definetherain/D178N/2021-04-06_SNV_D178N/ch2/E01_amplitude.csv,1,14025,NA,NA,NA,NA,NA,E01,ch2
definetherain,D178N,2021-04-06_SNV_D178N,/mnt/c/Projects/prnp-somatic/scratch/ddpcr_gating_method_comparison_v2/inputs/definetherain/D178N/2021-04-06_SNV_D178N/ch1/E04_amplitude.csv,1,11831,NA,NA,NA,NA,NA,E04,ch1
definetherain,D178N,2021-04-06_SNV_D178N,/mnt/c/Projects/prnp-somatic/scratch/ddpcr_gating_method_comparison_v2/inputs/definetherain/D178N/2021-04-06_SNV_D178N/ch2/E04_amplitude.csv,1,11831,NA,NA,NA,NA,NA,E04,ch2
definetherain,D178N,2021-04-06_SNV_D178N,/mnt/c/Projects/prnp-somatic/scratch/ddpcr_gating_method_comparison_v2/inputs/definetherain/D178N/2021-04-06_SNV_D178N/ch1/E07_amplitude.csv,1,13655,NA,NA,NA,NA,NA,E07,ch1
definetherain,D178N,2021-04-06_SNV_D178N,/mnt/c/Projects/prnp-somatic/scratch/ddpcr_gating_method_comparison_v2/inputs/definetherain/D178N/2021-04-06_SNV_D178N/ch2/E07_amplitude.csv,1,13655,NA,NA,NA,NA,NA,E07,ch2
definetherain,D178N,2021-04-06_SNV_D178N,/mnt/c/Projects/prnp-somatic/scratch/ddpcr_gating_method_comparison_v2/inputs/definetherain/D178N/2021-04-06_SNV_D178N/ch1/F01_amplitude.csv,1,15803,NA,NA,NA,NA,NA,F01,ch1
definetherain,D178N,2021-04-06_SNV_D178N,/mnt/c/Projects/prnp-somatic/scratch/ddpcr_gating_method_comparison_v2/inputs/definetherain/D178N/2021-04-06_SNV_D178N/ch2/F01_amplitude.csv,1,15803,NA,NA,NA,NA,NA,F01,ch2
definetherain,D178N,2021-04-06_SNV_D178N,/mnt/c/Projects/prnp-somatic/scratch/ddpcr_gating_method_comparison_v2/inputs/definetherain/D178N/2021-04-06_SNV_D178N/ch1/F04_amplitude.csv,1,13359,NA,NA,NA,NA,NA,F04,ch1
definetherain,D178N,2021-04-06_SNV_D178N,/mnt/c/Projects/prnp-somatic/scratch/ddpcr_gating_method_comparison_v2/inputs/definetherain/D178N/2021-04-06_SNV_D178N/ch2/F04_amplitude.csv,1,13359,NA,NA,NA,NA,NA,F04,ch2
definetherain,D178N,2021-04-06_SNV_D178N,/mnt/c/Projects/prnp-somatic/scratch/ddpcr_gating_method_comparison_v2/inputs/definetherain/D178N/2021-04-06_SNV_D178N/ch1/F07_amplitude.csv,1,14767,NA,NA,NA,NA,NA,F07,ch1
definetherain,D178N,2021-04-06_SNV_D178N,/mnt/c/Projects/prnp-somatic/scratch/ddpcr_gating_method_comparison_v2/inputs/definetherain/D178N/2021-04-06_SNV_D178N/ch2/F07_amplitude.csv,1,14767,NA,NA,NA,NA,NA,F07,ch2
definetherain,D178N,2021-04-06_SNV_D178N,/mnt/c/Projects/prnp-somatic/scratch/ddpcr_gating_method_comparison_v2/inputs/definetherain/D178N/2021-04-06_SNV_D178N/ch1/G04_amplitude.csv,1,12168,NA,NA,NA,NA,NA,G04,ch1
definetherain,D178N,2021-04-06_SNV_D178N,/mnt/c/Projects/prnp-somatic/scratch/ddpcr_gating_method_comparison_v2/inputs/definetherain/D178N/2021-04-06_SNV_D178N/ch2/G04_amplitude.csv,1,12168,NA,NA,NA,NA,NA,G04,ch2
definetherain,D178N,2021-04-06_SNV_D178N,/mnt/c/Projects/prnp-somatic/scratch/ddpcr_gating_method_comparison_v2/inputs/definetherain/D178N/2021-04-06_SNV_D178N/ch1/G07_amplitude.csv,1,12966,NA,NA,NA,NA,NA,G07,ch1
definetherain,D178N,2021-04-06_SNV_D178N,/mnt/c/Projects/prnp-somatic/scratch/ddpcr_gating_method_comparison_v2/inputs/definetherain/D178N/2021-04-06_SNV_D178N/ch2/G07_amplitude.csv,1,12966,NA,NA,NA,NA,NA,G07,ch2
definetherain,D178N,2021-04-06_SNV_D178N,/mnt/c/Projects/prnp-somatic/scratch/ddpcr_gating_method_comparison_v2/inputs/definetherain/D178N/2021-04-06_SNV_D178N/ch1/H01_amplitude.csv,1,15728,NA,NA,NA,NA,NA,H01,ch1
definetherain,D178N,2021-04-06_SNV_D178N,/mnt/c/Projects/prnp-somatic/scratch/ddpcr_gating_method_comparison_v2/inputs/definetherain/D178N/2021-04-06_SNV_D178N/ch2/H01_amplitude.csv,1,15728,NA,NA,NA,NA,NA,H01,ch2
definetherain,D178N,2021-04-06_SNV_D178N,/mnt/c/Projects/prnp-somatic/scratch/ddpcr_gating_method_comparison_v2/inputs/definetherain/D178N/2021-04-06_SNV_D178N/ch1/H04_amplitude.csv,1,12390,NA,NA,NA,NA,NA,H04,ch1
definetherain,D178N,2021-04-06_SNV_D178N,/mnt/c/Projects/prnp-somatic/scratch/ddpcr_gating_method_comparison_v2/inputs/definetherain/D178N/2021-04-06_SNV_D178N/ch2/H04_amplitude.csv,1,12390,NA,NA,NA,NA,NA,H04,ch2
definetherain,D178N,2021-04-06_SNV_D178N,/mnt/c/Projects/prnp-somatic/scratch/ddpcr_gating_method_comparison_v2/inputs/definetherain/D178N/2021-04-06_SNV_D178N/ch1/H07_amplitude.csv,1,14556,NA,NA,NA,NA,NA,H07,ch1
definetherain,D178N,2021-04-06_SNV_D178N,/mnt/c/Projects/prnp-somatic/scratch/ddpcr_gating_method_comparison_v2/inputs/definetherain/D178N/2021-04-06_SNV_D178N/ch2/H07_amplitude.csv,1,14556,NA,NA,NA,NA,NA,H07,ch2
definetherain,D178N,2021-05-10_SNV_D178N,/mnt/c/Projects/prnp-somatic/scratch/ddpcr_gating_method_comparison_v2/inputs/definetherain/D178N/2021-05-10_SNV_D178N/ch1/A01_amplitude.csv,1,14408,NA,NA,NA,NA,NA,A01,ch1
definetherain,D178N,2021-05-10_SNV_D178N,/mnt/c/Projects/prnp-somatic/scratch/ddpcr_gating_method_comparison_v2/inputs/definetherain/D178N/2021-05-10_SNV_D178N/ch2/A01_amplitude.csv,1,14408,NA,NA,NA,NA,NA,A01,ch2
definetherain,D178N,2021-05-10_SNV_D178N,/mnt/c/Projects/prnp-somatic/scratch/ddpcr_gating_method_comparison_v2/inputs/definetherain/D178N/2021-05-10_SNV_D178N/ch1/A04_amplitude.csv,1,15555,NA,NA,NA,NA,NA,A04,ch1
definetherain,D178N,2021-05-10_SNV_D178N,/mnt/c/Projects/prnp-somatic/scratch/ddpcr_gating_method_comparison_v2/inputs/definetherain/D178N/2021-05-10_SNV_D178N/ch2/A04_amplitude.csv,1,15555,NA,NA,NA,NA,NA,A04,ch2
definetherain,D178N,2021-05-10_SNV_D178N,/mnt/c/Projects/prnp-somatic/scratch/ddpcr_gating_method_comparison_v2/inputs/definetherain/D178N/2021-05-10_SNV_D178N/ch1/A07_amplitude.csv,1,15413,NA,NA,NA,NA,NA,A07,ch1
definetherain,D178N,2021-05-10_SNV_D178N,/mnt/c/Projects/prnp-somatic/scratch/ddpcr_gating_method_comparison_v2/inputs/definetherain/D178N/2021-05-10_SNV_D178N/ch2/A07_amplitude.csv,1,15413,NA,NA,NA,NA,NA,A07,ch2
definetherain,D178N,2021-05-10_SNV_D178N,/mnt/c/Projects/prnp-somatic/scratch/ddpcr_gating_method_comparison_v2/inputs/definetherain/D178N/2021-05-10_SNV_D178N/ch1/B01_amplitude.csv,1,14960,NA,NA,NA,NA,NA,B01,ch1
definetherain,D178N,2021-05-10_SNV_D178N,/mnt/c/Projects/prnp-somatic/scratch/ddpcr_gating_method_comparison_v2/inputs/definetherain/D178N/2021-05-10_SNV_D178N/ch2/B01_amplitude.csv,1,14960,NA,NA,NA,NA,NA,B01,ch2
definetherain,D178N,2021-05-10_SNV_D178N,/mnt/c/Projects/prnp-somatic/scratch/ddpcr_gating_method_comparison_v2/inputs/definetherain/D178N/2021-05-10_SNV_D178N/ch1/B04_amplitude.csv,1,15378,NA,NA,NA,NA,NA,B04,ch1
definetherain,D178N,2021-05-10_SNV_D178N,/mnt/c/Projects/prnp-somatic/scratch/ddpcr_gating_method_comparison_v2/inputs/definetherain/D178N/2021-05-10_SNV_D178N/ch2/B04_amplitude.csv,1,15378,NA,NA,NA,NA,NA,B04,ch2
definetherain,D178N,2021-05-10_SNV_D178N,/mnt/c/Projects/prnp-somatic/scratch/ddpcr_gating_method_comparison_v2/inputs/definetherain/D178N/2021-05-10_SNV_D178N/ch1/B07_amplitude.csv,1,12864,NA,NA,NA,NA,NA,B07,ch1
definetherain,D178N,2021-05-10_SNV_D178N,/mnt/c/Projects/prnp-somatic/scratch/ddpcr_gating_method_comparison_v2/inputs/definetherain/D178N/2021-05-10_SNV_D178N/ch2/B07_amplitude.csv,1,12864,NA,NA,NA,NA,NA,B07,ch2
definetherain,D178N,2021-05-10_SNV_D178N,/mnt/c/Projects/prnp-somatic/scratch/ddpcr_gating_method_comparison_v2/inputs/definetherain/D178N/2021-05-10_SNV_D178N/ch1/C01_amplitude.csv,1,14154,NA,NA,NA,NA,NA,C01,ch1
definetherain,D178N,2021-05-10_SNV_D178N,/mnt/c/Projects/prnp-somatic/scratch/ddpcr_gating_method_comparison_v2/inputs/definetherain/D178N/2021-05-10_SNV_D178N/ch2/C01_amplitude.csv,1,14154,NA,NA,NA,NA,NA,C01,ch2
definetherain,D178N,2021-05-10_SNV_D178N,/mnt/c/Projects/prnp-somatic/scratch/ddpcr_gating_method_comparison_v2/inputs/definetherain/D178N/2021-05-10_SNV_D178N/ch1/C04_amplitude.csv,1,16399,NA,NA,NA,NA,NA,C04,ch1
definetherain,D178N,2021-05-10_SNV_D178N,/mnt/c/Projects/prnp-somatic/scratch/ddpcr_gating_method_comparison_v2/inputs/definetherain/D178N/2021-05-10_SNV_D178N/ch2/C04_amplitude.csv,1,16399,NA,NA,NA,NA,NA,C04,ch2
definetherain,D178N,2021-05-10_SNV_D178N,/mnt/c/Projects/prnp-somatic/scratch/ddpcr_gating_method_comparison_v2/inputs/definetherain/D178N/2021-05-10_SNV_D178N/ch1/C07_amplitude.csv,1,15504,NA,NA,NA,NA,NA,C07,ch1
definetherain,D178N,2021-05-10_SNV_D178N,/mnt/c/Projects/prnp-somatic/scratch/ddpcr_gating_method_comparison_v2/inputs/definetherain/D178N/2021-05-10_SNV_D178N/ch2/C07_amplitude.csv,1,15504,NA,NA,NA,NA,NA,C07,ch2
definetherain,D178N,2021-05-10_SNV_D178N,/mnt/c/Projects/prnp-somatic/scratch/ddpcr_gating_method_comparison_v2/inputs/definetherain/D178N/2021-05-10_SNV_D178N/ch1/D01_amplitude.csv,1,15727,NA,NA,NA,NA,NA,D01,ch1
definetherain,D178N,2021-05-10_SNV_D178N,/mnt/c/Projects/prnp-somatic/scratch/ddpcr_gating_method_comparison_v2/inputs/definetherain/D178N/2021-05-10_SNV_D178N/ch2/D01_amplitude.csv,1,15727,NA,NA,NA,NA,NA,D01,ch2
definetherain,D178N,2021-05-10_SNV_D178N,/mnt/c/Projects/prnp-somatic/scratch/ddpcr_gating_method_comparison_v2/inputs/definetherain/D178N/2021-05-10_SNV_D178N/ch1/D04_amplitude.csv,1,16359,NA,NA,NA,NA,NA,D04,ch1
definetherain,D178N,2021-05-10_SNV_D178N,/mnt/c/Projects/prnp-somatic/scratch/ddpcr_gating_method_comparison_v2/inputs/definetherain/D178N/2021-05-10_SNV_D178N/ch2/D04_amplitude.csv,1,16359,NA,NA,NA,NA,NA,D04,ch2
definetherain,D178N,2021-05-10_SNV_D178N,/mnt/c/Projects/prnp-somatic/scratch/ddpcr_gating_method_comparison_v2/inputs/definetherain/D178N/2021-05-10_SNV_D178N/ch1/D07_amplitude.csv,1,15967,NA,NA,NA,NA,NA,D07,ch1
definetherain,D178N,2021-05-10_SNV_D178N,/mnt/c/Projects/prnp-somatic/scratch/ddpcr_gating_method_comparison_v2/inputs/definetherain/D178N/2021-05-10_SNV_D178N/ch2/D07_amplitude.csv,1,15967,NA,NA,NA,NA,NA,D07,ch2
definetherain,D178N,2021-05-10_SNV_D178N,/mnt/c/Projects/prnp-somatic/scratch/ddpcr_gating_method_comparison_v2/inputs/definetherain/D178N/2021-05-10_SNV_D178N/ch1/E01_amplitude.csv,1,15275,NA,NA,NA,NA,NA,E01,ch1
definetherain,D178N,2021-05-10_SNV_D178N,/mnt/c/Projects/prnp-somatic/scratch/ddpcr_gating_method_comparison_v2/inputs/definetherain/D178N/2021-05-10_SNV_D178N/ch2/E01_amplitude.csv,1,15275,NA,NA,NA,NA,NA,E01,ch2
definetherain,D178N,2021-05-10_SNV_D178N,/mnt/c/Projects/prnp-somatic/scratch/ddpcr_gating_method_comparison_v2/inputs/definetherain/D178N/2021-05-10_SNV_D178N/ch1/E04_amplitude.csv,1,16979,NA,NA,NA,NA,NA,E04,ch1
definetherain,D178N,2021-05-10_SNV_D178N,/mnt/c/Projects/prnp-somatic/scratch/ddpcr_gating_method_comparison_v2/inputs/definetherain/D178N/2021-05-10_SNV_D178N/ch2/E04_amplitude.csv,1,16979,NA,NA,NA,NA,NA,E04,ch2
definetherain,D178N,2021-05-10_SNV_D178N,/mnt/c/Projects/prnp-somatic/scratch/ddpcr_gating_method_comparison_v2/inputs/definetherain/D178N/2021-05-10_SNV_D178N/ch1/E07_amplitude.csv,1,15460,NA,NA,NA,NA,NA,E07,ch1
definetherain,D178N,2021-05-10_SNV_D178N,/mnt/c/Projects/prnp-somatic/scratch/ddpcr_gating_method_comparison_v2/inputs/definetherain/D178N/2021-05-10_SNV_D178N/ch2/E07_amplitude.csv,1,15460,NA,NA,NA,NA,NA,E07,ch2
definetherain,D178N,2021-05-10_SNV_D178N,/mnt/c/Projects/prnp-somatic/scratch/ddpcr_gating_method_comparison_v2/inputs/definetherain/D178N/2021-05-10_SNV_D178N/ch1/F01_amplitude.csv,1,15356,NA,NA,NA,NA,NA,F01,ch1
definetherain,D178N,2021-05-10_SNV_D178N,/mnt/c/Projects/prnp-somatic/scratch/ddpcr_gating_method_comparison_v2/inputs/definetherain/D178N/2021-05-10_SNV_D178N/ch2/F01_amplitude.csv,1,15356,NA,NA,NA,NA,NA,F01,ch2
definetherain,D178N,2021-05-10_SNV_D178N,/mnt/c/Projects/prnp-somatic/scratch/ddpcr_gating_method_comparison_v2/inputs/definetherain/D178N/2021-05-10_SNV_D178N/ch1/F04_amplitude.csv,1,17503,NA,NA,NA,NA,NA,F04,ch1
definetherain,D178N,2021-05-10_SNV_D178N,/mnt/c/Projects/prnp-somatic/scratch/ddpcr_gating_method_comparison_v2/inputs/definetherain/D178N/2021-05-10_SNV_D178N/ch2/F04_amplitude.csv,1,17503,NA,NA,NA,NA,NA,F04,ch2
definetherain,D178N,2021-05-10_SNV_D178N,/mnt/c/Projects/prnp-somatic/scratch/ddpcr_gating_method_comparison_v2/inputs/definetherain/D178N/2021-05-10_SNV_D178N/ch1/F07_amplitude.csv,1,15200,NA,NA,NA,NA,NA,F07,ch1
definetherain,D178N,2021-05-10_SNV_D178N,/mnt/c/Projects/prnp-somatic/scratch/ddpcr_gating_method_comparison_v2/inputs/definetherain/D178N/2021-05-10_SNV_D178N/ch2/F07_amplitude.csv,1,15200,NA,NA,NA,NA,NA,F07,ch2
definetherain,D178N,2021-05-10_SNV_D178N,/mnt/c/Projects/prnp-somatic/scratch/ddpcr_gating_method_comparison_v2/inputs/definetherain/D178N/2021-05-10_SNV_D178N/ch1/G01_amplitude.csv,1,15239,NA,NA,NA,NA,NA,G01,ch1
definetherain,D178N,2021-05-10_SNV_D178N,/mnt/c/Projects/prnp-somatic/scratch/ddpcr_gating_method_comparison_v2/inputs/definetherain/D178N/2021-05-10_SNV_D178N/ch2/G01_amplitude.csv,1,15239,NA,NA,NA,NA,NA,G01,ch2
definetherain,D178N,2021-05-10_SNV_D178N,/mnt/c/Projects/prnp-somatic/scratch/ddpcr_gating_method_comparison_v2/inputs/definetherain/D178N/2021-05-10_SNV_D178N/ch1/G04_amplitude.csv,1,15888,NA,NA,NA,NA,NA,G04,ch1
definetherain,D178N,2021-05-10_SNV_D178N,/mnt/c/Projects/prnp-somatic/scratch/ddpcr_gating_method_comparison_v2/inputs/definetherain/D178N/2021-05-10_SNV_D178N/ch2/G04_amplitude.csv,1,15888,NA,NA,NA,NA,NA,G04,ch2
definetherain,D178N,2021-05-10_SNV_D178N,/mnt/c/Projects/prnp-somatic/scratch/ddpcr_gating_method_comparison_v2/inputs/definetherain/D178N/2021-05-10_SNV_D178N/ch1/G07_amplitude.csv,1,13736,NA,NA,NA,NA,NA,G07,ch1
definetherain,D178N,2021-05-10_SNV_D178N,/mnt/c/Projects/prnp-somatic/scratch/ddpcr_gating_method_comparison_v2/inputs/definetherain/D178N/2021-05-10_SNV_D178N/ch2/G07_amplitude.csv,1,13736,NA,NA,NA,NA,NA,G07,ch2
definetherain,D178N,2021-05-10_SNV_D178N,/mnt/c/Projects/prnp-somatic/scratch/ddpcr_gating_method_comparison_v2/inputs/definetherain/D178N/2021-05-10_SNV_D178N/ch1/H01_amplitude.csv,1,14633,NA,NA,NA,NA,NA,H01,ch1
definetherain,D178N,2021-05-10_SNV_D178N,/mnt/c/Projects/prnp-somatic/scratch/ddpcr_gating_method_comparison_v2/inputs/definetherain/D178N/2021-05-10_SNV_D178N/ch2/H01_amplitude.csv,1,14633,NA,NA,NA,NA,NA,H01,ch2
definetherain,D178N,2021-05-10_SNV_D178N,/mnt/c/Projects/prnp-somatic/scratch/ddpcr_gating_method_comparison_v2/inputs/definetherain/D178N/2021-05-10_SNV_D178N/ch1/H04_amplitude.csv,1,15573,NA,NA,NA,NA,NA,H04,ch1
definetherain,D178N,2021-05-10_SNV_D178N,/mnt/c/Projects/prnp-somatic/scratch/ddpcr_gating_method_comparison_v2/inputs/definetherain/D178N/2021-05-10_SNV_D178N/ch2/H04_amplitude.csv,1,15573,NA,NA,NA,NA,NA,H04,ch2
definetherain,D178N,2021-05-10_SNV_D178N,/mnt/c/Projects/prnp-somatic/scratch/ddpcr_gating_method_comparison_v2/inputs/definetherain/D178N/2021-05-10_SNV_D178N/ch1/H07_amplitude.csv,1,14390,NA,NA,NA,NA,NA,H07,ch1
definetherain,D178N,2021-05-10_SNV_D178N,/mnt/c/Projects/prnp-somatic/scratch/ddpcr_gating_method_comparison_v2/inputs/definetherain/D178N/2021-05-10_SNV_D178N/ch2/H07_amplitude.csv,1,14390,NA,NA,NA,NA,NA,H07,ch2
definetherain,D178N,2021-05-20_SNV_D178N,/mnt/c/Projects/prnp-somatic/scratch/ddpcr_gating_method_comparison_v2/inputs/definetherain/D178N/2021-05-20_SNV_D178N/ch1/A01_amplitude.csv,1,13000,NA,NA,NA,NA,NA,A01,ch1
definetherain,D178N,2021-05-20_SNV_D178N,/mnt/c/Projects/prnp-somatic/scratch/ddpcr_gating_method_comparison_v2/inputs/definetherain/D178N/2021-05-20_SNV_D178N/ch2/A01_amplitude.csv,1,13000,NA,NA,NA,NA,NA,A01,ch2
definetherain,D178N,2021-05-20_SNV_D178N,/mnt/c/Projects/prnp-somatic/scratch/ddpcr_gating_method_comparison_v2/inputs/definetherain/D178N/2021-05-20_SNV_D178N/ch1/A04_amplitude.csv,1,17416,NA,NA,NA,NA,NA,A04,ch1
definetherain,D178N,2021-05-20_SNV_D178N,/mnt/c/Projects/prnp-somatic/scratch/ddpcr_gating_method_comparison_v2/inputs/definetherain/D178N/2021-05-20_SNV_D178N/ch2/A04_amplitude.csv,1,17416,NA,NA,NA,NA,NA,A04,ch2
definetherain,D178N,2021-05-20_SNV_D178N,/mnt/c/Projects/prnp-somatic/scratch/ddpcr_gating_method_comparison_v2/inputs/definetherain/D178N/2021-05-20_SNV_D178N/ch1/A07_amplitude.csv,1,15462,NA,NA,NA,NA,NA,A07,ch1
definetherain,D178N,2021-05-20_SNV_D178N,/mnt/c/Projects/prnp-somatic/scratch/ddpcr_gating_method_comparison_v2/inputs/definetherain/D178N/2021-05-20_SNV_D178N/ch2/A07_amplitude.csv,1,15462,NA,NA,NA,NA,NA,A07,ch2
definetherain,D178N,2021-05-20_SNV_D178N,/mnt/c/Projects/prnp-somatic/scratch/ddpcr_gating_method_comparison_v2/inputs/definetherain/D178N/2021-05-20_SNV_D178N/ch1/A10_amplitude.csv,1,18341,NA,NA,NA,NA,NA,A10,ch1
definetherain,D178N,2021-05-20_SNV_D178N,/mnt/c/Projects/prnp-somatic/scratch/ddpcr_gating_method_comparison_v2/inputs/definetherain/D178N/2021-05-20_SNV_D178N/ch2/A10_amplitude.csv,1,18341,NA,NA,NA,NA,NA,A10,ch2
definetherain,D178N,2021-05-20_SNV_D178N,/mnt/c/Projects/prnp-somatic/scratch/ddpcr_gating_method_comparison_v2/inputs/definetherain/D178N/2021-05-20_SNV_D178N/ch1/B01_amplitude.csv,1,12899,NA,NA,NA,NA,NA,B01,ch1
definetherain,D178N,2021-05-20_SNV_D178N,/mnt/c/Projects/prnp-somatic/scratch/ddpcr_gating_method_comparison_v2/inputs/definetherain/D178N/2021-05-20_SNV_D178N/ch2/B01_amplitude.csv,1,12899,NA,NA,NA,NA,NA,B01,ch2
definetherain,D178N,2021-05-20_SNV_D178N,/mnt/c/Projects/prnp-somatic/scratch/ddpcr_gating_method_comparison_v2/inputs/definetherain/D178N/2021-05-20_SNV_D178N/ch1/B04_amplitude.csv,1,17260,NA,NA,NA,NA,NA,B04,ch1
definetherain,D178N,2021-05-20_SNV_D178N,/mnt/c/Projects/prnp-somatic/scratch/ddpcr_gating_method_comparison_v2/inputs/definetherain/D178N/2021-05-20_SNV_D178N/ch2/B04_amplitude.csv,1,17260,NA,NA,NA,NA,NA,B04,ch2
definetherain,D178N,2021-05-20_SNV_D178N,/mnt/c/Projects/prnp-somatic/scratch/ddpcr_gating_method_comparison_v2/inputs/definetherain/D178N/2021-05-20_SNV_D178N/ch1/B07_amplitude.csv,1,15516,NA,NA,NA,NA,NA,B07,ch1
definetherain,D178N,2021-05-20_SNV_D178N,/mnt/c/Projects/prnp-somatic/scratch/ddpcr_gating_method_comparison_v2/inputs/definetherain/D178N/2021-05-20_SNV_D178N/ch2/B07_amplitude.csv,1,15516,NA,NA,NA,NA,NA,B07,ch2
definetherain,D178N,2021-05-20_SNV_D178N,/mnt/c/Projects/prnp-somatic/scratch/ddpcr_gating_method_comparison_v2/inputs/definetherain/D178N/2021-05-20_SNV_D178N/ch1/B10_amplitude.csv,1,17039,NA,NA,NA,NA,NA,B10,ch1
definetherain,D178N,2021-05-20_SNV_D178N,/mnt/c/Projects/prnp-somatic/scratch/ddpcr_gating_method_comparison_v2/inputs/definetherain/D178N/2021-05-20_SNV_D178N/ch2/B10_amplitude.csv,1,17039,NA,NA,NA,NA,NA,B10,ch2
definetherain,D178N,2021-05-20_SNV_D178N,/mnt/c/Projects/prnp-somatic/scratch/ddpcr_gating_method_comparison_v2/inputs/definetherain/D178N/2021-05-20_SNV_D178N/ch1/C01_amplitude.csv,1,14886,NA,NA,NA,NA,NA,C01,ch1
definetherain,D178N,2021-05-20_SNV_D178N,/mnt/c/Projects/prnp-somatic/scratch/ddpcr_gating_method_comparison_v2/inputs/definetherain/D178N/2021-05-20_SNV_D178N/ch2/C01_amplitude.csv,1,14886,NA,NA,NA,NA,NA,C01,ch2
definetherain,D178N,2021-05-20_SNV_D178N,/mnt/c/Projects/prnp-somatic/scratch/ddpcr_gating_method_comparison_v2/inputs/definetherain/D178N/2021-05-20_SNV_D178N/ch1/C04_amplitude.csv,1,17418,NA,NA,NA,NA,NA,C04,ch1
definetherain,D178N,2021-05-20_SNV_D178N,/mnt/c/Projects/prnp-somatic/scratch/ddpcr_gating_method_comparison_v2/inputs/definetherain/D178N/2021-05-20_SNV_D178N/ch2/C04_amplitude.csv,1,17418,NA,NA,NA,NA,NA,C04,ch2
definetherain,D178N,2021-05-20_SNV_D178N,/mnt/c/Projects/prnp-somatic/scratch/ddpcr_gating_method_comparison_v2/inputs/definetherain/D178N/2021-05-20_SNV_D178N/ch1/C07_amplitude.csv,1,15301,NA,NA,NA,NA,NA,C07,ch1
definetherain,D178N,2021-05-20_SNV_D178N,/mnt/c/Projects/prnp-somatic/scratch/ddpcr_gating_method_comparison_v2/inputs/definetherain/D178N/2021-05-20_SNV_D178N/ch2/C07_amplitude.csv,1,15301,NA,NA,NA,NA,NA,C07,ch2
definetherain,D178N,2021-05-20_SNV_D178N,/mnt/c/Projects/prnp-somatic/scratch/ddpcr_gating_method_comparison_v2/inputs/definetherain/D178N/2021-05-20_SNV_D178N/ch1/C10_amplitude.csv,1,18971,NA,NA,NA,NA,NA,C10,ch1
definetherain,D178N,2021-05-20_SNV_D178N,/mnt/c/Projects/prnp-somatic/scratch/ddpcr_gating_method_comparison_v2/inputs/definetherain/D178N/2021-05-20_SNV_D178N/ch2/C10_amplitude.csv,1,18971,NA,NA,NA,NA,NA,C10,ch2
definetherain,D178N,2021-05-20_SNV_D178N,/mnt/c/Projects/prnp-somatic/scratch/ddpcr_gating_method_comparison_v2/inputs/definetherain/D178N/2021-05-20_SNV_D178N/ch1/D01_amplitude.csv,1,15793,NA,NA,NA,NA,NA,D01,ch1
definetherain,D178N,2021-05-20_SNV_D178N,/mnt/c/Projects/prnp-somatic/scratch/ddpcr_gating_method_comparison_v2/inputs/definetherain/D178N/2021-05-20_SNV_D178N/ch2/D01_amplitude.csv,1,15793,NA,NA,NA,NA,NA,D01,ch2
definetherain,D178N,2021-05-20_SNV_D178N,/mnt/c/Projects/prnp-somatic/scratch/ddpcr_gating_method_comparison_v2/inputs/definetherain/D178N/2021-05-20_SNV_D178N/ch1/D04_amplitude.csv,1,16803,NA,NA,NA,NA,NA,D04,ch1
definetherain,D178N,2021-05-20_SNV_D178N,/mnt/c/Projects/prnp-somatic/scratch/ddpcr_gating_method_comparison_v2/inputs/definetherain/D178N/2021-05-20_SNV_D178N/ch2/D04_amplitude.csv,1,16803,NA,NA,NA,NA,NA,D04,ch2
definetherain,D178N,2021-05-20_SNV_D178N,/mnt/c/Projects/prnp-somatic/scratch/ddpcr_gating_method_comparison_v2/inputs/definetherain/D178N/2021-05-20_SNV_D178N/ch1/D07_amplitude.csv,1,14389,NA,NA,NA,NA,NA,D07,ch1
definetherain,D178N,2021-05-20_SNV_D178N,/mnt/c/Projects/prnp-somatic/scratch/ddpcr_gating_method_comparison_v2/inputs/definetherain/D178N/2021-05-20_SNV_D178N/ch2/D07_amplitude.csv,1,14389,NA,NA,NA,NA,NA,D07,ch2
definetherain,D178N,2021-05-20_SNV_D178N,/mnt/c/Projects/prnp-somatic/scratch/ddpcr_gating_method_comparison_v2/inputs/definetherain/D178N/2021-05-20_SNV_D178N/ch1/D10_amplitude.csv,1,19090,NA,NA,NA,NA,NA,D10,ch1
definetherain,D178N,2021-05-20_SNV_D178N,/mnt/c/Projects/prnp-somatic/scratch/ddpcr_gating_method_comparison_v2/inputs/definetherain/D178N/2021-05-20_SNV_D178N/ch2/D10_amplitude.csv,1,19090,NA,NA,NA,NA,NA,D10,ch2
definetherain,D178N,2021-05-20_SNV_D178N,/mnt/c/Projects/prnp-somatic/scratch/ddpcr_gating_method_comparison_v2/inputs/definetherain/D178N/2021-05-20_SNV_D178N/ch1/E01_amplitude.csv,1,16756,NA,NA,NA,NA,NA,E01,ch1
definetherain,D178N,2021-05-20_SNV_D178N,/mnt/c/Projects/prnp-somatic/scratch/ddpcr_gating_method_comparison_v2/inputs/definetherain/D178N/2021-05-20_SNV_D178N/ch2/E01_amplitude.csv,1,16756,NA,NA,NA,NA,NA,E01,ch2
definetherain,D178N,2021-05-20_SNV_D178N,/mnt/c/Projects/prnp-somatic/scratch/ddpcr_gating_method_comparison_v2/inputs/definetherain/D178N/2021-05-20_SNV_D178N/ch1/E04_amplitude.csv,1,17304,NA,NA,NA,NA,NA,E04,ch1
definetherain,D178N,2021-05-20_SNV_D178N,/mnt/c/Projects/prnp-somatic/scratch/ddpcr_gating_method_comparison_v2/inputs/definetherain/D178N/2021-05-20_SNV_D178N/ch2/E04_amplitude.csv,1,17304,NA,NA,NA,NA,NA,E04,ch2
definetherain,D178N,2021-05-20_SNV_D178N,/mnt/c/Projects/prnp-somatic/scratch/ddpcr_gating_method_comparison_v2/inputs/definetherain/D178N/2021-05-20_SNV_D178N/ch1/E07_amplitude.csv,1,14757,NA,NA,NA,NA,NA,E07,ch1
definetherain,D178N,2021-05-20_SNV_D178N,/mnt/c/Projects/prnp-somatic/scratch/ddpcr_gating_method_comparison_v2/inputs/definetherain/D178N/2021-05-20_SNV_D178N/ch2/E07_amplitude.csv,1,14757,NA,NA,NA,NA,NA,E07,ch2
definetherain,D178N,2021-05-20_SNV_D178N,/mnt/c/Projects/prnp-somatic/scratch/ddpcr_gating_method_comparison_v2/inputs/definetherain/D178N/2021-05-20_SNV_D178N/ch1/F01_amplitude.csv,1,17113,NA,NA,NA,NA,NA,F01,ch1
definetherain,D178N,2021-05-20_SNV_D178N,/mnt/c/Projects/prnp-somatic/scratch/ddpcr_gating_method_comparison_v2/inputs/definetherain/D178N/2021-05-20_SNV_D178N/ch2/F01_amplitude.csv,1,17113,NA,NA,NA,NA,NA,F01,ch2
definetherain,D178N,2021-05-20_SNV_D178N,/mnt/c/Projects/prnp-somatic/scratch/ddpcr_gating_method_comparison_v2/inputs/definetherain/D178N/2021-05-20_SNV_D178N/ch1/F04_amplitude.csv,1,16360,NA,NA,NA,NA,NA,F04,ch1
definetherain,D178N,2021-05-20_SNV_D178N,/mnt/c/Projects/prnp-somatic/scratch/ddpcr_gating_method_comparison_v2/inputs/definetherain/D178N/2021-05-20_SNV_D178N/ch2/F04_amplitude.csv,1,16360,NA,NA,NA,NA,NA,F04,ch2
definetherain,D178N,2021-05-20_SNV_D178N,/mnt/c/Projects/prnp-somatic/scratch/ddpcr_gating_method_comparison_v2/inputs/definetherain/D178N/2021-05-20_SNV_D178N/ch1/F07_amplitude.csv,1,15781,NA,NA,NA,NA,NA,F07,ch1
definetherain,D178N,2021-05-20_SNV_D178N,/mnt/c/Projects/prnp-somatic/scratch/ddpcr_gating_method_comparison_v2/inputs/definetherain/D178N/2021-05-20_SNV_D178N/ch2/F07_amplitude.csv,1,15781,NA,NA,NA,NA,NA,F07,ch2
definetherain,D178N,2021-05-20_SNV_D178N,/mnt/c/Projects/prnp-somatic/scratch/ddpcr_gating_method_comparison_v2/inputs/definetherain/D178N/2021-05-20_SNV_D178N/ch1/G01_amplitude.csv,1,17173,NA,NA,NA,NA,NA,G01,ch1
definetherain,D178N,2021-05-20_SNV_D178N,/mnt/c/Projects/prnp-somatic/scratch/ddpcr_gating_method_comparison_v2/inputs/definetherain/D178N/2021-05-20_SNV_D178N/ch2/G01_amplitude.csv,1,17173,NA,NA,NA,NA,NA,G01,ch2
definetherain,D178N,2021-05-20_SNV_D178N,/mnt/c/Projects/prnp-somatic/scratch/ddpcr_gating_method_comparison_v2/inputs/definetherain/D178N/2021-05-20_SNV_D178N/ch1/G04_amplitude.csv,1,17242,NA,NA,NA,NA,NA,G04,ch1
definetherain,D178N,2021-05-20_SNV_D178N,/mnt/c/Projects/prnp-somatic/scratch/ddpcr_gating_method_comparison_v2/inputs/definetherain/D178N/2021-05-20_SNV_D178N/ch2/G04_amplitude.csv,1,17242,NA,NA,NA,NA,NA,G04,ch2
definetherain,D178N,2021-05-20_SNV_D178N,/mnt/c/Projects/prnp-somatic/scratch/ddpcr_gating_method_comparison_v2/inputs/definetherain/D178N/2021-05-20_SNV_D178N/ch1/G07_amplitude.csv,1,15288,NA,NA,NA,NA,NA,G07,ch1
definetherain,D178N,2021-05-20_SNV_D178N,/mnt/c/Projects/prnp-somatic/scratch/ddpcr_gating_method_comparison_v2/inputs/definetherain/D178N/2021-05-20_SNV_D178N/ch2/G07_amplitude.csv,1,15288,NA,NA,NA,NA,NA,G07,ch2
definetherain,D178N,2021-05-20_SNV_D178N,/mnt/c/Projects/prnp-somatic/scratch/ddpcr_gating_method_comparison_v2/inputs/definetherain/D178N/2021-05-20_SNV_D178N/ch1/H01_amplitude.csv,1,17603,NA,NA,NA,NA,NA,H01,ch1
definetherain,D178N,2021-05-20_SNV_D178N,/mnt/c/Projects/prnp-somatic/scratch/ddpcr_gating_method_comparison_v2/inputs/definetherain/D178N/2021-05-20_SNV_D178N/ch2/H01_amplitude.csv,1,17603,NA,NA,NA,NA,NA,H01,ch2
definetherain,D178N,2021-05-20_SNV_D178N,/mnt/c/Projects/prnp-somatic/scratch/ddpcr_gating_method_comparison_v2/inputs/definetherain/D178N/2021-05-20_SNV_D178N/ch1/H04_amplitude.csv,1,18095,NA,NA,NA,NA,NA,H04,ch1
definetherain,D178N,2021-05-20_SNV_D178N,/mnt/c/Projects/prnp-somatic/scratch/ddpcr_gating_method_comparison_v2/inputs/definetherain/D178N/2021-05-20_SNV_D178N/ch2/H04_amplitude.csv,1,18095,NA,NA,NA,NA,NA,H04,ch2
definetherain,D178N,2021-05-20_SNV_D178N,/mnt/c/Projects/prnp-somatic/scratch/ddpcr_gating_method_comparison_v2/inputs/definetherain/D178N/2021-05-20_SNV_D178N/ch1/H07_amplitude.csv,1,16378,NA,NA,NA,NA,NA,H07,ch1
definetherain,D178N,2021-05-20_SNV_D178N,/mnt/c/Projects/prnp-somatic/scratch/ddpcr_gating_method_comparison_v2/inputs/definetherain/D178N/2021-05-20_SNV_D178N/ch2/H07_amplitude.csv,1,16378,NA,NA,NA,NA,NA,H07,ch2
definetherain,D178N,2021-10-14_SNV_D178N,/mnt/c/Projects/prnp-somatic/scratch/ddpcr_gating_method_comparison_v2/inputs/definetherain/D178N/2021-10-14_SNV_D178N/ch1/A01_amplitude.csv,1,15100,NA,NA,NA,NA,NA,A01,ch1
definetherain,D178N,2021-10-14_SNV_D178N,/mnt/c/Projects/prnp-somatic/scratch/ddpcr_gating_method_comparison_v2/inputs/definetherain/D178N/2021-10-14_SNV_D178N/ch2/A01_amplitude.csv,1,15100,NA,NA,NA,NA,NA,A01,ch2
definetherain,D178N,2021-10-14_SNV_D178N,/mnt/c/Projects/prnp-somatic/scratch/ddpcr_gating_method_comparison_v2/inputs/definetherain/D178N/2021-10-14_SNV_D178N/ch1/B01_amplitude.csv,1,14163,NA,NA,NA,NA,NA,B01,ch1
definetherain,D178N,2021-10-14_SNV_D178N,/mnt/c/Projects/prnp-somatic/scratch/ddpcr_gating_method_comparison_v2/inputs/definetherain/D178N/2021-10-14_SNV_D178N/ch2/B01_amplitude.csv,1,14163,NA,NA,NA,NA,NA,B01,ch2
definetherain,D178N,2021-10-14_SNV_D178N,/mnt/c/Projects/prnp-somatic/scratch/ddpcr_gating_method_comparison_v2/inputs/definetherain/D178N/2021-10-14_SNV_D178N/ch1/C01_amplitude.csv,1,12577,NA,NA,NA,NA,NA,C01,ch1
definetherain,D178N,2021-10-14_SNV_D178N,/mnt/c/Projects/prnp-somatic/scratch/ddpcr_gating_method_comparison_v2/inputs/definetherain/D178N/2021-10-14_SNV_D178N/ch2/C01_amplitude.csv,1,12577,NA,NA,NA,NA,NA,C01,ch2
definetherain,D178N,2021-10-14_SNV_D178N,/mnt/c/Projects/prnp-somatic/scratch/ddpcr_gating_method_comparison_v2/inputs/definetherain/D178N/2021-10-14_SNV_D178N/ch1/D01_amplitude.csv,1,12910,NA,NA,NA,NA,NA,D01,ch1
definetherain,D178N,2021-10-14_SNV_D178N,/mnt/c/Projects/prnp-somatic/scratch/ddpcr_gating_method_comparison_v2/inputs/definetherain/D178N/2021-10-14_SNV_D178N/ch2/D01_amplitude.csv,1,12910,NA,NA,NA,NA,NA,D01,ch2
definetherain,D178N,2021-10-14_SNV_D178N,/mnt/c/Projects/prnp-somatic/scratch/ddpcr_gating_method_comparison_v2/inputs/definetherain/D178N/2021-10-14_SNV_D178N/ch1/E01_amplitude.csv,1,12693,NA,NA,NA,NA,NA,E01,ch1
definetherain,D178N,2021-10-14_SNV_D178N,/mnt/c/Projects/prnp-somatic/scratch/ddpcr_gating_method_comparison_v2/inputs/definetherain/D178N/2021-10-14_SNV_D178N/ch2/E01_amplitude.csv,1,12693,NA,NA,NA,NA,NA,E01,ch2
definetherain,E200K,2020-10-12_SNV_E200K,/mnt/c/Projects/prnp-somatic/scratch/ddpcr_gating_method_comparison_v2/inputs/definetherain/E200K/2020-10-12_SNV_E200K/ch1/A02_amplitude.csv,1,12344,NA,NA,NA,NA,NA,A02,ch1
definetherain,E200K,2020-10-12_SNV_E200K,/mnt/c/Projects/prnp-somatic/scratch/ddpcr_gating_method_comparison_v2/inputs/definetherain/E200K/2020-10-12_SNV_E200K/ch2/A02_amplitude.csv,1,12344,NA,NA,NA,NA,NA,A02,ch2
definetherain,E200K,2020-10-12_SNV_E200K,/mnt/c/Projects/prnp-somatic/scratch/ddpcr_gating_method_comparison_v2/inputs/definetherain/E200K/2020-10-12_SNV_E200K/ch1/A08_amplitude.csv,1,16542,NA,NA,NA,NA,NA,A08,ch1
definetherain,E200K,2020-10-12_SNV_E200K,/mnt/c/Projects/prnp-somatic/scratch/ddpcr_gating_method_comparison_v2/inputs/definetherain/E200K/2020-10-12_SNV_E200K/ch2/A08_amplitude.csv,1,16542,NA,NA,NA,NA,NA,A08,ch2
definetherain,E200K,2020-10-12_SNV_E200K,/mnt/c/Projects/prnp-somatic/scratch/ddpcr_gating_method_comparison_v2/inputs/definetherain/E200K/2020-10-12_SNV_E200K/ch1/B02_amplitude.csv,1,14469,NA,NA,NA,NA,NA,B02,ch1
definetherain,E200K,2020-10-12_SNV_E200K,/mnt/c/Projects/prnp-somatic/scratch/ddpcr_gating_method_comparison_v2/inputs/definetherain/E200K/2020-10-12_SNV_E200K/ch2/B02_amplitude.csv,1,14469,NA,NA,NA,NA,NA,B02,ch2
definetherain,E200K,2020-10-12_SNV_E200K,/mnt/c/Projects/prnp-somatic/scratch/ddpcr_gating_method_comparison_v2/inputs/definetherain/E200K/2020-10-12_SNV_E200K/ch1/B05_amplitude.csv,1,14602,NA,NA,NA,NA,NA,B05,ch1
definetherain,E200K,2020-10-12_SNV_E200K,/mnt/c/Projects/prnp-somatic/scratch/ddpcr_gating_method_comparison_v2/inputs/definetherain/E200K/2020-10-12_SNV_E200K/ch2/B05_amplitude.csv,1,14602,NA,NA,NA,NA,NA,B05,ch2
definetherain,E200K,2020-10-12_SNV_E200K,/mnt/c/Projects/prnp-somatic/scratch/ddpcr_gating_method_comparison_v2/inputs/definetherain/E200K/2020-10-12_SNV_E200K/ch1/C02_amplitude.csv,1,13996,NA,NA,NA,NA,NA,C02,ch1
definetherain,E200K,2020-10-12_SNV_E200K,/mnt/c/Projects/prnp-somatic/scratch/ddpcr_gating_method_comparison_v2/inputs/definetherain/E200K/2020-10-12_SNV_E200K/ch2/C02_amplitude.csv,1,13996,NA,NA,NA,NA,NA,C02,ch2
definetherain,E200K,2020-10-12_SNV_E200K,/mnt/c/Projects/prnp-somatic/scratch/ddpcr_gating_method_comparison_v2/inputs/definetherain/E200K/2020-10-12_SNV_E200K/ch1/D05_amplitude.csv,1,13823,NA,NA,NA,NA,NA,D05,ch1
definetherain,E200K,2020-10-12_SNV_E200K,/mnt/c/Projects/prnp-somatic/scratch/ddpcr_gating_method_comparison_v2/inputs/definetherain/E200K/2020-10-12_SNV_E200K/ch2/D05_amplitude.csv,1,13823,NA,NA,NA,NA,NA,D05,ch2
definetherain,E200K,2020-10-15_SNV_E200K,/mnt/c/Projects/prnp-somatic/scratch/ddpcr_gating_method_comparison_v2/inputs/definetherain/E200K/2020-10-15_SNV_E200K/ch1/A02_amplitude.csv,1,5742,NA,NA,NA,NA,NA,A02,ch1
definetherain,E200K,2020-10-15_SNV_E200K,/mnt/c/Projects/prnp-somatic/scratch/ddpcr_gating_method_comparison_v2/inputs/definetherain/E200K/2020-10-15_SNV_E200K/ch2/A02_amplitude.csv,1,5742,NA,NA,NA,NA,NA,A02,ch2
definetherain,E200K,2020-10-15_SNV_E200K,/mnt/c/Projects/prnp-somatic/scratch/ddpcr_gating_method_comparison_v2/inputs/definetherain/E200K/2020-10-15_SNV_E200K/ch1/A04_amplitude.csv,1,13140,NA,NA,NA,NA,NA,A04,ch1
definetherain,E200K,2020-10-15_SNV_E200K,/mnt/c/Projects/prnp-somatic/scratch/ddpcr_gating_method_comparison_v2/inputs/definetherain/E200K/2020-10-15_SNV_E200K/ch2/A04_amplitude.csv,1,13140,NA,NA,NA,NA,NA,A04,ch2
definetherain,E200K,2020-10-15_SNV_E200K,/mnt/c/Projects/prnp-somatic/scratch/ddpcr_gating_method_comparison_v2/inputs/definetherain/E200K/2020-10-15_SNV_E200K/ch1/A06_amplitude.csv,1,13731,NA,NA,NA,NA,NA,A06,ch1
definetherain,E200K,2020-10-15_SNV_E200K,/mnt/c/Projects/prnp-somatic/scratch/ddpcr_gating_method_comparison_v2/inputs/definetherain/E200K/2020-10-15_SNV_E200K/ch2/A06_amplitude.csv,1,13731,NA,NA,NA,NA,NA,A06,ch2
definetherain,E200K,2020-10-15_SNV_E200K,/mnt/c/Projects/prnp-somatic/scratch/ddpcr_gating_method_comparison_v2/inputs/definetherain/E200K/2020-10-15_SNV_E200K/ch1/A08_amplitude.csv,1,11973,NA,NA,NA,NA,NA,A08,ch1
definetherain,E200K,2020-10-15_SNV_E200K,/mnt/c/Projects/prnp-somatic/scratch/ddpcr_gating_method_comparison_v2/inputs/definetherain/E200K/2020-10-15_SNV_E200K/ch2/A08_amplitude.csv,1,11973,NA,NA,NA,NA,NA,A08,ch2
definetherain,E200K,2020-10-15_SNV_E200K,/mnt/c/Projects/prnp-somatic/scratch/ddpcr_gating_method_comparison_v2/inputs/definetherain/E200K/2020-10-15_SNV_E200K/ch1/A10_amplitude.csv,1,14913,NA,NA,NA,NA,NA,A10,ch1
definetherain,E200K,2020-10-15_SNV_E200K,/mnt/c/Projects/prnp-somatic/scratch/ddpcr_gating_method_comparison_v2/inputs/definetherain/E200K/2020-10-15_SNV_E200K/ch2/A10_amplitude.csv,1,14913,NA,NA,NA,NA,NA,A10,ch2
definetherain,E200K,2020-10-15_SNV_E200K,/mnt/c/Projects/prnp-somatic/scratch/ddpcr_gating_method_comparison_v2/inputs/definetherain/E200K/2020-10-15_SNV_E200K/ch1/B02_amplitude.csv,1,10515,NA,NA,NA,NA,NA,B02,ch1
definetherain,E200K,2020-10-15_SNV_E200K,/mnt/c/Projects/prnp-somatic/scratch/ddpcr_gating_method_comparison_v2/inputs/definetherain/E200K/2020-10-15_SNV_E200K/ch2/B02_amplitude.csv,1,10515,NA,NA,NA,NA,NA,B02,ch2
definetherain,E200K,2020-10-15_SNV_E200K,/mnt/c/Projects/prnp-somatic/scratch/ddpcr_gating_method_comparison_v2/inputs/definetherain/E200K/2020-10-15_SNV_E200K/ch1/B04_amplitude.csv,1,14041,NA,NA,NA,NA,NA,B04,ch1
definetherain,E200K,2020-10-15_SNV_E200K,/mnt/c/Projects/prnp-somatic/scratch/ddpcr_gating_method_comparison_v2/inputs/definetherain/E200K/2020-10-15_SNV_E200K/ch2/B04_amplitude.csv,1,14041,NA,NA,NA,NA,NA,B04,ch2
definetherain,E200K,2020-10-15_SNV_E200K,/mnt/c/Projects/prnp-somatic/scratch/ddpcr_gating_method_comparison_v2/inputs/definetherain/E200K/2020-10-15_SNV_E200K/ch1/B06_amplitude.csv,1,13786,NA,NA,NA,NA,NA,B06,ch1
definetherain,E200K,2020-10-15_SNV_E200K,/mnt/c/Projects/prnp-somatic/scratch/ddpcr_gating_method_comparison_v2/inputs/definetherain/E200K/2020-10-15_SNV_E200K/ch2/B06_amplitude.csv,1,13786,NA,NA,NA,NA,NA,B06,ch2
definetherain,E200K,2020-10-15_SNV_E200K,/mnt/c/Projects/prnp-somatic/scratch/ddpcr_gating_method_comparison_v2/inputs/definetherain/E200K/2020-10-15_SNV_E200K/ch1/B08_amplitude.csv,1,14620,NA,NA,NA,NA,NA,B08,ch1
definetherain,E200K,2020-10-15_SNV_E200K,/mnt/c/Projects/prnp-somatic/scratch/ddpcr_gating_method_comparison_v2/inputs/definetherain/E200K/2020-10-15_SNV_E200K/ch2/B08_amplitude.csv,1,14620,NA,NA,NA,NA,NA,B08,ch2
definetherain,E200K,2020-10-15_SNV_E200K,/mnt/c/Projects/prnp-somatic/scratch/ddpcr_gating_method_comparison_v2/inputs/definetherain/E200K/2020-10-15_SNV_E200K/ch1/B10_amplitude.csv,1,12588,NA,NA,NA,NA,NA,B10,ch1
definetherain,E200K,2020-10-15_SNV_E200K,/mnt/c/Projects/prnp-somatic/scratch/ddpcr_gating_method_comparison_v2/inputs/definetherain/E200K/2020-10-15_SNV_E200K/ch2/B10_amplitude.csv,1,12588,NA,NA,NA,NA,NA,B10,ch2
definetherain,E200K,2020-10-15_SNV_E200K,/mnt/c/Projects/prnp-somatic/scratch/ddpcr_gating_method_comparison_v2/inputs/definetherain/E200K/2020-10-15_SNV_E200K/ch1/C02_amplitude.csv,1,11680,NA,NA,NA,NA,NA,C02,ch1
definetherain,E200K,2020-10-15_SNV_E200K,/mnt/c/Projects/prnp-somatic/scratch/ddpcr_gating_method_comparison_v2/inputs/definetherain/E200K/2020-10-15_SNV_E200K/ch2/C02_amplitude.csv,1,11680,NA,NA,NA,NA,NA,C02,ch2
definetherain,E200K,2020-10-15_SNV_E200K,/mnt/c/Projects/prnp-somatic/scratch/ddpcr_gating_method_comparison_v2/inputs/definetherain/E200K/2020-10-15_SNV_E200K/ch1/C04_amplitude.csv,1,13065,NA,NA,NA,NA,NA,C04,ch1
definetherain,E200K,2020-10-15_SNV_E200K,/mnt/c/Projects/prnp-somatic/scratch/ddpcr_gating_method_comparison_v2/inputs/definetherain/E200K/2020-10-15_SNV_E200K/ch2/C04_amplitude.csv,1,13065,NA,NA,NA,NA,NA,C04,ch2
definetherain,E200K,2020-10-15_SNV_E200K,/mnt/c/Projects/prnp-somatic/scratch/ddpcr_gating_method_comparison_v2/inputs/definetherain/E200K/2020-10-15_SNV_E200K/ch1/C06_amplitude.csv,1,15012,NA,NA,NA,NA,NA,C06,ch1
definetherain,E200K,2020-10-15_SNV_E200K,/mnt/c/Projects/prnp-somatic/scratch/ddpcr_gating_method_comparison_v2/inputs/definetherain/E200K/2020-10-15_SNV_E200K/ch2/C06_amplitude.csv,1,15012,NA,NA,NA,NA,NA,C06,ch2
definetherain,E200K,2020-10-15_SNV_E200K,/mnt/c/Projects/prnp-somatic/scratch/ddpcr_gating_method_comparison_v2/inputs/definetherain/E200K/2020-10-15_SNV_E200K/ch1/C08_amplitude.csv,1,13599,NA,NA,NA,NA,NA,C08,ch1
definetherain,E200K,2020-10-15_SNV_E200K,/mnt/c/Projects/prnp-somatic/scratch/ddpcr_gating_method_comparison_v2/inputs/definetherain/E200K/2020-10-15_SNV_E200K/ch2/C08_amplitude.csv,1,13599,NA,NA,NA,NA,NA,C08,ch2
definetherain,E200K,2020-10-15_SNV_E200K,/mnt/c/Projects/prnp-somatic/scratch/ddpcr_gating_method_comparison_v2/inputs/definetherain/E200K/2020-10-15_SNV_E200K/ch1/C10_amplitude.csv,1,14168,NA,NA,NA,NA,NA,C10,ch1
definetherain,E200K,2020-10-15_SNV_E200K,/mnt/c/Projects/prnp-somatic/scratch/ddpcr_gating_method_comparison_v2/inputs/definetherain/E200K/2020-10-15_SNV_E200K/ch2/C10_amplitude.csv,1,14168,NA,NA,NA,NA,NA,C10,ch2
definetherain,E200K,2020-10-15_SNV_E200K,/mnt/c/Projects/prnp-somatic/scratch/ddpcr_gating_method_comparison_v2/inputs/definetherain/E200K/2020-10-15_SNV_E200K/ch1/D04_amplitude.csv,1,9782,NA,NA,NA,NA,NA,D04,ch1
definetherain,E200K,2020-10-15_SNV_E200K,/mnt/c/Projects/prnp-somatic/scratch/ddpcr_gating_method_comparison_v2/inputs/definetherain/E200K/2020-10-15_SNV_E200K/ch2/D04_amplitude.csv,1,9782,NA,NA,NA,NA,NA,D04,ch2
definetherain,E200K,2020-10-15_SNV_E200K,/mnt/c/Projects/prnp-somatic/scratch/ddpcr_gating_method_comparison_v2/inputs/definetherain/E200K/2020-10-15_SNV_E200K/ch1/D06_amplitude.csv,1,12780,NA,NA,NA,NA,NA,D06,ch1
definetherain,E200K,2020-10-15_SNV_E200K,/mnt/c/Projects/prnp-somatic/scratch/ddpcr_gating_method_comparison_v2/inputs/definetherain/E200K/2020-10-15_SNV_E200K/ch2/D06_amplitude.csv,1,12780,NA,NA,NA,NA,NA,D06,ch2
definetherain,E200K,2020-10-15_SNV_E200K,/mnt/c/Projects/prnp-somatic/scratch/ddpcr_gating_method_comparison_v2/inputs/definetherain/E200K/2020-10-15_SNV_E200K/ch1/D08_amplitude.csv,1,9892,NA,NA,NA,NA,NA,D08,ch1
definetherain,E200K,2020-10-15_SNV_E200K,/mnt/c/Projects/prnp-somatic/scratch/ddpcr_gating_method_comparison_v2/inputs/definetherain/E200K/2020-10-15_SNV_E200K/ch2/D08_amplitude.csv,1,9892,NA,NA,NA,NA,NA,D08,ch2
definetherain,E200K,2020-10-15_SNV_E200K,/mnt/c/Projects/prnp-somatic/scratch/ddpcr_gating_method_comparison_v2/inputs/definetherain/E200K/2020-10-15_SNV_E200K/ch1/E04_amplitude.csv,1,13712,NA,NA,NA,NA,NA,E04,ch1
definetherain,E200K,2020-10-15_SNV_E200K,/mnt/c/Projects/prnp-somatic/scratch/ddpcr_gating_method_comparison_v2/inputs/definetherain/E200K/2020-10-15_SNV_E200K/ch2/E04_amplitude.csv,1,13712,NA,NA,NA,NA,NA,E04,ch2
definetherain,E200K,2020-10-15_SNV_E200K,/mnt/c/Projects/prnp-somatic/scratch/ddpcr_gating_method_comparison_v2/inputs/definetherain/E200K/2020-10-15_SNV_E200K/ch1/E06_amplitude.csv,1,13220,NA,NA,NA,NA,NA,E06,ch1
definetherain,E200K,2020-10-15_SNV_E200K,/mnt/c/Projects/prnp-somatic/scratch/ddpcr_gating_method_comparison_v2/inputs/definetherain/E200K/2020-10-15_SNV_E200K/ch2/E06_amplitude.csv,1,13220,NA,NA,NA,NA,NA,E06,ch2
definetherain,E200K,2020-10-15_SNV_E200K,/mnt/c/Projects/prnp-somatic/scratch/ddpcr_gating_method_comparison_v2/inputs/definetherain/E200K/2020-10-15_SNV_E200K/ch1/E08_amplitude.csv,1,13789,NA,NA,NA,NA,NA,E08,ch1
definetherain,E200K,2020-10-15_SNV_E200K,/mnt/c/Projects/prnp-somatic/scratch/ddpcr_gating_method_comparison_v2/inputs/definetherain/E200K/2020-10-15_SNV_E200K/ch2/E08_amplitude.csv,1,13789,NA,NA,NA,NA,NA,E08,ch2
definetherain,E200K,2020-10-15_SNV_E200K,/mnt/c/Projects/prnp-somatic/scratch/ddpcr_gating_method_comparison_v2/inputs/definetherain/E200K/2020-10-15_SNV_E200K/ch1/E10_amplitude.csv,1,10489,NA,NA,NA,NA,NA,E10,ch1
definetherain,E200K,2020-10-15_SNV_E200K,/mnt/c/Projects/prnp-somatic/scratch/ddpcr_gating_method_comparison_v2/inputs/definetherain/E200K/2020-10-15_SNV_E200K/ch2/E10_amplitude.csv,1,10489,NA,NA,NA,NA,NA,E10,ch2
definetherain,E200K,2020-10-15_SNV_E200K,/mnt/c/Projects/prnp-somatic/scratch/ddpcr_gating_method_comparison_v2/inputs/definetherain/E200K/2020-10-15_SNV_E200K/ch1/F04_amplitude.csv,1,9327,NA,NA,NA,NA,NA,F04,ch1
definetherain,E200K,2020-10-15_SNV_E200K,/mnt/c/Projects/prnp-somatic/scratch/ddpcr_gating_method_comparison_v2/inputs/definetherain/E200K/2020-10-15_SNV_E200K/ch2/F04_amplitude.csv,1,9327,NA,NA,NA,NA,NA,F04,ch2
definetherain,E200K,2020-10-15_SNV_E200K,/mnt/c/Projects/prnp-somatic/scratch/ddpcr_gating_method_comparison_v2/inputs/definetherain/E200K/2020-10-15_SNV_E200K/ch1/F06_amplitude.csv,1,9458,NA,NA,NA,NA,NA,F06,ch1
definetherain,E200K,2020-10-15_SNV_E200K,/mnt/c/Projects/prnp-somatic/scratch/ddpcr_gating_method_comparison_v2/inputs/definetherain/E200K/2020-10-15_SNV_E200K/ch2/F06_amplitude.csv,1,9458,NA,NA,NA,NA,NA,F06,ch2
definetherain,E200K,2020-10-22_SNV_E200K,/mnt/c/Projects/prnp-somatic/scratch/ddpcr_gating_method_comparison_v2/inputs/definetherain/E200K/2020-10-22_SNV_E200K/ch1/A02_amplitude.csv,1,14226,NA,NA,NA,NA,NA,A02,ch1
definetherain,E200K,2020-10-22_SNV_E200K,/mnt/c/Projects/prnp-somatic/scratch/ddpcr_gating_method_comparison_v2/inputs/definetherain/E200K/2020-10-22_SNV_E200K/ch2/A02_amplitude.csv,1,14226,NA,NA,NA,NA,NA,A02,ch2
definetherain,E200K,2020-10-22_SNV_E200K,/mnt/c/Projects/prnp-somatic/scratch/ddpcr_gating_method_comparison_v2/inputs/definetherain/E200K/2020-10-22_SNV_E200K/ch1/A04_amplitude.csv,1,15031,NA,NA,NA,NA,NA,A04,ch1
definetherain,E200K,2020-10-22_SNV_E200K,/mnt/c/Projects/prnp-somatic/scratch/ddpcr_gating_method_comparison_v2/inputs/definetherain/E200K/2020-10-22_SNV_E200K/ch2/A04_amplitude.csv,1,15031,NA,NA,NA,NA,NA,A04,ch2
definetherain,E200K,2020-10-22_SNV_E200K,/mnt/c/Projects/prnp-somatic/scratch/ddpcr_gating_method_comparison_v2/inputs/definetherain/E200K/2020-10-22_SNV_E200K/ch1/A06_amplitude.csv,1,14949,NA,NA,NA,NA,NA,A06,ch1
definetherain,E200K,2020-10-22_SNV_E200K,/mnt/c/Projects/prnp-somatic/scratch/ddpcr_gating_method_comparison_v2/inputs/definetherain/E200K/2020-10-22_SNV_E200K/ch2/A06_amplitude.csv,1,14949,NA,NA,NA,NA,NA,A06,ch2
definetherain,E200K,2020-10-22_SNV_E200K,/mnt/c/Projects/prnp-somatic/scratch/ddpcr_gating_method_comparison_v2/inputs/definetherain/E200K/2020-10-22_SNV_E200K/ch1/A08_amplitude.csv,1,15194,NA,NA,NA,NA,NA,A08,ch1
definetherain,E200K,2020-10-22_SNV_E200K,/mnt/c/Projects/prnp-somatic/scratch/ddpcr_gating_method_comparison_v2/inputs/definetherain/E200K/2020-10-22_SNV_E200K/ch2/A08_amplitude.csv,1,15194,NA,NA,NA,NA,NA,A08,ch2
definetherain,E200K,2020-10-22_SNV_E200K,/mnt/c/Projects/prnp-somatic/scratch/ddpcr_gating_method_comparison_v2/inputs/definetherain/E200K/2020-10-22_SNV_E200K/ch1/A10_amplitude.csv,1,16714,NA,NA,NA,NA,NA,A10,ch1
definetherain,E200K,2020-10-22_SNV_E200K,/mnt/c/Projects/prnp-somatic/scratch/ddpcr_gating_method_comparison_v2/inputs/definetherain/E200K/2020-10-22_SNV_E200K/ch2/A10_amplitude.csv,1,16714,NA,NA,NA,NA,NA,A10,ch2
definetherain,E200K,2020-10-22_SNV_E200K,/mnt/c/Projects/prnp-somatic/scratch/ddpcr_gating_method_comparison_v2/inputs/definetherain/E200K/2020-10-22_SNV_E200K/ch1/B02_amplitude.csv,1,13499,NA,NA,NA,NA,NA,B02,ch1
definetherain,E200K,2020-10-22_SNV_E200K,/mnt/c/Projects/prnp-somatic/scratch/ddpcr_gating_method_comparison_v2/inputs/definetherain/E200K/2020-10-22_SNV_E200K/ch2/B02_amplitude.csv,1,13499,NA,NA,NA,NA,NA,B02,ch2
definetherain,E200K,2020-10-22_SNV_E200K,/mnt/c/Projects/prnp-somatic/scratch/ddpcr_gating_method_comparison_v2/inputs/definetherain/E200K/2020-10-22_SNV_E200K/ch1/B04_amplitude.csv,1,12366,NA,NA,NA,NA,NA,B04,ch1
definetherain,E200K,2020-10-22_SNV_E200K,/mnt/c/Projects/prnp-somatic/scratch/ddpcr_gating_method_comparison_v2/inputs/definetherain/E200K/2020-10-22_SNV_E200K/ch2/B04_amplitude.csv,1,12366,NA,NA,NA,NA,NA,B04,ch2
definetherain,E200K,2020-10-22_SNV_E200K,/mnt/c/Projects/prnp-somatic/scratch/ddpcr_gating_method_comparison_v2/inputs/definetherain/E200K/2020-10-22_SNV_E200K/ch1/B06_amplitude.csv,1,13980,NA,NA,NA,NA,NA,B06,ch1
definetherain,E200K,2020-10-22_SNV_E200K,/mnt/c/Projects/prnp-somatic/scratch/ddpcr_gating_method_comparison_v2/inputs/definetherain/E200K/2020-10-22_SNV_E200K/ch2/B06_amplitude.csv,1,13980,NA,NA,NA,NA,NA,B06,ch2
definetherain,E200K,2020-10-22_SNV_E200K,/mnt/c/Projects/prnp-somatic/scratch/ddpcr_gating_method_comparison_v2/inputs/definetherain/E200K/2020-10-22_SNV_E200K/ch1/B08_amplitude.csv,1,15372,NA,NA,NA,NA,NA,B08,ch1
definetherain,E200K,2020-10-22_SNV_E200K,/mnt/c/Projects/prnp-somatic/scratch/ddpcr_gating_method_comparison_v2/inputs/definetherain/E200K/2020-10-22_SNV_E200K/ch2/B08_amplitude.csv,1,15372,NA,NA,NA,NA,NA,B08,ch2
definetherain,E200K,2020-10-22_SNV_E200K,/mnt/c/Projects/prnp-somatic/scratch/ddpcr_gating_method_comparison_v2/inputs/definetherain/E200K/2020-10-22_SNV_E200K/ch1/C02_amplitude.csv,1,15359,NA,NA,NA,NA,NA,C02,ch1
definetherain,E200K,2020-10-22_SNV_E200K,/mnt/c/Projects/prnp-somatic/scratch/ddpcr_gating_method_comparison_v2/inputs/definetherain/E200K/2020-10-22_SNV_E200K/ch2/C02_amplitude.csv,1,15359,NA,NA,NA,NA,NA,C02,ch2
definetherain,E200K,2020-10-22_SNV_E200K,/mnt/c/Projects/prnp-somatic/scratch/ddpcr_gating_method_comparison_v2/inputs/definetherain/E200K/2020-10-22_SNV_E200K/ch1/C04_amplitude.csv,1,13470,NA,NA,NA,NA,NA,C04,ch1
definetherain,E200K,2020-10-22_SNV_E200K,/mnt/c/Projects/prnp-somatic/scratch/ddpcr_gating_method_comparison_v2/inputs/definetherain/E200K/2020-10-22_SNV_E200K/ch2/C04_amplitude.csv,1,13470,NA,NA,NA,NA,NA,C04,ch2
definetherain,E200K,2020-10-22_SNV_E200K,/mnt/c/Projects/prnp-somatic/scratch/ddpcr_gating_method_comparison_v2/inputs/definetherain/E200K/2020-10-22_SNV_E200K/ch1/C06_amplitude.csv,1,14712,NA,NA,NA,NA,NA,C06,ch1
definetherain,E200K,2020-10-22_SNV_E200K,/mnt/c/Projects/prnp-somatic/scratch/ddpcr_gating_method_comparison_v2/inputs/definetherain/E200K/2020-10-22_SNV_E200K/ch2/C06_amplitude.csv,1,14712,NA,NA,NA,NA,NA,C06,ch2
definetherain,E200K,2020-10-22_SNV_E200K,/mnt/c/Projects/prnp-somatic/scratch/ddpcr_gating_method_comparison_v2/inputs/definetherain/E200K/2020-10-22_SNV_E200K/ch1/C08_amplitude.csv,1,16348,NA,NA,NA,NA,NA,C08,ch1
definetherain,E200K,2020-10-22_SNV_E200K,/mnt/c/Projects/prnp-somatic/scratch/ddpcr_gating_method_comparison_v2/inputs/definetherain/E200K/2020-10-22_SNV_E200K/ch2/C08_amplitude.csv,1,16348,NA,NA,NA,NA,NA,C08,ch2
definetherain,E200K,2020-10-22_SNV_E200K,/mnt/c/Projects/prnp-somatic/scratch/ddpcr_gating_method_comparison_v2/inputs/definetherain/E200K/2020-10-22_SNV_E200K/ch1/D04_amplitude.csv,1,13279,NA,NA,NA,NA,NA,D04,ch1
definetherain,E200K,2020-10-22_SNV_E200K,/mnt/c/Projects/prnp-somatic/scratch/ddpcr_gating_method_comparison_v2/inputs/definetherain/E200K/2020-10-22_SNV_E200K/ch2/D04_amplitude.csv,1,13279,NA,NA,NA,NA,NA,D04,ch2
definetherain,E200K,2020-10-22_SNV_E200K,/mnt/c/Projects/prnp-somatic/scratch/ddpcr_gating_method_comparison_v2/inputs/definetherain/E200K/2020-10-22_SNV_E200K/ch1/D06_amplitude.csv,1,16722,NA,NA,NA,NA,NA,D06,ch1
definetherain,E200K,2020-10-22_SNV_E200K,/mnt/c/Projects/prnp-somatic/scratch/ddpcr_gating_method_comparison_v2/inputs/definetherain/E200K/2020-10-22_SNV_E200K/ch2/D06_amplitude.csv,1,16722,NA,NA,NA,NA,NA,D06,ch2
definetherain,E200K,2020-10-22_SNV_E200K,/mnt/c/Projects/prnp-somatic/scratch/ddpcr_gating_method_comparison_v2/inputs/definetherain/E200K/2020-10-22_SNV_E200K/ch1/D08_amplitude.csv,1,15255,NA,NA,NA,NA,NA,D08,ch1
definetherain,E200K,2020-10-22_SNV_E200K,/mnt/c/Projects/prnp-somatic/scratch/ddpcr_gating_method_comparison_v2/inputs/definetherain/E200K/2020-10-22_SNV_E200K/ch2/D08_amplitude.csv,1,15255,NA,NA,NA,NA,NA,D08,ch2
definetherain,E200K,2020-10-22_SNV_E200K,/mnt/c/Projects/prnp-somatic/scratch/ddpcr_gating_method_comparison_v2/inputs/definetherain/E200K/2020-10-22_SNV_E200K/ch1/E04_amplitude.csv,1,16246,NA,NA,NA,NA,NA,E04,ch1
definetherain,E200K,2020-10-22_SNV_E200K,/mnt/c/Projects/prnp-somatic/scratch/ddpcr_gating_method_comparison_v2/inputs/definetherain/E200K/2020-10-22_SNV_E200K/ch2/E04_amplitude.csv,1,16246,NA,NA,NA,NA,NA,E04,ch2
definetherain,E200K,2020-10-22_SNV_E200K,/mnt/c/Projects/prnp-somatic/scratch/ddpcr_gating_method_comparison_v2/inputs/definetherain/E200K/2020-10-22_SNV_E200K/ch1/E06_amplitude.csv,1,14594,NA,NA,NA,NA,NA,E06,ch1
definetherain,E200K,2020-10-22_SNV_E200K,/mnt/c/Projects/prnp-somatic/scratch/ddpcr_gating_method_comparison_v2/inputs/definetherain/E200K/2020-10-22_SNV_E200K/ch2/E06_amplitude.csv,1,14594,NA,NA,NA,NA,NA,E06,ch2
definetherain,E200K,2020-10-22_SNV_E200K,/mnt/c/Projects/prnp-somatic/scratch/ddpcr_gating_method_comparison_v2/inputs/definetherain/E200K/2020-10-22_SNV_E200K/ch1/E08_amplitude.csv,1,15209,NA,NA,NA,NA,NA,E08,ch1
definetherain,E200K,2020-10-22_SNV_E200K,/mnt/c/Projects/prnp-somatic/scratch/ddpcr_gating_method_comparison_v2/inputs/definetherain/E200K/2020-10-22_SNV_E200K/ch2/E08_amplitude.csv,1,15209,NA,NA,NA,NA,NA,E08,ch2
definetherain,E200K,2020-10-22_SNV_E200K,/mnt/c/Projects/prnp-somatic/scratch/ddpcr_gating_method_comparison_v2/inputs/definetherain/E200K/2020-10-22_SNV_E200K/ch1/F06_amplitude.csv,1,15245,NA,NA,NA,NA,NA,F06,ch1
definetherain,E200K,2020-10-22_SNV_E200K,/mnt/c/Projects/prnp-somatic/scratch/ddpcr_gating_method_comparison_v2/inputs/definetherain/E200K/2020-10-22_SNV_E200K/ch2/F06_amplitude.csv,1,15245,NA,NA,NA,NA,NA,F06,ch2
definetherain,E200K,2020-10-29_SNV_E200K,/mnt/c/Projects/prnp-somatic/scratch/ddpcr_gating_method_comparison_v2/inputs/definetherain/E200K/2020-10-29_SNV_E200K/ch1/A02_amplitude.csv,1,13003,NA,NA,NA,NA,NA,A02,ch1
definetherain,E200K,2020-10-29_SNV_E200K,/mnt/c/Projects/prnp-somatic/scratch/ddpcr_gating_method_comparison_v2/inputs/definetherain/E200K/2020-10-29_SNV_E200K/ch2/A02_amplitude.csv,1,13003,NA,NA,NA,NA,NA,A02,ch2
definetherain,E200K,2020-10-29_SNV_E200K,/mnt/c/Projects/prnp-somatic/scratch/ddpcr_gating_method_comparison_v2/inputs/definetherain/E200K/2020-10-29_SNV_E200K/ch1/A06_amplitude.csv,1,14283,NA,NA,NA,NA,NA,A06,ch1
definetherain,E200K,2020-10-29_SNV_E200K,/mnt/c/Projects/prnp-somatic/scratch/ddpcr_gating_method_comparison_v2/inputs/definetherain/E200K/2020-10-29_SNV_E200K/ch2/A06_amplitude.csv,1,14283,NA,NA,NA,NA,NA,A06,ch2
definetherain,E200K,2020-10-29_SNV_E200K,/mnt/c/Projects/prnp-somatic/scratch/ddpcr_gating_method_comparison_v2/inputs/definetherain/E200K/2020-10-29_SNV_E200K/ch1/A08_amplitude.csv,1,12674,NA,NA,NA,NA,NA,A08,ch1
definetherain,E200K,2020-10-29_SNV_E200K,/mnt/c/Projects/prnp-somatic/scratch/ddpcr_gating_method_comparison_v2/inputs/definetherain/E200K/2020-10-29_SNV_E200K/ch2/A08_amplitude.csv,1,12674,NA,NA,NA,NA,NA,A08,ch2
definetherain,E200K,2020-10-29_SNV_E200K,/mnt/c/Projects/prnp-somatic/scratch/ddpcr_gating_method_comparison_v2/inputs/definetherain/E200K/2020-10-29_SNV_E200K/ch1/A10_amplitude.csv,1,9523,NA,NA,NA,NA,NA,A10,ch1
definetherain,E200K,2020-10-29_SNV_E200K,/mnt/c/Projects/prnp-somatic/scratch/ddpcr_gating_method_comparison_v2/inputs/definetherain/E200K/2020-10-29_SNV_E200K/ch2/A10_amplitude.csv,1,9523,NA,NA,NA,NA,NA,A10,ch2
definetherain,E200K,2020-10-29_SNV_E200K,/mnt/c/Projects/prnp-somatic/scratch/ddpcr_gating_method_comparison_v2/inputs/definetherain/E200K/2020-10-29_SNV_E200K/ch1/B02_amplitude.csv,1,14344,NA,NA,NA,NA,NA,B02,ch1
definetherain,E200K,2020-10-29_SNV_E200K,/mnt/c/Projects/prnp-somatic/scratch/ddpcr_gating_method_comparison_v2/inputs/definetherain/E200K/2020-10-29_SNV_E200K/ch2/B02_amplitude.csv,1,14344,NA,NA,NA,NA,NA,B02,ch2
definetherain,E200K,2020-10-29_SNV_E200K,/mnt/c/Projects/prnp-somatic/scratch/ddpcr_gating_method_comparison_v2/inputs/definetherain/E200K/2020-10-29_SNV_E200K/ch1/B06_amplitude.csv,1,11521,NA,NA,NA,NA,NA,B06,ch1
definetherain,E200K,2020-10-29_SNV_E200K,/mnt/c/Projects/prnp-somatic/scratch/ddpcr_gating_method_comparison_v2/inputs/definetherain/E200K/2020-10-29_SNV_E200K/ch2/B06_amplitude.csv,1,11521,NA,NA,NA,NA,NA,B06,ch2
definetherain,E200K,2020-10-29_SNV_E200K,/mnt/c/Projects/prnp-somatic/scratch/ddpcr_gating_method_comparison_v2/inputs/definetherain/E200K/2020-10-29_SNV_E200K/ch1/B10_amplitude.csv,1,12565,NA,NA,NA,NA,NA,B10,ch1
definetherain,E200K,2020-10-29_SNV_E200K,/mnt/c/Projects/prnp-somatic/scratch/ddpcr_gating_method_comparison_v2/inputs/definetherain/E200K/2020-10-29_SNV_E200K/ch2/B10_amplitude.csv,1,12565,NA,NA,NA,NA,NA,B10,ch2
definetherain,E200K,2020-10-29_SNV_E200K,/mnt/c/Projects/prnp-somatic/scratch/ddpcr_gating_method_comparison_v2/inputs/definetherain/E200K/2020-10-29_SNV_E200K/ch1/C02_amplitude.csv,1,14001,NA,NA,NA,NA,NA,C02,ch1
definetherain,E200K,2020-10-29_SNV_E200K,/mnt/c/Projects/prnp-somatic/scratch/ddpcr_gating_method_comparison_v2/inputs/definetherain/E200K/2020-10-29_SNV_E200K/ch2/C02_amplitude.csv,1,14001,NA,NA,NA,NA,NA,C02,ch2
definetherain,E200K,2020-10-29_SNV_E200K,/mnt/c/Projects/prnp-somatic/scratch/ddpcr_gating_method_comparison_v2/inputs/definetherain/E200K/2020-10-29_SNV_E200K/ch1/C06_amplitude.csv,1,13482,NA,NA,NA,NA,NA,C06,ch1
definetherain,E200K,2020-10-29_SNV_E200K,/mnt/c/Projects/prnp-somatic/scratch/ddpcr_gating_method_comparison_v2/inputs/definetherain/E200K/2020-10-29_SNV_E200K/ch2/C06_amplitude.csv,1,13482,NA,NA,NA,NA,NA,C06,ch2
definetherain,E200K,2020-10-29_SNV_E200K,/mnt/c/Projects/prnp-somatic/scratch/ddpcr_gating_method_comparison_v2/inputs/definetherain/E200K/2020-10-29_SNV_E200K/ch1/C08_amplitude.csv,1,14468,NA,NA,NA,NA,NA,C08,ch1
definetherain,E200K,2020-10-29_SNV_E200K,/mnt/c/Projects/prnp-somatic/scratch/ddpcr_gating_method_comparison_v2/inputs/definetherain/E200K/2020-10-29_SNV_E200K/ch2/C08_amplitude.csv,1,14468,NA,NA,NA,NA,NA,C08,ch2
definetherain,E200K,2020-10-29_SNV_E200K,/mnt/c/Projects/prnp-somatic/scratch/ddpcr_gating_method_comparison_v2/inputs/definetherain/E200K/2020-10-29_SNV_E200K/ch1/C10_amplitude.csv,1,11981,NA,NA,NA,NA,NA,C10,ch1
definetherain,E200K,2020-10-29_SNV_E200K,/mnt/c/Projects/prnp-somatic/scratch/ddpcr_gating_method_comparison_v2/inputs/definetherain/E200K/2020-10-29_SNV_E200K/ch2/C10_amplitude.csv,1,11981,NA,NA,NA,NA,NA,C10,ch2
definetherain,E200K,2020-10-29_SNV_E200K,/mnt/c/Projects/prnp-somatic/scratch/ddpcr_gating_method_comparison_v2/inputs/definetherain/E200K/2020-10-29_SNV_E200K/ch1/D02_amplitude.csv,1,13393,NA,NA,NA,NA,NA,D02,ch1
definetherain,E200K,2020-10-29_SNV_E200K,/mnt/c/Projects/prnp-somatic/scratch/ddpcr_gating_method_comparison_v2/inputs/definetherain/E200K/2020-10-29_SNV_E200K/ch2/D02_amplitude.csv,1,13393,NA,NA,NA,NA,NA,D02,ch2
definetherain,E200K,2020-10-29_SNV_E200K,/mnt/c/Projects/prnp-somatic/scratch/ddpcr_gating_method_comparison_v2/inputs/definetherain/E200K/2020-10-29_SNV_E200K/ch1/D06_amplitude.csv,1,13400,NA,NA,NA,NA,NA,D06,ch1
definetherain,E200K,2020-10-29_SNV_E200K,/mnt/c/Projects/prnp-somatic/scratch/ddpcr_gating_method_comparison_v2/inputs/definetherain/E200K/2020-10-29_SNV_E200K/ch2/D06_amplitude.csv,1,13400,NA,NA,NA,NA,NA,D06,ch2
definetherain,E200K,2020-10-29_SNV_E200K,/mnt/c/Projects/prnp-somatic/scratch/ddpcr_gating_method_comparison_v2/inputs/definetherain/E200K/2020-10-29_SNV_E200K/ch1/D08_amplitude.csv,1,13821,NA,NA,NA,NA,NA,D08,ch1
definetherain,E200K,2020-10-29_SNV_E200K,/mnt/c/Projects/prnp-somatic/scratch/ddpcr_gating_method_comparison_v2/inputs/definetherain/E200K/2020-10-29_SNV_E200K/ch2/D08_amplitude.csv,1,13821,NA,NA,NA,NA,NA,D08,ch2
definetherain,E200K,2020-10-29_SNV_E200K,/mnt/c/Projects/prnp-somatic/scratch/ddpcr_gating_method_comparison_v2/inputs/definetherain/E200K/2020-10-29_SNV_E200K/ch1/D10_amplitude.csv,1,12212,NA,NA,NA,NA,NA,D10,ch1
definetherain,E200K,2020-10-29_SNV_E200K,/mnt/c/Projects/prnp-somatic/scratch/ddpcr_gating_method_comparison_v2/inputs/definetherain/E200K/2020-10-29_SNV_E200K/ch2/D10_amplitude.csv,1,12212,NA,NA,NA,NA,NA,D10,ch2
definetherain,E200K,2020-10-29_SNV_E200K,/mnt/c/Projects/prnp-somatic/scratch/ddpcr_gating_method_comparison_v2/inputs/definetherain/E200K/2020-10-29_SNV_E200K/ch1/E02_amplitude.csv,1,11180,NA,NA,NA,NA,NA,E02,ch1
definetherain,E200K,2020-10-29_SNV_E200K,/mnt/c/Projects/prnp-somatic/scratch/ddpcr_gating_method_comparison_v2/inputs/definetherain/E200K/2020-10-29_SNV_E200K/ch2/E02_amplitude.csv,1,11180,NA,NA,NA,NA,NA,E02,ch2
definetherain,E200K,2020-10-29_SNV_E200K,/mnt/c/Projects/prnp-somatic/scratch/ddpcr_gating_method_comparison_v2/inputs/definetherain/E200K/2020-10-29_SNV_E200K/ch1/E04_amplitude.csv,1,13086,NA,NA,NA,NA,NA,E04,ch1
definetherain,E200K,2020-10-29_SNV_E200K,/mnt/c/Projects/prnp-somatic/scratch/ddpcr_gating_method_comparison_v2/inputs/definetherain/E200K/2020-10-29_SNV_E200K/ch2/E04_amplitude.csv,1,13086,NA,NA,NA,NA,NA,E04,ch2
definetherain,E200K,2020-10-29_SNV_E200K,/mnt/c/Projects/prnp-somatic/scratch/ddpcr_gating_method_comparison_v2/inputs/definetherain/E200K/2020-10-29_SNV_E200K/ch1/E06_amplitude.csv,1,13132,NA,NA,NA,NA,NA,E06,ch1
definetherain,E200K,2020-10-29_SNV_E200K,/mnt/c/Projects/prnp-somatic/scratch/ddpcr_gating_method_comparison_v2/inputs/definetherain/E200K/2020-10-29_SNV_E200K/ch2/E06_amplitude.csv,1,13132,NA,NA,NA,NA,NA,E06,ch2
definetherain,E200K,2020-10-29_SNV_E200K,/mnt/c/Projects/prnp-somatic/scratch/ddpcr_gating_method_comparison_v2/inputs/definetherain/E200K/2020-10-29_SNV_E200K/ch1/E08_amplitude.csv,1,14291,NA,NA,NA,NA,NA,E08,ch1
definetherain,E200K,2020-10-29_SNV_E200K,/mnt/c/Projects/prnp-somatic/scratch/ddpcr_gating_method_comparison_v2/inputs/definetherain/E200K/2020-10-29_SNV_E200K/ch2/E08_amplitude.csv,1,14291,NA,NA,NA,NA,NA,E08,ch2
definetherain,E200K,2020-10-29_SNV_E200K,/mnt/c/Projects/prnp-somatic/scratch/ddpcr_gating_method_comparison_v2/inputs/definetherain/E200K/2020-10-29_SNV_E200K/ch1/E10_amplitude.csv,1,13395,NA,NA,NA,NA,NA,E10,ch1
definetherain,E200K,2020-10-29_SNV_E200K,/mnt/c/Projects/prnp-somatic/scratch/ddpcr_gating_method_comparison_v2/inputs/definetherain/E200K/2020-10-29_SNV_E200K/ch2/E10_amplitude.csv,1,13395,NA,NA,NA,NA,NA,E10,ch2
definetherain,E200K,2020-10-29_SNV_E200K,/mnt/c/Projects/prnp-somatic/scratch/ddpcr_gating_method_comparison_v2/inputs/definetherain/E200K/2020-10-29_SNV_E200K/ch1/F02_amplitude.csv,1,13650,NA,NA,NA,NA,NA,F02,ch1
definetherain,E200K,2020-10-29_SNV_E200K,/mnt/c/Projects/prnp-somatic/scratch/ddpcr_gating_method_comparison_v2/inputs/definetherain/E200K/2020-10-29_SNV_E200K/ch2/F02_amplitude.csv,1,13650,NA,NA,NA,NA,NA,F02,ch2
definetherain,E200K,2020-10-29_SNV_E200K,/mnt/c/Projects/prnp-somatic/scratch/ddpcr_gating_method_comparison_v2/inputs/definetherain/E200K/2020-10-29_SNV_E200K/ch1/F06_amplitude.csv,1,12889,NA,NA,NA,NA,NA,F06,ch1
definetherain,E200K,2020-10-29_SNV_E200K,/mnt/c/Projects/prnp-somatic/scratch/ddpcr_gating_method_comparison_v2/inputs/definetherain/E200K/2020-10-29_SNV_E200K/ch2/F06_amplitude.csv,1,12889,NA,NA,NA,NA,NA,F06,ch2
definetherain,E200K,2020-10-29_SNV_E200K,/mnt/c/Projects/prnp-somatic/scratch/ddpcr_gating_method_comparison_v2/inputs/definetherain/E200K/2020-10-29_SNV_E200K/ch1/F08_amplitude.csv,1,13285,NA,NA,NA,NA,NA,F08,ch1
definetherain,E200K,2020-10-29_SNV_E200K,/mnt/c/Projects/prnp-somatic/scratch/ddpcr_gating_method_comparison_v2/inputs/definetherain/E200K/2020-10-29_SNV_E200K/ch2/F08_amplitude.csv,1,13285,NA,NA,NA,NA,NA,F08,ch2
definetherain,E200K,2020-10-29_SNV_E200K,/mnt/c/Projects/prnp-somatic/scratch/ddpcr_gating_method_comparison_v2/inputs/definetherain/E200K/2020-10-29_SNV_E200K/ch1/G02_amplitude.csv,1,11366,NA,NA,NA,NA,NA,G02,ch1
definetherain,E200K,2020-10-29_SNV_E200K,/mnt/c/Projects/prnp-somatic/scratch/ddpcr_gating_method_comparison_v2/inputs/definetherain/E200K/2020-10-29_SNV_E200K/ch2/G02_amplitude.csv,1,11366,NA,NA,NA,NA,NA,G02,ch2
definetherain,E200K,2020-10-29_SNV_E200K,/mnt/c/Projects/prnp-somatic/scratch/ddpcr_gating_method_comparison_v2/inputs/definetherain/E200K/2020-10-29_SNV_E200K/ch1/G06_amplitude.csv,1,11326,NA,NA,NA,NA,NA,G06,ch1
definetherain,E200K,2020-10-29_SNV_E200K,/mnt/c/Projects/prnp-somatic/scratch/ddpcr_gating_method_comparison_v2/inputs/definetherain/E200K/2020-10-29_SNV_E200K/ch2/G06_amplitude.csv,1,11326,NA,NA,NA,NA,NA,G06,ch2
definetherain,E200K,2020-10-29_SNV_E200K,/mnt/c/Projects/prnp-somatic/scratch/ddpcr_gating_method_comparison_v2/inputs/definetherain/E200K/2020-10-29_SNV_E200K/ch1/H02_amplitude.csv,1,11907,NA,NA,NA,NA,NA,H02,ch1
definetherain,E200K,2020-10-29_SNV_E200K,/mnt/c/Projects/prnp-somatic/scratch/ddpcr_gating_method_comparison_v2/inputs/definetherain/E200K/2020-10-29_SNV_E200K/ch2/H02_amplitude.csv,1,11907,NA,NA,NA,NA,NA,H02,ch2
definetherain,E200K,2020-10-29_SNV_E200K,/mnt/c/Projects/prnp-somatic/scratch/ddpcr_gating_method_comparison_v2/inputs/definetherain/E200K/2020-10-29_SNV_E200K/ch1/H06_amplitude.csv,1,12868,NA,NA,NA,NA,NA,H06,ch1
definetherain,E200K,2020-10-29_SNV_E200K,/mnt/c/Projects/prnp-somatic/scratch/ddpcr_gating_method_comparison_v2/inputs/definetherain/E200K/2020-10-29_SNV_E200K/ch2/H06_amplitude.csv,1,12868,NA,NA,NA,NA,NA,H06,ch2
definetherain,E200K,2020-11-05_SNV_E200K,/mnt/c/Projects/prnp-somatic/scratch/ddpcr_gating_method_comparison_v2/inputs/definetherain/E200K/2020-11-05_SNV_E200K/ch1/A02_amplitude.csv,1,16280,NA,NA,NA,NA,NA,A02,ch1
definetherain,E200K,2020-11-05_SNV_E200K,/mnt/c/Projects/prnp-somatic/scratch/ddpcr_gating_method_comparison_v2/inputs/definetherain/E200K/2020-11-05_SNV_E200K/ch2/A02_amplitude.csv,1,16280,NA,NA,NA,NA,NA,A02,ch2
definetherain,E200K,2020-11-05_SNV_E200K,/mnt/c/Projects/prnp-somatic/scratch/ddpcr_gating_method_comparison_v2/inputs/definetherain/E200K/2020-11-05_SNV_E200K/ch1/A06_amplitude.csv,1,16346,NA,NA,NA,NA,NA,A06,ch1
definetherain,E200K,2020-11-05_SNV_E200K,/mnt/c/Projects/prnp-somatic/scratch/ddpcr_gating_method_comparison_v2/inputs/definetherain/E200K/2020-11-05_SNV_E200K/ch2/A06_amplitude.csv,1,16346,NA,NA,NA,NA,NA,A06,ch2
definetherain,E200K,2020-11-05_SNV_E200K,/mnt/c/Projects/prnp-somatic/scratch/ddpcr_gating_method_comparison_v2/inputs/definetherain/E200K/2020-11-05_SNV_E200K/ch1/A08_amplitude.csv,1,17239,NA,NA,NA,NA,NA,A08,ch1
definetherain,E200K,2020-11-05_SNV_E200K,/mnt/c/Projects/prnp-somatic/scratch/ddpcr_gating_method_comparison_v2/inputs/definetherain/E200K/2020-11-05_SNV_E200K/ch2/A08_amplitude.csv,1,17239,NA,NA,NA,NA,NA,A08,ch2
definetherain,E200K,2020-11-05_SNV_E200K,/mnt/c/Projects/prnp-somatic/scratch/ddpcr_gating_method_comparison_v2/inputs/definetherain/E200K/2020-11-05_SNV_E200K/ch1/A10_amplitude.csv,1,18086,NA,NA,NA,NA,NA,A10,ch1
definetherain,E200K,2020-11-05_SNV_E200K,/mnt/c/Projects/prnp-somatic/scratch/ddpcr_gating_method_comparison_v2/inputs/definetherain/E200K/2020-11-05_SNV_E200K/ch2/A10_amplitude.csv,1,18086,NA,NA,NA,NA,NA,A10,ch2
definetherain,E200K,2020-11-05_SNV_E200K,/mnt/c/Projects/prnp-somatic/scratch/ddpcr_gating_method_comparison_v2/inputs/definetherain/E200K/2020-11-05_SNV_E200K/ch1/B04_amplitude.csv,1,17651,NA,NA,NA,NA,NA,B04,ch1
definetherain,E200K,2020-11-05_SNV_E200K,/mnt/c/Projects/prnp-somatic/scratch/ddpcr_gating_method_comparison_v2/inputs/definetherain/E200K/2020-11-05_SNV_E200K/ch2/B04_amplitude.csv,1,17651,NA,NA,NA,NA,NA,B04,ch2
definetherain,E200K,2020-11-05_SNV_E200K,/mnt/c/Projects/prnp-somatic/scratch/ddpcr_gating_method_comparison_v2/inputs/definetherain/E200K/2020-11-05_SNV_E200K/ch1/B08_amplitude.csv,1,17254,NA,NA,NA,NA,NA,B08,ch1
definetherain,E200K,2020-11-05_SNV_E200K,/mnt/c/Projects/prnp-somatic/scratch/ddpcr_gating_method_comparison_v2/inputs/definetherain/E200K/2020-11-05_SNV_E200K/ch2/B08_amplitude.csv,1,17254,NA,NA,NA,NA,NA,B08,ch2
definetherain,E200K,2020-11-05_SNV_E200K,/mnt/c/Projects/prnp-somatic/scratch/ddpcr_gating_method_comparison_v2/inputs/definetherain/E200K/2020-11-05_SNV_E200K/ch1/C04_amplitude.csv,1,18511,NA,NA,NA,NA,NA,C04,ch1
definetherain,E200K,2020-11-05_SNV_E200K,/mnt/c/Projects/prnp-somatic/scratch/ddpcr_gating_method_comparison_v2/inputs/definetherain/E200K/2020-11-05_SNV_E200K/ch2/C04_amplitude.csv,1,18511,NA,NA,NA,NA,NA,C04,ch2
definetherain,E200K,2020-11-05_SNV_E200K,/mnt/c/Projects/prnp-somatic/scratch/ddpcr_gating_method_comparison_v2/inputs/definetherain/E200K/2020-11-05_SNV_E200K/ch1/C06_amplitude.csv,1,16615,NA,NA,NA,NA,NA,C06,ch1
definetherain,E200K,2020-11-05_SNV_E200K,/mnt/c/Projects/prnp-somatic/scratch/ddpcr_gating_method_comparison_v2/inputs/definetherain/E200K/2020-11-05_SNV_E200K/ch2/C06_amplitude.csv,1,16615,NA,NA,NA,NA,NA,C06,ch2
definetherain,E200K,2020-11-05_SNV_E200K,/mnt/c/Projects/prnp-somatic/scratch/ddpcr_gating_method_comparison_v2/inputs/definetherain/E200K/2020-11-05_SNV_E200K/ch1/C08_amplitude.csv,1,17964,NA,NA,NA,NA,NA,C08,ch1
definetherain,E200K,2020-11-05_SNV_E200K,/mnt/c/Projects/prnp-somatic/scratch/ddpcr_gating_method_comparison_v2/inputs/definetherain/E200K/2020-11-05_SNV_E200K/ch2/C08_amplitude.csv,1,17964,NA,NA,NA,NA,NA,C08,ch2
definetherain,E200K,2020-11-05_SNV_E200K,/mnt/c/Projects/prnp-somatic/scratch/ddpcr_gating_method_comparison_v2/inputs/definetherain/E200K/2020-11-05_SNV_E200K/ch1/C10_amplitude.csv,1,14297,NA,NA,NA,NA,NA,C10,ch1
definetherain,E200K,2020-11-05_SNV_E200K,/mnt/c/Projects/prnp-somatic/scratch/ddpcr_gating_method_comparison_v2/inputs/definetherain/E200K/2020-11-05_SNV_E200K/ch2/C10_amplitude.csv,1,14297,NA,NA,NA,NA,NA,C10,ch2
definetherain,E200K,2020-11-05_SNV_E200K,/mnt/c/Projects/prnp-somatic/scratch/ddpcr_gating_method_comparison_v2/inputs/definetherain/E200K/2020-11-05_SNV_E200K/ch1/D04_amplitude.csv,1,18002,NA,NA,NA,NA,NA,D04,ch1
definetherain,E200K,2020-11-05_SNV_E200K,/mnt/c/Projects/prnp-somatic/scratch/ddpcr_gating_method_comparison_v2/inputs/definetherain/E200K/2020-11-05_SNV_E200K/ch2/D04_amplitude.csv,1,18002,NA,NA,NA,NA,NA,D04,ch2
definetherain,E200K,2020-11-05_SNV_E200K,/mnt/c/Projects/prnp-somatic/scratch/ddpcr_gating_method_comparison_v2/inputs/definetherain/E200K/2020-11-05_SNV_E200K/ch1/D06_amplitude.csv,1,17463,NA,NA,NA,NA,NA,D06,ch1
definetherain,E200K,2020-11-05_SNV_E200K,/mnt/c/Projects/prnp-somatic/scratch/ddpcr_gating_method_comparison_v2/inputs/definetherain/E200K/2020-11-05_SNV_E200K/ch2/D06_amplitude.csv,1,17463,NA,NA,NA,NA,NA,D06,ch2
definetherain,E200K,2020-11-05_SNV_E200K,/mnt/c/Projects/prnp-somatic/scratch/ddpcr_gating_method_comparison_v2/inputs/definetherain/E200K/2020-11-05_SNV_E200K/ch1/D08_amplitude.csv,1,17347,NA,NA,NA,NA,NA,D08,ch1
definetherain,E200K,2020-11-05_SNV_E200K,/mnt/c/Projects/prnp-somatic/scratch/ddpcr_gating_method_comparison_v2/inputs/definetherain/E200K/2020-11-05_SNV_E200K/ch2/D08_amplitude.csv,1,17347,NA,NA,NA,NA,NA,D08,ch2
definetherain,E200K,2020-11-05_SNV_E200K,/mnt/c/Projects/prnp-somatic/scratch/ddpcr_gating_method_comparison_v2/inputs/definetherain/E200K/2020-11-05_SNV_E200K/ch1/E02_amplitude.csv,1,17152,NA,NA,NA,NA,NA,E02,ch1
definetherain,E200K,2020-11-05_SNV_E200K,/mnt/c/Projects/prnp-somatic/scratch/ddpcr_gating_method_comparison_v2/inputs/definetherain/E200K/2020-11-05_SNV_E200K/ch2/E02_amplitude.csv,1,17152,NA,NA,NA,NA,NA,E02,ch2
definetherain,E200K,2020-11-05_SNV_E200K,/mnt/c/Projects/prnp-somatic/scratch/ddpcr_gating_method_comparison_v2/inputs/definetherain/E200K/2020-11-05_SNV_E200K/ch1/E04_amplitude.csv,1,16059,NA,NA,NA,NA,NA,E04,ch1
definetherain,E200K,2020-11-05_SNV_E200K,/mnt/c/Projects/prnp-somatic/scratch/ddpcr_gating_method_comparison_v2/inputs/definetherain/E200K/2020-11-05_SNV_E200K/ch2/E04_amplitude.csv,1,16059,NA,NA,NA,NA,NA,E04,ch2
definetherain,E200K,2020-11-05_SNV_E200K,/mnt/c/Projects/prnp-somatic/scratch/ddpcr_gating_method_comparison_v2/inputs/definetherain/E200K/2020-11-05_SNV_E200K/ch1/E06_amplitude.csv,1,17300,NA,NA,NA,NA,NA,E06,ch1
definetherain,E200K,2020-11-05_SNV_E200K,/mnt/c/Projects/prnp-somatic/scratch/ddpcr_gating_method_comparison_v2/inputs/definetherain/E200K/2020-11-05_SNV_E200K/ch2/E06_amplitude.csv,1,17300,NA,NA,NA,NA,NA,E06,ch2
definetherain,E200K,2020-11-05_SNV_E200K,/mnt/c/Projects/prnp-somatic/scratch/ddpcr_gating_method_comparison_v2/inputs/definetherain/E200K/2020-11-05_SNV_E200K/ch1/F02_amplitude.csv,1,15765,NA,NA,NA,NA,NA,F02,ch1
definetherain,E200K,2020-11-05_SNV_E200K,/mnt/c/Projects/prnp-somatic/scratch/ddpcr_gating_method_comparison_v2/inputs/definetherain/E200K/2020-11-05_SNV_E200K/ch2/F02_amplitude.csv,1,15765,NA,NA,NA,NA,NA,F02,ch2
definetherain,E200K,2020-11-05_SNV_E200K,/mnt/c/Projects/prnp-somatic/scratch/ddpcr_gating_method_comparison_v2/inputs/definetherain/E200K/2020-11-05_SNV_E200K/ch1/F06_amplitude.csv,1,17213,NA,NA,NA,NA,NA,F06,ch1
definetherain,E200K,2020-11-05_SNV_E200K,/mnt/c/Projects/prnp-somatic/scratch/ddpcr_gating_method_comparison_v2/inputs/definetherain/E200K/2020-11-05_SNV_E200K/ch2/F06_amplitude.csv,1,17213,NA,NA,NA,NA,NA,F06,ch2
definetherain,E200K,2020-11-05_SNV_E200K,/mnt/c/Projects/prnp-somatic/scratch/ddpcr_gating_method_comparison_v2/inputs/definetherain/E200K/2020-11-05_SNV_E200K/ch1/G02_amplitude.csv,1,16316,NA,NA,NA,NA,NA,G02,ch1
definetherain,E200K,2020-11-05_SNV_E200K,/mnt/c/Projects/prnp-somatic/scratch/ddpcr_gating_method_comparison_v2/inputs/definetherain/E200K/2020-11-05_SNV_E200K/ch2/G02_amplitude.csv,1,16316,NA,NA,NA,NA,NA,G02,ch2
definetherain,E200K,2020-11-05_SNV_E200K,/mnt/c/Projects/prnp-somatic/scratch/ddpcr_gating_method_comparison_v2/inputs/definetherain/E200K/2020-11-05_SNV_E200K/ch1/G06_amplitude.csv,1,18481,NA,NA,NA,NA,NA,G06,ch1
definetherain,E200K,2020-11-05_SNV_E200K,/mnt/c/Projects/prnp-somatic/scratch/ddpcr_gating_method_comparison_v2/inputs/definetherain/E200K/2020-11-05_SNV_E200K/ch2/G06_amplitude.csv,1,18481,NA,NA,NA,NA,NA,G06,ch2
definetherain,E200K,2020-11-05_SNV_E200K,/mnt/c/Projects/prnp-somatic/scratch/ddpcr_gating_method_comparison_v2/inputs/definetherain/E200K/2020-11-05_SNV_E200K/ch1/H02_amplitude.csv,1,17166,NA,NA,NA,NA,NA,H02,ch1
definetherain,E200K,2020-11-05_SNV_E200K,/mnt/c/Projects/prnp-somatic/scratch/ddpcr_gating_method_comparison_v2/inputs/definetherain/E200K/2020-11-05_SNV_E200K/ch2/H02_amplitude.csv,1,17166,NA,NA,NA,NA,NA,H02,ch2
definetherain,E200K,2020-11-24_SNV_E200K,/mnt/c/Projects/prnp-somatic/scratch/ddpcr_gating_method_comparison_v2/inputs/definetherain/E200K/2020-11-24_SNV_E200K/ch1/A02_amplitude.csv,1,15801,NA,NA,NA,NA,NA,A02,ch1
definetherain,E200K,2020-11-24_SNV_E200K,/mnt/c/Projects/prnp-somatic/scratch/ddpcr_gating_method_comparison_v2/inputs/definetherain/E200K/2020-11-24_SNV_E200K/ch2/A02_amplitude.csv,1,15801,NA,NA,NA,NA,NA,A02,ch2
definetherain,E200K,2020-11-24_SNV_E200K,/mnt/c/Projects/prnp-somatic/scratch/ddpcr_gating_method_comparison_v2/inputs/definetherain/E200K/2020-11-24_SNV_E200K/ch1/A08_amplitude.csv,1,15922,NA,NA,NA,NA,NA,A08,ch1
definetherain,E200K,2020-11-24_SNV_E200K,/mnt/c/Projects/prnp-somatic/scratch/ddpcr_gating_method_comparison_v2/inputs/definetherain/E200K/2020-11-24_SNV_E200K/ch2/A08_amplitude.csv,1,15922,NA,NA,NA,NA,NA,A08,ch2
definetherain,E200K,2020-11-24_SNV_E200K,/mnt/c/Projects/prnp-somatic/scratch/ddpcr_gating_method_comparison_v2/inputs/definetherain/E200K/2020-11-24_SNV_E200K/ch1/B02_amplitude.csv,1,16494,NA,NA,NA,NA,NA,B02,ch1
definetherain,E200K,2020-11-24_SNV_E200K,/mnt/c/Projects/prnp-somatic/scratch/ddpcr_gating_method_comparison_v2/inputs/definetherain/E200K/2020-11-24_SNV_E200K/ch2/B02_amplitude.csv,1,16494,NA,NA,NA,NA,NA,B02,ch2
definetherain,E200K,2020-11-24_SNV_E200K,/mnt/c/Projects/prnp-somatic/scratch/ddpcr_gating_method_comparison_v2/inputs/definetherain/E200K/2020-11-24_SNV_E200K/ch1/B06_amplitude.csv,1,17688,NA,NA,NA,NA,NA,B06,ch1
definetherain,E200K,2020-11-24_SNV_E200K,/mnt/c/Projects/prnp-somatic/scratch/ddpcr_gating_method_comparison_v2/inputs/definetherain/E200K/2020-11-24_SNV_E200K/ch2/B06_amplitude.csv,1,17688,NA,NA,NA,NA,NA,B06,ch2
definetherain,E200K,2020-11-24_SNV_E200K,/mnt/c/Projects/prnp-somatic/scratch/ddpcr_gating_method_comparison_v2/inputs/definetherain/E200K/2020-11-24_SNV_E200K/ch1/C02_amplitude.csv,1,17046,NA,NA,NA,NA,NA,C02,ch1
definetherain,E200K,2020-11-24_SNV_E200K,/mnt/c/Projects/prnp-somatic/scratch/ddpcr_gating_method_comparison_v2/inputs/definetherain/E200K/2020-11-24_SNV_E200K/ch2/C02_amplitude.csv,1,17046,NA,NA,NA,NA,NA,C02,ch2
definetherain,E200K,2020-11-24_SNV_E200K,/mnt/c/Projects/prnp-somatic/scratch/ddpcr_gating_method_comparison_v2/inputs/definetherain/E200K/2020-11-24_SNV_E200K/ch1/D02_amplitude.csv,1,17369,NA,NA,NA,NA,NA,D02,ch1
definetherain,E200K,2020-11-24_SNV_E200K,/mnt/c/Projects/prnp-somatic/scratch/ddpcr_gating_method_comparison_v2/inputs/definetherain/E200K/2020-11-24_SNV_E200K/ch2/D02_amplitude.csv,1,17369,NA,NA,NA,NA,NA,D02,ch2
definetherain,E200K,2020-11-24_SNV_E200K,/mnt/c/Projects/prnp-somatic/scratch/ddpcr_gating_method_comparison_v2/inputs/definetherain/E200K/2020-11-24_SNV_E200K/ch1/D10_amplitude.csv,1,18613,NA,NA,NA,NA,NA,D10,ch1
definetherain,E200K,2020-11-24_SNV_E200K,/mnt/c/Projects/prnp-somatic/scratch/ddpcr_gating_method_comparison_v2/inputs/definetherain/E200K/2020-11-24_SNV_E200K/ch2/D10_amplitude.csv,1,18613,NA,NA,NA,NA,NA,D10,ch2
definetherain,E200K,2020-11-24_SNV_E200K,/mnt/c/Projects/prnp-somatic/scratch/ddpcr_gating_method_comparison_v2/inputs/definetherain/E200K/2020-11-24_SNV_E200K/ch1/F02_amplitude.csv,1,16821,NA,NA,NA,NA,NA,F02,ch1
definetherain,E200K,2020-11-24_SNV_E200K,/mnt/c/Projects/prnp-somatic/scratch/ddpcr_gating_method_comparison_v2/inputs/definetherain/E200K/2020-11-24_SNV_E200K/ch2/F02_amplitude.csv,1,16821,NA,NA,NA,NA,NA,F02,ch2
definetherain,E200K,2020-11-24_SNV_E200K,/mnt/c/Projects/prnp-somatic/scratch/ddpcr_gating_method_comparison_v2/inputs/definetherain/E200K/2020-11-24_SNV_E200K/ch1/G02_amplitude.csv,1,16266,NA,NA,NA,NA,NA,G02,ch1
definetherain,E200K,2020-11-24_SNV_E200K,/mnt/c/Projects/prnp-somatic/scratch/ddpcr_gating_method_comparison_v2/inputs/definetherain/E200K/2020-11-24_SNV_E200K/ch2/G02_amplitude.csv,1,16266,NA,NA,NA,NA,NA,G02,ch2
definetherain,E200K,2020-11-24_SNV_E200K,/mnt/c/Projects/prnp-somatic/scratch/ddpcr_gating_method_comparison_v2/inputs/definetherain/E200K/2020-11-24_SNV_E200K/ch1/H02_amplitude.csv,1,15464,NA,NA,NA,NA,NA,H02,ch1
definetherain,E200K,2020-11-24_SNV_E200K,/mnt/c/Projects/prnp-somatic/scratch/ddpcr_gating_method_comparison_v2/inputs/definetherain/E200K/2020-11-24_SNV_E200K/ch2/H02_amplitude.csv,1,15464,NA,NA,NA,NA,NA,H02,ch2
definetherain,E200K,2021-01-26_SNV_E200K,/mnt/c/Projects/prnp-somatic/scratch/ddpcr_gating_method_comparison_v2/inputs/definetherain/E200K/2021-01-26_SNV_E200K/ch1/A02_amplitude.csv,1,10668,NA,NA,NA,NA,NA,A02,ch1
definetherain,E200K,2021-01-26_SNV_E200K,/mnt/c/Projects/prnp-somatic/scratch/ddpcr_gating_method_comparison_v2/inputs/definetherain/E200K/2021-01-26_SNV_E200K/ch2/A02_amplitude.csv,1,10668,NA,NA,NA,NA,NA,A02,ch2
definetherain,E200K,2021-01-26_SNV_E200K,/mnt/c/Projects/prnp-somatic/scratch/ddpcr_gating_method_comparison_v2/inputs/definetherain/E200K/2021-01-26_SNV_E200K/ch1/A05_amplitude.csv,1,13049,NA,NA,NA,NA,NA,A05,ch1
definetherain,E200K,2021-01-26_SNV_E200K,/mnt/c/Projects/prnp-somatic/scratch/ddpcr_gating_method_comparison_v2/inputs/definetherain/E200K/2021-01-26_SNV_E200K/ch2/A05_amplitude.csv,1,13049,NA,NA,NA,NA,NA,A05,ch2
definetherain,E200K,2021-01-26_SNV_E200K,/mnt/c/Projects/prnp-somatic/scratch/ddpcr_gating_method_comparison_v2/inputs/definetherain/E200K/2021-01-26_SNV_E200K/ch1/B02_amplitude.csv,1,12474,NA,NA,NA,NA,NA,B02,ch1
definetherain,E200K,2021-01-26_SNV_E200K,/mnt/c/Projects/prnp-somatic/scratch/ddpcr_gating_method_comparison_v2/inputs/definetherain/E200K/2021-01-26_SNV_E200K/ch2/B02_amplitude.csv,1,12474,NA,NA,NA,NA,NA,B02,ch2
definetherain,E200K,2021-01-26_SNV_E200K,/mnt/c/Projects/prnp-somatic/scratch/ddpcr_gating_method_comparison_v2/inputs/definetherain/E200K/2021-01-26_SNV_E200K/ch1/B05_amplitude.csv,1,12019,NA,NA,NA,NA,NA,B05,ch1
definetherain,E200K,2021-01-26_SNV_E200K,/mnt/c/Projects/prnp-somatic/scratch/ddpcr_gating_method_comparison_v2/inputs/definetherain/E200K/2021-01-26_SNV_E200K/ch2/B05_amplitude.csv,1,12019,NA,NA,NA,NA,NA,B05,ch2
definetherain,E200K,2021-01-26_SNV_E200K,/mnt/c/Projects/prnp-somatic/scratch/ddpcr_gating_method_comparison_v2/inputs/definetherain/E200K/2021-01-26_SNV_E200K/ch1/B08_amplitude.csv,1,13528,NA,NA,NA,NA,NA,B08,ch1
definetherain,E200K,2021-01-26_SNV_E200K,/mnt/c/Projects/prnp-somatic/scratch/ddpcr_gating_method_comparison_v2/inputs/definetherain/E200K/2021-01-26_SNV_E200K/ch2/B08_amplitude.csv,1,13528,NA,NA,NA,NA,NA,B08,ch2
definetherain,E200K,2021-01-26_SNV_E200K,/mnt/c/Projects/prnp-somatic/scratch/ddpcr_gating_method_comparison_v2/inputs/definetherain/E200K/2021-01-26_SNV_E200K/ch1/C02_amplitude.csv,1,12252,NA,NA,NA,NA,NA,C02,ch1
definetherain,E200K,2021-01-26_SNV_E200K,/mnt/c/Projects/prnp-somatic/scratch/ddpcr_gating_method_comparison_v2/inputs/definetherain/E200K/2021-01-26_SNV_E200K/ch2/C02_amplitude.csv,1,12252,NA,NA,NA,NA,NA,C02,ch2
definetherain,E200K,2021-01-26_SNV_E200K,/mnt/c/Projects/prnp-somatic/scratch/ddpcr_gating_method_comparison_v2/inputs/definetherain/E200K/2021-01-26_SNV_E200K/ch1/C05_amplitude.csv,1,14774,NA,NA,NA,NA,NA,C05,ch1
definetherain,E200K,2021-01-26_SNV_E200K,/mnt/c/Projects/prnp-somatic/scratch/ddpcr_gating_method_comparison_v2/inputs/definetherain/E200K/2021-01-26_SNV_E200K/ch2/C05_amplitude.csv,1,14774,NA,NA,NA,NA,NA,C05,ch2
definetherain,E200K,2021-01-26_SNV_E200K,/mnt/c/Projects/prnp-somatic/scratch/ddpcr_gating_method_comparison_v2/inputs/definetherain/E200K/2021-01-26_SNV_E200K/ch1/C08_amplitude.csv,1,12785,NA,NA,NA,NA,NA,C08,ch1
definetherain,E200K,2021-01-26_SNV_E200K,/mnt/c/Projects/prnp-somatic/scratch/ddpcr_gating_method_comparison_v2/inputs/definetherain/E200K/2021-01-26_SNV_E200K/ch2/C08_amplitude.csv,1,12785,NA,NA,NA,NA,NA,C08,ch2
definetherain,E200K,2021-01-26_SNV_E200K,/mnt/c/Projects/prnp-somatic/scratch/ddpcr_gating_method_comparison_v2/inputs/definetherain/E200K/2021-01-26_SNV_E200K/ch1/D02_amplitude.csv,1,12149,NA,NA,NA,NA,NA,D02,ch1
definetherain,E200K,2021-01-26_SNV_E200K,/mnt/c/Projects/prnp-somatic/scratch/ddpcr_gating_method_comparison_v2/inputs/definetherain/E200K/2021-01-26_SNV_E200K/ch2/D02_amplitude.csv,1,12149,NA,NA,NA,NA,NA,D02,ch2
definetherain,E200K,2021-01-26_SNV_E200K,/mnt/c/Projects/prnp-somatic/scratch/ddpcr_gating_method_comparison_v2/inputs/definetherain/E200K/2021-01-26_SNV_E200K/ch1/D05_amplitude.csv,1,14933,NA,NA,NA,NA,NA,D05,ch1
definetherain,E200K,2021-01-26_SNV_E200K,/mnt/c/Projects/prnp-somatic/scratch/ddpcr_gating_method_comparison_v2/inputs/definetherain/E200K/2021-01-26_SNV_E200K/ch2/D05_amplitude.csv,1,14933,NA,NA,NA,NA,NA,D05,ch2
definetherain,E200K,2021-01-26_SNV_E200K,/mnt/c/Projects/prnp-somatic/scratch/ddpcr_gating_method_comparison_v2/inputs/definetherain/E200K/2021-01-26_SNV_E200K/ch1/D08_amplitude.csv,1,13935,NA,NA,NA,NA,NA,D08,ch1
definetherain,E200K,2021-01-26_SNV_E200K,/mnt/c/Projects/prnp-somatic/scratch/ddpcr_gating_method_comparison_v2/inputs/definetherain/E200K/2021-01-26_SNV_E200K/ch2/D08_amplitude.csv,1,13935,NA,NA,NA,NA,NA,D08,ch2
definetherain,E200K,2021-01-26_SNV_E200K,/mnt/c/Projects/prnp-somatic/scratch/ddpcr_gating_method_comparison_v2/inputs/definetherain/E200K/2021-01-26_SNV_E200K/ch1/E02_amplitude.csv,1,11569,NA,NA,NA,NA,NA,E02,ch1
definetherain,E200K,2021-01-26_SNV_E200K,/mnt/c/Projects/prnp-somatic/scratch/ddpcr_gating_method_comparison_v2/inputs/definetherain/E200K/2021-01-26_SNV_E200K/ch2/E02_amplitude.csv,1,11569,NA,NA,NA,NA,NA,E02,ch2
definetherain,E200K,2021-01-26_SNV_E200K,/mnt/c/Projects/prnp-somatic/scratch/ddpcr_gating_method_comparison_v2/inputs/definetherain/E200K/2021-01-26_SNV_E200K/ch1/E08_amplitude.csv,1,13898,NA,NA,NA,NA,NA,E08,ch1
definetherain,E200K,2021-01-26_SNV_E200K,/mnt/c/Projects/prnp-somatic/scratch/ddpcr_gating_method_comparison_v2/inputs/definetherain/E200K/2021-01-26_SNV_E200K/ch2/E08_amplitude.csv,1,13898,NA,NA,NA,NA,NA,E08,ch2
definetherain,E200K,2021-01-26_SNV_E200K,/mnt/c/Projects/prnp-somatic/scratch/ddpcr_gating_method_comparison_v2/inputs/definetherain/E200K/2021-01-26_SNV_E200K/ch1/F02_amplitude.csv,1,13045,NA,NA,NA,NA,NA,F02,ch1
definetherain,E200K,2021-01-26_SNV_E200K,/mnt/c/Projects/prnp-somatic/scratch/ddpcr_gating_method_comparison_v2/inputs/definetherain/E200K/2021-01-26_SNV_E200K/ch2/F02_amplitude.csv,1,13045,NA,NA,NA,NA,NA,F02,ch2
definetherain,E200K,2021-01-26_SNV_E200K,/mnt/c/Projects/prnp-somatic/scratch/ddpcr_gating_method_comparison_v2/inputs/definetherain/E200K/2021-01-26_SNV_E200K/ch1/F05_amplitude.csv,1,14240,NA,NA,NA,NA,NA,F05,ch1
definetherain,E200K,2021-01-26_SNV_E200K,/mnt/c/Projects/prnp-somatic/scratch/ddpcr_gating_method_comparison_v2/inputs/definetherain/E200K/2021-01-26_SNV_E200K/ch2/F05_amplitude.csv,1,14240,NA,NA,NA,NA,NA,F05,ch2
definetherain,E200K,2021-01-26_SNV_E200K,/mnt/c/Projects/prnp-somatic/scratch/ddpcr_gating_method_comparison_v2/inputs/definetherain/E200K/2021-01-26_SNV_E200K/ch1/F08_amplitude.csv,1,14242,NA,NA,NA,NA,NA,F08,ch1
definetherain,E200K,2021-01-26_SNV_E200K,/mnt/c/Projects/prnp-somatic/scratch/ddpcr_gating_method_comparison_v2/inputs/definetherain/E200K/2021-01-26_SNV_E200K/ch2/F08_amplitude.csv,1,14242,NA,NA,NA,NA,NA,F08,ch2
definetherain,E200K,2021-01-26_SNV_E200K,/mnt/c/Projects/prnp-somatic/scratch/ddpcr_gating_method_comparison_v2/inputs/definetherain/E200K/2021-01-26_SNV_E200K/ch1/G02_amplitude.csv,1,12906,NA,NA,NA,NA,NA,G02,ch1
definetherain,E200K,2021-01-26_SNV_E200K,/mnt/c/Projects/prnp-somatic/scratch/ddpcr_gating_method_comparison_v2/inputs/definetherain/E200K/2021-01-26_SNV_E200K/ch2/G02_amplitude.csv,1,12906,NA,NA,NA,NA,NA,G02,ch2
definetherain,E200K,2021-01-26_SNV_E200K,/mnt/c/Projects/prnp-somatic/scratch/ddpcr_gating_method_comparison_v2/inputs/definetherain/E200K/2021-01-26_SNV_E200K/ch1/G05_amplitude.csv,1,14758,NA,NA,NA,NA,NA,G05,ch1
definetherain,E200K,2021-01-26_SNV_E200K,/mnt/c/Projects/prnp-somatic/scratch/ddpcr_gating_method_comparison_v2/inputs/definetherain/E200K/2021-01-26_SNV_E200K/ch2/G05_amplitude.csv,1,14758,NA,NA,NA,NA,NA,G05,ch2
definetherain,E200K,2021-01-26_SNV_E200K,/mnt/c/Projects/prnp-somatic/scratch/ddpcr_gating_method_comparison_v2/inputs/definetherain/E200K/2021-01-26_SNV_E200K/ch1/G08_amplitude.csv,1,14003,NA,NA,NA,NA,NA,G08,ch1
definetherain,E200K,2021-01-26_SNV_E200K,/mnt/c/Projects/prnp-somatic/scratch/ddpcr_gating_method_comparison_v2/inputs/definetherain/E200K/2021-01-26_SNV_E200K/ch2/G08_amplitude.csv,1,14003,NA,NA,NA,NA,NA,G08,ch2
definetherain,E200K,2021-01-26_SNV_E200K,/mnt/c/Projects/prnp-somatic/scratch/ddpcr_gating_method_comparison_v2/inputs/definetherain/E200K/2021-01-26_SNV_E200K/ch1/H02_amplitude.csv,1,13762,NA,NA,NA,NA,NA,H02,ch1
definetherain,E200K,2021-01-26_SNV_E200K,/mnt/c/Projects/prnp-somatic/scratch/ddpcr_gating_method_comparison_v2/inputs/definetherain/E200K/2021-01-26_SNV_E200K/ch2/H02_amplitude.csv,1,13762,NA,NA,NA,NA,NA,H02,ch2
definetherain,E200K,2021-01-26_SNV_E200K,/mnt/c/Projects/prnp-somatic/scratch/ddpcr_gating_method_comparison_v2/inputs/definetherain/E200K/2021-01-26_SNV_E200K/ch1/H05_amplitude.csv,1,15754,NA,NA,NA,NA,NA,H05,ch1
definetherain,E200K,2021-01-26_SNV_E200K,/mnt/c/Projects/prnp-somatic/scratch/ddpcr_gating_method_comparison_v2/inputs/definetherain/E200K/2021-01-26_SNV_E200K/ch2/H05_amplitude.csv,1,15754,NA,NA,NA,NA,NA,H05,ch2
definetherain,E200K,2021-01-26_SNV_E200K,/mnt/c/Projects/prnp-somatic/scratch/ddpcr_gating_method_comparison_v2/inputs/definetherain/E200K/2021-01-26_SNV_E200K/ch1/H08_amplitude.csv,1,13321,NA,NA,NA,NA,NA,H08,ch1
definetherain,E200K,2021-01-26_SNV_E200K,/mnt/c/Projects/prnp-somatic/scratch/ddpcr_gating_method_comparison_v2/inputs/definetherain/E200K/2021-01-26_SNV_E200K/ch2/H08_amplitude.csv,1,13321,NA,NA,NA,NA,NA,H08,ch2
definetherain,E200K,2021-02-17_SNV_E200K,/mnt/c/Projects/prnp-somatic/scratch/ddpcr_gating_method_comparison_v2/inputs/definetherain/E200K/2021-02-17_SNV_E200K/ch1/A02_amplitude.csv,1,15981,NA,NA,NA,NA,NA,A02,ch1
definetherain,E200K,2021-02-17_SNV_E200K,/mnt/c/Projects/prnp-somatic/scratch/ddpcr_gating_method_comparison_v2/inputs/definetherain/E200K/2021-02-17_SNV_E200K/ch2/A02_amplitude.csv,1,15981,NA,NA,NA,NA,NA,A02,ch2
definetherain,E200K,2021-02-17_SNV_E200K,/mnt/c/Projects/prnp-somatic/scratch/ddpcr_gating_method_comparison_v2/inputs/definetherain/E200K/2021-02-17_SNV_E200K/ch1/A05_amplitude.csv,1,16200,NA,NA,NA,NA,NA,A05,ch1
definetherain,E200K,2021-02-17_SNV_E200K,/mnt/c/Projects/prnp-somatic/scratch/ddpcr_gating_method_comparison_v2/inputs/definetherain/E200K/2021-02-17_SNV_E200K/ch2/A05_amplitude.csv,1,16200,NA,NA,NA,NA,NA,A05,ch2
definetherain,E200K,2021-02-17_SNV_E200K,/mnt/c/Projects/prnp-somatic/scratch/ddpcr_gating_method_comparison_v2/inputs/definetherain/E200K/2021-02-17_SNV_E200K/ch1/A08_amplitude.csv,1,18335,NA,NA,NA,NA,NA,A08,ch1
definetherain,E200K,2021-02-17_SNV_E200K,/mnt/c/Projects/prnp-somatic/scratch/ddpcr_gating_method_comparison_v2/inputs/definetherain/E200K/2021-02-17_SNV_E200K/ch2/A08_amplitude.csv,1,18335,NA,NA,NA,NA,NA,A08,ch2
definetherain,E200K,2021-02-17_SNV_E200K,/mnt/c/Projects/prnp-somatic/scratch/ddpcr_gating_method_comparison_v2/inputs/definetherain/E200K/2021-02-17_SNV_E200K/ch1/B02_amplitude.csv,1,14214,NA,NA,NA,NA,NA,B02,ch1
definetherain,E200K,2021-02-17_SNV_E200K,/mnt/c/Projects/prnp-somatic/scratch/ddpcr_gating_method_comparison_v2/inputs/definetherain/E200K/2021-02-17_SNV_E200K/ch2/B02_amplitude.csv,1,14214,NA,NA,NA,NA,NA,B02,ch2
definetherain,E200K,2021-02-17_SNV_E200K,/mnt/c/Projects/prnp-somatic/scratch/ddpcr_gating_method_comparison_v2/inputs/definetherain/E200K/2021-02-17_SNV_E200K/ch1/B05_amplitude.csv,1,16615,NA,NA,NA,NA,NA,B05,ch1
definetherain,E200K,2021-02-17_SNV_E200K,/mnt/c/Projects/prnp-somatic/scratch/ddpcr_gating_method_comparison_v2/inputs/definetherain/E200K/2021-02-17_SNV_E200K/ch2/B05_amplitude.csv,1,16615,NA,NA,NA,NA,NA,B05,ch2
definetherain,E200K,2021-02-17_SNV_E200K,/mnt/c/Projects/prnp-somatic/scratch/ddpcr_gating_method_comparison_v2/inputs/definetherain/E200K/2021-02-17_SNV_E200K/ch1/B08_amplitude.csv,1,17770,NA,NA,NA,NA,NA,B08,ch1
definetherain,E200K,2021-02-17_SNV_E200K,/mnt/c/Projects/prnp-somatic/scratch/ddpcr_gating_method_comparison_v2/inputs/definetherain/E200K/2021-02-17_SNV_E200K/ch2/B08_amplitude.csv,1,17770,NA,NA,NA,NA,NA,B08,ch2
definetherain,E200K,2021-02-17_SNV_E200K,/mnt/c/Projects/prnp-somatic/scratch/ddpcr_gating_method_comparison_v2/inputs/definetherain/E200K/2021-02-17_SNV_E200K/ch1/C02_amplitude.csv,1,15639,NA,NA,NA,NA,NA,C02,ch1
definetherain,E200K,2021-02-17_SNV_E200K,/mnt/c/Projects/prnp-somatic/scratch/ddpcr_gating_method_comparison_v2/inputs/definetherain/E200K/2021-02-17_SNV_E200K/ch2/C02_amplitude.csv,1,15639,NA,NA,NA,NA,NA,C02,ch2
definetherain,E200K,2021-02-17_SNV_E200K,/mnt/c/Projects/prnp-somatic/scratch/ddpcr_gating_method_comparison_v2/inputs/definetherain/E200K/2021-02-17_SNV_E200K/ch1/C05_amplitude.csv,1,16516,NA,NA,NA,NA,NA,C05,ch1
definetherain,E200K,2021-02-17_SNV_E200K,/mnt/c/Projects/prnp-somatic/scratch/ddpcr_gating_method_comparison_v2/inputs/definetherain/E200K/2021-02-17_SNV_E200K/ch2/C05_amplitude.csv,1,16516,NA,NA,NA,NA,NA,C05,ch2
definetherain,E200K,2021-02-17_SNV_E200K,/mnt/c/Projects/prnp-somatic/scratch/ddpcr_gating_method_comparison_v2/inputs/definetherain/E200K/2021-02-17_SNV_E200K/ch1/C08_amplitude.csv,1,15918,NA,NA,NA,NA,NA,C08,ch1
definetherain,E200K,2021-02-17_SNV_E200K,/mnt/c/Projects/prnp-somatic/scratch/ddpcr_gating_method_comparison_v2/inputs/definetherain/E200K/2021-02-17_SNV_E200K/ch2/C08_amplitude.csv,1,15918,NA,NA,NA,NA,NA,C08,ch2
definetherain,E200K,2021-02-17_SNV_E200K,/mnt/c/Projects/prnp-somatic/scratch/ddpcr_gating_method_comparison_v2/inputs/definetherain/E200K/2021-02-17_SNV_E200K/ch1/D02_amplitude.csv,1,14593,NA,NA,NA,NA,NA,D02,ch1
definetherain,E200K,2021-02-17_SNV_E200K,/mnt/c/Projects/prnp-somatic/scratch/ddpcr_gating_method_comparison_v2/inputs/definetherain/E200K/2021-02-17_SNV_E200K/ch2/D02_amplitude.csv,1,14593,NA,NA,NA,NA,NA,D02,ch2
definetherain,E200K,2021-02-17_SNV_E200K,/mnt/c/Projects/prnp-somatic/scratch/ddpcr_gating_method_comparison_v2/inputs/definetherain/E200K/2021-02-17_SNV_E200K/ch1/D05_amplitude.csv,1,16078,NA,NA,NA,NA,NA,D05,ch1
definetherain,E200K,2021-02-17_SNV_E200K,/mnt/c/Projects/prnp-somatic/scratch/ddpcr_gating_method_comparison_v2/inputs/definetherain/E200K/2021-02-17_SNV_E200K/ch2/D05_amplitude.csv,1,16078,NA,NA,NA,NA,NA,D05,ch2
definetherain,E200K,2021-02-17_SNV_E200K,/mnt/c/Projects/prnp-somatic/scratch/ddpcr_gating_method_comparison_v2/inputs/definetherain/E200K/2021-02-17_SNV_E200K/ch1/E05_amplitude.csv,1,16425,NA,NA,NA,NA,NA,E05,ch1
definetherain,E200K,2021-02-17_SNV_E200K,/mnt/c/Projects/prnp-somatic/scratch/ddpcr_gating_method_comparison_v2/inputs/definetherain/E200K/2021-02-17_SNV_E200K/ch2/E05_amplitude.csv,1,16425,NA,NA,NA,NA,NA,E05,ch2
definetherain,E200K,2021-02-17_SNV_E200K,/mnt/c/Projects/prnp-somatic/scratch/ddpcr_gating_method_comparison_v2/inputs/definetherain/E200K/2021-02-17_SNV_E200K/ch1/F05_amplitude.csv,1,15586,NA,NA,NA,NA,NA,F05,ch1
definetherain,E200K,2021-02-17_SNV_E200K,/mnt/c/Projects/prnp-somatic/scratch/ddpcr_gating_method_comparison_v2/inputs/definetherain/E200K/2021-02-17_SNV_E200K/ch2/F05_amplitude.csv,1,15586,NA,NA,NA,NA,NA,F05,ch2
definetherain,E200K,2021-02-17_SNV_E200K,/mnt/c/Projects/prnp-somatic/scratch/ddpcr_gating_method_comparison_v2/inputs/definetherain/E200K/2021-02-17_SNV_E200K/ch1/G02_amplitude.csv,1,14752,NA,NA,NA,NA,NA,G02,ch1
definetherain,E200K,2021-02-17_SNV_E200K,/mnt/c/Projects/prnp-somatic/scratch/ddpcr_gating_method_comparison_v2/inputs/definetherain/E200K/2021-02-17_SNV_E200K/ch2/G02_amplitude.csv,1,14752,NA,NA,NA,NA,NA,G02,ch2
definetherain,E200K,2021-02-17_SNV_E200K,/mnt/c/Projects/prnp-somatic/scratch/ddpcr_gating_method_comparison_v2/inputs/definetherain/E200K/2021-02-17_SNV_E200K/ch1/G05_amplitude.csv,1,17220,NA,NA,NA,NA,NA,G05,ch1
definetherain,E200K,2021-02-17_SNV_E200K,/mnt/c/Projects/prnp-somatic/scratch/ddpcr_gating_method_comparison_v2/inputs/definetherain/E200K/2021-02-17_SNV_E200K/ch2/G05_amplitude.csv,1,17220,NA,NA,NA,NA,NA,G05,ch2
definetherain,E200K,2021-02-17_SNV_E200K,/mnt/c/Projects/prnp-somatic/scratch/ddpcr_gating_method_comparison_v2/inputs/definetherain/E200K/2021-02-17_SNV_E200K/ch1/H02_amplitude.csv,1,15542,NA,NA,NA,NA,NA,H02,ch1
definetherain,E200K,2021-02-17_SNV_E200K,/mnt/c/Projects/prnp-somatic/scratch/ddpcr_gating_method_comparison_v2/inputs/definetherain/E200K/2021-02-17_SNV_E200K/ch2/H02_amplitude.csv,1,15542,NA,NA,NA,NA,NA,H02,ch2
definetherain,E200K,2021-02-17_SNV_E200K,/mnt/c/Projects/prnp-somatic/scratch/ddpcr_gating_method_comparison_v2/inputs/definetherain/E200K/2021-02-17_SNV_E200K/ch1/H05_amplitude.csv,1,16235,NA,NA,NA,NA,NA,H05,ch1
definetherain,E200K,2021-02-17_SNV_E200K,/mnt/c/Projects/prnp-somatic/scratch/ddpcr_gating_method_comparison_v2/inputs/definetherain/E200K/2021-02-17_SNV_E200K/ch2/H05_amplitude.csv,1,16235,NA,NA,NA,NA,NA,H05,ch2
definetherain,E200K,2021-02-18_SNV_E200K,/mnt/c/Projects/prnp-somatic/scratch/ddpcr_gating_method_comparison_v2/inputs/definetherain/E200K/2021-02-18_SNV_E200K/ch1/A02_amplitude.csv,1,14208,NA,NA,NA,NA,NA,A02,ch1
definetherain,E200K,2021-02-18_SNV_E200K,/mnt/c/Projects/prnp-somatic/scratch/ddpcr_gating_method_comparison_v2/inputs/definetherain/E200K/2021-02-18_SNV_E200K/ch2/A02_amplitude.csv,1,14208,NA,NA,NA,NA,NA,A02,ch2
definetherain,E200K,2021-02-18_SNV_E200K,/mnt/c/Projects/prnp-somatic/scratch/ddpcr_gating_method_comparison_v2/inputs/definetherain/E200K/2021-02-18_SNV_E200K/ch1/A05_amplitude.csv,1,18258,NA,NA,NA,NA,NA,A05,ch1
definetherain,E200K,2021-02-18_SNV_E200K,/mnt/c/Projects/prnp-somatic/scratch/ddpcr_gating_method_comparison_v2/inputs/definetherain/E200K/2021-02-18_SNV_E200K/ch2/A05_amplitude.csv,1,18258,NA,NA,NA,NA,NA,A05,ch2
definetherain,E200K,2021-02-18_SNV_E200K,/mnt/c/Projects/prnp-somatic/scratch/ddpcr_gating_method_comparison_v2/inputs/definetherain/E200K/2021-02-18_SNV_E200K/ch1/A08_amplitude.csv,1,16047,NA,NA,NA,NA,NA,A08,ch1
definetherain,E200K,2021-02-18_SNV_E200K,/mnt/c/Projects/prnp-somatic/scratch/ddpcr_gating_method_comparison_v2/inputs/definetherain/E200K/2021-02-18_SNV_E200K/ch2/A08_amplitude.csv,1,16047,NA,NA,NA,NA,NA,A08,ch2
definetherain,E200K,2021-02-18_SNV_E200K,/mnt/c/Projects/prnp-somatic/scratch/ddpcr_gating_method_comparison_v2/inputs/definetherain/E200K/2021-02-18_SNV_E200K/ch1/B02_amplitude.csv,1,15501,NA,NA,NA,NA,NA,B02,ch1
definetherain,E200K,2021-02-18_SNV_E200K,/mnt/c/Projects/prnp-somatic/scratch/ddpcr_gating_method_comparison_v2/inputs/definetherain/E200K/2021-02-18_SNV_E200K/ch2/B02_amplitude.csv,1,15501,NA,NA,NA,NA,NA,B02,ch2
definetherain,E200K,2021-02-18_SNV_E200K,/mnt/c/Projects/prnp-somatic/scratch/ddpcr_gating_method_comparison_v2/inputs/definetherain/E200K/2021-02-18_SNV_E200K/ch1/B08_amplitude.csv,1,15285,NA,NA,NA,NA,NA,B08,ch1
definetherain,E200K,2021-02-18_SNV_E200K,/mnt/c/Projects/prnp-somatic/scratch/ddpcr_gating_method_comparison_v2/inputs/definetherain/E200K/2021-02-18_SNV_E200K/ch2/B08_amplitude.csv,1,15285,NA,NA,NA,NA,NA,B08,ch2
definetherain,E200K,2021-02-18_SNV_E200K,/mnt/c/Projects/prnp-somatic/scratch/ddpcr_gating_method_comparison_v2/inputs/definetherain/E200K/2021-02-18_SNV_E200K/ch1/C02_amplitude.csv,1,16352,NA,NA,NA,NA,NA,C02,ch1
definetherain,E200K,2021-02-18_SNV_E200K,/mnt/c/Projects/prnp-somatic/scratch/ddpcr_gating_method_comparison_v2/inputs/definetherain/E200K/2021-02-18_SNV_E200K/ch2/C02_amplitude.csv,1,16352,NA,NA,NA,NA,NA,C02,ch2
definetherain,E200K,2021-02-18_SNV_E200K,/mnt/c/Projects/prnp-somatic/scratch/ddpcr_gating_method_comparison_v2/inputs/definetherain/E200K/2021-02-18_SNV_E200K/ch1/C05_amplitude.csv,1,17843,NA,NA,NA,NA,NA,C05,ch1
definetherain,E200K,2021-02-18_SNV_E200K,/mnt/c/Projects/prnp-somatic/scratch/ddpcr_gating_method_comparison_v2/inputs/definetherain/E200K/2021-02-18_SNV_E200K/ch2/C05_amplitude.csv,1,17843,NA,NA,NA,NA,NA,C05,ch2
definetherain,E200K,2021-02-18_SNV_E200K,/mnt/c/Projects/prnp-somatic/scratch/ddpcr_gating_method_comparison_v2/inputs/definetherain/E200K/2021-02-18_SNV_E200K/ch1/C08_amplitude.csv,1,14773,NA,NA,NA,NA,NA,C08,ch1
definetherain,E200K,2021-02-18_SNV_E200K,/mnt/c/Projects/prnp-somatic/scratch/ddpcr_gating_method_comparison_v2/inputs/definetherain/E200K/2021-02-18_SNV_E200K/ch2/C08_amplitude.csv,1,14773,NA,NA,NA,NA,NA,C08,ch2
definetherain,E200K,2021-02-18_SNV_E200K,/mnt/c/Projects/prnp-somatic/scratch/ddpcr_gating_method_comparison_v2/inputs/definetherain/E200K/2021-02-18_SNV_E200K/ch1/D02_amplitude.csv,1,14953,NA,NA,NA,NA,NA,D02,ch1
definetherain,E200K,2021-02-18_SNV_E200K,/mnt/c/Projects/prnp-somatic/scratch/ddpcr_gating_method_comparison_v2/inputs/definetherain/E200K/2021-02-18_SNV_E200K/ch2/D02_amplitude.csv,1,14953,NA,NA,NA,NA,NA,D02,ch2
definetherain,E200K,2021-02-18_SNV_E200K,/mnt/c/Projects/prnp-somatic/scratch/ddpcr_gating_method_comparison_v2/inputs/definetherain/E200K/2021-02-18_SNV_E200K/ch1/D05_amplitude.csv,1,17440,NA,NA,NA,NA,NA,D05,ch1
definetherain,E200K,2021-02-18_SNV_E200K,/mnt/c/Projects/prnp-somatic/scratch/ddpcr_gating_method_comparison_v2/inputs/definetherain/E200K/2021-02-18_SNV_E200K/ch2/D05_amplitude.csv,1,17440,NA,NA,NA,NA,NA,D05,ch2
definetherain,E200K,2021-02-18_SNV_E200K,/mnt/c/Projects/prnp-somatic/scratch/ddpcr_gating_method_comparison_v2/inputs/definetherain/E200K/2021-02-18_SNV_E200K/ch1/D08_amplitude.csv,1,15024,NA,NA,NA,NA,NA,D08,ch1
definetherain,E200K,2021-02-18_SNV_E200K,/mnt/c/Projects/prnp-somatic/scratch/ddpcr_gating_method_comparison_v2/inputs/definetherain/E200K/2021-02-18_SNV_E200K/ch2/D08_amplitude.csv,1,15024,NA,NA,NA,NA,NA,D08,ch2
definetherain,E200K,2021-02-18_SNV_E200K,/mnt/c/Projects/prnp-somatic/scratch/ddpcr_gating_method_comparison_v2/inputs/definetherain/E200K/2021-02-18_SNV_E200K/ch1/E02_amplitude.csv,1,15753,NA,NA,NA,NA,NA,E02,ch1
definetherain,E200K,2021-02-18_SNV_E200K,/mnt/c/Projects/prnp-somatic/scratch/ddpcr_gating_method_comparison_v2/inputs/definetherain/E200K/2021-02-18_SNV_E200K/ch2/E02_amplitude.csv,1,15753,NA,NA,NA,NA,NA,E02,ch2
definetherain,E200K,2021-02-18_SNV_E200K,/mnt/c/Projects/prnp-somatic/scratch/ddpcr_gating_method_comparison_v2/inputs/definetherain/E200K/2021-02-18_SNV_E200K/ch1/E05_amplitude.csv,1,16327,NA,NA,NA,NA,NA,E05,ch1
definetherain,E200K,2021-02-18_SNV_E200K,/mnt/c/Projects/prnp-somatic/scratch/ddpcr_gating_method_comparison_v2/inputs/definetherain/E200K/2021-02-18_SNV_E200K/ch2/E05_amplitude.csv,1,16327,NA,NA,NA,NA,NA,E05,ch2
definetherain,E200K,2021-02-18_SNV_E200K,/mnt/c/Projects/prnp-somatic/scratch/ddpcr_gating_method_comparison_v2/inputs/definetherain/E200K/2021-02-18_SNV_E200K/ch1/E08_amplitude.csv,1,15368,NA,NA,NA,NA,NA,E08,ch1
definetherain,E200K,2021-02-18_SNV_E200K,/mnt/c/Projects/prnp-somatic/scratch/ddpcr_gating_method_comparison_v2/inputs/definetherain/E200K/2021-02-18_SNV_E200K/ch2/E08_amplitude.csv,1,15368,NA,NA,NA,NA,NA,E08,ch2
definetherain,E200K,2021-02-18_SNV_E200K,/mnt/c/Projects/prnp-somatic/scratch/ddpcr_gating_method_comparison_v2/inputs/definetherain/E200K/2021-02-18_SNV_E200K/ch1/F05_amplitude.csv,1,18542,NA,NA,NA,NA,NA,F05,ch1
definetherain,E200K,2021-02-18_SNV_E200K,/mnt/c/Projects/prnp-somatic/scratch/ddpcr_gating_method_comparison_v2/inputs/definetherain/E200K/2021-02-18_SNV_E200K/ch2/F05_amplitude.csv,1,18542,NA,NA,NA,NA,NA,F05,ch2
definetherain,E200K,2021-02-18_SNV_E200K,/mnt/c/Projects/prnp-somatic/scratch/ddpcr_gating_method_comparison_v2/inputs/definetherain/E200K/2021-02-18_SNV_E200K/ch1/F08_amplitude.csv,1,12392,NA,NA,NA,NA,NA,F08,ch1
definetherain,E200K,2021-02-18_SNV_E200K,/mnt/c/Projects/prnp-somatic/scratch/ddpcr_gating_method_comparison_v2/inputs/definetherain/E200K/2021-02-18_SNV_E200K/ch2/F08_amplitude.csv,1,12392,NA,NA,NA,NA,NA,F08,ch2
definetherain,E200K,2021-02-18_SNV_E200K,/mnt/c/Projects/prnp-somatic/scratch/ddpcr_gating_method_comparison_v2/inputs/definetherain/E200K/2021-02-18_SNV_E200K/ch1/G08_amplitude.csv,1,12225,NA,NA,NA,NA,NA,G08,ch1
definetherain,E200K,2021-02-18_SNV_E200K,/mnt/c/Projects/prnp-somatic/scratch/ddpcr_gating_method_comparison_v2/inputs/definetherain/E200K/2021-02-18_SNV_E200K/ch2/G08_amplitude.csv,1,12225,NA,NA,NA,NA,NA,G08,ch2
definetherain,E200K,2021-02-18_SNV_E200K,/mnt/c/Projects/prnp-somatic/scratch/ddpcr_gating_method_comparison_v2/inputs/definetherain/E200K/2021-02-18_SNV_E200K/ch1/H02_amplitude.csv,1,13815,NA,NA,NA,NA,NA,H02,ch1
definetherain,E200K,2021-02-18_SNV_E200K,/mnt/c/Projects/prnp-somatic/scratch/ddpcr_gating_method_comparison_v2/inputs/definetherain/E200K/2021-02-18_SNV_E200K/ch2/H02_amplitude.csv,1,13815,NA,NA,NA,NA,NA,H02,ch2
definetherain,E200K,2021-02-18_SNV_E200K,/mnt/c/Projects/prnp-somatic/scratch/ddpcr_gating_method_comparison_v2/inputs/definetherain/E200K/2021-02-18_SNV_E200K/ch1/H05_amplitude.csv,1,17375,NA,NA,NA,NA,NA,H05,ch1
definetherain,E200K,2021-02-18_SNV_E200K,/mnt/c/Projects/prnp-somatic/scratch/ddpcr_gating_method_comparison_v2/inputs/definetherain/E200K/2021-02-18_SNV_E200K/ch2/H05_amplitude.csv,1,17375,NA,NA,NA,NA,NA,H05,ch2
definetherain,E200K,2021-02-18_SNV_E200K,/mnt/c/Projects/prnp-somatic/scratch/ddpcr_gating_method_comparison_v2/inputs/definetherain/E200K/2021-02-18_SNV_E200K/ch1/H08_amplitude.csv,1,11904,NA,NA,NA,NA,NA,H08,ch1
definetherain,E200K,2021-02-18_SNV_E200K,/mnt/c/Projects/prnp-somatic/scratch/ddpcr_gating_method_comparison_v2/inputs/definetherain/E200K/2021-02-18_SNV_E200K/ch2/H08_amplitude.csv,1,11904,NA,NA,NA,NA,NA,H08,ch2
definetherain,E200K,2021-03-29_SNV_E200K,/mnt/c/Projects/prnp-somatic/scratch/ddpcr_gating_method_comparison_v2/inputs/definetherain/E200K/2021-03-29_SNV_E200K/ch1/A02_amplitude.csv,1,14666,NA,NA,NA,NA,NA,A02,ch1
definetherain,E200K,2021-03-29_SNV_E200K,/mnt/c/Projects/prnp-somatic/scratch/ddpcr_gating_method_comparison_v2/inputs/definetherain/E200K/2021-03-29_SNV_E200K/ch2/A02_amplitude.csv,1,14666,NA,NA,NA,NA,NA,A02,ch2
definetherain,E200K,2021-03-29_SNV_E200K,/mnt/c/Projects/prnp-somatic/scratch/ddpcr_gating_method_comparison_v2/inputs/definetherain/E200K/2021-03-29_SNV_E200K/ch1/A05_amplitude.csv,1,14532,NA,NA,NA,NA,NA,A05,ch1
definetherain,E200K,2021-03-29_SNV_E200K,/mnt/c/Projects/prnp-somatic/scratch/ddpcr_gating_method_comparison_v2/inputs/definetherain/E200K/2021-03-29_SNV_E200K/ch2/A05_amplitude.csv,1,14532,NA,NA,NA,NA,NA,A05,ch2
definetherain,E200K,2021-03-29_SNV_E200K,/mnt/c/Projects/prnp-somatic/scratch/ddpcr_gating_method_comparison_v2/inputs/definetherain/E200K/2021-03-29_SNV_E200K/ch1/A08_amplitude.csv,1,16023,NA,NA,NA,NA,NA,A08,ch1
definetherain,E200K,2021-03-29_SNV_E200K,/mnt/c/Projects/prnp-somatic/scratch/ddpcr_gating_method_comparison_v2/inputs/definetherain/E200K/2021-03-29_SNV_E200K/ch2/A08_amplitude.csv,1,16023,NA,NA,NA,NA,NA,A08,ch2
definetherain,E200K,2021-03-29_SNV_E200K,/mnt/c/Projects/prnp-somatic/scratch/ddpcr_gating_method_comparison_v2/inputs/definetherain/E200K/2021-03-29_SNV_E200K/ch1/A11_amplitude.csv,1,16236,NA,NA,NA,NA,NA,A11,ch1
definetherain,E200K,2021-03-29_SNV_E200K,/mnt/c/Projects/prnp-somatic/scratch/ddpcr_gating_method_comparison_v2/inputs/definetherain/E200K/2021-03-29_SNV_E200K/ch2/A11_amplitude.csv,1,16236,NA,NA,NA,NA,NA,A11,ch2
definetherain,E200K,2021-03-29_SNV_E200K,/mnt/c/Projects/prnp-somatic/scratch/ddpcr_gating_method_comparison_v2/inputs/definetherain/E200K/2021-03-29_SNV_E200K/ch1/B02_amplitude.csv,1,14000,NA,NA,NA,NA,NA,B02,ch1
definetherain,E200K,2021-03-29_SNV_E200K,/mnt/c/Projects/prnp-somatic/scratch/ddpcr_gating_method_comparison_v2/inputs/definetherain/E200K/2021-03-29_SNV_E200K/ch2/B02_amplitude.csv,1,14000,NA,NA,NA,NA,NA,B02,ch2
definetherain,E200K,2021-03-29_SNV_E200K,/mnt/c/Projects/prnp-somatic/scratch/ddpcr_gating_method_comparison_v2/inputs/definetherain/E200K/2021-03-29_SNV_E200K/ch1/B05_amplitude.csv,1,15874,NA,NA,NA,NA,NA,B05,ch1
definetherain,E200K,2021-03-29_SNV_E200K,/mnt/c/Projects/prnp-somatic/scratch/ddpcr_gating_method_comparison_v2/inputs/definetherain/E200K/2021-03-29_SNV_E200K/ch2/B05_amplitude.csv,1,15874,NA,NA,NA,NA,NA,B05,ch2
definetherain,E200K,2021-03-29_SNV_E200K,/mnt/c/Projects/prnp-somatic/scratch/ddpcr_gating_method_comparison_v2/inputs/definetherain/E200K/2021-03-29_SNV_E200K/ch1/B08_amplitude.csv,1,16899,NA,NA,NA,NA,NA,B08,ch1
definetherain,E200K,2021-03-29_SNV_E200K,/mnt/c/Projects/prnp-somatic/scratch/ddpcr_gating_method_comparison_v2/inputs/definetherain/E200K/2021-03-29_SNV_E200K/ch2/B08_amplitude.csv,1,16899,NA,NA,NA,NA,NA,B08,ch2
definetherain,E200K,2021-03-29_SNV_E200K,/mnt/c/Projects/prnp-somatic/scratch/ddpcr_gating_method_comparison_v2/inputs/definetherain/E200K/2021-03-29_SNV_E200K/ch1/B11_amplitude.csv,1,17660,NA,NA,NA,NA,NA,B11,ch1
definetherain,E200K,2021-03-29_SNV_E200K,/mnt/c/Projects/prnp-somatic/scratch/ddpcr_gating_method_comparison_v2/inputs/definetherain/E200K/2021-03-29_SNV_E200K/ch2/B11_amplitude.csv,1,17660,NA,NA,NA,NA,NA,B11,ch2
definetherain,E200K,2021-03-29_SNV_E200K,/mnt/c/Projects/prnp-somatic/scratch/ddpcr_gating_method_comparison_v2/inputs/definetherain/E200K/2021-03-29_SNV_E200K/ch1/C02_amplitude.csv,1,15900,NA,NA,NA,NA,NA,C02,ch1
definetherain,E200K,2021-03-29_SNV_E200K,/mnt/c/Projects/prnp-somatic/scratch/ddpcr_gating_method_comparison_v2/inputs/definetherain/E200K/2021-03-29_SNV_E200K/ch2/C02_amplitude.csv,1,15900,NA,NA,NA,NA,NA,C02,ch2
definetherain,E200K,2021-03-29_SNV_E200K,/mnt/c/Projects/prnp-somatic/scratch/ddpcr_gating_method_comparison_v2/inputs/definetherain/E200K/2021-03-29_SNV_E200K/ch1/C05_amplitude.csv,1,16207,NA,NA,NA,NA,NA,C05,ch1
definetherain,E200K,2021-03-29_SNV_E200K,/mnt/c/Projects/prnp-somatic/scratch/ddpcr_gating_method_comparison_v2/inputs/definetherain/E200K/2021-03-29_SNV_E200K/ch2/C05_amplitude.csv,1,16207,NA,NA,NA,NA,NA,C05,ch2
definetherain,E200K,2021-03-29_SNV_E200K,/mnt/c/Projects/prnp-somatic/scratch/ddpcr_gating_method_comparison_v2/inputs/definetherain/E200K/2021-03-29_SNV_E200K/ch1/C08_amplitude.csv,1,15887,NA,NA,NA,NA,NA,C08,ch1
definetherain,E200K,2021-03-29_SNV_E200K,/mnt/c/Projects/prnp-somatic/scratch/ddpcr_gating_method_comparison_v2/inputs/definetherain/E200K/2021-03-29_SNV_E200K/ch2/C08_amplitude.csv,1,15887,NA,NA,NA,NA,NA,C08,ch2
definetherain,E200K,2021-03-29_SNV_E200K,/mnt/c/Projects/prnp-somatic/scratch/ddpcr_gating_method_comparison_v2/inputs/definetherain/E200K/2021-03-29_SNV_E200K/ch1/C11_amplitude.csv,1,18711,NA,NA,NA,NA,NA,C11,ch1
definetherain,E200K,2021-03-29_SNV_E200K,/mnt/c/Projects/prnp-somatic/scratch/ddpcr_gating_method_comparison_v2/inputs/definetherain/E200K/2021-03-29_SNV_E200K/ch2/C11_amplitude.csv,1,18711,NA,NA,NA,NA,NA,C11,ch2
definetherain,E200K,2021-03-29_SNV_E200K,/mnt/c/Projects/prnp-somatic/scratch/ddpcr_gating_method_comparison_v2/inputs/definetherain/E200K/2021-03-29_SNV_E200K/ch1/D02_amplitude.csv,1,15712,NA,NA,NA,NA,NA,D02,ch1
definetherain,E200K,2021-03-29_SNV_E200K,/mnt/c/Projects/prnp-somatic/scratch/ddpcr_gating_method_comparison_v2/inputs/definetherain/E200K/2021-03-29_SNV_E200K/ch2/D02_amplitude.csv,1,15712,NA,NA,NA,NA,NA,D02,ch2
definetherain,E200K,2021-03-29_SNV_E200K,/mnt/c/Projects/prnp-somatic/scratch/ddpcr_gating_method_comparison_v2/inputs/definetherain/E200K/2021-03-29_SNV_E200K/ch1/D05_amplitude.csv,1,15756,NA,NA,NA,NA,NA,D05,ch1
definetherain,E200K,2021-03-29_SNV_E200K,/mnt/c/Projects/prnp-somatic/scratch/ddpcr_gating_method_comparison_v2/inputs/definetherain/E200K/2021-03-29_SNV_E200K/ch2/D05_amplitude.csv,1,15756,NA,NA,NA,NA,NA,D05,ch2
definetherain,E200K,2021-03-29_SNV_E200K,/mnt/c/Projects/prnp-somatic/scratch/ddpcr_gating_method_comparison_v2/inputs/definetherain/E200K/2021-03-29_SNV_E200K/ch1/D08_amplitude.csv,1,16484,NA,NA,NA,NA,NA,D08,ch1
definetherain,E200K,2021-03-29_SNV_E200K,/mnt/c/Projects/prnp-somatic/scratch/ddpcr_gating_method_comparison_v2/inputs/definetherain/E200K/2021-03-29_SNV_E200K/ch2/D08_amplitude.csv,1,16484,NA,NA,NA,NA,NA,D08,ch2
definetherain,E200K,2021-03-29_SNV_E200K,/mnt/c/Projects/prnp-somatic/scratch/ddpcr_gating_method_comparison_v2/inputs/definetherain/E200K/2021-03-29_SNV_E200K/ch1/D11_amplitude.csv,1,17330,NA,NA,NA,NA,NA,D11,ch1
definetherain,E200K,2021-03-29_SNV_E200K,/mnt/c/Projects/prnp-somatic/scratch/ddpcr_gating_method_comparison_v2/inputs/definetherain/E200K/2021-03-29_SNV_E200K/ch2/D11_amplitude.csv,1,17330,NA,NA,NA,NA,NA,D11,ch2
definetherain,E200K,2021-03-29_SNV_E200K,/mnt/c/Projects/prnp-somatic/scratch/ddpcr_gating_method_comparison_v2/inputs/definetherain/E200K/2021-03-29_SNV_E200K/ch1/E05_amplitude.csv,1,16882,NA,NA,NA,NA,NA,E05,ch1
definetherain,E200K,2021-03-29_SNV_E200K,/mnt/c/Projects/prnp-somatic/scratch/ddpcr_gating_method_comparison_v2/inputs/definetherain/E200K/2021-03-29_SNV_E200K/ch2/E05_amplitude.csv,1,16882,NA,NA,NA,NA,NA,E05,ch2
definetherain,E200K,2021-03-29_SNV_E200K,/mnt/c/Projects/prnp-somatic/scratch/ddpcr_gating_method_comparison_v2/inputs/definetherain/E200K/2021-03-29_SNV_E200K/ch1/E08_amplitude.csv,1,16694,NA,NA,NA,NA,NA,E08,ch1
definetherain,E200K,2021-03-29_SNV_E200K,/mnt/c/Projects/prnp-somatic/scratch/ddpcr_gating_method_comparison_v2/inputs/definetherain/E200K/2021-03-29_SNV_E200K/ch2/E08_amplitude.csv,1,16694,NA,NA,NA,NA,NA,E08,ch2
definetherain,E200K,2021-03-29_SNV_E200K,/mnt/c/Projects/prnp-somatic/scratch/ddpcr_gating_method_comparison_v2/inputs/definetherain/E200K/2021-03-29_SNV_E200K/ch1/E11_amplitude.csv,1,18391,NA,NA,NA,NA,NA,E11,ch1
definetherain,E200K,2021-03-29_SNV_E200K,/mnt/c/Projects/prnp-somatic/scratch/ddpcr_gating_method_comparison_v2/inputs/definetherain/E200K/2021-03-29_SNV_E200K/ch2/E11_amplitude.csv,1,18391,NA,NA,NA,NA,NA,E11,ch2
definetherain,E200K,2021-03-29_SNV_E200K,/mnt/c/Projects/prnp-somatic/scratch/ddpcr_gating_method_comparison_v2/inputs/definetherain/E200K/2021-03-29_SNV_E200K/ch1/F02_amplitude.csv,1,15818,NA,NA,NA,NA,NA,F02,ch1
definetherain,E200K,2021-03-29_SNV_E200K,/mnt/c/Projects/prnp-somatic/scratch/ddpcr_gating_method_comparison_v2/inputs/definetherain/E200K/2021-03-29_SNV_E200K/ch2/F02_amplitude.csv,1,15818,NA,NA,NA,NA,NA,F02,ch2
definetherain,E200K,2021-03-29_SNV_E200K,/mnt/c/Projects/prnp-somatic/scratch/ddpcr_gating_method_comparison_v2/inputs/definetherain/E200K/2021-03-29_SNV_E200K/ch1/F05_amplitude.csv,1,16309,NA,NA,NA,NA,NA,F05,ch1
definetherain,E200K,2021-03-29_SNV_E200K,/mnt/c/Projects/prnp-somatic/scratch/ddpcr_gating_method_comparison_v2/inputs/definetherain/E200K/2021-03-29_SNV_E200K/ch2/F05_amplitude.csv,1,16309,NA,NA,NA,NA,NA,F05,ch2
definetherain,E200K,2021-03-29_SNV_E200K,/mnt/c/Projects/prnp-somatic/scratch/ddpcr_gating_method_comparison_v2/inputs/definetherain/E200K/2021-03-29_SNV_E200K/ch1/F08_amplitude.csv,1,15547,NA,NA,NA,NA,NA,F08,ch1
definetherain,E200K,2021-03-29_SNV_E200K,/mnt/c/Projects/prnp-somatic/scratch/ddpcr_gating_method_comparison_v2/inputs/definetherain/E200K/2021-03-29_SNV_E200K/ch2/F08_amplitude.csv,1,15547,NA,NA,NA,NA,NA,F08,ch2
definetherain,E200K,2021-03-29_SNV_E200K,/mnt/c/Projects/prnp-somatic/scratch/ddpcr_gating_method_comparison_v2/inputs/definetherain/E200K/2021-03-29_SNV_E200K/ch1/F11_amplitude.csv,1,15594,NA,NA,NA,NA,NA,F11,ch1
definetherain,E200K,2021-03-29_SNV_E200K,/mnt/c/Projects/prnp-somatic/scratch/ddpcr_gating_method_comparison_v2/inputs/definetherain/E200K/2021-03-29_SNV_E200K/ch2/F11_amplitude.csv,1,15594,NA,NA,NA,NA,NA,F11,ch2
definetherain,E200K,2021-03-29_SNV_E200K,/mnt/c/Projects/prnp-somatic/scratch/ddpcr_gating_method_comparison_v2/inputs/definetherain/E200K/2021-03-29_SNV_E200K/ch1/G02_amplitude.csv,1,15532,NA,NA,NA,NA,NA,G02,ch1
definetherain,E200K,2021-03-29_SNV_E200K,/mnt/c/Projects/prnp-somatic/scratch/ddpcr_gating_method_comparison_v2/inputs/definetherain/E200K/2021-03-29_SNV_E200K/ch2/G02_amplitude.csv,1,15532,NA,NA,NA,NA,NA,G02,ch2
definetherain,E200K,2021-03-29_SNV_E200K,/mnt/c/Projects/prnp-somatic/scratch/ddpcr_gating_method_comparison_v2/inputs/definetherain/E200K/2021-03-29_SNV_E200K/ch1/G05_amplitude.csv,1,17739,NA,NA,NA,NA,NA,G05,ch1
definetherain,E200K,2021-03-29_SNV_E200K,/mnt/c/Projects/prnp-somatic/scratch/ddpcr_gating_method_comparison_v2/inputs/definetherain/E200K/2021-03-29_SNV_E200K/ch2/G05_amplitude.csv,1,17739,NA,NA,NA,NA,NA,G05,ch2
definetherain,E200K,2021-03-29_SNV_E200K,/mnt/c/Projects/prnp-somatic/scratch/ddpcr_gating_method_comparison_v2/inputs/definetherain/E200K/2021-03-29_SNV_E200K/ch1/G08_amplitude.csv,1,15483,NA,NA,NA,NA,NA,G08,ch1
definetherain,E200K,2021-03-29_SNV_E200K,/mnt/c/Projects/prnp-somatic/scratch/ddpcr_gating_method_comparison_v2/inputs/definetherain/E200K/2021-03-29_SNV_E200K/ch2/G08_amplitude.csv,1,15483,NA,NA,NA,NA,NA,G08,ch2
definetherain,E200K,2021-03-29_SNV_E200K,/mnt/c/Projects/prnp-somatic/scratch/ddpcr_gating_method_comparison_v2/inputs/definetherain/E200K/2021-03-29_SNV_E200K/ch1/G11_amplitude.csv,1,18387,NA,NA,NA,NA,NA,G11,ch1
definetherain,E200K,2021-03-29_SNV_E200K,/mnt/c/Projects/prnp-somatic/scratch/ddpcr_gating_method_comparison_v2/inputs/definetherain/E200K/2021-03-29_SNV_E200K/ch2/G11_amplitude.csv,1,18387,NA,NA,NA,NA,NA,G11,ch2
definetherain,E200K,2021-03-29_SNV_E200K,/mnt/c/Projects/prnp-somatic/scratch/ddpcr_gating_method_comparison_v2/inputs/definetherain/E200K/2021-03-29_SNV_E200K/ch1/H02_amplitude.csv,1,16185,NA,NA,NA,NA,NA,H02,ch1
definetherain,E200K,2021-03-29_SNV_E200K,/mnt/c/Projects/prnp-somatic/scratch/ddpcr_gating_method_comparison_v2/inputs/definetherain/E200K/2021-03-29_SNV_E200K/ch2/H02_amplitude.csv,1,16185,NA,NA,NA,NA,NA,H02,ch2
definetherain,E200K,2021-03-29_SNV_E200K,/mnt/c/Projects/prnp-somatic/scratch/ddpcr_gating_method_comparison_v2/inputs/definetherain/E200K/2021-03-29_SNV_E200K/ch1/H05_amplitude.csv,1,17333,NA,NA,NA,NA,NA,H05,ch1
definetherain,E200K,2021-03-29_SNV_E200K,/mnt/c/Projects/prnp-somatic/scratch/ddpcr_gating_method_comparison_v2/inputs/definetherain/E200K/2021-03-29_SNV_E200K/ch2/H05_amplitude.csv,1,17333,NA,NA,NA,NA,NA,H05,ch2
definetherain,E200K,2021-03-29_SNV_E200K,/mnt/c/Projects/prnp-somatic/scratch/ddpcr_gating_method_comparison_v2/inputs/definetherain/E200K/2021-03-29_SNV_E200K/ch1/H08_amplitude.csv,1,16039,NA,NA,NA,NA,NA,H08,ch1
definetherain,E200K,2021-03-29_SNV_E200K,/mnt/c/Projects/prnp-somatic/scratch/ddpcr_gating_method_comparison_v2/inputs/definetherain/E200K/2021-03-29_SNV_E200K/ch2/H08_amplitude.csv,1,16039,NA,NA,NA,NA,NA,H08,ch2
definetherain,E200K,2021-03-29_SNV_E200K,/mnt/c/Projects/prnp-somatic/scratch/ddpcr_gating_method_comparison_v2/inputs/definetherain/E200K/2021-03-29_SNV_E200K/ch1/H11_amplitude.csv,1,18668,NA,NA,NA,NA,NA,H11,ch1
definetherain,E200K,2021-03-29_SNV_E200K,/mnt/c/Projects/prnp-somatic/scratch/ddpcr_gating_method_comparison_v2/inputs/definetherain/E200K/2021-03-29_SNV_E200K/ch2/H11_amplitude.csv,1,18668,NA,NA,NA,NA,NA,H11,ch2
definetherain,E200K,2021-04-06_SNV_E200K,/mnt/c/Projects/prnp-somatic/scratch/ddpcr_gating_method_comparison_v2/inputs/definetherain/E200K/2021-04-06_SNV_E200K/ch1/A02_amplitude.csv,1,15880,NA,NA,NA,NA,NA,A02,ch1
definetherain,E200K,2021-04-06_SNV_E200K,/mnt/c/Projects/prnp-somatic/scratch/ddpcr_gating_method_comparison_v2/inputs/definetherain/E200K/2021-04-06_SNV_E200K/ch2/A02_amplitude.csv,1,15880,NA,NA,NA,NA,NA,A02,ch2
definetherain,E200K,2021-04-06_SNV_E200K,/mnt/c/Projects/prnp-somatic/scratch/ddpcr_gating_method_comparison_v2/inputs/definetherain/E200K/2021-04-06_SNV_E200K/ch1/A05_amplitude.csv,1,12664,NA,NA,NA,NA,NA,A05,ch1
definetherain,E200K,2021-04-06_SNV_E200K,/mnt/c/Projects/prnp-somatic/scratch/ddpcr_gating_method_comparison_v2/inputs/definetherain/E200K/2021-04-06_SNV_E200K/ch2/A05_amplitude.csv,1,12664,NA,NA,NA,NA,NA,A05,ch2
definetherain,E200K,2021-04-06_SNV_E200K,/mnt/c/Projects/prnp-somatic/scratch/ddpcr_gating_method_comparison_v2/inputs/definetherain/E200K/2021-04-06_SNV_E200K/ch1/B02_amplitude.csv,1,14822,NA,NA,NA,NA,NA,B02,ch1
definetherain,E200K,2021-04-06_SNV_E200K,/mnt/c/Projects/prnp-somatic/scratch/ddpcr_gating_method_comparison_v2/inputs/definetherain/E200K/2021-04-06_SNV_E200K/ch2/B02_amplitude.csv,1,14822,NA,NA,NA,NA,NA,B02,ch2
definetherain,E200K,2021-04-06_SNV_E200K,/mnt/c/Projects/prnp-somatic/scratch/ddpcr_gating_method_comparison_v2/inputs/definetherain/E200K/2021-04-06_SNV_E200K/ch1/B05_amplitude.csv,1,12346,NA,NA,NA,NA,NA,B05,ch1
definetherain,E200K,2021-04-06_SNV_E200K,/mnt/c/Projects/prnp-somatic/scratch/ddpcr_gating_method_comparison_v2/inputs/definetherain/E200K/2021-04-06_SNV_E200K/ch2/B05_amplitude.csv,1,12346,NA,NA,NA,NA,NA,B05,ch2
definetherain,E200K,2021-04-06_SNV_E200K,/mnt/c/Projects/prnp-somatic/scratch/ddpcr_gating_method_comparison_v2/inputs/definetherain/E200K/2021-04-06_SNV_E200K/ch1/C02_amplitude.csv,1,14138,NA,NA,NA,NA,NA,C02,ch1
definetherain,E200K,2021-04-06_SNV_E200K,/mnt/c/Projects/prnp-somatic/scratch/ddpcr_gating_method_comparison_v2/inputs/definetherain/E200K/2021-04-06_SNV_E200K/ch2/C02_amplitude.csv,1,14138,NA,NA,NA,NA,NA,C02,ch2
definetherain,E200K,2021-04-06_SNV_E200K,/mnt/c/Projects/prnp-somatic/scratch/ddpcr_gating_method_comparison_v2/inputs/definetherain/E200K/2021-04-06_SNV_E200K/ch1/C05_amplitude.csv,1,14451,NA,NA,NA,NA,NA,C05,ch1
definetherain,E200K,2021-04-06_SNV_E200K,/mnt/c/Projects/prnp-somatic/scratch/ddpcr_gating_method_comparison_v2/inputs/definetherain/E200K/2021-04-06_SNV_E200K/ch2/C05_amplitude.csv,1,14451,NA,NA,NA,NA,NA,C05,ch2
definetherain,E200K,2021-04-06_SNV_E200K,/mnt/c/Projects/prnp-somatic/scratch/ddpcr_gating_method_comparison_v2/inputs/definetherain/E200K/2021-04-06_SNV_E200K/ch1/D02_amplitude.csv,1,13500,NA,NA,NA,NA,NA,D02,ch1
definetherain,E200K,2021-04-06_SNV_E200K,/mnt/c/Projects/prnp-somatic/scratch/ddpcr_gating_method_comparison_v2/inputs/definetherain/E200K/2021-04-06_SNV_E200K/ch2/D02_amplitude.csv,1,13500,NA,NA,NA,NA,NA,D02,ch2
definetherain,E200K,2021-04-06_SNV_E200K,/mnt/c/Projects/prnp-somatic/scratch/ddpcr_gating_method_comparison_v2/inputs/definetherain/E200K/2021-04-06_SNV_E200K/ch1/D05_amplitude.csv,1,15377,NA,NA,NA,NA,NA,D05,ch1
definetherain,E200K,2021-04-06_SNV_E200K,/mnt/c/Projects/prnp-somatic/scratch/ddpcr_gating_method_comparison_v2/inputs/definetherain/E200K/2021-04-06_SNV_E200K/ch2/D05_amplitude.csv,1,15377,NA,NA,NA,NA,NA,D05,ch2
definetherain,E200K,2021-04-06_SNV_E200K,/mnt/c/Projects/prnp-somatic/scratch/ddpcr_gating_method_comparison_v2/inputs/definetherain/E200K/2021-04-06_SNV_E200K/ch1/E02_amplitude.csv,1,12645,NA,NA,NA,NA,NA,E02,ch1
definetherain,E200K,2021-04-06_SNV_E200K,/mnt/c/Projects/prnp-somatic/scratch/ddpcr_gating_method_comparison_v2/inputs/definetherain/E200K/2021-04-06_SNV_E200K/ch2/E02_amplitude.csv,1,12645,NA,NA,NA,NA,NA,E02,ch2
definetherain,E200K,2021-04-06_SNV_E200K,/mnt/c/Projects/prnp-somatic/scratch/ddpcr_gating_method_comparison_v2/inputs/definetherain/E200K/2021-04-06_SNV_E200K/ch1/E05_amplitude.csv,1,16586,NA,NA,NA,NA,NA,E05,ch1
definetherain,E200K,2021-04-06_SNV_E200K,/mnt/c/Projects/prnp-somatic/scratch/ddpcr_gating_method_comparison_v2/inputs/definetherain/E200K/2021-04-06_SNV_E200K/ch2/E05_amplitude.csv,1,16586,NA,NA,NA,NA,NA,E05,ch2
definetherain,E200K,2021-04-06_SNV_E200K,/mnt/c/Projects/prnp-somatic/scratch/ddpcr_gating_method_comparison_v2/inputs/definetherain/E200K/2021-04-06_SNV_E200K/ch1/F02_amplitude.csv,1,14530,NA,NA,NA,NA,NA,F02,ch1
definetherain,E200K,2021-04-06_SNV_E200K,/mnt/c/Projects/prnp-somatic/scratch/ddpcr_gating_method_comparison_v2/inputs/definetherain/E200K/2021-04-06_SNV_E200K/ch2/F02_amplitude.csv,1,14530,NA,NA,NA,NA,NA,F02,ch2
definetherain,E200K,2021-04-06_SNV_E200K,/mnt/c/Projects/prnp-somatic/scratch/ddpcr_gating_method_comparison_v2/inputs/definetherain/E200K/2021-04-06_SNV_E200K/ch1/F05_amplitude.csv,1,15862,NA,NA,NA,NA,NA,F05,ch1
definetherain,E200K,2021-04-06_SNV_E200K,/mnt/c/Projects/prnp-somatic/scratch/ddpcr_gating_method_comparison_v2/inputs/definetherain/E200K/2021-04-06_SNV_E200K/ch2/F05_amplitude.csv,1,15862,NA,NA,NA,NA,NA,F05,ch2
definetherain,E200K,2021-04-06_SNV_E200K,/mnt/c/Projects/prnp-somatic/scratch/ddpcr_gating_method_comparison_v2/inputs/definetherain/E200K/2021-04-06_SNV_E200K/ch1/G02_amplitude.csv,1,14037,NA,NA,NA,NA,NA,G02,ch1
definetherain,E200K,2021-04-06_SNV_E200K,/mnt/c/Projects/prnp-somatic/scratch/ddpcr_gating_method_comparison_v2/inputs/definetherain/E200K/2021-04-06_SNV_E200K/ch2/G02_amplitude.csv,1,14037,NA,NA,NA,NA,NA,G02,ch2
definetherain,E200K,2021-04-06_SNV_E200K,/mnt/c/Projects/prnp-somatic/scratch/ddpcr_gating_method_comparison_v2/inputs/definetherain/E200K/2021-04-06_SNV_E200K/ch1/G05_amplitude.csv,1,15910,NA,NA,NA,NA,NA,G05,ch1
definetherain,E200K,2021-04-06_SNV_E200K,/mnt/c/Projects/prnp-somatic/scratch/ddpcr_gating_method_comparison_v2/inputs/definetherain/E200K/2021-04-06_SNV_E200K/ch2/G05_amplitude.csv,1,15910,NA,NA,NA,NA,NA,G05,ch2
definetherain,E200K,2021-04-06_SNV_E200K,/mnt/c/Projects/prnp-somatic/scratch/ddpcr_gating_method_comparison_v2/inputs/definetherain/E200K/2021-04-06_SNV_E200K/ch1/H02_amplitude.csv,1,18617,NA,NA,NA,NA,NA,H02,ch1
definetherain,E200K,2021-04-06_SNV_E200K,/mnt/c/Projects/prnp-somatic/scratch/ddpcr_gating_method_comparison_v2/inputs/definetherain/E200K/2021-04-06_SNV_E200K/ch2/H02_amplitude.csv,1,18617,NA,NA,NA,NA,NA,H02,ch2
definetherain,E200K,2021-04-06_SNV_E200K,/mnt/c/Projects/prnp-somatic/scratch/ddpcr_gating_method_comparison_v2/inputs/definetherain/E200K/2021-04-06_SNV_E200K/ch1/H05_amplitude.csv,1,17185,NA,NA,NA,NA,NA,H05,ch1
definetherain,E200K,2021-04-06_SNV_E200K,/mnt/c/Projects/prnp-somatic/scratch/ddpcr_gating_method_comparison_v2/inputs/definetherain/E200K/2021-04-06_SNV_E200K/ch2/H05_amplitude.csv,1,17185,NA,NA,NA,NA,NA,H05,ch2
definetherain,E200K,2021-05-10_SNV_E200K,/mnt/c/Projects/prnp-somatic/scratch/ddpcr_gating_method_comparison_v2/inputs/definetherain/E200K/2021-05-10_SNV_E200K/ch1/A02_amplitude.csv,1,14946,NA,NA,NA,NA,NA,A02,ch1
definetherain,E200K,2021-05-10_SNV_E200K,/mnt/c/Projects/prnp-somatic/scratch/ddpcr_gating_method_comparison_v2/inputs/definetherain/E200K/2021-05-10_SNV_E200K/ch2/A02_amplitude.csv,1,14946,NA,NA,NA,NA,NA,A02,ch2
definetherain,E200K,2021-05-10_SNV_E200K,/mnt/c/Projects/prnp-somatic/scratch/ddpcr_gating_method_comparison_v2/inputs/definetherain/E200K/2021-05-10_SNV_E200K/ch1/A05_amplitude.csv,1,16040,NA,NA,NA,NA,NA,A05,ch1
definetherain,E200K,2021-05-10_SNV_E200K,/mnt/c/Projects/prnp-somatic/scratch/ddpcr_gating_method_comparison_v2/inputs/definetherain/E200K/2021-05-10_SNV_E200K/ch2/A05_amplitude.csv,1,16040,NA,NA,NA,NA,NA,A05,ch2
definetherain,E200K,2021-05-10_SNV_E200K,/mnt/c/Projects/prnp-somatic/scratch/ddpcr_gating_method_comparison_v2/inputs/definetherain/E200K/2021-05-10_SNV_E200K/ch1/A08_amplitude.csv,1,14178,NA,NA,NA,NA,NA,A08,ch1
definetherain,E200K,2021-05-10_SNV_E200K,/mnt/c/Projects/prnp-somatic/scratch/ddpcr_gating_method_comparison_v2/inputs/definetherain/E200K/2021-05-10_SNV_E200K/ch2/A08_amplitude.csv,1,14178,NA,NA,NA,NA,NA,A08,ch2
definetherain,E200K,2021-05-10_SNV_E200K,/mnt/c/Projects/prnp-somatic/scratch/ddpcr_gating_method_comparison_v2/inputs/definetherain/E200K/2021-05-10_SNV_E200K/ch1/A11_amplitude.csv,1,15986,NA,NA,NA,NA,NA,A11,ch1
definetherain,E200K,2021-05-10_SNV_E200K,/mnt/c/Projects/prnp-somatic/scratch/ddpcr_gating_method_comparison_v2/inputs/definetherain/E200K/2021-05-10_SNV_E200K/ch2/A11_amplitude.csv,1,15986,NA,NA,NA,NA,NA,A11,ch2
definetherain,E200K,2021-05-10_SNV_E200K,/mnt/c/Projects/prnp-somatic/scratch/ddpcr_gating_method_comparison_v2/inputs/definetherain/E200K/2021-05-10_SNV_E200K/ch1/A12_amplitude.csv,1,16304,NA,NA,NA,NA,NA,A12,ch1
definetherain,E200K,2021-05-10_SNV_E200K,/mnt/c/Projects/prnp-somatic/scratch/ddpcr_gating_method_comparison_v2/inputs/definetherain/E200K/2021-05-10_SNV_E200K/ch2/A12_amplitude.csv,1,16304,NA,NA,NA,NA,NA,A12,ch2
definetherain,E200K,2021-05-10_SNV_E200K,/mnt/c/Projects/prnp-somatic/scratch/ddpcr_gating_method_comparison_v2/inputs/definetherain/E200K/2021-05-10_SNV_E200K/ch1/B02_amplitude.csv,1,13744,NA,NA,NA,NA,NA,B02,ch1
definetherain,E200K,2021-05-10_SNV_E200K,/mnt/c/Projects/prnp-somatic/scratch/ddpcr_gating_method_comparison_v2/inputs/definetherain/E200K/2021-05-10_SNV_E200K/ch2/B02_amplitude.csv,1,13744,NA,NA,NA,NA,NA,B02,ch2
definetherain,E200K,2021-05-10_SNV_E200K,/mnt/c/Projects/prnp-somatic/scratch/ddpcr_gating_method_comparison_v2/inputs/definetherain/E200K/2021-05-10_SNV_E200K/ch1/B05_amplitude.csv,1,15739,NA,NA,NA,NA,NA,B05,ch1
definetherain,E200K,2021-05-10_SNV_E200K,/mnt/c/Projects/prnp-somatic/scratch/ddpcr_gating_method_comparison_v2/inputs/definetherain/E200K/2021-05-10_SNV_E200K/ch2/B05_amplitude.csv,1,15739,NA,NA,NA,NA,NA,B05,ch2
definetherain,E200K,2021-05-10_SNV_E200K,/mnt/c/Projects/prnp-somatic/scratch/ddpcr_gating_method_comparison_v2/inputs/definetherain/E200K/2021-05-10_SNV_E200K/ch1/B08_amplitude.csv,1,15125,NA,NA,NA,NA,NA,B08,ch1
definetherain,E200K,2021-05-10_SNV_E200K,/mnt/c/Projects/prnp-somatic/scratch/ddpcr_gating_method_comparison_v2/inputs/definetherain/E200K/2021-05-10_SNV_E200K/ch2/B08_amplitude.csv,1,15125,NA,NA,NA,NA,NA,B08,ch2
definetherain,E200K,2021-05-10_SNV_E200K,/mnt/c/Projects/prnp-somatic/scratch/ddpcr_gating_method_comparison_v2/inputs/definetherain/E200K/2021-05-10_SNV_E200K/ch1/B11_amplitude.csv,1,18350,NA,NA,NA,NA,NA,B11,ch1
definetherain,E200K,2021-05-10_SNV_E200K,/mnt/c/Projects/prnp-somatic/scratch/ddpcr_gating_method_comparison_v2/inputs/definetherain/E200K/2021-05-10_SNV_E200K/ch2/B11_amplitude.csv,1,18350,NA,NA,NA,NA,NA,B11,ch2
definetherain,E200K,2021-05-10_SNV_E200K,/mnt/c/Projects/prnp-somatic/scratch/ddpcr_gating_method_comparison_v2/inputs/definetherain/E200K/2021-05-10_SNV_E200K/ch1/B12_amplitude.csv,1,17296,NA,NA,NA,NA,NA,B12,ch1
definetherain,E200K,2021-05-10_SNV_E200K,/mnt/c/Projects/prnp-somatic/scratch/ddpcr_gating_method_comparison_v2/inputs/definetherain/E200K/2021-05-10_SNV_E200K/ch2/B12_amplitude.csv,1,17296,NA,NA,NA,NA,NA,B12,ch2
definetherain,E200K,2021-05-10_SNV_E200K,/mnt/c/Projects/prnp-somatic/scratch/ddpcr_gating_method_comparison_v2/inputs/definetherain/E200K/2021-05-10_SNV_E200K/ch1/C02_amplitude.csv,1,14938,NA,NA,NA,NA,NA,C02,ch1
definetherain,E200K,2021-05-10_SNV_E200K,/mnt/c/Projects/prnp-somatic/scratch/ddpcr_gating_method_comparison_v2/inputs/definetherain/E200K/2021-05-10_SNV_E200K/ch2/C02_amplitude.csv,1,14938,NA,NA,NA,NA,NA,C02,ch2
definetherain,E200K,2021-05-10_SNV_E200K,/mnt/c/Projects/prnp-somatic/scratch/ddpcr_gating_method_comparison_v2/inputs/definetherain/E200K/2021-05-10_SNV_E200K/ch1/C05_amplitude.csv,1,16587,NA,NA,NA,NA,NA,C05,ch1
definetherain,E200K,2021-05-10_SNV_E200K,/mnt/c/Projects/prnp-somatic/scratch/ddpcr_gating_method_comparison_v2/inputs/definetherain/E200K/2021-05-10_SNV_E200K/ch2/C05_amplitude.csv,1,16587,NA,NA,NA,NA,NA,C05,ch2
definetherain,E200K,2021-05-10_SNV_E200K,/mnt/c/Projects/prnp-somatic/scratch/ddpcr_gating_method_comparison_v2/inputs/definetherain/E200K/2021-05-10_SNV_E200K/ch1/C08_amplitude.csv,1,13571,NA,NA,NA,NA,NA,C08,ch1
definetherain,E200K,2021-05-10_SNV_E200K,/mnt/c/Projects/prnp-somatic/scratch/ddpcr_gating_method_comparison_v2/inputs/definetherain/E200K/2021-05-10_SNV_E200K/ch2/C08_amplitude.csv,1,13571,NA,NA,NA,NA,NA,C08,ch2
definetherain,E200K,2021-05-10_SNV_E200K,/mnt/c/Projects/prnp-somatic/scratch/ddpcr_gating_method_comparison_v2/inputs/definetherain/E200K/2021-05-10_SNV_E200K/ch1/C11_amplitude.csv,1,18360,NA,NA,NA,NA,NA,C11,ch1
definetherain,E200K,2021-05-10_SNV_E200K,/mnt/c/Projects/prnp-somatic/scratch/ddpcr_gating_method_comparison_v2/inputs/definetherain/E200K/2021-05-10_SNV_E200K/ch2/C11_amplitude.csv,1,18360,NA,NA,NA,NA,NA,C11,ch2
definetherain,E200K,2021-05-10_SNV_E200K,/mnt/c/Projects/prnp-somatic/scratch/ddpcr_gating_method_comparison_v2/inputs/definetherain/E200K/2021-05-10_SNV_E200K/ch1/C12_amplitude.csv,1,17871,NA,NA,NA,NA,NA,C12,ch1
definetherain,E200K,2021-05-10_SNV_E200K,/mnt/c/Projects/prnp-somatic/scratch/ddpcr_gating_method_comparison_v2/inputs/definetherain/E200K/2021-05-10_SNV_E200K/ch2/C12_amplitude.csv,1,17871,NA,NA,NA,NA,NA,C12,ch2
definetherain,E200K,2021-05-10_SNV_E200K,/mnt/c/Projects/prnp-somatic/scratch/ddpcr_gating_method_comparison_v2/inputs/definetherain/E200K/2021-05-10_SNV_E200K/ch1/D02_amplitude.csv,1,15632,NA,NA,NA,NA,NA,D02,ch1
definetherain,E200K,2021-05-10_SNV_E200K,/mnt/c/Projects/prnp-somatic/scratch/ddpcr_gating_method_comparison_v2/inputs/definetherain/E200K/2021-05-10_SNV_E200K/ch2/D02_amplitude.csv,1,15632,NA,NA,NA,NA,NA,D02,ch2
definetherain,E200K,2021-05-10_SNV_E200K,/mnt/c/Projects/prnp-somatic/scratch/ddpcr_gating_method_comparison_v2/inputs/definetherain/E200K/2021-05-10_SNV_E200K/ch1/D05_amplitude.csv,1,16681,NA,NA,NA,NA,NA,D05,ch1
definetherain,E200K,2021-05-10_SNV_E200K,/mnt/c/Projects/prnp-somatic/scratch/ddpcr_gating_method_comparison_v2/inputs/definetherain/E200K/2021-05-10_SNV_E200K/ch2/D05_amplitude.csv,1,16681,NA,NA,NA,NA,NA,D05,ch2
definetherain,E200K,2021-05-10_SNV_E200K,/mnt/c/Projects/prnp-somatic/scratch/ddpcr_gating_method_comparison_v2/inputs/definetherain/E200K/2021-05-10_SNV_E200K/ch1/D08_amplitude.csv,1,15965,NA,NA,NA,NA,NA,D08,ch1
definetherain,E200K,2021-05-10_SNV_E200K,/mnt/c/Projects/prnp-somatic/scratch/ddpcr_gating_method_comparison_v2/inputs/definetherain/E200K/2021-05-10_SNV_E200K/ch2/D08_amplitude.csv,1,15965,NA,NA,NA,NA,NA,D08,ch2
definetherain,E200K,2021-05-10_SNV_E200K,/mnt/c/Projects/prnp-somatic/scratch/ddpcr_gating_method_comparison_v2/inputs/definetherain/E200K/2021-05-10_SNV_E200K/ch1/D11_amplitude.csv,1,16406,NA,NA,NA,NA,NA,D11,ch1
definetherain,E200K,2021-05-10_SNV_E200K,/mnt/c/Projects/prnp-somatic/scratch/ddpcr_gating_method_comparison_v2/inputs/definetherain/E200K/2021-05-10_SNV_E200K/ch2/D11_amplitude.csv,1,16406,NA,NA,NA,NA,NA,D11,ch2
definetherain,E200K,2021-05-10_SNV_E200K,/mnt/c/Projects/prnp-somatic/scratch/ddpcr_gating_method_comparison_v2/inputs/definetherain/E200K/2021-05-10_SNV_E200K/ch1/D12_amplitude.csv,1,16346,NA,NA,NA,NA,NA,D12,ch1
definetherain,E200K,2021-05-10_SNV_E200K,/mnt/c/Projects/prnp-somatic/scratch/ddpcr_gating_method_comparison_v2/inputs/definetherain/E200K/2021-05-10_SNV_E200K/ch2/D12_amplitude.csv,1,16346,NA,NA,NA,NA,NA,D12,ch2
definetherain,E200K,2021-05-10_SNV_E200K,/mnt/c/Projects/prnp-somatic/scratch/ddpcr_gating_method_comparison_v2/inputs/definetherain/E200K/2021-05-10_SNV_E200K/ch1/E02_amplitude.csv,1,14830,NA,NA,NA,NA,NA,E02,ch1
definetherain,E200K,2021-05-10_SNV_E200K,/mnt/c/Projects/prnp-somatic/scratch/ddpcr_gating_method_comparison_v2/inputs/definetherain/E200K/2021-05-10_SNV_E200K/ch2/E02_amplitude.csv,1,14830,NA,NA,NA,NA,NA,E02,ch2
definetherain,E200K,2021-05-10_SNV_E200K,/mnt/c/Projects/prnp-somatic/scratch/ddpcr_gating_method_comparison_v2/inputs/definetherain/E200K/2021-05-10_SNV_E200K/ch1/E05_amplitude.csv,1,13845,NA,NA,NA,NA,NA,E05,ch1
definetherain,E200K,2021-05-10_SNV_E200K,/mnt/c/Projects/prnp-somatic/scratch/ddpcr_gating_method_comparison_v2/inputs/definetherain/E200K/2021-05-10_SNV_E200K/ch2/E05_amplitude.csv,1,13845,NA,NA,NA,NA,NA,E05,ch2
definetherain,E200K,2021-05-10_SNV_E200K,/mnt/c/Projects/prnp-somatic/scratch/ddpcr_gating_method_comparison_v2/inputs/definetherain/E200K/2021-05-10_SNV_E200K/ch1/E08_amplitude.csv,1,14319,NA,NA,NA,NA,NA,E08,ch1
definetherain,E200K,2021-05-10_SNV_E200K,/mnt/c/Projects/prnp-somatic/scratch/ddpcr_gating_method_comparison_v2/inputs/definetherain/E200K/2021-05-10_SNV_E200K/ch2/E08_amplitude.csv,1,14319,NA,NA,NA,NA,NA,E08,ch2
definetherain,E200K,2021-05-10_SNV_E200K,/mnt/c/Projects/prnp-somatic/scratch/ddpcr_gating_method_comparison_v2/inputs/definetherain/E200K/2021-05-10_SNV_E200K/ch1/E11_amplitude.csv,1,16603,NA,NA,NA,NA,NA,E11,ch1
definetherain,E200K,2021-05-10_SNV_E200K,/mnt/c/Projects/prnp-somatic/scratch/ddpcr_gating_method_comparison_v2/inputs/definetherain/E200K/2021-05-10_SNV_E200K/ch2/E11_amplitude.csv,1,16603,NA,NA,NA,NA,NA,E11,ch2
definetherain,E200K,2021-05-10_SNV_E200K,/mnt/c/Projects/prnp-somatic/scratch/ddpcr_gating_method_comparison_v2/inputs/definetherain/E200K/2021-05-10_SNV_E200K/ch1/E12_amplitude.csv,1,18403,NA,NA,NA,NA,NA,E12,ch1
definetherain,E200K,2021-05-10_SNV_E200K,/mnt/c/Projects/prnp-somatic/scratch/ddpcr_gating_method_comparison_v2/inputs/definetherain/E200K/2021-05-10_SNV_E200K/ch2/E12_amplitude.csv,1,18403,NA,NA,NA,NA,NA,E12,ch2
definetherain,E200K,2021-05-10_SNV_E200K,/mnt/c/Projects/prnp-somatic/scratch/ddpcr_gating_method_comparison_v2/inputs/definetherain/E200K/2021-05-10_SNV_E200K/ch1/F02_amplitude.csv,1,15197,NA,NA,NA,NA,NA,F02,ch1
definetherain,E200K,2021-05-10_SNV_E200K,/mnt/c/Projects/prnp-somatic/scratch/ddpcr_gating_method_comparison_v2/inputs/definetherain/E200K/2021-05-10_SNV_E200K/ch2/F02_amplitude.csv,1,15197,NA,NA,NA,NA,NA,F02,ch2
definetherain,E200K,2021-05-10_SNV_E200K,/mnt/c/Projects/prnp-somatic/scratch/ddpcr_gating_method_comparison_v2/inputs/definetherain/E200K/2021-05-10_SNV_E200K/ch1/F05_amplitude.csv,1,16615,NA,NA,NA,NA,NA,F05,ch1
definetherain,E200K,2021-05-10_SNV_E200K,/mnt/c/Projects/prnp-somatic/scratch/ddpcr_gating_method_comparison_v2/inputs/definetherain/E200K/2021-05-10_SNV_E200K/ch2/F05_amplitude.csv,1,16615,NA,NA,NA,NA,NA,F05,ch2
definetherain,E200K,2021-05-10_SNV_E200K,/mnt/c/Projects/prnp-somatic/scratch/ddpcr_gating_method_comparison_v2/inputs/definetherain/E200K/2021-05-10_SNV_E200K/ch1/F08_amplitude.csv,1,14551,NA,NA,NA,NA,NA,F08,ch1
definetherain,E200K,2021-05-10_SNV_E200K,/mnt/c/Projects/prnp-somatic/scratch/ddpcr_gating_method_comparison_v2/inputs/definetherain/E200K/2021-05-10_SNV_E200K/ch2/F08_amplitude.csv,1,14551,NA,NA,NA,NA,NA,F08,ch2
definetherain,E200K,2021-05-10_SNV_E200K,/mnt/c/Projects/prnp-somatic/scratch/ddpcr_gating_method_comparison_v2/inputs/definetherain/E200K/2021-05-10_SNV_E200K/ch1/F12_amplitude.csv,1,18661,NA,NA,NA,NA,NA,F12,ch1
definetherain,E200K,2021-05-10_SNV_E200K,/mnt/c/Projects/prnp-somatic/scratch/ddpcr_gating_method_comparison_v2/inputs/definetherain/E200K/2021-05-10_SNV_E200K/ch2/F12_amplitude.csv,1,18661,NA,NA,NA,NA,NA,F12,ch2
definetherain,E200K,2021-05-10_SNV_E200K,/mnt/c/Projects/prnp-somatic/scratch/ddpcr_gating_method_comparison_v2/inputs/definetherain/E200K/2021-05-10_SNV_E200K/ch1/G02_amplitude.csv,1,15397,NA,NA,NA,NA,NA,G02,ch1
definetherain,E200K,2021-05-10_SNV_E200K,/mnt/c/Projects/prnp-somatic/scratch/ddpcr_gating_method_comparison_v2/inputs/definetherain/E200K/2021-05-10_SNV_E200K/ch2/G02_amplitude.csv,1,15397,NA,NA,NA,NA,NA,G02,ch2
definetherain,E200K,2021-05-10_SNV_E200K,/mnt/c/Projects/prnp-somatic/scratch/ddpcr_gating_method_comparison_v2/inputs/definetherain/E200K/2021-05-10_SNV_E200K/ch1/G05_amplitude.csv,1,15419,NA,NA,NA,NA,NA,G05,ch1
definetherain,E200K,2021-05-10_SNV_E200K,/mnt/c/Projects/prnp-somatic/scratch/ddpcr_gating_method_comparison_v2/inputs/definetherain/E200K/2021-05-10_SNV_E200K/ch2/G05_amplitude.csv,1,15419,NA,NA,NA,NA,NA,G05,ch2
definetherain,E200K,2021-05-10_SNV_E200K,/mnt/c/Projects/prnp-somatic/scratch/ddpcr_gating_method_comparison_v2/inputs/definetherain/E200K/2021-05-10_SNV_E200K/ch1/G08_amplitude.csv,1,14008,NA,NA,NA,NA,NA,G08,ch1
definetherain,E200K,2021-05-10_SNV_E200K,/mnt/c/Projects/prnp-somatic/scratch/ddpcr_gating_method_comparison_v2/inputs/definetherain/E200K/2021-05-10_SNV_E200K/ch2/G08_amplitude.csv,1,14008,NA,NA,NA,NA,NA,G08,ch2
definetherain,E200K,2021-05-10_SNV_E200K,/mnt/c/Projects/prnp-somatic/scratch/ddpcr_gating_method_comparison_v2/inputs/definetherain/E200K/2021-05-10_SNV_E200K/ch1/H02_amplitude.csv,1,15604,NA,NA,NA,NA,NA,H02,ch1
definetherain,E200K,2021-05-10_SNV_E200K,/mnt/c/Projects/prnp-somatic/scratch/ddpcr_gating_method_comparison_v2/inputs/definetherain/E200K/2021-05-10_SNV_E200K/ch2/H02_amplitude.csv,1,15604,NA,NA,NA,NA,NA,H02,ch2
definetherain,E200K,2021-05-10_SNV_E200K,/mnt/c/Projects/prnp-somatic/scratch/ddpcr_gating_method_comparison_v2/inputs/definetherain/E200K/2021-05-10_SNV_E200K/ch1/H05_amplitude.csv,1,16937,NA,NA,NA,NA,NA,H05,ch1
definetherain,E200K,2021-05-10_SNV_E200K,/mnt/c/Projects/prnp-somatic/scratch/ddpcr_gating_method_comparison_v2/inputs/definetherain/E200K/2021-05-10_SNV_E200K/ch2/H05_amplitude.csv,1,16937,NA,NA,NA,NA,NA,H05,ch2
definetherain,E200K,2021-05-10_SNV_E200K,/mnt/c/Projects/prnp-somatic/scratch/ddpcr_gating_method_comparison_v2/inputs/definetherain/E200K/2021-05-10_SNV_E200K/ch1/H08_amplitude.csv,1,15124,NA,NA,NA,NA,NA,H08,ch1
definetherain,E200K,2021-05-10_SNV_E200K,/mnt/c/Projects/prnp-somatic/scratch/ddpcr_gating_method_comparison_v2/inputs/definetherain/E200K/2021-05-10_SNV_E200K/ch2/H08_amplitude.csv,1,15124,NA,NA,NA,NA,NA,H08,ch2
definetherain,E200K,2021-05-20_SNV_E200K,/mnt/c/Projects/prnp-somatic/scratch/ddpcr_gating_method_comparison_v2/inputs/definetherain/E200K/2021-05-20_SNV_E200K/ch1/A02_amplitude.csv,1,17071,NA,NA,NA,NA,NA,A02,ch1
definetherain,E200K,2021-05-20_SNV_E200K,/mnt/c/Projects/prnp-somatic/scratch/ddpcr_gating_method_comparison_v2/inputs/definetherain/E200K/2021-05-20_SNV_E200K/ch2/A02_amplitude.csv,1,17071,NA,NA,NA,NA,NA,A02,ch2
definetherain,E200K,2021-05-20_SNV_E200K,/mnt/c/Projects/prnp-somatic/scratch/ddpcr_gating_method_comparison_v2/inputs/definetherain/E200K/2021-05-20_SNV_E200K/ch1/A05_amplitude.csv,1,17736,NA,NA,NA,NA,NA,A05,ch1
definetherain,E200K,2021-05-20_SNV_E200K,/mnt/c/Projects/prnp-somatic/scratch/ddpcr_gating_method_comparison_v2/inputs/definetherain/E200K/2021-05-20_SNV_E200K/ch2/A05_amplitude.csv,1,17736,NA,NA,NA,NA,NA,A05,ch2
definetherain,E200K,2021-05-20_SNV_E200K,/mnt/c/Projects/prnp-somatic/scratch/ddpcr_gating_method_comparison_v2/inputs/definetherain/E200K/2021-05-20_SNV_E200K/ch1/A08_amplitude.csv,1,17063,NA,NA,NA,NA,NA,A08,ch1
definetherain,E200K,2021-05-20_SNV_E200K,/mnt/c/Projects/prnp-somatic/scratch/ddpcr_gating_method_comparison_v2/inputs/definetherain/E200K/2021-05-20_SNV_E200K/ch2/A08_amplitude.csv,1,17063,NA,NA,NA,NA,NA,A08,ch2
definetherain,E200K,2021-05-20_SNV_E200K,/mnt/c/Projects/prnp-somatic/scratch/ddpcr_gating_method_comparison_v2/inputs/definetherain/E200K/2021-05-20_SNV_E200K/ch1/A11_amplitude.csv,1,16912,NA,NA,NA,NA,NA,A11,ch1
definetherain,E200K,2021-05-20_SNV_E200K,/mnt/c/Projects/prnp-somatic/scratch/ddpcr_gating_method_comparison_v2/inputs/definetherain/E200K/2021-05-20_SNV_E200K/ch2/A11_amplitude.csv,1,16912,NA,NA,NA,NA,NA,A11,ch2
definetherain,E200K,2021-05-20_SNV_E200K,/mnt/c/Projects/prnp-somatic/scratch/ddpcr_gating_method_comparison_v2/inputs/definetherain/E200K/2021-05-20_SNV_E200K/ch1/B02_amplitude.csv,1,17085,NA,NA,NA,NA,NA,B02,ch1
definetherain,E200K,2021-05-20_SNV_E200K,/mnt/c/Projects/prnp-somatic/scratch/ddpcr_gating_method_comparison_v2/inputs/definetherain/E200K/2021-05-20_SNV_E200K/ch2/B02_amplitude.csv,1,17085,NA,NA,NA,NA,NA,B02,ch2
definetherain,E200K,2021-05-20_SNV_E200K,/mnt/c/Projects/prnp-somatic/scratch/ddpcr_gating_method_comparison_v2/inputs/definetherain/E200K/2021-05-20_SNV_E200K/ch1/B05_amplitude.csv,1,17805,NA,NA,NA,NA,NA,B05,ch1
definetherain,E200K,2021-05-20_SNV_E200K,/mnt/c/Projects/prnp-somatic/scratch/ddpcr_gating_method_comparison_v2/inputs/definetherain/E200K/2021-05-20_SNV_E200K/ch2/B05_amplitude.csv,1,17805,NA,NA,NA,NA,NA,B05,ch2
definetherain,E200K,2021-05-20_SNV_E200K,/mnt/c/Projects/prnp-somatic/scratch/ddpcr_gating_method_comparison_v2/inputs/definetherain/E200K/2021-05-20_SNV_E200K/ch1/B08_amplitude.csv,1,15419,NA,NA,NA,NA,NA,B08,ch1
definetherain,E200K,2021-05-20_SNV_E200K,/mnt/c/Projects/prnp-somatic/scratch/ddpcr_gating_method_comparison_v2/inputs/definetherain/E200K/2021-05-20_SNV_E200K/ch2/B08_amplitude.csv,1,15419,NA,NA,NA,NA,NA,B08,ch2
definetherain,E200K,2021-05-20_SNV_E200K,/mnt/c/Projects/prnp-somatic/scratch/ddpcr_gating_method_comparison_v2/inputs/definetherain/E200K/2021-05-20_SNV_E200K/ch1/B11_amplitude.csv,1,16668,NA,NA,NA,NA,NA,B11,ch1
definetherain,E200K,2021-05-20_SNV_E200K,/mnt/c/Projects/prnp-somatic/scratch/ddpcr_gating_method_comparison_v2/inputs/definetherain/E200K/2021-05-20_SNV_E200K/ch2/B11_amplitude.csv,1,16668,NA,NA,NA,NA,NA,B11,ch2
definetherain,E200K,2021-05-20_SNV_E200K,/mnt/c/Projects/prnp-somatic/scratch/ddpcr_gating_method_comparison_v2/inputs/definetherain/E200K/2021-05-20_SNV_E200K/ch1/C02_amplitude.csv,1,17997,NA,NA,NA,NA,NA,C02,ch1
definetherain,E200K,2021-05-20_SNV_E200K,/mnt/c/Projects/prnp-somatic/scratch/ddpcr_gating_method_comparison_v2/inputs/definetherain/E200K/2021-05-20_SNV_E200K/ch2/C02_amplitude.csv,1,17997,NA,NA,NA,NA,NA,C02,ch2
definetherain,E200K,2021-05-20_SNV_E200K,/mnt/c/Projects/prnp-somatic/scratch/ddpcr_gating_method_comparison_v2/inputs/definetherain/E200K/2021-05-20_SNV_E200K/ch1/C05_amplitude.csv,1,18316,NA,NA,NA,NA,NA,C05,ch1
definetherain,E200K,2021-05-20_SNV_E200K,/mnt/c/Projects/prnp-somatic/scratch/ddpcr_gating_method_comparison_v2/inputs/definetherain/E200K/2021-05-20_SNV_E200K/ch2/C05_amplitude.csv,1,18316,NA,NA,NA,NA,NA,C05,ch2
definetherain,E200K,2021-05-20_SNV_E200K,/mnt/c/Projects/prnp-somatic/scratch/ddpcr_gating_method_comparison_v2/inputs/definetherain/E200K/2021-05-20_SNV_E200K/ch1/C08_amplitude.csv,1,16058,NA,NA,NA,NA,NA,C08,ch1
definetherain,E200K,2021-05-20_SNV_E200K,/mnt/c/Projects/prnp-somatic/scratch/ddpcr_gating_method_comparison_v2/inputs/definetherain/E200K/2021-05-20_SNV_E200K/ch2/C08_amplitude.csv,1,16058,NA,NA,NA,NA,NA,C08,ch2
definetherain,E200K,2021-05-20_SNV_E200K,/mnt/c/Projects/prnp-somatic/scratch/ddpcr_gating_method_comparison_v2/inputs/definetherain/E200K/2021-05-20_SNV_E200K/ch1/C11_amplitude.csv,1,15369,NA,NA,NA,NA,NA,C11,ch1
definetherain,E200K,2021-05-20_SNV_E200K,/mnt/c/Projects/prnp-somatic/scratch/ddpcr_gating_method_comparison_v2/inputs/definetherain/E200K/2021-05-20_SNV_E200K/ch2/C11_amplitude.csv,1,15369,NA,NA,NA,NA,NA,C11,ch2
definetherain,E200K,2021-05-20_SNV_E200K,/mnt/c/Projects/prnp-somatic/scratch/ddpcr_gating_method_comparison_v2/inputs/definetherain/E200K/2021-05-20_SNV_E200K/ch1/D02_amplitude.csv,1,17232,NA,NA,NA,NA,NA,D02,ch1
definetherain,E200K,2021-05-20_SNV_E200K,/mnt/c/Projects/prnp-somatic/scratch/ddpcr_gating_method_comparison_v2/inputs/definetherain/E200K/2021-05-20_SNV_E200K/ch2/D02_amplitude.csv,1,17232,NA,NA,NA,NA,NA,D02,ch2
definetherain,E200K,2021-05-20_SNV_E200K,/mnt/c/Projects/prnp-somatic/scratch/ddpcr_gating_method_comparison_v2/inputs/definetherain/E200K/2021-05-20_SNV_E200K/ch1/D05_amplitude.csv,1,17828,NA,NA,NA,NA,NA,D05,ch1
definetherain,E200K,2021-05-20_SNV_E200K,/mnt/c/Projects/prnp-somatic/scratch/ddpcr_gating_method_comparison_v2/inputs/definetherain/E200K/2021-05-20_SNV_E200K/ch2/D05_amplitude.csv,1,17828,NA,NA,NA,NA,NA,D05,ch2
definetherain,E200K,2021-05-20_SNV_E200K,/mnt/c/Projects/prnp-somatic/scratch/ddpcr_gating_method_comparison_v2/inputs/definetherain/E200K/2021-05-20_SNV_E200K/ch1/D08_amplitude.csv,1,13562,NA,NA,NA,NA,NA,D08,ch1
definetherain,E200K,2021-05-20_SNV_E200K,/mnt/c/Projects/prnp-somatic/scratch/ddpcr_gating_method_comparison_v2/inputs/definetherain/E200K/2021-05-20_SNV_E200K/ch2/D08_amplitude.csv,1,13562,NA,NA,NA,NA,NA,D08,ch2
definetherain,E200K,2021-05-20_SNV_E200K,/mnt/c/Projects/prnp-somatic/scratch/ddpcr_gating_method_comparison_v2/inputs/definetherain/E200K/2021-05-20_SNV_E200K/ch1/D11_amplitude.csv,1,16828,NA,NA,NA,NA,NA,D11,ch1
definetherain,E200K,2021-05-20_SNV_E200K,/mnt/c/Projects/prnp-somatic/scratch/ddpcr_gating_method_comparison_v2/inputs/definetherain/E200K/2021-05-20_SNV_E200K/ch2/D11_amplitude.csv,1,16828,NA,NA,NA,NA,NA,D11,ch2
definetherain,E200K,2021-05-20_SNV_E200K,/mnt/c/Projects/prnp-somatic/scratch/ddpcr_gating_method_comparison_v2/inputs/definetherain/E200K/2021-05-20_SNV_E200K/ch1/E02_amplitude.csv,1,17438,NA,NA,NA,NA,NA,E02,ch1
definetherain,E200K,2021-05-20_SNV_E200K,/mnt/c/Projects/prnp-somatic/scratch/ddpcr_gating_method_comparison_v2/inputs/definetherain/E200K/2021-05-20_SNV_E200K/ch2/E02_amplitude.csv,1,17438,NA,NA,NA,NA,NA,E02,ch2
definetherain,E200K,2021-05-20_SNV_E200K,/mnt/c/Projects/prnp-somatic/scratch/ddpcr_gating_method_comparison_v2/inputs/definetherain/E200K/2021-05-20_SNV_E200K/ch1/E05_amplitude.csv,1,17924,NA,NA,NA,NA,NA,E05,ch1
definetherain,E200K,2021-05-20_SNV_E200K,/mnt/c/Projects/prnp-somatic/scratch/ddpcr_gating_method_comparison_v2/inputs/definetherain/E200K/2021-05-20_SNV_E200K/ch2/E05_amplitude.csv,1,17924,NA,NA,NA,NA,NA,E05,ch2
definetherain,E200K,2021-05-20_SNV_E200K,/mnt/c/Projects/prnp-somatic/scratch/ddpcr_gating_method_comparison_v2/inputs/definetherain/E200K/2021-05-20_SNV_E200K/ch1/E08_amplitude.csv,1,14123,NA,NA,NA,NA,NA,E08,ch1
definetherain,E200K,2021-05-20_SNV_E200K,/mnt/c/Projects/prnp-somatic/scratch/ddpcr_gating_method_comparison_v2/inputs/definetherain/E200K/2021-05-20_SNV_E200K/ch2/E08_amplitude.csv,1,14123,NA,NA,NA,NA,NA,E08,ch2
definetherain,E200K,2021-05-20_SNV_E200K,/mnt/c/Projects/prnp-somatic/scratch/ddpcr_gating_method_comparison_v2/inputs/definetherain/E200K/2021-05-20_SNV_E200K/ch1/F02_amplitude.csv,1,16763,NA,NA,NA,NA,NA,F02,ch1
definetherain,E200K,2021-05-20_SNV_E200K,/mnt/c/Projects/prnp-somatic/scratch/ddpcr_gating_method_comparison_v2/inputs/definetherain/E200K/2021-05-20_SNV_E200K/ch2/F02_amplitude.csv,1,16763,NA,NA,NA,NA,NA,F02,ch2
definetherain,E200K,2021-05-20_SNV_E200K,/mnt/c/Projects/prnp-somatic/scratch/ddpcr_gating_method_comparison_v2/inputs/definetherain/E200K/2021-05-20_SNV_E200K/ch1/F05_amplitude.csv,1,18561,NA,NA,NA,NA,NA,F05,ch1
definetherain,E200K,2021-05-20_SNV_E200K,/mnt/c/Projects/prnp-somatic/scratch/ddpcr_gating_method_comparison_v2/inputs/definetherain/E200K/2021-05-20_SNV_E200K/ch2/F05_amplitude.csv,1,18561,NA,NA,NA,NA,NA,F05,ch2
definetherain,E200K,2021-05-20_SNV_E200K,/mnt/c/Projects/prnp-somatic/scratch/ddpcr_gating_method_comparison_v2/inputs/definetherain/E200K/2021-05-20_SNV_E200K/ch1/F08_amplitude.csv,1,13496,NA,NA,NA,NA,NA,F08,ch1
definetherain,E200K,2021-05-20_SNV_E200K,/mnt/c/Projects/prnp-somatic/scratch/ddpcr_gating_method_comparison_v2/inputs/definetherain/E200K/2021-05-20_SNV_E200K/ch2/F08_amplitude.csv,1,13496,NA,NA,NA,NA,NA,F08,ch2
definetherain,E200K,2021-05-20_SNV_E200K,/mnt/c/Projects/prnp-somatic/scratch/ddpcr_gating_method_comparison_v2/inputs/definetherain/E200K/2021-05-20_SNV_E200K/ch1/F11_amplitude.csv,1,16668,NA,NA,NA,NA,NA,F11,ch1
definetherain,E200K,2021-05-20_SNV_E200K,/mnt/c/Projects/prnp-somatic/scratch/ddpcr_gating_method_comparison_v2/inputs/definetherain/E200K/2021-05-20_SNV_E200K/ch2/F11_amplitude.csv,1,16668,NA,NA,NA,NA,NA,F11,ch2
definetherain,E200K,2021-05-20_SNV_E200K,/mnt/c/Projects/prnp-somatic/scratch/ddpcr_gating_method_comparison_v2/inputs/definetherain/E200K/2021-05-20_SNV_E200K/ch1/G02_amplitude.csv,1,17839,NA,NA,NA,NA,NA,G02,ch1
definetherain,E200K,2021-05-20_SNV_E200K,/mnt/c/Projects/prnp-somatic/scratch/ddpcr_gating_method_comparison_v2/inputs/definetherain/E200K/2021-05-20_SNV_E200K/ch2/G02_amplitude.csv,1,17839,NA,NA,NA,NA,NA,G02,ch2
definetherain,E200K,2021-05-20_SNV_E200K,/mnt/c/Projects/prnp-somatic/scratch/ddpcr_gating_method_comparison_v2/inputs/definetherain/E200K/2021-05-20_SNV_E200K/ch1/G05_amplitude.csv,1,18374,NA,NA,NA,NA,NA,G05,ch1
definetherain,E200K,2021-05-20_SNV_E200K,/mnt/c/Projects/prnp-somatic/scratch/ddpcr_gating_method_comparison_v2/inputs/definetherain/E200K/2021-05-20_SNV_E200K/ch2/G05_amplitude.csv,1,18374,NA,NA,NA,NA,NA,G05,ch2
definetherain,E200K,2021-05-20_SNV_E200K,/mnt/c/Projects/prnp-somatic/scratch/ddpcr_gating_method_comparison_v2/inputs/definetherain/E200K/2021-05-20_SNV_E200K/ch1/G08_amplitude.csv,1,14409,NA,NA,NA,NA,NA,G08,ch1
definetherain,E200K,2021-05-20_SNV_E200K,/mnt/c/Projects/prnp-somatic/scratch/ddpcr_gating_method_comparison_v2/inputs/definetherain/E200K/2021-05-20_SNV_E200K/ch2/G08_amplitude.csv,1,14409,NA,NA,NA,NA,NA,G08,ch2
definetherain,E200K,2021-05-20_SNV_E200K,/mnt/c/Projects/prnp-somatic/scratch/ddpcr_gating_method_comparison_v2/inputs/definetherain/E200K/2021-05-20_SNV_E200K/ch1/G11_amplitude.csv,1,16258,NA,NA,NA,NA,NA,G11,ch1
definetherain,E200K,2021-05-20_SNV_E200K,/mnt/c/Projects/prnp-somatic/scratch/ddpcr_gating_method_comparison_v2/inputs/definetherain/E200K/2021-05-20_SNV_E200K/ch2/G11_amplitude.csv,1,16258,NA,NA,NA,NA,NA,G11,ch2
definetherain,E200K,2021-05-20_SNV_E200K,/mnt/c/Projects/prnp-somatic/scratch/ddpcr_gating_method_comparison_v2/inputs/definetherain/E200K/2021-05-20_SNV_E200K/ch1/H02_amplitude.csv,1,17671,NA,NA,NA,NA,NA,H02,ch1
definetherain,E200K,2021-05-20_SNV_E200K,/mnt/c/Projects/prnp-somatic/scratch/ddpcr_gating_method_comparison_v2/inputs/definetherain/E200K/2021-05-20_SNV_E200K/ch2/H02_amplitude.csv,1,17671,NA,NA,NA,NA,NA,H02,ch2
definetherain,E200K,2021-05-20_SNV_E200K,/mnt/c/Projects/prnp-somatic/scratch/ddpcr_gating_method_comparison_v2/inputs/definetherain/E200K/2021-05-20_SNV_E200K/ch1/H05_amplitude.csv,1,19535,NA,NA,NA,NA,NA,H05,ch1
definetherain,E200K,2021-05-20_SNV_E200K,/mnt/c/Projects/prnp-somatic/scratch/ddpcr_gating_method_comparison_v2/inputs/definetherain/E200K/2021-05-20_SNV_E200K/ch2/H05_amplitude.csv,1,19535,NA,NA,NA,NA,NA,H05,ch2
definetherain,E200K,2021-05-20_SNV_E200K,/mnt/c/Projects/prnp-somatic/scratch/ddpcr_gating_method_comparison_v2/inputs/definetherain/E200K/2021-05-20_SNV_E200K/ch1/H08_amplitude.csv,1,14276,NA,NA,NA,NA,NA,H08,ch1
definetherain,E200K,2021-05-20_SNV_E200K,/mnt/c/Projects/prnp-somatic/scratch/ddpcr_gating_method_comparison_v2/inputs/definetherain/E200K/2021-05-20_SNV_E200K/ch2/H08_amplitude.csv,1,14276,NA,NA,NA,NA,NA,H08,ch2
definetherain,E200K,2021-05-20_SNV_E200K,/mnt/c/Projects/prnp-somatic/scratch/ddpcr_gating_method_comparison_v2/inputs/definetherain/E200K/2021-05-20_SNV_E200K/ch1/H11_amplitude.csv,1,16661,NA,NA,NA,NA,NA,H11,ch1
definetherain,E200K,2021-05-20_SNV_E200K,/mnt/c/Projects/prnp-somatic/scratch/ddpcr_gating_method_comparison_v2/inputs/definetherain/E200K/2021-05-20_SNV_E200K/ch2/H11_amplitude.csv,1,16661,NA,NA,NA,NA,NA,H11,ch2
definetherain,E200K,2021-05-20_SNV_E200K,/mnt/c/Projects/prnp-somatic/scratch/ddpcr_gating_method_comparison_v2/inputs/definetherain/E200K/2021-05-20_SNV_E200K/ch1/H12_amplitude.csv,1,17828,NA,NA,NA,NA,NA,H12,ch1
definetherain,E200K,2021-05-20_SNV_E200K,/mnt/c/Projects/prnp-somatic/scratch/ddpcr_gating_method_comparison_v2/inputs/definetherain/E200K/2021-05-20_SNV_E200K/ch2/H12_amplitude.csv,1,17828,NA,NA,NA,NA,NA,H12,ch2
definetherain,E200K,2021-10-25_SNV_E200K,/mnt/c/Projects/prnp-somatic/scratch/ddpcr_gating_method_comparison_v2/inputs/definetherain/E200K/2021-10-25_SNV_E200K/ch1/A01_amplitude.csv,1,11328,NA,NA,NA,NA,NA,A01,ch1
definetherain,E200K,2021-10-25_SNV_E200K,/mnt/c/Projects/prnp-somatic/scratch/ddpcr_gating_method_comparison_v2/inputs/definetherain/E200K/2021-10-25_SNV_E200K/ch2/A01_amplitude.csv,1,11328,NA,NA,NA,NA,NA,A01,ch2
definetherain,E200K,2021-10-25_SNV_E200K,/mnt/c/Projects/prnp-somatic/scratch/ddpcr_gating_method_comparison_v2/inputs/definetherain/E200K/2021-10-25_SNV_E200K/ch1/B01_amplitude.csv,1,6306,NA,NA,NA,NA,NA,B01,ch1
definetherain,E200K,2021-10-25_SNV_E200K,/mnt/c/Projects/prnp-somatic/scratch/ddpcr_gating_method_comparison_v2/inputs/definetherain/E200K/2021-10-25_SNV_E200K/ch2/B01_amplitude.csv,1,6306,NA,NA,NA,NA,NA,B01,ch2
definetherain,E200K,2021-10-25_SNV_E200K,/mnt/c/Projects/prnp-somatic/scratch/ddpcr_gating_method_comparison_v2/inputs/definetherain/E200K/2021-10-25_SNV_E200K/ch1/C01_amplitude.csv,1,7050,NA,NA,NA,NA,NA,C01,ch1
definetherain,E200K,2021-10-25_SNV_E200K,/mnt/c/Projects/prnp-somatic/scratch/ddpcr_gating_method_comparison_v2/inputs/definetherain/E200K/2021-10-25_SNV_E200K/ch2/C01_amplitude.csv,1,7050,NA,NA,NA,NA,NA,C01,ch2
definetherain,E200K,2021-10-25_SNV_E200K,/mnt/c/Projects/prnp-somatic/scratch/ddpcr_gating_method_comparison_v2/inputs/definetherain/E200K/2021-10-25_SNV_E200K/ch1/D01_amplitude.csv,1,13950,NA,NA,NA,NA,NA,D01,ch1
definetherain,E200K,2021-10-25_SNV_E200K,/mnt/c/Projects/prnp-somatic/scratch/ddpcr_gating_method_comparison_v2/inputs/definetherain/E200K/2021-10-25_SNV_E200K/ch2/D01_amplitude.csv,1,13950,NA,NA,NA,NA,NA,D01,ch2
definetherain,P102L,2020-12-01_SNV_P102L,/mnt/c/Projects/prnp-somatic/scratch/ddpcr_gating_method_comparison_v2/inputs/definetherain/P102L/2020-12-01_SNV_P102L/ch1/A01_amplitude.csv,1,14870,NA,NA,NA,NA,NA,A01,ch1
definetherain,P102L,2020-12-01_SNV_P102L,/mnt/c/Projects/prnp-somatic/scratch/ddpcr_gating_method_comparison_v2/inputs/definetherain/P102L/2020-12-01_SNV_P102L/ch2/A01_amplitude.csv,1,14870,NA,NA,NA,NA,NA,A01,ch2
definetherain,P102L,2020-12-01_SNV_P102L,/mnt/c/Projects/prnp-somatic/scratch/ddpcr_gating_method_comparison_v2/inputs/definetherain/P102L/2020-12-01_SNV_P102L/ch1/A04_amplitude.csv,1,13725,NA,NA,NA,NA,NA,A04,ch1
definetherain,P102L,2020-12-01_SNV_P102L,/mnt/c/Projects/prnp-somatic/scratch/ddpcr_gating_method_comparison_v2/inputs/definetherain/P102L/2020-12-01_SNV_P102L/ch2/A04_amplitude.csv,1,13725,NA,NA,NA,NA,NA,A04,ch2
definetherain,P102L,2020-12-01_SNV_P102L,/mnt/c/Projects/prnp-somatic/scratch/ddpcr_gating_method_comparison_v2/inputs/definetherain/P102L/2020-12-01_SNV_P102L/ch1/A05_amplitude.csv,1,12989,NA,NA,NA,NA,NA,A05,ch1
definetherain,P102L,2020-12-01_SNV_P102L,/mnt/c/Projects/prnp-somatic/scratch/ddpcr_gating_method_comparison_v2/inputs/definetherain/P102L/2020-12-01_SNV_P102L/ch2/A05_amplitude.csv,1,12989,NA,NA,NA,NA,NA,A05,ch2
definetherain,P102L,2020-12-01_SNV_P102L,/mnt/c/Projects/prnp-somatic/scratch/ddpcr_gating_method_comparison_v2/inputs/definetherain/P102L/2020-12-01_SNV_P102L/ch1/A06_amplitude.csv,1,15577,NA,NA,NA,NA,NA,A06,ch1
definetherain,P102L,2020-12-01_SNV_P102L,/mnt/c/Projects/prnp-somatic/scratch/ddpcr_gating_method_comparison_v2/inputs/definetherain/P102L/2020-12-01_SNV_P102L/ch2/A06_amplitude.csv,1,15577,NA,NA,NA,NA,NA,A06,ch2
definetherain,P102L,2020-12-01_SNV_P102L,/mnt/c/Projects/prnp-somatic/scratch/ddpcr_gating_method_comparison_v2/inputs/definetherain/P102L/2020-12-01_SNV_P102L/ch1/A08_amplitude.csv,1,15805,NA,NA,NA,NA,NA,A08,ch1
definetherain,P102L,2020-12-01_SNV_P102L,/mnt/c/Projects/prnp-somatic/scratch/ddpcr_gating_method_comparison_v2/inputs/definetherain/P102L/2020-12-01_SNV_P102L/ch2/A08_amplitude.csv,1,15805,NA,NA,NA,NA,NA,A08,ch2
definetherain,P102L,2020-12-01_SNV_P102L,/mnt/c/Projects/prnp-somatic/scratch/ddpcr_gating_method_comparison_v2/inputs/definetherain/P102L/2020-12-01_SNV_P102L/ch1/A09_amplitude.csv,1,18805,NA,NA,NA,NA,NA,A09,ch1
definetherain,P102L,2020-12-01_SNV_P102L,/mnt/c/Projects/prnp-somatic/scratch/ddpcr_gating_method_comparison_v2/inputs/definetherain/P102L/2020-12-01_SNV_P102L/ch2/A09_amplitude.csv,1,18805,NA,NA,NA,NA,NA,A09,ch2
definetherain,P102L,2020-12-01_SNV_P102L,/mnt/c/Projects/prnp-somatic/scratch/ddpcr_gating_method_comparison_v2/inputs/definetherain/P102L/2020-12-01_SNV_P102L/ch1/A10_amplitude.csv,1,16991,NA,NA,NA,NA,NA,A10,ch1
definetherain,P102L,2020-12-01_SNV_P102L,/mnt/c/Projects/prnp-somatic/scratch/ddpcr_gating_method_comparison_v2/inputs/definetherain/P102L/2020-12-01_SNV_P102L/ch2/A10_amplitude.csv,1,16991,NA,NA,NA,NA,NA,A10,ch2
definetherain,P102L,2020-12-01_SNV_P102L,/mnt/c/Projects/prnp-somatic/scratch/ddpcr_gating_method_comparison_v2/inputs/definetherain/P102L/2020-12-01_SNV_P102L/ch1/A11_amplitude.csv,1,17974,NA,NA,NA,NA,NA,A11,ch1
definetherain,P102L,2020-12-01_SNV_P102L,/mnt/c/Projects/prnp-somatic/scratch/ddpcr_gating_method_comparison_v2/inputs/definetherain/P102L/2020-12-01_SNV_P102L/ch2/A11_amplitude.csv,1,17974,NA,NA,NA,NA,NA,A11,ch2
definetherain,P102L,2020-12-01_SNV_P102L,/mnt/c/Projects/prnp-somatic/scratch/ddpcr_gating_method_comparison_v2/inputs/definetherain/P102L/2020-12-01_SNV_P102L/ch1/A12_amplitude.csv,1,17860,NA,NA,NA,NA,NA,A12,ch1
definetherain,P102L,2020-12-01_SNV_P102L,/mnt/c/Projects/prnp-somatic/scratch/ddpcr_gating_method_comparison_v2/inputs/definetherain/P102L/2020-12-01_SNV_P102L/ch2/A12_amplitude.csv,1,17860,NA,NA,NA,NA,NA,A12,ch2
definetherain,P102L,2020-12-01_SNV_P102L,/mnt/c/Projects/prnp-somatic/scratch/ddpcr_gating_method_comparison_v2/inputs/definetherain/P102L/2020-12-01_SNV_P102L/ch1/B04_amplitude.csv,1,14841,NA,NA,NA,NA,NA,B04,ch1
definetherain,P102L,2020-12-01_SNV_P102L,/mnt/c/Projects/prnp-somatic/scratch/ddpcr_gating_method_comparison_v2/inputs/definetherain/P102L/2020-12-01_SNV_P102L/ch2/B04_amplitude.csv,1,14841,NA,NA,NA,NA,NA,B04,ch2
definetherain,P102L,2020-12-01_SNV_P102L,/mnt/c/Projects/prnp-somatic/scratch/ddpcr_gating_method_comparison_v2/inputs/definetherain/P102L/2020-12-01_SNV_P102L/ch1/B05_amplitude.csv,1,15262,NA,NA,NA,NA,NA,B05,ch1
definetherain,P102L,2020-12-01_SNV_P102L,/mnt/c/Projects/prnp-somatic/scratch/ddpcr_gating_method_comparison_v2/inputs/definetherain/P102L/2020-12-01_SNV_P102L/ch2/B05_amplitude.csv,1,15262,NA,NA,NA,NA,NA,B05,ch2
definetherain,P102L,2020-12-01_SNV_P102L,/mnt/c/Projects/prnp-somatic/scratch/ddpcr_gating_method_comparison_v2/inputs/definetherain/P102L/2020-12-01_SNV_P102L/ch1/B06_amplitude.csv,1,15497,NA,NA,NA,NA,NA,B06,ch1
definetherain,P102L,2020-12-01_SNV_P102L,/mnt/c/Projects/prnp-somatic/scratch/ddpcr_gating_method_comparison_v2/inputs/definetherain/P102L/2020-12-01_SNV_P102L/ch2/B06_amplitude.csv,1,15497,NA,NA,NA,NA,NA,B06,ch2
definetherain,P102L,2020-12-01_SNV_P102L,/mnt/c/Projects/prnp-somatic/scratch/ddpcr_gating_method_comparison_v2/inputs/definetherain/P102L/2020-12-01_SNV_P102L/ch1/B08_amplitude.csv,1,15228,NA,NA,NA,NA,NA,B08,ch1
definetherain,P102L,2020-12-01_SNV_P102L,/mnt/c/Projects/prnp-somatic/scratch/ddpcr_gating_method_comparison_v2/inputs/definetherain/P102L/2020-12-01_SNV_P102L/ch2/B08_amplitude.csv,1,15228,NA,NA,NA,NA,NA,B08,ch2
definetherain,P102L,2020-12-01_SNV_P102L,/mnt/c/Projects/prnp-somatic/scratch/ddpcr_gating_method_comparison_v2/inputs/definetherain/P102L/2020-12-01_SNV_P102L/ch1/B09_amplitude.csv,1,17728,NA,NA,NA,NA,NA,B09,ch1
definetherain,P102L,2020-12-01_SNV_P102L,/mnt/c/Projects/prnp-somatic/scratch/ddpcr_gating_method_comparison_v2/inputs/definetherain/P102L/2020-12-01_SNV_P102L/ch2/B09_amplitude.csv,1,17728,NA,NA,NA,NA,NA,B09,ch2
definetherain,P102L,2020-12-01_SNV_P102L,/mnt/c/Projects/prnp-somatic/scratch/ddpcr_gating_method_comparison_v2/inputs/definetherain/P102L/2020-12-01_SNV_P102L/ch1/B10_amplitude.csv,1,15685,NA,NA,NA,NA,NA,B10,ch1
definetherain,P102L,2020-12-01_SNV_P102L,/mnt/c/Projects/prnp-somatic/scratch/ddpcr_gating_method_comparison_v2/inputs/definetherain/P102L/2020-12-01_SNV_P102L/ch2/B10_amplitude.csv,1,15685,NA,NA,NA,NA,NA,B10,ch2
definetherain,P102L,2020-12-01_SNV_P102L,/mnt/c/Projects/prnp-somatic/scratch/ddpcr_gating_method_comparison_v2/inputs/definetherain/P102L/2020-12-01_SNV_P102L/ch1/B11_amplitude.csv,1,16154,NA,NA,NA,NA,NA,B11,ch1
definetherain,P102L,2020-12-01_SNV_P102L,/mnt/c/Projects/prnp-somatic/scratch/ddpcr_gating_method_comparison_v2/inputs/definetherain/P102L/2020-12-01_SNV_P102L/ch2/B11_amplitude.csv,1,16154,NA,NA,NA,NA,NA,B11,ch2
definetherain,P102L,2020-12-01_SNV_P102L,/mnt/c/Projects/prnp-somatic/scratch/ddpcr_gating_method_comparison_v2/inputs/definetherain/P102L/2020-12-01_SNV_P102L/ch1/B12_amplitude.csv,1,15419,NA,NA,NA,NA,NA,B12,ch1
definetherain,P102L,2020-12-01_SNV_P102L,/mnt/c/Projects/prnp-somatic/scratch/ddpcr_gating_method_comparison_v2/inputs/definetherain/P102L/2020-12-01_SNV_P102L/ch2/B12_amplitude.csv,1,15419,NA,NA,NA,NA,NA,B12,ch2
definetherain,P102L,2020-12-01_SNV_P102L,/mnt/c/Projects/prnp-somatic/scratch/ddpcr_gating_method_comparison_v2/inputs/definetherain/P102L/2020-12-01_SNV_P102L/ch1/C01_amplitude.csv,1,13361,NA,NA,NA,NA,NA,C01,ch1
definetherain,P102L,2020-12-01_SNV_P102L,/mnt/c/Projects/prnp-somatic/scratch/ddpcr_gating_method_comparison_v2/inputs/definetherain/P102L/2020-12-01_SNV_P102L/ch2/C01_amplitude.csv,1,13361,NA,NA,NA,NA,NA,C01,ch2
definetherain,P102L,2020-12-01_SNV_P102L,/mnt/c/Projects/prnp-somatic/scratch/ddpcr_gating_method_comparison_v2/inputs/definetherain/P102L/2020-12-01_SNV_P102L/ch1/C04_amplitude.csv,1,15052,NA,NA,NA,NA,NA,C04,ch1
definetherain,P102L,2020-12-01_SNV_P102L,/mnt/c/Projects/prnp-somatic/scratch/ddpcr_gating_method_comparison_v2/inputs/definetherain/P102L/2020-12-01_SNV_P102L/ch2/C04_amplitude.csv,1,15052,NA,NA,NA,NA,NA,C04,ch2
definetherain,P102L,2020-12-01_SNV_P102L,/mnt/c/Projects/prnp-somatic/scratch/ddpcr_gating_method_comparison_v2/inputs/definetherain/P102L/2020-12-01_SNV_P102L/ch1/C05_amplitude.csv,1,16432,NA,NA,NA,NA,NA,C05,ch1
definetherain,P102L,2020-12-01_SNV_P102L,/mnt/c/Projects/prnp-somatic/scratch/ddpcr_gating_method_comparison_v2/inputs/definetherain/P102L/2020-12-01_SNV_P102L/ch2/C05_amplitude.csv,1,16432,NA,NA,NA,NA,NA,C05,ch2
definetherain,P102L,2020-12-01_SNV_P102L,/mnt/c/Projects/prnp-somatic/scratch/ddpcr_gating_method_comparison_v2/inputs/definetherain/P102L/2020-12-01_SNV_P102L/ch1/C06_amplitude.csv,1,15141,NA,NA,NA,NA,NA,C06,ch1
definetherain,P102L,2020-12-01_SNV_P102L,/mnt/c/Projects/prnp-somatic/scratch/ddpcr_gating_method_comparison_v2/inputs/definetherain/P102L/2020-12-01_SNV_P102L/ch2/C06_amplitude.csv,1,15141,NA,NA,NA,NA,NA,C06,ch2
definetherain,P102L,2020-12-01_SNV_P102L,/mnt/c/Projects/prnp-somatic/scratch/ddpcr_gating_method_comparison_v2/inputs/definetherain/P102L/2020-12-01_SNV_P102L/ch1/C08_amplitude.csv,1,15425,NA,NA,NA,NA,NA,C08,ch1
definetherain,P102L,2020-12-01_SNV_P102L,/mnt/c/Projects/prnp-somatic/scratch/ddpcr_gating_method_comparison_v2/inputs/definetherain/P102L/2020-12-01_SNV_P102L/ch2/C08_amplitude.csv,1,15425,NA,NA,NA,NA,NA,C08,ch2
definetherain,P102L,2020-12-01_SNV_P102L,/mnt/c/Projects/prnp-somatic/scratch/ddpcr_gating_method_comparison_v2/inputs/definetherain/P102L/2020-12-01_SNV_P102L/ch1/C09_amplitude.csv,1,17124,NA,NA,NA,NA,NA,C09,ch1
definetherain,P102L,2020-12-01_SNV_P102L,/mnt/c/Projects/prnp-somatic/scratch/ddpcr_gating_method_comparison_v2/inputs/definetherain/P102L/2020-12-01_SNV_P102L/ch2/C09_amplitude.csv,1,17124,NA,NA,NA,NA,NA,C09,ch2
definetherain,P102L,2020-12-01_SNV_P102L,/mnt/c/Projects/prnp-somatic/scratch/ddpcr_gating_method_comparison_v2/inputs/definetherain/P102L/2020-12-01_SNV_P102L/ch1/C12_amplitude.csv,1,17693,NA,NA,NA,NA,NA,C12,ch1
definetherain,P102L,2020-12-01_SNV_P102L,/mnt/c/Projects/prnp-somatic/scratch/ddpcr_gating_method_comparison_v2/inputs/definetherain/P102L/2020-12-01_SNV_P102L/ch2/C12_amplitude.csv,1,17693,NA,NA,NA,NA,NA,C12,ch2
definetherain,P102L,2020-12-01_SNV_P102L,/mnt/c/Projects/prnp-somatic/scratch/ddpcr_gating_method_comparison_v2/inputs/definetherain/P102L/2020-12-01_SNV_P102L/ch1/D01_amplitude.csv,1,14349,NA,NA,NA,NA,NA,D01,ch1
definetherain,P102L,2020-12-01_SNV_P102L,/mnt/c/Projects/prnp-somatic/scratch/ddpcr_gating_method_comparison_v2/inputs/definetherain/P102L/2020-12-01_SNV_P102L/ch2/D01_amplitude.csv,1,14349,NA,NA,NA,NA,NA,D01,ch2
definetherain,P102L,2020-12-01_SNV_P102L,/mnt/c/Projects/prnp-somatic/scratch/ddpcr_gating_method_comparison_v2/inputs/definetherain/P102L/2020-12-01_SNV_P102L/ch1/D02_amplitude.csv,1,14783,NA,NA,NA,NA,NA,D02,ch1
definetherain,P102L,2020-12-01_SNV_P102L,/mnt/c/Projects/prnp-somatic/scratch/ddpcr_gating_method_comparison_v2/inputs/definetherain/P102L/2020-12-01_SNV_P102L/ch2/D02_amplitude.csv,1,14783,NA,NA,NA,NA,NA,D02,ch2
definetherain,P102L,2020-12-01_SNV_P102L,/mnt/c/Projects/prnp-somatic/scratch/ddpcr_gating_method_comparison_v2/inputs/definetherain/P102L/2020-12-01_SNV_P102L/ch1/D04_amplitude.csv,1,11897,NA,NA,NA,NA,NA,D04,ch1
definetherain,P102L,2020-12-01_SNV_P102L,/mnt/c/Projects/prnp-somatic/scratch/ddpcr_gating_method_comparison_v2/inputs/definetherain/P102L/2020-12-01_SNV_P102L/ch2/D04_amplitude.csv,1,11897,NA,NA,NA,NA,NA,D04,ch2
definetherain,P102L,2020-12-01_SNV_P102L,/mnt/c/Projects/prnp-somatic/scratch/ddpcr_gating_method_comparison_v2/inputs/definetherain/P102L/2020-12-01_SNV_P102L/ch1/D05_amplitude.csv,1,14883,NA,NA,NA,NA,NA,D05,ch1
definetherain,P102L,2020-12-01_SNV_P102L,/mnt/c/Projects/prnp-somatic/scratch/ddpcr_gating_method_comparison_v2/inputs/definetherain/P102L/2020-12-01_SNV_P102L/ch2/D05_amplitude.csv,1,14883,NA,NA,NA,NA,NA,D05,ch2
definetherain,P102L,2020-12-01_SNV_P102L,/mnt/c/Projects/prnp-somatic/scratch/ddpcr_gating_method_comparison_v2/inputs/definetherain/P102L/2020-12-01_SNV_P102L/ch1/D06_amplitude.csv,1,13932,NA,NA,NA,NA,NA,D06,ch1
definetherain,P102L,2020-12-01_SNV_P102L,/mnt/c/Projects/prnp-somatic/scratch/ddpcr_gating_method_comparison_v2/inputs/definetherain/P102L/2020-12-01_SNV_P102L/ch2/D06_amplitude.csv,1,13932,NA,NA,NA,NA,NA,D06,ch2
definetherain,P102L,2020-12-01_SNV_P102L,/mnt/c/Projects/prnp-somatic/scratch/ddpcr_gating_method_comparison_v2/inputs/definetherain/P102L/2020-12-01_SNV_P102L/ch1/D07_amplitude.csv,1,15321,NA,NA,NA,NA,NA,D07,ch1
definetherain,P102L,2020-12-01_SNV_P102L,/mnt/c/Projects/prnp-somatic/scratch/ddpcr_gating_method_comparison_v2/inputs/definetherain/P102L/2020-12-01_SNV_P102L/ch2/D07_amplitude.csv,1,15321,NA,NA,NA,NA,NA,D07,ch2
definetherain,P102L,2020-12-01_SNV_P102L,/mnt/c/Projects/prnp-somatic/scratch/ddpcr_gating_method_comparison_v2/inputs/definetherain/P102L/2020-12-01_SNV_P102L/ch1/D08_amplitude.csv,1,14775,NA,NA,NA,NA,NA,D08,ch1
definetherain,P102L,2020-12-01_SNV_P102L,/mnt/c/Projects/prnp-somatic/scratch/ddpcr_gating_method_comparison_v2/inputs/definetherain/P102L/2020-12-01_SNV_P102L/ch2/D08_amplitude.csv,1,14775,NA,NA,NA,NA,NA,D08,ch2
definetherain,P102L,2020-12-01_SNV_P102L,/mnt/c/Projects/prnp-somatic/scratch/ddpcr_gating_method_comparison_v2/inputs/definetherain/P102L/2020-12-01_SNV_P102L/ch1/D09_amplitude.csv,1,17541,NA,NA,NA,NA,NA,D09,ch1
definetherain,P102L,2020-12-01_SNV_P102L,/mnt/c/Projects/prnp-somatic/scratch/ddpcr_gating_method_comparison_v2/inputs/definetherain/P102L/2020-12-01_SNV_P102L/ch2/D09_amplitude.csv,1,17541,NA,NA,NA,NA,NA,D09,ch2
definetherain,P102L,2020-12-01_SNV_P102L,/mnt/c/Projects/prnp-somatic/scratch/ddpcr_gating_method_comparison_v2/inputs/definetherain/P102L/2020-12-01_SNV_P102L/ch1/E01_amplitude.csv,1,12533,NA,NA,NA,NA,NA,E01,ch1
definetherain,P102L,2020-12-01_SNV_P102L,/mnt/c/Projects/prnp-somatic/scratch/ddpcr_gating_method_comparison_v2/inputs/definetherain/P102L/2020-12-01_SNV_P102L/ch2/E01_amplitude.csv,1,12533,NA,NA,NA,NA,NA,E01,ch2
definetherain,P102L,2020-12-01_SNV_P102L,/mnt/c/Projects/prnp-somatic/scratch/ddpcr_gating_method_comparison_v2/inputs/definetherain/P102L/2020-12-01_SNV_P102L/ch1/E02_amplitude.csv,1,14639,NA,NA,NA,NA,NA,E02,ch1
definetherain,P102L,2020-12-01_SNV_P102L,/mnt/c/Projects/prnp-somatic/scratch/ddpcr_gating_method_comparison_v2/inputs/definetherain/P102L/2020-12-01_SNV_P102L/ch2/E02_amplitude.csv,1,14639,NA,NA,NA,NA,NA,E02,ch2
definetherain,P102L,2020-12-01_SNV_P102L,/mnt/c/Projects/prnp-somatic/scratch/ddpcr_gating_method_comparison_v2/inputs/definetherain/P102L/2020-12-01_SNV_P102L/ch1/E04_amplitude.csv,1,13930,NA,NA,NA,NA,NA,E04,ch1
definetherain,P102L,2020-12-01_SNV_P102L,/mnt/c/Projects/prnp-somatic/scratch/ddpcr_gating_method_comparison_v2/inputs/definetherain/P102L/2020-12-01_SNV_P102L/ch2/E04_amplitude.csv,1,13930,NA,NA,NA,NA,NA,E04,ch2
definetherain,P102L,2020-12-01_SNV_P102L,/mnt/c/Projects/prnp-somatic/scratch/ddpcr_gating_method_comparison_v2/inputs/definetherain/P102L/2020-12-01_SNV_P102L/ch1/E05_amplitude.csv,1,15400,NA,NA,NA,NA,NA,E05,ch1
definetherain,P102L,2020-12-01_SNV_P102L,/mnt/c/Projects/prnp-somatic/scratch/ddpcr_gating_method_comparison_v2/inputs/definetherain/P102L/2020-12-01_SNV_P102L/ch2/E05_amplitude.csv,1,15400,NA,NA,NA,NA,NA,E05,ch2
definetherain,P102L,2020-12-01_SNV_P102L,/mnt/c/Projects/prnp-somatic/scratch/ddpcr_gating_method_comparison_v2/inputs/definetherain/P102L/2020-12-01_SNV_P102L/ch1/E06_amplitude.csv,1,13222,NA,NA,NA,NA,NA,E06,ch1
definetherain,P102L,2020-12-01_SNV_P102L,/mnt/c/Projects/prnp-somatic/scratch/ddpcr_gating_method_comparison_v2/inputs/definetherain/P102L/2020-12-01_SNV_P102L/ch2/E06_amplitude.csv,1,13222,NA,NA,NA,NA,NA,E06,ch2
definetherain,P102L,2020-12-01_SNV_P102L,/mnt/c/Projects/prnp-somatic/scratch/ddpcr_gating_method_comparison_v2/inputs/definetherain/P102L/2020-12-01_SNV_P102L/ch1/E07_amplitude.csv,1,14049,NA,NA,NA,NA,NA,E07,ch1
definetherain,P102L,2020-12-01_SNV_P102L,/mnt/c/Projects/prnp-somatic/scratch/ddpcr_gating_method_comparison_v2/inputs/definetherain/P102L/2020-12-01_SNV_P102L/ch2/E07_amplitude.csv,1,14049,NA,NA,NA,NA,NA,E07,ch2
definetherain,P102L,2020-12-01_SNV_P102L,/mnt/c/Projects/prnp-somatic/scratch/ddpcr_gating_method_comparison_v2/inputs/definetherain/P102L/2020-12-01_SNV_P102L/ch1/E08_amplitude.csv,1,16216,NA,NA,NA,NA,NA,E08,ch1
definetherain,P102L,2020-12-01_SNV_P102L,/mnt/c/Projects/prnp-somatic/scratch/ddpcr_gating_method_comparison_v2/inputs/definetherain/P102L/2020-12-01_SNV_P102L/ch2/E08_amplitude.csv,1,16216,NA,NA,NA,NA,NA,E08,ch2
definetherain,P102L,2020-12-01_SNV_P102L,/mnt/c/Projects/prnp-somatic/scratch/ddpcr_gating_method_comparison_v2/inputs/definetherain/P102L/2020-12-01_SNV_P102L/ch1/E09_amplitude.csv,1,17907,NA,NA,NA,NA,NA,E09,ch1
definetherain,P102L,2020-12-01_SNV_P102L,/mnt/c/Projects/prnp-somatic/scratch/ddpcr_gating_method_comparison_v2/inputs/definetherain/P102L/2020-12-01_SNV_P102L/ch2/E09_amplitude.csv,1,17907,NA,NA,NA,NA,NA,E09,ch2
definetherain,P102L,2020-12-01_SNV_P102L,/mnt/c/Projects/prnp-somatic/scratch/ddpcr_gating_method_comparison_v2/inputs/definetherain/P102L/2020-12-01_SNV_P102L/ch1/F02_amplitude.csv,1,14197,NA,NA,NA,NA,NA,F02,ch1
definetherain,P102L,2020-12-01_SNV_P102L,/mnt/c/Projects/prnp-somatic/scratch/ddpcr_gating_method_comparison_v2/inputs/definetherain/P102L/2020-12-01_SNV_P102L/ch2/F02_amplitude.csv,1,14197,NA,NA,NA,NA,NA,F02,ch2
definetherain,P102L,2020-12-01_SNV_P102L,/mnt/c/Projects/prnp-somatic/scratch/ddpcr_gating_method_comparison_v2/inputs/definetherain/P102L/2020-12-01_SNV_P102L/ch1/F04_amplitude.csv,1,14154,NA,NA,NA,NA,NA,F04,ch1
definetherain,P102L,2020-12-01_SNV_P102L,/mnt/c/Projects/prnp-somatic/scratch/ddpcr_gating_method_comparison_v2/inputs/definetherain/P102L/2020-12-01_SNV_P102L/ch2/F04_amplitude.csv,1,14154,NA,NA,NA,NA,NA,F04,ch2
definetherain,P102L,2020-12-01_SNV_P102L,/mnt/c/Projects/prnp-somatic/scratch/ddpcr_gating_method_comparison_v2/inputs/definetherain/P102L/2020-12-01_SNV_P102L/ch1/F05_amplitude.csv,1,16408,NA,NA,NA,NA,NA,F05,ch1
definetherain,P102L,2020-12-01_SNV_P102L,/mnt/c/Projects/prnp-somatic/scratch/ddpcr_gating_method_comparison_v2/inputs/definetherain/P102L/2020-12-01_SNV_P102L/ch2/F05_amplitude.csv,1,16408,NA,NA,NA,NA,NA,F05,ch2
definetherain,P102L,2020-12-01_SNV_P102L,/mnt/c/Projects/prnp-somatic/scratch/ddpcr_gating_method_comparison_v2/inputs/definetherain/P102L/2020-12-01_SNV_P102L/ch1/F06_amplitude.csv,1,15459,NA,NA,NA,NA,NA,F06,ch1
definetherain,P102L,2020-12-01_SNV_P102L,/mnt/c/Projects/prnp-somatic/scratch/ddpcr_gating_method_comparison_v2/inputs/definetherain/P102L/2020-12-01_SNV_P102L/ch2/F06_amplitude.csv,1,15459,NA,NA,NA,NA,NA,F06,ch2
definetherain,P102L,2020-12-01_SNV_P102L,/mnt/c/Projects/prnp-somatic/scratch/ddpcr_gating_method_comparison_v2/inputs/definetherain/P102L/2020-12-01_SNV_P102L/ch1/F07_amplitude.csv,1,14516,NA,NA,NA,NA,NA,F07,ch1
definetherain,P102L,2020-12-01_SNV_P102L,/mnt/c/Projects/prnp-somatic/scratch/ddpcr_gating_method_comparison_v2/inputs/definetherain/P102L/2020-12-01_SNV_P102L/ch2/F07_amplitude.csv,1,14516,NA,NA,NA,NA,NA,F07,ch2
definetherain,P102L,2020-12-01_SNV_P102L,/mnt/c/Projects/prnp-somatic/scratch/ddpcr_gating_method_comparison_v2/inputs/definetherain/P102L/2020-12-01_SNV_P102L/ch1/G06_amplitude.csv,1,12096,NA,NA,NA,NA,NA,G06,ch1
definetherain,P102L,2020-12-01_SNV_P102L,/mnt/c/Projects/prnp-somatic/scratch/ddpcr_gating_method_comparison_v2/inputs/definetherain/P102L/2020-12-01_SNV_P102L/ch2/G06_amplitude.csv,1,12096,NA,NA,NA,NA,NA,G06,ch2
definetherain,P102L,2020-12-01_SNV_P102L,/mnt/c/Projects/prnp-somatic/scratch/ddpcr_gating_method_comparison_v2/inputs/definetherain/P102L/2020-12-01_SNV_P102L/ch1/H06_amplitude.csv,1,14646,NA,NA,NA,NA,NA,H06,ch1
definetherain,P102L,2020-12-01_SNV_P102L,/mnt/c/Projects/prnp-somatic/scratch/ddpcr_gating_method_comparison_v2/inputs/definetherain/P102L/2020-12-01_SNV_P102L/ch2/H06_amplitude.csv,1,14646,NA,NA,NA,NA,NA,H06,ch2
definetherain,P102L,2021-01-26_SNV_P102L,/mnt/c/Projects/prnp-somatic/scratch/ddpcr_gating_method_comparison_v2/inputs/definetherain/P102L/2021-01-26_SNV_P102L/ch1/A03_amplitude.csv,1,14644,NA,NA,NA,NA,NA,A03,ch1
definetherain,P102L,2021-01-26_SNV_P102L,/mnt/c/Projects/prnp-somatic/scratch/ddpcr_gating_method_comparison_v2/inputs/definetherain/P102L/2021-01-26_SNV_P102L/ch2/A03_amplitude.csv,1,14644,NA,NA,NA,NA,NA,A03,ch2
definetherain,P102L,2021-01-26_SNV_P102L,/mnt/c/Projects/prnp-somatic/scratch/ddpcr_gating_method_comparison_v2/inputs/definetherain/P102L/2021-01-26_SNV_P102L/ch1/A06_amplitude.csv,1,14840,NA,NA,NA,NA,NA,A06,ch1
definetherain,P102L,2021-01-26_SNV_P102L,/mnt/c/Projects/prnp-somatic/scratch/ddpcr_gating_method_comparison_v2/inputs/definetherain/P102L/2021-01-26_SNV_P102L/ch2/A06_amplitude.csv,1,14840,NA,NA,NA,NA,NA,A06,ch2
definetherain,P102L,2021-01-26_SNV_P102L,/mnt/c/Projects/prnp-somatic/scratch/ddpcr_gating_method_comparison_v2/inputs/definetherain/P102L/2021-01-26_SNV_P102L/ch1/A09_amplitude.csv,1,14767,NA,NA,NA,NA,NA,A09,ch1
definetherain,P102L,2021-01-26_SNV_P102L,/mnt/c/Projects/prnp-somatic/scratch/ddpcr_gating_method_comparison_v2/inputs/definetherain/P102L/2021-01-26_SNV_P102L/ch2/A09_amplitude.csv,1,14767,NA,NA,NA,NA,NA,A09,ch2
definetherain,P102L,2021-01-26_SNV_P102L,/mnt/c/Projects/prnp-somatic/scratch/ddpcr_gating_method_comparison_v2/inputs/definetherain/P102L/2021-01-26_SNV_P102L/ch1/B03_amplitude.csv,1,15329,NA,NA,NA,NA,NA,B03,ch1
definetherain,P102L,2021-01-26_SNV_P102L,/mnt/c/Projects/prnp-somatic/scratch/ddpcr_gating_method_comparison_v2/inputs/definetherain/P102L/2021-01-26_SNV_P102L/ch2/B03_amplitude.csv,1,15329,NA,NA,NA,NA,NA,B03,ch2
definetherain,P102L,2021-01-26_SNV_P102L,/mnt/c/Projects/prnp-somatic/scratch/ddpcr_gating_method_comparison_v2/inputs/definetherain/P102L/2021-01-26_SNV_P102L/ch1/B06_amplitude.csv,1,15841,NA,NA,NA,NA,NA,B06,ch1
definetherain,P102L,2021-01-26_SNV_P102L,/mnt/c/Projects/prnp-somatic/scratch/ddpcr_gating_method_comparison_v2/inputs/definetherain/P102L/2021-01-26_SNV_P102L/ch2/B06_amplitude.csv,1,15841,NA,NA,NA,NA,NA,B06,ch2
definetherain,P102L,2021-01-26_SNV_P102L,/mnt/c/Projects/prnp-somatic/scratch/ddpcr_gating_method_comparison_v2/inputs/definetherain/P102L/2021-01-26_SNV_P102L/ch1/B09_amplitude.csv,1,13644,NA,NA,NA,NA,NA,B09,ch1
definetherain,P102L,2021-01-26_SNV_P102L,/mnt/c/Projects/prnp-somatic/scratch/ddpcr_gating_method_comparison_v2/inputs/definetherain/P102L/2021-01-26_SNV_P102L/ch2/B09_amplitude.csv,1,13644,NA,NA,NA,NA,NA,B09,ch2
definetherain,P102L,2021-01-26_SNV_P102L,/mnt/c/Projects/prnp-somatic/scratch/ddpcr_gating_method_comparison_v2/inputs/definetherain/P102L/2021-01-26_SNV_P102L/ch1/C03_amplitude.csv,1,16381,NA,NA,NA,NA,NA,C03,ch1
definetherain,P102L,2021-01-26_SNV_P102L,/mnt/c/Projects/prnp-somatic/scratch/ddpcr_gating_method_comparison_v2/inputs/definetherain/P102L/2021-01-26_SNV_P102L/ch2/C03_amplitude.csv,1,16381,NA,NA,NA,NA,NA,C03,ch2
definetherain,P102L,2021-01-26_SNV_P102L,/mnt/c/Projects/prnp-somatic/scratch/ddpcr_gating_method_comparison_v2/inputs/definetherain/P102L/2021-01-26_SNV_P102L/ch1/C06_amplitude.csv,1,15460,NA,NA,NA,NA,NA,C06,ch1
definetherain,P102L,2021-01-26_SNV_P102L,/mnt/c/Projects/prnp-somatic/scratch/ddpcr_gating_method_comparison_v2/inputs/definetherain/P102L/2021-01-26_SNV_P102L/ch2/C06_amplitude.csv,1,15460,NA,NA,NA,NA,NA,C06,ch2
definetherain,P102L,2021-01-26_SNV_P102L,/mnt/c/Projects/prnp-somatic/scratch/ddpcr_gating_method_comparison_v2/inputs/definetherain/P102L/2021-01-26_SNV_P102L/ch1/C09_amplitude.csv,1,14977,NA,NA,NA,NA,NA,C09,ch1
definetherain,P102L,2021-01-26_SNV_P102L,/mnt/c/Projects/prnp-somatic/scratch/ddpcr_gating_method_comparison_v2/inputs/definetherain/P102L/2021-01-26_SNV_P102L/ch2/C09_amplitude.csv,1,14977,NA,NA,NA,NA,NA,C09,ch2
definetherain,P102L,2021-01-26_SNV_P102L,/mnt/c/Projects/prnp-somatic/scratch/ddpcr_gating_method_comparison_v2/inputs/definetherain/P102L/2021-01-26_SNV_P102L/ch1/D03_amplitude.csv,1,15299,NA,NA,NA,NA,NA,D03,ch1
definetherain,P102L,2021-01-26_SNV_P102L,/mnt/c/Projects/prnp-somatic/scratch/ddpcr_gating_method_comparison_v2/inputs/definetherain/P102L/2021-01-26_SNV_P102L/ch2/D03_amplitude.csv,1,15299,NA,NA,NA,NA,NA,D03,ch2
definetherain,P102L,2021-01-26_SNV_P102L,/mnt/c/Projects/prnp-somatic/scratch/ddpcr_gating_method_comparison_v2/inputs/definetherain/P102L/2021-01-26_SNV_P102L/ch1/D06_amplitude.csv,1,14901,NA,NA,NA,NA,NA,D06,ch1
definetherain,P102L,2021-01-26_SNV_P102L,/mnt/c/Projects/prnp-somatic/scratch/ddpcr_gating_method_comparison_v2/inputs/definetherain/P102L/2021-01-26_SNV_P102L/ch2/D06_amplitude.csv,1,14901,NA,NA,NA,NA,NA,D06,ch2
definetherain,P102L,2021-01-26_SNV_P102L,/mnt/c/Projects/prnp-somatic/scratch/ddpcr_gating_method_comparison_v2/inputs/definetherain/P102L/2021-01-26_SNV_P102L/ch1/D09_amplitude.csv,1,15001,NA,NA,NA,NA,NA,D09,ch1
definetherain,P102L,2021-01-26_SNV_P102L,/mnt/c/Projects/prnp-somatic/scratch/ddpcr_gating_method_comparison_v2/inputs/definetherain/P102L/2021-01-26_SNV_P102L/ch2/D09_amplitude.csv,1,15001,NA,NA,NA,NA,NA,D09,ch2
definetherain,P102L,2021-01-26_SNV_P102L,/mnt/c/Projects/prnp-somatic/scratch/ddpcr_gating_method_comparison_v2/inputs/definetherain/P102L/2021-01-26_SNV_P102L/ch1/E03_amplitude.csv,1,15575,NA,NA,NA,NA,NA,E03,ch1
definetherain,P102L,2021-01-26_SNV_P102L,/mnt/c/Projects/prnp-somatic/scratch/ddpcr_gating_method_comparison_v2/inputs/definetherain/P102L/2021-01-26_SNV_P102L/ch2/E03_amplitude.csv,1,15575,NA,NA,NA,NA,NA,E03,ch2
definetherain,P102L,2021-01-26_SNV_P102L,/mnt/c/Projects/prnp-somatic/scratch/ddpcr_gating_method_comparison_v2/inputs/definetherain/P102L/2021-01-26_SNV_P102L/ch1/E06_amplitude.csv,1,16176,NA,NA,NA,NA,NA,E06,ch1
definetherain,P102L,2021-01-26_SNV_P102L,/mnt/c/Projects/prnp-somatic/scratch/ddpcr_gating_method_comparison_v2/inputs/definetherain/P102L/2021-01-26_SNV_P102L/ch2/E06_amplitude.csv,1,16176,NA,NA,NA,NA,NA,E06,ch2
definetherain,P102L,2021-01-26_SNV_P102L,/mnt/c/Projects/prnp-somatic/scratch/ddpcr_gating_method_comparison_v2/inputs/definetherain/P102L/2021-01-26_SNV_P102L/ch1/E09_amplitude.csv,1,14144,NA,NA,NA,NA,NA,E09,ch1
definetherain,P102L,2021-01-26_SNV_P102L,/mnt/c/Projects/prnp-somatic/scratch/ddpcr_gating_method_comparison_v2/inputs/definetherain/P102L/2021-01-26_SNV_P102L/ch2/E09_amplitude.csv,1,14144,NA,NA,NA,NA,NA,E09,ch2
definetherain,P102L,2021-01-26_SNV_P102L,/mnt/c/Projects/prnp-somatic/scratch/ddpcr_gating_method_comparison_v2/inputs/definetherain/P102L/2021-01-26_SNV_P102L/ch1/F03_amplitude.csv,1,15841,NA,NA,NA,NA,NA,F03,ch1
definetherain,P102L,2021-01-26_SNV_P102L,/mnt/c/Projects/prnp-somatic/scratch/ddpcr_gating_method_comparison_v2/inputs/definetherain/P102L/2021-01-26_SNV_P102L/ch2/F03_amplitude.csv,1,15841,NA,NA,NA,NA,NA,F03,ch2
definetherain,P102L,2021-01-26_SNV_P102L,/mnt/c/Projects/prnp-somatic/scratch/ddpcr_gating_method_comparison_v2/inputs/definetherain/P102L/2021-01-26_SNV_P102L/ch1/F06_amplitude.csv,1,15006,NA,NA,NA,NA,NA,F06,ch1
definetherain,P102L,2021-01-26_SNV_P102L,/mnt/c/Projects/prnp-somatic/scratch/ddpcr_gating_method_comparison_v2/inputs/definetherain/P102L/2021-01-26_SNV_P102L/ch2/F06_amplitude.csv,1,15006,NA,NA,NA,NA,NA,F06,ch2
definetherain,P102L,2021-01-26_SNV_P102L,/mnt/c/Projects/prnp-somatic/scratch/ddpcr_gating_method_comparison_v2/inputs/definetherain/P102L/2021-01-26_SNV_P102L/ch1/F09_amplitude.csv,1,15257,NA,NA,NA,NA,NA,F09,ch1
definetherain,P102L,2021-01-26_SNV_P102L,/mnt/c/Projects/prnp-somatic/scratch/ddpcr_gating_method_comparison_v2/inputs/definetherain/P102L/2021-01-26_SNV_P102L/ch2/F09_amplitude.csv,1,15257,NA,NA,NA,NA,NA,F09,ch2
definetherain,P102L,2021-01-26_SNV_P102L,/mnt/c/Projects/prnp-somatic/scratch/ddpcr_gating_method_comparison_v2/inputs/definetherain/P102L/2021-01-26_SNV_P102L/ch1/G03_amplitude.csv,1,15934,NA,NA,NA,NA,NA,G03,ch1
definetherain,P102L,2021-01-26_SNV_P102L,/mnt/c/Projects/prnp-somatic/scratch/ddpcr_gating_method_comparison_v2/inputs/definetherain/P102L/2021-01-26_SNV_P102L/ch2/G03_amplitude.csv,1,15934,NA,NA,NA,NA,NA,G03,ch2
definetherain,P102L,2021-01-26_SNV_P102L,/mnt/c/Projects/prnp-somatic/scratch/ddpcr_gating_method_comparison_v2/inputs/definetherain/P102L/2021-01-26_SNV_P102L/ch1/G06_amplitude.csv,1,14025,NA,NA,NA,NA,NA,G06,ch1
definetherain,P102L,2021-01-26_SNV_P102L,/mnt/c/Projects/prnp-somatic/scratch/ddpcr_gating_method_comparison_v2/inputs/definetherain/P102L/2021-01-26_SNV_P102L/ch2/G06_amplitude.csv,1,14025,NA,NA,NA,NA,NA,G06,ch2
definetherain,P102L,2021-01-26_SNV_P102L,/mnt/c/Projects/prnp-somatic/scratch/ddpcr_gating_method_comparison_v2/inputs/definetherain/P102L/2021-01-26_SNV_P102L/ch1/G09_amplitude.csv,1,14194,NA,NA,NA,NA,NA,G09,ch1
definetherain,P102L,2021-01-26_SNV_P102L,/mnt/c/Projects/prnp-somatic/scratch/ddpcr_gating_method_comparison_v2/inputs/definetherain/P102L/2021-01-26_SNV_P102L/ch2/G09_amplitude.csv,1,14194,NA,NA,NA,NA,NA,G09,ch2
definetherain,P102L,2021-01-26_SNV_P102L,/mnt/c/Projects/prnp-somatic/scratch/ddpcr_gating_method_comparison_v2/inputs/definetherain/P102L/2021-01-26_SNV_P102L/ch1/H03_amplitude.csv,1,15177,NA,NA,NA,NA,NA,H03,ch1
definetherain,P102L,2021-01-26_SNV_P102L,/mnt/c/Projects/prnp-somatic/scratch/ddpcr_gating_method_comparison_v2/inputs/definetherain/P102L/2021-01-26_SNV_P102L/ch2/H03_amplitude.csv,1,15177,NA,NA,NA,NA,NA,H03,ch2
definetherain,P102L,2021-01-26_SNV_P102L,/mnt/c/Projects/prnp-somatic/scratch/ddpcr_gating_method_comparison_v2/inputs/definetherain/P102L/2021-01-26_SNV_P102L/ch1/H06_amplitude.csv,1,14887,NA,NA,NA,NA,NA,H06,ch1
definetherain,P102L,2021-01-26_SNV_P102L,/mnt/c/Projects/prnp-somatic/scratch/ddpcr_gating_method_comparison_v2/inputs/definetherain/P102L/2021-01-26_SNV_P102L/ch2/H06_amplitude.csv,1,14887,NA,NA,NA,NA,NA,H06,ch2
definetherain,P102L,2021-01-26_SNV_P102L,/mnt/c/Projects/prnp-somatic/scratch/ddpcr_gating_method_comparison_v2/inputs/definetherain/P102L/2021-01-26_SNV_P102L/ch1/H09_amplitude.csv,1,14779,NA,NA,NA,NA,NA,H09,ch1
definetherain,P102L,2021-01-26_SNV_P102L,/mnt/c/Projects/prnp-somatic/scratch/ddpcr_gating_method_comparison_v2/inputs/definetherain/P102L/2021-01-26_SNV_P102L/ch2/H09_amplitude.csv,1,14779,NA,NA,NA,NA,NA,H09,ch2
definetherain,P102L,2021-01-28_SNV_P102L,/mnt/c/Projects/prnp-somatic/scratch/ddpcr_gating_method_comparison_v2/inputs/definetherain/P102L/2021-01-28_SNV_P102L/ch1/A03_amplitude.csv,1,15113,NA,NA,NA,NA,NA,A03,ch1
definetherain,P102L,2021-01-28_SNV_P102L,/mnt/c/Projects/prnp-somatic/scratch/ddpcr_gating_method_comparison_v2/inputs/definetherain/P102L/2021-01-28_SNV_P102L/ch2/A03_amplitude.csv,1,15113,NA,NA,NA,NA,NA,A03,ch2
definetherain,P102L,2021-01-28_SNV_P102L,/mnt/c/Projects/prnp-somatic/scratch/ddpcr_gating_method_comparison_v2/inputs/definetherain/P102L/2021-01-28_SNV_P102L/ch1/A06_amplitude.csv,1,14741,NA,NA,NA,NA,NA,A06,ch1
definetherain,P102L,2021-01-28_SNV_P102L,/mnt/c/Projects/prnp-somatic/scratch/ddpcr_gating_method_comparison_v2/inputs/definetherain/P102L/2021-01-28_SNV_P102L/ch2/A06_amplitude.csv,1,14741,NA,NA,NA,NA,NA,A06,ch2
definetherain,P102L,2021-01-28_SNV_P102L,/mnt/c/Projects/prnp-somatic/scratch/ddpcr_gating_method_comparison_v2/inputs/definetherain/P102L/2021-01-28_SNV_P102L/ch1/A09_amplitude.csv,1,15297,NA,NA,NA,NA,NA,A09,ch1
definetherain,P102L,2021-01-28_SNV_P102L,/mnt/c/Projects/prnp-somatic/scratch/ddpcr_gating_method_comparison_v2/inputs/definetherain/P102L/2021-01-28_SNV_P102L/ch2/A09_amplitude.csv,1,15297,NA,NA,NA,NA,NA,A09,ch2
definetherain,P102L,2021-01-28_SNV_P102L,/mnt/c/Projects/prnp-somatic/scratch/ddpcr_gating_method_comparison_v2/inputs/definetherain/P102L/2021-01-28_SNV_P102L/ch1/B03_amplitude.csv,1,13200,NA,NA,NA,NA,NA,B03,ch1
definetherain,P102L,2021-01-28_SNV_P102L,/mnt/c/Projects/prnp-somatic/scratch/ddpcr_gating_method_comparison_v2/inputs/definetherain/P102L/2021-01-28_SNV_P102L/ch2/B03_amplitude.csv,1,13200,NA,NA,NA,NA,NA,B03,ch2
definetherain,P102L,2021-01-28_SNV_P102L,/mnt/c/Projects/prnp-somatic/scratch/ddpcr_gating_method_comparison_v2/inputs/definetherain/P102L/2021-01-28_SNV_P102L/ch1/B06_amplitude.csv,1,14908,NA,NA,NA,NA,NA,B06,ch1
definetherain,P102L,2021-01-28_SNV_P102L,/mnt/c/Projects/prnp-somatic/scratch/ddpcr_gating_method_comparison_v2/inputs/definetherain/P102L/2021-01-28_SNV_P102L/ch2/B06_amplitude.csv,1,14908,NA,NA,NA,NA,NA,B06,ch2
definetherain,P102L,2021-01-28_SNV_P102L,/mnt/c/Projects/prnp-somatic/scratch/ddpcr_gating_method_comparison_v2/inputs/definetherain/P102L/2021-01-28_SNV_P102L/ch1/B09_amplitude.csv,1,15310,NA,NA,NA,NA,NA,B09,ch1
definetherain,P102L,2021-01-28_SNV_P102L,/mnt/c/Projects/prnp-somatic/scratch/ddpcr_gating_method_comparison_v2/inputs/definetherain/P102L/2021-01-28_SNV_P102L/ch2/B09_amplitude.csv,1,15310,NA,NA,NA,NA,NA,B09,ch2
definetherain,P102L,2021-01-28_SNV_P102L,/mnt/c/Projects/prnp-somatic/scratch/ddpcr_gating_method_comparison_v2/inputs/definetherain/P102L/2021-01-28_SNV_P102L/ch1/C03_amplitude.csv,1,15678,NA,NA,NA,NA,NA,C03,ch1
definetherain,P102L,2021-01-28_SNV_P102L,/mnt/c/Projects/prnp-somatic/scratch/ddpcr_gating_method_comparison_v2/inputs/definetherain/P102L/2021-01-28_SNV_P102L/ch2/C03_amplitude.csv,1,15678,NA,NA,NA,NA,NA,C03,ch2
definetherain,P102L,2021-01-28_SNV_P102L,/mnt/c/Projects/prnp-somatic/scratch/ddpcr_gating_method_comparison_v2/inputs/definetherain/P102L/2021-01-28_SNV_P102L/ch1/C06_amplitude.csv,1,14937,NA,NA,NA,NA,NA,C06,ch1
definetherain,P102L,2021-01-28_SNV_P102L,/mnt/c/Projects/prnp-somatic/scratch/ddpcr_gating_method_comparison_v2/inputs/definetherain/P102L/2021-01-28_SNV_P102L/ch2/C06_amplitude.csv,1,14937,NA,NA,NA,NA,NA,C06,ch2
definetherain,P102L,2021-01-28_SNV_P102L,/mnt/c/Projects/prnp-somatic/scratch/ddpcr_gating_method_comparison_v2/inputs/definetherain/P102L/2021-01-28_SNV_P102L/ch1/C09_amplitude.csv,1,15589,NA,NA,NA,NA,NA,C09,ch1
definetherain,P102L,2021-01-28_SNV_P102L,/mnt/c/Projects/prnp-somatic/scratch/ddpcr_gating_method_comparison_v2/inputs/definetherain/P102L/2021-01-28_SNV_P102L/ch2/C09_amplitude.csv,1,15589,NA,NA,NA,NA,NA,C09,ch2
definetherain,P102L,2021-01-28_SNV_P102L,/mnt/c/Projects/prnp-somatic/scratch/ddpcr_gating_method_comparison_v2/inputs/definetherain/P102L/2021-01-28_SNV_P102L/ch1/D03_amplitude.csv,1,16172,NA,NA,NA,NA,NA,D03,ch1
definetherain,P102L,2021-01-28_SNV_P102L,/mnt/c/Projects/prnp-somatic/scratch/ddpcr_gating_method_comparison_v2/inputs/definetherain/P102L/2021-01-28_SNV_P102L/ch2/D03_amplitude.csv,1,16172,NA,NA,NA,NA,NA,D03,ch2
definetherain,P102L,2021-01-28_SNV_P102L,/mnt/c/Projects/prnp-somatic/scratch/ddpcr_gating_method_comparison_v2/inputs/definetherain/P102L/2021-01-28_SNV_P102L/ch1/D06_amplitude.csv,1,15556,NA,NA,NA,NA,NA,D06,ch1
definetherain,P102L,2021-01-28_SNV_P102L,/mnt/c/Projects/prnp-somatic/scratch/ddpcr_gating_method_comparison_v2/inputs/definetherain/P102L/2021-01-28_SNV_P102L/ch2/D06_amplitude.csv,1,15556,NA,NA,NA,NA,NA,D06,ch2
definetherain,P102L,2021-01-28_SNV_P102L,/mnt/c/Projects/prnp-somatic/scratch/ddpcr_gating_method_comparison_v2/inputs/definetherain/P102L/2021-01-28_SNV_P102L/ch1/E03_amplitude.csv,1,16125,NA,NA,NA,NA,NA,E03,ch1
definetherain,P102L,2021-01-28_SNV_P102L,/mnt/c/Projects/prnp-somatic/scratch/ddpcr_gating_method_comparison_v2/inputs/definetherain/P102L/2021-01-28_SNV_P102L/ch2/E03_amplitude.csv,1,16125,NA,NA,NA,NA,NA,E03,ch2
definetherain,P102L,2021-01-28_SNV_P102L,/mnt/c/Projects/prnp-somatic/scratch/ddpcr_gating_method_comparison_v2/inputs/definetherain/P102L/2021-01-28_SNV_P102L/ch1/E06_amplitude.csv,1,15816,NA,NA,NA,NA,NA,E06,ch1
definetherain,P102L,2021-01-28_SNV_P102L,/mnt/c/Projects/prnp-somatic/scratch/ddpcr_gating_method_comparison_v2/inputs/definetherain/P102L/2021-01-28_SNV_P102L/ch2/E06_amplitude.csv,1,15816,NA,NA,NA,NA,NA,E06,ch2
definetherain,P102L,2021-01-28_SNV_P102L,/mnt/c/Projects/prnp-somatic/scratch/ddpcr_gating_method_comparison_v2/inputs/definetherain/P102L/2021-01-28_SNV_P102L/ch1/E09_amplitude.csv,1,14016,NA,NA,NA,NA,NA,E09,ch1
definetherain,P102L,2021-01-28_SNV_P102L,/mnt/c/Projects/prnp-somatic/scratch/ddpcr_gating_method_comparison_v2/inputs/definetherain/P102L/2021-01-28_SNV_P102L/ch2/E09_amplitude.csv,1,14016,NA,NA,NA,NA,NA,E09,ch2
definetherain,P102L,2021-01-28_SNV_P102L,/mnt/c/Projects/prnp-somatic/scratch/ddpcr_gating_method_comparison_v2/inputs/definetherain/P102L/2021-01-28_SNV_P102L/ch1/F03_amplitude.csv,1,15816,NA,NA,NA,NA,NA,F03,ch1
definetherain,P102L,2021-01-28_SNV_P102L,/mnt/c/Projects/prnp-somatic/scratch/ddpcr_gating_method_comparison_v2/inputs/definetherain/P102L/2021-01-28_SNV_P102L/ch2/F03_amplitude.csv,1,15816,NA,NA,NA,NA,NA,F03,ch2
definetherain,P102L,2021-01-28_SNV_P102L,/mnt/c/Projects/prnp-somatic/scratch/ddpcr_gating_method_comparison_v2/inputs/definetherain/P102L/2021-01-28_SNV_P102L/ch1/F06_amplitude.csv,1,15568,NA,NA,NA,NA,NA,F06,ch1
definetherain,P102L,2021-01-28_SNV_P102L,/mnt/c/Projects/prnp-somatic/scratch/ddpcr_gating_method_comparison_v2/inputs/definetherain/P102L/2021-01-28_SNV_P102L/ch2/F06_amplitude.csv,1,15568,NA,NA,NA,NA,NA,F06,ch2
definetherain,P102L,2021-01-28_SNV_P102L,/mnt/c/Projects/prnp-somatic/scratch/ddpcr_gating_method_comparison_v2/inputs/definetherain/P102L/2021-01-28_SNV_P102L/ch1/F09_amplitude.csv,1,14976,NA,NA,NA,NA,NA,F09,ch1
definetherain,P102L,2021-01-28_SNV_P102L,/mnt/c/Projects/prnp-somatic/scratch/ddpcr_gating_method_comparison_v2/inputs/definetherain/P102L/2021-01-28_SNV_P102L/ch2/F09_amplitude.csv,1,14976,NA,NA,NA,NA,NA,F09,ch2
definetherain,P102L,2021-01-28_SNV_P102L,/mnt/c/Projects/prnp-somatic/scratch/ddpcr_gating_method_comparison_v2/inputs/definetherain/P102L/2021-01-28_SNV_P102L/ch1/G03_amplitude.csv,1,14650,NA,NA,NA,NA,NA,G03,ch1
definetherain,P102L,2021-01-28_SNV_P102L,/mnt/c/Projects/prnp-somatic/scratch/ddpcr_gating_method_comparison_v2/inputs/definetherain/P102L/2021-01-28_SNV_P102L/ch2/G03_amplitude.csv,1,14650,NA,NA,NA,NA,NA,G03,ch2
definetherain,P102L,2021-01-28_SNV_P102L,/mnt/c/Projects/prnp-somatic/scratch/ddpcr_gating_method_comparison_v2/inputs/definetherain/P102L/2021-01-28_SNV_P102L/ch1/G06_amplitude.csv,1,15538,NA,NA,NA,NA,NA,G06,ch1
definetherain,P102L,2021-01-28_SNV_P102L,/mnt/c/Projects/prnp-somatic/scratch/ddpcr_gating_method_comparison_v2/inputs/definetherain/P102L/2021-01-28_SNV_P102L/ch2/G06_amplitude.csv,1,15538,NA,NA,NA,NA,NA,G06,ch2
definetherain,P102L,2021-01-28_SNV_P102L,/mnt/c/Projects/prnp-somatic/scratch/ddpcr_gating_method_comparison_v2/inputs/definetherain/P102L/2021-01-28_SNV_P102L/ch1/G09_amplitude.csv,1,15549,NA,NA,NA,NA,NA,G09,ch1
definetherain,P102L,2021-01-28_SNV_P102L,/mnt/c/Projects/prnp-somatic/scratch/ddpcr_gating_method_comparison_v2/inputs/definetherain/P102L/2021-01-28_SNV_P102L/ch2/G09_amplitude.csv,1,15549,NA,NA,NA,NA,NA,G09,ch2
definetherain,P102L,2021-01-28_SNV_P102L,/mnt/c/Projects/prnp-somatic/scratch/ddpcr_gating_method_comparison_v2/inputs/definetherain/P102L/2021-01-28_SNV_P102L/ch1/H03_amplitude.csv,1,14972,NA,NA,NA,NA,NA,H03,ch1
definetherain,P102L,2021-01-28_SNV_P102L,/mnt/c/Projects/prnp-somatic/scratch/ddpcr_gating_method_comparison_v2/inputs/definetherain/P102L/2021-01-28_SNV_P102L/ch2/H03_amplitude.csv,1,14972,NA,NA,NA,NA,NA,H03,ch2
definetherain,P102L,2021-01-28_SNV_P102L,/mnt/c/Projects/prnp-somatic/scratch/ddpcr_gating_method_comparison_v2/inputs/definetherain/P102L/2021-01-28_SNV_P102L/ch1/H06_amplitude.csv,1,15503,NA,NA,NA,NA,NA,H06,ch1
definetherain,P102L,2021-01-28_SNV_P102L,/mnt/c/Projects/prnp-somatic/scratch/ddpcr_gating_method_comparison_v2/inputs/definetherain/P102L/2021-01-28_SNV_P102L/ch2/H06_amplitude.csv,1,15503,NA,NA,NA,NA,NA,H06,ch2
definetherain,P102L,2021-02-02_SNV_P102L,/mnt/c/Projects/prnp-somatic/scratch/ddpcr_gating_method_comparison_v2/inputs/definetherain/P102L/2021-02-02_SNV_P102L/ch1/A01_amplitude.csv,1,16027,NA,NA,NA,NA,NA,A01,ch1
definetherain,P102L,2021-02-02_SNV_P102L,/mnt/c/Projects/prnp-somatic/scratch/ddpcr_gating_method_comparison_v2/inputs/definetherain/P102L/2021-02-02_SNV_P102L/ch2/A01_amplitude.csv,1,16027,NA,NA,NA,NA,NA,A01,ch2
definetherain,P102L,2021-02-02_SNV_P102L,/mnt/c/Projects/prnp-somatic/scratch/ddpcr_gating_method_comparison_v2/inputs/definetherain/P102L/2021-02-02_SNV_P102L/ch1/A02_amplitude.csv,1,14222,NA,NA,NA,NA,NA,A02,ch1
definetherain,P102L,2021-02-02_SNV_P102L,/mnt/c/Projects/prnp-somatic/scratch/ddpcr_gating_method_comparison_v2/inputs/definetherain/P102L/2021-02-02_SNV_P102L/ch2/A02_amplitude.csv,1,14222,NA,NA,NA,NA,NA,A02,ch2
definetherain,P102L,2021-02-02_SNV_P102L,/mnt/c/Projects/prnp-somatic/scratch/ddpcr_gating_method_comparison_v2/inputs/definetherain/P102L/2021-02-02_SNV_P102L/ch1/A03_amplitude.csv,1,14580,NA,NA,NA,NA,NA,A03,ch1
definetherain,P102L,2021-02-02_SNV_P102L,/mnt/c/Projects/prnp-somatic/scratch/ddpcr_gating_method_comparison_v2/inputs/definetherain/P102L/2021-02-02_SNV_P102L/ch2/A03_amplitude.csv,1,14580,NA,NA,NA,NA,NA,A03,ch2
definetherain,P102L,2021-02-02_SNV_P102L,/mnt/c/Projects/prnp-somatic/scratch/ddpcr_gating_method_comparison_v2/inputs/definetherain/P102L/2021-02-02_SNV_P102L/ch1/A04_amplitude.csv,1,15787,NA,NA,NA,NA,NA,A04,ch1
definetherain,P102L,2021-02-02_SNV_P102L,/mnt/c/Projects/prnp-somatic/scratch/ddpcr_gating_method_comparison_v2/inputs/definetherain/P102L/2021-02-02_SNV_P102L/ch2/A04_amplitude.csv,1,15787,NA,NA,NA,NA,NA,A04,ch2
definetherain,P102L,2021-02-02_SNV_P102L,/mnt/c/Projects/prnp-somatic/scratch/ddpcr_gating_method_comparison_v2/inputs/definetherain/P102L/2021-02-02_SNV_P102L/ch1/A05_amplitude.csv,1,15714,NA,NA,NA,NA,NA,A05,ch1
definetherain,P102L,2021-02-02_SNV_P102L,/mnt/c/Projects/prnp-somatic/scratch/ddpcr_gating_method_comparison_v2/inputs/definetherain/P102L/2021-02-02_SNV_P102L/ch2/A05_amplitude.csv,1,15714,NA,NA,NA,NA,NA,A05,ch2
definetherain,P102L,2021-02-02_SNV_P102L,/mnt/c/Projects/prnp-somatic/scratch/ddpcr_gating_method_comparison_v2/inputs/definetherain/P102L/2021-02-02_SNV_P102L/ch1/A06_amplitude.csv,1,15037,NA,NA,NA,NA,NA,A06,ch1
definetherain,P102L,2021-02-02_SNV_P102L,/mnt/c/Projects/prnp-somatic/scratch/ddpcr_gating_method_comparison_v2/inputs/definetherain/P102L/2021-02-02_SNV_P102L/ch2/A06_amplitude.csv,1,15037,NA,NA,NA,NA,NA,A06,ch2
definetherain,P102L,2021-02-02_SNV_P102L,/mnt/c/Projects/prnp-somatic/scratch/ddpcr_gating_method_comparison_v2/inputs/definetherain/P102L/2021-02-02_SNV_P102L/ch1/A08_amplitude.csv,1,16803,NA,NA,NA,NA,NA,A08,ch1
definetherain,P102L,2021-02-02_SNV_P102L,/mnt/c/Projects/prnp-somatic/scratch/ddpcr_gating_method_comparison_v2/inputs/definetherain/P102L/2021-02-02_SNV_P102L/ch2/A08_amplitude.csv,1,16803,NA,NA,NA,NA,NA,A08,ch2
definetherain,P102L,2021-02-02_SNV_P102L,/mnt/c/Projects/prnp-somatic/scratch/ddpcr_gating_method_comparison_v2/inputs/definetherain/P102L/2021-02-02_SNV_P102L/ch1/B01_amplitude.csv,1,15341,NA,NA,NA,NA,NA,B01,ch1
definetherain,P102L,2021-02-02_SNV_P102L,/mnt/c/Projects/prnp-somatic/scratch/ddpcr_gating_method_comparison_v2/inputs/definetherain/P102L/2021-02-02_SNV_P102L/ch2/B01_amplitude.csv,1,15341,NA,NA,NA,NA,NA,B01,ch2
definetherain,P102L,2021-02-02_SNV_P102L,/mnt/c/Projects/prnp-somatic/scratch/ddpcr_gating_method_comparison_v2/inputs/definetherain/P102L/2021-02-02_SNV_P102L/ch1/B02_amplitude.csv,1,15220,NA,NA,NA,NA,NA,B02,ch1
definetherain,P102L,2021-02-02_SNV_P102L,/mnt/c/Projects/prnp-somatic/scratch/ddpcr_gating_method_comparison_v2/inputs/definetherain/P102L/2021-02-02_SNV_P102L/ch2/B02_amplitude.csv,1,15220,NA,NA,NA,NA,NA,B02,ch2
definetherain,P102L,2021-02-02_SNV_P102L,/mnt/c/Projects/prnp-somatic/scratch/ddpcr_gating_method_comparison_v2/inputs/definetherain/P102L/2021-02-02_SNV_P102L/ch1/B03_amplitude.csv,1,15463,NA,NA,NA,NA,NA,B03,ch1
definetherain,P102L,2021-02-02_SNV_P102L,/mnt/c/Projects/prnp-somatic/scratch/ddpcr_gating_method_comparison_v2/inputs/definetherain/P102L/2021-02-02_SNV_P102L/ch2/B03_amplitude.csv,1,15463,NA,NA,NA,NA,NA,B03,ch2
definetherain,P102L,2021-02-02_SNV_P102L,/mnt/c/Projects/prnp-somatic/scratch/ddpcr_gating_method_comparison_v2/inputs/definetherain/P102L/2021-02-02_SNV_P102L/ch1/B04_amplitude.csv,1,14899,NA,NA,NA,NA,NA,B04,ch1
definetherain,P102L,2021-02-02_SNV_P102L,/mnt/c/Projects/prnp-somatic/scratch/ddpcr_gating_method_comparison_v2/inputs/definetherain/P102L/2021-02-02_SNV_P102L/ch2/B04_amplitude.csv,1,14899,NA,NA,NA,NA,NA,B04,ch2
definetherain,P102L,2021-02-02_SNV_P102L,/mnt/c/Projects/prnp-somatic/scratch/ddpcr_gating_method_comparison_v2/inputs/definetherain/P102L/2021-02-02_SNV_P102L/ch1/B05_amplitude.csv,1,16696,NA,NA,NA,NA,NA,B05,ch1
definetherain,P102L,2021-02-02_SNV_P102L,/mnt/c/Projects/prnp-somatic/scratch/ddpcr_gating_method_comparison_v2/inputs/definetherain/P102L/2021-02-02_SNV_P102L/ch2/B05_amplitude.csv,1,16696,NA,NA,NA,NA,NA,B05,ch2
definetherain,P102L,2021-02-02_SNV_P102L,/mnt/c/Projects/prnp-somatic/scratch/ddpcr_gating_method_comparison_v2/inputs/definetherain/P102L/2021-02-02_SNV_P102L/ch1/B06_amplitude.csv,1,15887,NA,NA,NA,NA,NA,B06,ch1
definetherain,P102L,2021-02-02_SNV_P102L,/mnt/c/Projects/prnp-somatic/scratch/ddpcr_gating_method_comparison_v2/inputs/definetherain/P102L/2021-02-02_SNV_P102L/ch2/B06_amplitude.csv,1,15887,NA,NA,NA,NA,NA,B06,ch2
definetherain,P102L,2021-02-02_SNV_P102L,/mnt/c/Projects/prnp-somatic/scratch/ddpcr_gating_method_comparison_v2/inputs/definetherain/P102L/2021-02-02_SNV_P102L/ch1/B08_amplitude.csv,1,15970,NA,NA,NA,NA,NA,B08,ch1
definetherain,P102L,2021-02-02_SNV_P102L,/mnt/c/Projects/prnp-somatic/scratch/ddpcr_gating_method_comparison_v2/inputs/definetherain/P102L/2021-02-02_SNV_P102L/ch2/B08_amplitude.csv,1,15970,NA,NA,NA,NA,NA,B08,ch2
definetherain,P102L,2021-02-02_SNV_P102L,/mnt/c/Projects/prnp-somatic/scratch/ddpcr_gating_method_comparison_v2/inputs/definetherain/P102L/2021-02-02_SNV_P102L/ch1/C01_amplitude.csv,1,14350,NA,NA,NA,NA,NA,C01,ch1
definetherain,P102L,2021-02-02_SNV_P102L,/mnt/c/Projects/prnp-somatic/scratch/ddpcr_gating_method_comparison_v2/inputs/definetherain/P102L/2021-02-02_SNV_P102L/ch2/C01_amplitude.csv,1,14350,NA,NA,NA,NA,NA,C01,ch2
definetherain,P102L,2021-02-02_SNV_P102L,/mnt/c/Projects/prnp-somatic/scratch/ddpcr_gating_method_comparison_v2/inputs/definetherain/P102L/2021-02-02_SNV_P102L/ch1/C02_amplitude.csv,1,14965,NA,NA,NA,NA,NA,C02,ch1
definetherain,P102L,2021-02-02_SNV_P102L,/mnt/c/Projects/prnp-somatic/scratch/ddpcr_gating_method_comparison_v2/inputs/definetherain/P102L/2021-02-02_SNV_P102L/ch2/C02_amplitude.csv,1,14965,NA,NA,NA,NA,NA,C02,ch2
definetherain,P102L,2021-02-02_SNV_P102L,/mnt/c/Projects/prnp-somatic/scratch/ddpcr_gating_method_comparison_v2/inputs/definetherain/P102L/2021-02-02_SNV_P102L/ch1/C03_amplitude.csv,1,15911,NA,NA,NA,NA,NA,C03,ch1
definetherain,P102L,2021-02-02_SNV_P102L,/mnt/c/Projects/prnp-somatic/scratch/ddpcr_gating_method_comparison_v2/inputs/definetherain/P102L/2021-02-02_SNV_P102L/ch2/C03_amplitude.csv,1,15911,NA,NA,NA,NA,NA,C03,ch2
definetherain,P102L,2021-02-02_SNV_P102L,/mnt/c/Projects/prnp-somatic/scratch/ddpcr_gating_method_comparison_v2/inputs/definetherain/P102L/2021-02-02_SNV_P102L/ch1/C04_amplitude.csv,1,15491,NA,NA,NA,NA,NA,C04,ch1
definetherain,P102L,2021-02-02_SNV_P102L,/mnt/c/Projects/prnp-somatic/scratch/ddpcr_gating_method_comparison_v2/inputs/definetherain/P102L/2021-02-02_SNV_P102L/ch2/C04_amplitude.csv,1,15491,NA,NA,NA,NA,NA,C04,ch2
definetherain,P102L,2021-02-02_SNV_P102L,/mnt/c/Projects/prnp-somatic/scratch/ddpcr_gating_method_comparison_v2/inputs/definetherain/P102L/2021-02-02_SNV_P102L/ch1/C05_amplitude.csv,1,16711,NA,NA,NA,NA,NA,C05,ch1
definetherain,P102L,2021-02-02_SNV_P102L,/mnt/c/Projects/prnp-somatic/scratch/ddpcr_gating_method_comparison_v2/inputs/definetherain/P102L/2021-02-02_SNV_P102L/ch2/C05_amplitude.csv,1,16711,NA,NA,NA,NA,NA,C05,ch2
definetherain,P102L,2021-02-02_SNV_P102L,/mnt/c/Projects/prnp-somatic/scratch/ddpcr_gating_method_comparison_v2/inputs/definetherain/P102L/2021-02-02_SNV_P102L/ch1/C06_amplitude.csv,1,15883,NA,NA,NA,NA,NA,C06,ch1
definetherain,P102L,2021-02-02_SNV_P102L,/mnt/c/Projects/prnp-somatic/scratch/ddpcr_gating_method_comparison_v2/inputs/definetherain/P102L/2021-02-02_SNV_P102L/ch2/C06_amplitude.csv,1,15883,NA,NA,NA,NA,NA,C06,ch2
definetherain,P102L,2021-02-02_SNV_P102L,/mnt/c/Projects/prnp-somatic/scratch/ddpcr_gating_method_comparison_v2/inputs/definetherain/P102L/2021-02-02_SNV_P102L/ch1/C08_amplitude.csv,1,14797,NA,NA,NA,NA,NA,C08,ch1
definetherain,P102L,2021-02-02_SNV_P102L,/mnt/c/Projects/prnp-somatic/scratch/ddpcr_gating_method_comparison_v2/inputs/definetherain/P102L/2021-02-02_SNV_P102L/ch2/C08_amplitude.csv,1,14797,NA,NA,NA,NA,NA,C08,ch2
definetherain,P102L,2021-02-02_SNV_P102L,/mnt/c/Projects/prnp-somatic/scratch/ddpcr_gating_method_comparison_v2/inputs/definetherain/P102L/2021-02-02_SNV_P102L/ch1/D01_amplitude.csv,1,22950,NA,NA,NA,NA,NA,D01,ch1
definetherain,P102L,2021-02-02_SNV_P102L,/mnt/c/Projects/prnp-somatic/scratch/ddpcr_gating_method_comparison_v2/inputs/definetherain/P102L/2021-02-02_SNV_P102L/ch2/D01_amplitude.csv,1,22950,NA,NA,NA,NA,NA,D01,ch2
definetherain,P102L,2021-02-02_SNV_P102L,/mnt/c/Projects/prnp-somatic/scratch/ddpcr_gating_method_comparison_v2/inputs/definetherain/P102L/2021-02-02_SNV_P102L/ch1/D02_amplitude.csv,1,16170,NA,NA,NA,NA,NA,D02,ch1
definetherain,P102L,2021-02-02_SNV_P102L,/mnt/c/Projects/prnp-somatic/scratch/ddpcr_gating_method_comparison_v2/inputs/definetherain/P102L/2021-02-02_SNV_P102L/ch2/D02_amplitude.csv,1,16170,NA,NA,NA,NA,NA,D02,ch2
definetherain,P102L,2021-02-02_SNV_P102L,/mnt/c/Projects/prnp-somatic/scratch/ddpcr_gating_method_comparison_v2/inputs/definetherain/P102L/2021-02-02_SNV_P102L/ch1/D03_amplitude.csv,1,17010,NA,NA,NA,NA,NA,D03,ch1
definetherain,P102L,2021-02-02_SNV_P102L,/mnt/c/Projects/prnp-somatic/scratch/ddpcr_gating_method_comparison_v2/inputs/definetherain/P102L/2021-02-02_SNV_P102L/ch2/D03_amplitude.csv,1,17010,NA,NA,NA,NA,NA,D03,ch2
definetherain,P102L,2021-02-02_SNV_P102L,/mnt/c/Projects/prnp-somatic/scratch/ddpcr_gating_method_comparison_v2/inputs/definetherain/P102L/2021-02-02_SNV_P102L/ch1/D04_amplitude.csv,1,15122,NA,NA,NA,NA,NA,D04,ch1
definetherain,P102L,2021-02-02_SNV_P102L,/mnt/c/Projects/prnp-somatic/scratch/ddpcr_gating_method_comparison_v2/inputs/definetherain/P102L/2021-02-02_SNV_P102L/ch2/D04_amplitude.csv,1,15122,NA,NA,NA,NA,NA,D04,ch2
definetherain,P102L,2021-02-02_SNV_P102L,/mnt/c/Projects/prnp-somatic/scratch/ddpcr_gating_method_comparison_v2/inputs/definetherain/P102L/2021-02-02_SNV_P102L/ch1/D05_amplitude.csv,1,15246,NA,NA,NA,NA,NA,D05,ch1
definetherain,P102L,2021-02-02_SNV_P102L,/mnt/c/Projects/prnp-somatic/scratch/ddpcr_gating_method_comparison_v2/inputs/definetherain/P102L/2021-02-02_SNV_P102L/ch2/D05_amplitude.csv,1,15246,NA,NA,NA,NA,NA,D05,ch2
definetherain,P102L,2021-02-02_SNV_P102L,/mnt/c/Projects/prnp-somatic/scratch/ddpcr_gating_method_comparison_v2/inputs/definetherain/P102L/2021-02-02_SNV_P102L/ch1/D06_amplitude.csv,1,17174,NA,NA,NA,NA,NA,D06,ch1
definetherain,P102L,2021-02-02_SNV_P102L,/mnt/c/Projects/prnp-somatic/scratch/ddpcr_gating_method_comparison_v2/inputs/definetherain/P102L/2021-02-02_SNV_P102L/ch2/D06_amplitude.csv,1,17174,NA,NA,NA,NA,NA,D06,ch2
definetherain,P102L,2021-02-02_SNV_P102L,/mnt/c/Projects/prnp-somatic/scratch/ddpcr_gating_method_comparison_v2/inputs/definetherain/P102L/2021-02-02_SNV_P102L/ch1/D08_amplitude.csv,1,16218,NA,NA,NA,NA,NA,D08,ch1
definetherain,P102L,2021-02-02_SNV_P102L,/mnt/c/Projects/prnp-somatic/scratch/ddpcr_gating_method_comparison_v2/inputs/definetherain/P102L/2021-02-02_SNV_P102L/ch2/D08_amplitude.csv,1,16218,NA,NA,NA,NA,NA,D08,ch2
definetherain,P102L,2021-02-02_SNV_P102L,/mnt/c/Projects/prnp-somatic/scratch/ddpcr_gating_method_comparison_v2/inputs/definetherain/P102L/2021-02-02_SNV_P102L/ch1/E02_amplitude.csv,1,15514,NA,NA,NA,NA,NA,E02,ch1
definetherain,P102L,2021-02-02_SNV_P102L,/mnt/c/Projects/prnp-somatic/scratch/ddpcr_gating_method_comparison_v2/inputs/definetherain/P102L/2021-02-02_SNV_P102L/ch2/E02_amplitude.csv,1,15514,NA,NA,NA,NA,NA,E02,ch2
definetherain,P102L,2021-02-02_SNV_P102L,/mnt/c/Projects/prnp-somatic/scratch/ddpcr_gating_method_comparison_v2/inputs/definetherain/P102L/2021-02-02_SNV_P102L/ch1/E03_amplitude.csv,1,16547,NA,NA,NA,NA,NA,E03,ch1
definetherain,P102L,2021-02-02_SNV_P102L,/mnt/c/Projects/prnp-somatic/scratch/ddpcr_gating_method_comparison_v2/inputs/definetherain/P102L/2021-02-02_SNV_P102L/ch2/E03_amplitude.csv,1,16547,NA,NA,NA,NA,NA,E03,ch2
definetherain,P102L,2021-02-02_SNV_P102L,/mnt/c/Projects/prnp-somatic/scratch/ddpcr_gating_method_comparison_v2/inputs/definetherain/P102L/2021-02-02_SNV_P102L/ch1/E04_amplitude.csv,1,15597,NA,NA,NA,NA,NA,E04,ch1
definetherain,P102L,2021-02-02_SNV_P102L,/mnt/c/Projects/prnp-somatic/scratch/ddpcr_gating_method_comparison_v2/inputs/definetherain/P102L/2021-02-02_SNV_P102L/ch2/E04_amplitude.csv,1,15597,NA,NA,NA,NA,NA,E04,ch2
definetherain,P102L,2021-02-02_SNV_P102L,/mnt/c/Projects/prnp-somatic/scratch/ddpcr_gating_method_comparison_v2/inputs/definetherain/P102L/2021-02-02_SNV_P102L/ch1/E05_amplitude.csv,1,15599,NA,NA,NA,NA,NA,E05,ch1
definetherain,P102L,2021-02-02_SNV_P102L,/mnt/c/Projects/prnp-somatic/scratch/ddpcr_gating_method_comparison_v2/inputs/definetherain/P102L/2021-02-02_SNV_P102L/ch2/E05_amplitude.csv,1,15599,NA,NA,NA,NA,NA,E05,ch2
definetherain,P102L,2021-02-02_SNV_P102L,/mnt/c/Projects/prnp-somatic/scratch/ddpcr_gating_method_comparison_v2/inputs/definetherain/P102L/2021-02-02_SNV_P102L/ch1/E06_amplitude.csv,1,14642,NA,NA,NA,NA,NA,E06,ch1
definetherain,P102L,2021-02-02_SNV_P102L,/mnt/c/Projects/prnp-somatic/scratch/ddpcr_gating_method_comparison_v2/inputs/definetherain/P102L/2021-02-02_SNV_P102L/ch2/E06_amplitude.csv,1,14642,NA,NA,NA,NA,NA,E06,ch2
definetherain,P102L,2021-02-02_SNV_P102L,/mnt/c/Projects/prnp-somatic/scratch/ddpcr_gating_method_comparison_v2/inputs/definetherain/P102L/2021-02-02_SNV_P102L/ch1/E08_amplitude.csv,1,16272,NA,NA,NA,NA,NA,E08,ch1
definetherain,P102L,2021-02-02_SNV_P102L,/mnt/c/Projects/prnp-somatic/scratch/ddpcr_gating_method_comparison_v2/inputs/definetherain/P102L/2021-02-02_SNV_P102L/ch2/E08_amplitude.csv,1,16272,NA,NA,NA,NA,NA,E08,ch2
definetherain,P102L,2021-02-02_SNV_P102L,/mnt/c/Projects/prnp-somatic/scratch/ddpcr_gating_method_comparison_v2/inputs/definetherain/P102L/2021-02-02_SNV_P102L/ch1/F01_amplitude.csv,1,18091,NA,NA,NA,NA,NA,F01,ch1
definetherain,P102L,2021-02-02_SNV_P102L,/mnt/c/Projects/prnp-somatic/scratch/ddpcr_gating_method_comparison_v2/inputs/definetherain/P102L/2021-02-02_SNV_P102L/ch2/F01_amplitude.csv,1,18091,NA,NA,NA,NA,NA,F01,ch2
definetherain,P102L,2021-02-02_SNV_P102L,/mnt/c/Projects/prnp-somatic/scratch/ddpcr_gating_method_comparison_v2/inputs/definetherain/P102L/2021-02-02_SNV_P102L/ch1/F02_amplitude.csv,1,15537,NA,NA,NA,NA,NA,F02,ch1
definetherain,P102L,2021-02-02_SNV_P102L,/mnt/c/Projects/prnp-somatic/scratch/ddpcr_gating_method_comparison_v2/inputs/definetherain/P102L/2021-02-02_SNV_P102L/ch2/F02_amplitude.csv,1,15537,NA,NA,NA,NA,NA,F02,ch2
definetherain,P102L,2021-02-02_SNV_P102L,/mnt/c/Projects/prnp-somatic/scratch/ddpcr_gating_method_comparison_v2/inputs/definetherain/P102L/2021-02-02_SNV_P102L/ch1/F03_amplitude.csv,1,16097,NA,NA,NA,NA,NA,F03,ch1
definetherain,P102L,2021-02-02_SNV_P102L,/mnt/c/Projects/prnp-somatic/scratch/ddpcr_gating_method_comparison_v2/inputs/definetherain/P102L/2021-02-02_SNV_P102L/ch2/F03_amplitude.csv,1,16097,NA,NA,NA,NA,NA,F03,ch2
definetherain,P102L,2021-02-02_SNV_P102L,/mnt/c/Projects/prnp-somatic/scratch/ddpcr_gating_method_comparison_v2/inputs/definetherain/P102L/2021-02-02_SNV_P102L/ch1/F04_amplitude.csv,1,16990,NA,NA,NA,NA,NA,F04,ch1
definetherain,P102L,2021-02-02_SNV_P102L,/mnt/c/Projects/prnp-somatic/scratch/ddpcr_gating_method_comparison_v2/inputs/definetherain/P102L/2021-02-02_SNV_P102L/ch2/F04_amplitude.csv,1,16990,NA,NA,NA,NA,NA,F04,ch2
definetherain,P102L,2021-02-02_SNV_P102L,/mnt/c/Projects/prnp-somatic/scratch/ddpcr_gating_method_comparison_v2/inputs/definetherain/P102L/2021-02-02_SNV_P102L/ch1/F05_amplitude.csv,1,16128,NA,NA,NA,NA,NA,F05,ch1
definetherain,P102L,2021-02-02_SNV_P102L,/mnt/c/Projects/prnp-somatic/scratch/ddpcr_gating_method_comparison_v2/inputs/definetherain/P102L/2021-02-02_SNV_P102L/ch2/F05_amplitude.csv,1,16128,NA,NA,NA,NA,NA,F05,ch2
definetherain,P102L,2021-02-02_SNV_P102L,/mnt/c/Projects/prnp-somatic/scratch/ddpcr_gating_method_comparison_v2/inputs/definetherain/P102L/2021-02-02_SNV_P102L/ch1/F08_amplitude.csv,1,16768,NA,NA,NA,NA,NA,F08,ch1
definetherain,P102L,2021-02-02_SNV_P102L,/mnt/c/Projects/prnp-somatic/scratch/ddpcr_gating_method_comparison_v2/inputs/definetherain/P102L/2021-02-02_SNV_P102L/ch2/F08_amplitude.csv,1,16768,NA,NA,NA,NA,NA,F08,ch2
definetherain,P102L,2021-02-02_SNV_P102L,/mnt/c/Projects/prnp-somatic/scratch/ddpcr_gating_method_comparison_v2/inputs/definetherain/P102L/2021-02-02_SNV_P102L/ch1/G01_amplitude.csv,1,17009,NA,NA,NA,NA,NA,G01,ch1
definetherain,P102L,2021-02-02_SNV_P102L,/mnt/c/Projects/prnp-somatic/scratch/ddpcr_gating_method_comparison_v2/inputs/definetherain/P102L/2021-02-02_SNV_P102L/ch2/G01_amplitude.csv,1,17009,NA,NA,NA,NA,NA,G01,ch2
definetherain,P102L,2021-02-02_SNV_P102L,/mnt/c/Projects/prnp-somatic/scratch/ddpcr_gating_method_comparison_v2/inputs/definetherain/P102L/2021-02-02_SNV_P102L/ch1/G02_amplitude.csv,1,15514,NA,NA,NA,NA,NA,G02,ch1
definetherain,P102L,2021-02-02_SNV_P102L,/mnt/c/Projects/prnp-somatic/scratch/ddpcr_gating_method_comparison_v2/inputs/definetherain/P102L/2021-02-02_SNV_P102L/ch2/G02_amplitude.csv,1,15514,NA,NA,NA,NA,NA,G02,ch2
definetherain,P102L,2021-02-02_SNV_P102L,/mnt/c/Projects/prnp-somatic/scratch/ddpcr_gating_method_comparison_v2/inputs/definetherain/P102L/2021-02-02_SNV_P102L/ch1/G03_amplitude.csv,1,15799,NA,NA,NA,NA,NA,G03,ch1
definetherain,P102L,2021-02-02_SNV_P102L,/mnt/c/Projects/prnp-somatic/scratch/ddpcr_gating_method_comparison_v2/inputs/definetherain/P102L/2021-02-02_SNV_P102L/ch2/G03_amplitude.csv,1,15799,NA,NA,NA,NA,NA,G03,ch2
definetherain,P102L,2021-02-02_SNV_P102L,/mnt/c/Projects/prnp-somatic/scratch/ddpcr_gating_method_comparison_v2/inputs/definetherain/P102L/2021-02-02_SNV_P102L/ch1/G04_amplitude.csv,1,15217,NA,NA,NA,NA,NA,G04,ch1
definetherain,P102L,2021-02-02_SNV_P102L,/mnt/c/Projects/prnp-somatic/scratch/ddpcr_gating_method_comparison_v2/inputs/definetherain/P102L/2021-02-02_SNV_P102L/ch2/G04_amplitude.csv,1,15217,NA,NA,NA,NA,NA,G04,ch2
definetherain,P102L,2021-02-02_SNV_P102L,/mnt/c/Projects/prnp-somatic/scratch/ddpcr_gating_method_comparison_v2/inputs/definetherain/P102L/2021-02-02_SNV_P102L/ch1/G05_amplitude.csv,1,15820,NA,NA,NA,NA,NA,G05,ch1
definetherain,P102L,2021-02-02_SNV_P102L,/mnt/c/Projects/prnp-somatic/scratch/ddpcr_gating_method_comparison_v2/inputs/definetherain/P102L/2021-02-02_SNV_P102L/ch2/G05_amplitude.csv,1,15820,NA,NA,NA,NA,NA,G05,ch2
definetherain,P102L,2021-02-02_SNV_P102L,/mnt/c/Projects/prnp-somatic/scratch/ddpcr_gating_method_comparison_v2/inputs/definetherain/P102L/2021-02-02_SNV_P102L/ch1/G08_amplitude.csv,1,17741,NA,NA,NA,NA,NA,G08,ch1
definetherain,P102L,2021-02-02_SNV_P102L,/mnt/c/Projects/prnp-somatic/scratch/ddpcr_gating_method_comparison_v2/inputs/definetherain/P102L/2021-02-02_SNV_P102L/ch2/G08_amplitude.csv,1,17741,NA,NA,NA,NA,NA,G08,ch2
definetherain,P102L,2021-02-02_SNV_P102L,/mnt/c/Projects/prnp-somatic/scratch/ddpcr_gating_method_comparison_v2/inputs/definetherain/P102L/2021-02-02_SNV_P102L/ch1/H01_amplitude.csv,1,17706,NA,NA,NA,NA,NA,H01,ch1
definetherain,P102L,2021-02-02_SNV_P102L,/mnt/c/Projects/prnp-somatic/scratch/ddpcr_gating_method_comparison_v2/inputs/definetherain/P102L/2021-02-02_SNV_P102L/ch2/H01_amplitude.csv,1,17706,NA,NA,NA,NA,NA,H01,ch2
definetherain,P102L,2021-02-02_SNV_P102L,/mnt/c/Projects/prnp-somatic/scratch/ddpcr_gating_method_comparison_v2/inputs/definetherain/P102L/2021-02-02_SNV_P102L/ch1/H02_amplitude.csv,1,14191,NA,NA,NA,NA,NA,H02,ch1
definetherain,P102L,2021-02-02_SNV_P102L,/mnt/c/Projects/prnp-somatic/scratch/ddpcr_gating_method_comparison_v2/inputs/definetherain/P102L/2021-02-02_SNV_P102L/ch2/H02_amplitude.csv,1,14191,NA,NA,NA,NA,NA,H02,ch2
definetherain,P102L,2021-02-02_SNV_P102L,/mnt/c/Projects/prnp-somatic/scratch/ddpcr_gating_method_comparison_v2/inputs/definetherain/P102L/2021-02-02_SNV_P102L/ch1/H03_amplitude.csv,1,14189,NA,NA,NA,NA,NA,H03,ch1
definetherain,P102L,2021-02-02_SNV_P102L,/mnt/c/Projects/prnp-somatic/scratch/ddpcr_gating_method_comparison_v2/inputs/definetherain/P102L/2021-02-02_SNV_P102L/ch2/H03_amplitude.csv,1,14189,NA,NA,NA,NA,NA,H03,ch2
definetherain,P102L,2021-02-02_SNV_P102L,/mnt/c/Projects/prnp-somatic/scratch/ddpcr_gating_method_comparison_v2/inputs/definetherain/P102L/2021-02-02_SNV_P102L/ch1/H04_amplitude.csv,1,17425,NA,NA,NA,NA,NA,H04,ch1
definetherain,P102L,2021-02-02_SNV_P102L,/mnt/c/Projects/prnp-somatic/scratch/ddpcr_gating_method_comparison_v2/inputs/definetherain/P102L/2021-02-02_SNV_P102L/ch2/H04_amplitude.csv,1,17425,NA,NA,NA,NA,NA,H04,ch2
definetherain,P102L,2021-02-02_SNV_P102L,/mnt/c/Projects/prnp-somatic/scratch/ddpcr_gating_method_comparison_v2/inputs/definetherain/P102L/2021-02-02_SNV_P102L/ch1/H05_amplitude.csv,1,15093,NA,NA,NA,NA,NA,H05,ch1
definetherain,P102L,2021-02-02_SNV_P102L,/mnt/c/Projects/prnp-somatic/scratch/ddpcr_gating_method_comparison_v2/inputs/definetherain/P102L/2021-02-02_SNV_P102L/ch2/H05_amplitude.csv,1,15093,NA,NA,NA,NA,NA,H05,ch2
definetherain,P102L,2021-02-17_SNV_P102L,/mnt/c/Projects/prnp-somatic/scratch/ddpcr_gating_method_comparison_v2/inputs/definetherain/P102L/2021-02-17_SNV_P102L/ch1/A03_amplitude.csv,1,15602,NA,NA,NA,NA,NA,A03,ch1
definetherain,P102L,2021-02-17_SNV_P102L,/mnt/c/Projects/prnp-somatic/scratch/ddpcr_gating_method_comparison_v2/inputs/definetherain/P102L/2021-02-17_SNV_P102L/ch2/A03_amplitude.csv,1,15602,NA,NA,NA,NA,NA,A03,ch2
definetherain,P102L,2021-02-17_SNV_P102L,/mnt/c/Projects/prnp-somatic/scratch/ddpcr_gating_method_comparison_v2/inputs/definetherain/P102L/2021-02-17_SNV_P102L/ch1/A06_amplitude.csv,1,16577,NA,NA,NA,NA,NA,A06,ch1
definetherain,P102L,2021-02-17_SNV_P102L,/mnt/c/Projects/prnp-somatic/scratch/ddpcr_gating_method_comparison_v2/inputs/definetherain/P102L/2021-02-17_SNV_P102L/ch2/A06_amplitude.csv,1,16577,NA,NA,NA,NA,NA,A06,ch2
definetherain,P102L,2021-02-17_SNV_P102L,/mnt/c/Projects/prnp-somatic/scratch/ddpcr_gating_method_comparison_v2/inputs/definetherain/P102L/2021-02-17_SNV_P102L/ch1/A09_amplitude.csv,1,18386,NA,NA,NA,NA,NA,A09,ch1
definetherain,P102L,2021-02-17_SNV_P102L,/mnt/c/Projects/prnp-somatic/scratch/ddpcr_gating_method_comparison_v2/inputs/definetherain/P102L/2021-02-17_SNV_P102L/ch2/A09_amplitude.csv,1,18386,NA,NA,NA,NA,NA,A09,ch2
definetherain,P102L,2021-02-17_SNV_P102L,/mnt/c/Projects/prnp-somatic/scratch/ddpcr_gating_method_comparison_v2/inputs/definetherain/P102L/2021-02-17_SNV_P102L/ch1/B03_amplitude.csv,1,16164,NA,NA,NA,NA,NA,B03,ch1
definetherain,P102L,2021-02-17_SNV_P102L,/mnt/c/Projects/prnp-somatic/scratch/ddpcr_gating_method_comparison_v2/inputs/definetherain/P102L/2021-02-17_SNV_P102L/ch2/B03_amplitude.csv,1,16164,NA,NA,NA,NA,NA,B03,ch2
definetherain,P102L,2021-02-17_SNV_P102L,/mnt/c/Projects/prnp-somatic/scratch/ddpcr_gating_method_comparison_v2/inputs/definetherain/P102L/2021-02-17_SNV_P102L/ch1/B06_amplitude.csv,1,15168,NA,NA,NA,NA,NA,B06,ch1
definetherain,P102L,2021-02-17_SNV_P102L,/mnt/c/Projects/prnp-somatic/scratch/ddpcr_gating_method_comparison_v2/inputs/definetherain/P102L/2021-02-17_SNV_P102L/ch2/B06_amplitude.csv,1,15168,NA,NA,NA,NA,NA,B06,ch2
definetherain,P102L,2021-02-17_SNV_P102L,/mnt/c/Projects/prnp-somatic/scratch/ddpcr_gating_method_comparison_v2/inputs/definetherain/P102L/2021-02-17_SNV_P102L/ch1/C03_amplitude.csv,1,14552,NA,NA,NA,NA,NA,C03,ch1
definetherain,P102L,2021-02-17_SNV_P102L,/mnt/c/Projects/prnp-somatic/scratch/ddpcr_gating_method_comparison_v2/inputs/definetherain/P102L/2021-02-17_SNV_P102L/ch2/C03_amplitude.csv,1,14552,NA,NA,NA,NA,NA,C03,ch2
definetherain,P102L,2021-02-17_SNV_P102L,/mnt/c/Projects/prnp-somatic/scratch/ddpcr_gating_method_comparison_v2/inputs/definetherain/P102L/2021-02-17_SNV_P102L/ch1/C06_amplitude.csv,1,14946,NA,NA,NA,NA,NA,C06,ch1
definetherain,P102L,2021-02-17_SNV_P102L,/mnt/c/Projects/prnp-somatic/scratch/ddpcr_gating_method_comparison_v2/inputs/definetherain/P102L/2021-02-17_SNV_P102L/ch2/C06_amplitude.csv,1,14946,NA,NA,NA,NA,NA,C06,ch2
definetherain,P102L,2021-02-17_SNV_P102L,/mnt/c/Projects/prnp-somatic/scratch/ddpcr_gating_method_comparison_v2/inputs/definetherain/P102L/2021-02-17_SNV_P102L/ch1/C09_amplitude.csv,1,16344,NA,NA,NA,NA,NA,C09,ch1
definetherain,P102L,2021-02-17_SNV_P102L,/mnt/c/Projects/prnp-somatic/scratch/ddpcr_gating_method_comparison_v2/inputs/definetherain/P102L/2021-02-17_SNV_P102L/ch2/C09_amplitude.csv,1,16344,NA,NA,NA,NA,NA,C09,ch2
definetherain,P102L,2021-02-17_SNV_P102L,/mnt/c/Projects/prnp-somatic/scratch/ddpcr_gating_method_comparison_v2/inputs/definetherain/P102L/2021-02-17_SNV_P102L/ch1/D03_amplitude.csv,1,16297,NA,NA,NA,NA,NA,D03,ch1
definetherain,P102L,2021-02-17_SNV_P102L,/mnt/c/Projects/prnp-somatic/scratch/ddpcr_gating_method_comparison_v2/inputs/definetherain/P102L/2021-02-17_SNV_P102L/ch2/D03_amplitude.csv,1,16297,NA,NA,NA,NA,NA,D03,ch2
definetherain,P102L,2021-02-17_SNV_P102L,/mnt/c/Projects/prnp-somatic/scratch/ddpcr_gating_method_comparison_v2/inputs/definetherain/P102L/2021-02-17_SNV_P102L/ch1/D06_amplitude.csv,1,16266,NA,NA,NA,NA,NA,D06,ch1
definetherain,P102L,2021-02-17_SNV_P102L,/mnt/c/Projects/prnp-somatic/scratch/ddpcr_gating_method_comparison_v2/inputs/definetherain/P102L/2021-02-17_SNV_P102L/ch2/D06_amplitude.csv,1,16266,NA,NA,NA,NA,NA,D06,ch2
definetherain,P102L,2021-02-17_SNV_P102L,/mnt/c/Projects/prnp-somatic/scratch/ddpcr_gating_method_comparison_v2/inputs/definetherain/P102L/2021-02-17_SNV_P102L/ch1/E03_amplitude.csv,1,16093,NA,NA,NA,NA,NA,E03,ch1
definetherain,P102L,2021-02-17_SNV_P102L,/mnt/c/Projects/prnp-somatic/scratch/ddpcr_gating_method_comparison_v2/inputs/definetherain/P102L/2021-02-17_SNV_P102L/ch2/E03_amplitude.csv,1,16093,NA,NA,NA,NA,NA,E03,ch2
definetherain,P102L,2021-02-17_SNV_P102L,/mnt/c/Projects/prnp-somatic/scratch/ddpcr_gating_method_comparison_v2/inputs/definetherain/P102L/2021-02-17_SNV_P102L/ch1/E06_amplitude.csv,1,15356,NA,NA,NA,NA,NA,E06,ch1
definetherain,P102L,2021-02-17_SNV_P102L,/mnt/c/Projects/prnp-somatic/scratch/ddpcr_gating_method_comparison_v2/inputs/definetherain/P102L/2021-02-17_SNV_P102L/ch2/E06_amplitude.csv,1,15356,NA,NA,NA,NA,NA,E06,ch2
definetherain,P102L,2021-02-17_SNV_P102L,/mnt/c/Projects/prnp-somatic/scratch/ddpcr_gating_method_comparison_v2/inputs/definetherain/P102L/2021-02-17_SNV_P102L/ch1/F03_amplitude.csv,1,15639,NA,NA,NA,NA,NA,F03,ch1
definetherain,P102L,2021-02-17_SNV_P102L,/mnt/c/Projects/prnp-somatic/scratch/ddpcr_gating_method_comparison_v2/inputs/definetherain/P102L/2021-02-17_SNV_P102L/ch2/F03_amplitude.csv,1,15639,NA,NA,NA,NA,NA,F03,ch2
definetherain,P102L,2021-02-17_SNV_P102L,/mnt/c/Projects/prnp-somatic/scratch/ddpcr_gating_method_comparison_v2/inputs/definetherain/P102L/2021-02-17_SNV_P102L/ch1/G06_amplitude.csv,1,15659,NA,NA,NA,NA,NA,G06,ch1
definetherain,P102L,2021-02-17_SNV_P102L,/mnt/c/Projects/prnp-somatic/scratch/ddpcr_gating_method_comparison_v2/inputs/definetherain/P102L/2021-02-17_SNV_P102L/ch2/G06_amplitude.csv,1,15659,NA,NA,NA,NA,NA,G06,ch2
definetherain,P102L,2021-02-17_SNV_P102L,/mnt/c/Projects/prnp-somatic/scratch/ddpcr_gating_method_comparison_v2/inputs/definetherain/P102L/2021-02-17_SNV_P102L/ch1/H03_amplitude.csv,1,16340,NA,NA,NA,NA,NA,H03,ch1
definetherain,P102L,2021-02-17_SNV_P102L,/mnt/c/Projects/prnp-somatic/scratch/ddpcr_gating_method_comparison_v2/inputs/definetherain/P102L/2021-02-17_SNV_P102L/ch2/H03_amplitude.csv,1,16340,NA,NA,NA,NA,NA,H03,ch2
definetherain,P102L,2021-02-17_SNV_P102L,/mnt/c/Projects/prnp-somatic/scratch/ddpcr_gating_method_comparison_v2/inputs/definetherain/P102L/2021-02-17_SNV_P102L/ch1/H06_amplitude.csv,1,17283,NA,NA,NA,NA,NA,H06,ch1
definetherain,P102L,2021-02-17_SNV_P102L,/mnt/c/Projects/prnp-somatic/scratch/ddpcr_gating_method_comparison_v2/inputs/definetherain/P102L/2021-02-17_SNV_P102L/ch2/H06_amplitude.csv,1,17283,NA,NA,NA,NA,NA,H06,ch2
definetherain,P102L,2021-02-18_SNV_P102L,/mnt/c/Projects/prnp-somatic/scratch/ddpcr_gating_method_comparison_v2/inputs/definetherain/P102L/2021-02-18_SNV_P102L/ch1/A03_amplitude.csv,1,14312,NA,NA,NA,NA,NA,A03,ch1
definetherain,P102L,2021-02-18_SNV_P102L,/mnt/c/Projects/prnp-somatic/scratch/ddpcr_gating_method_comparison_v2/inputs/definetherain/P102L/2021-02-18_SNV_P102L/ch2/A03_amplitude.csv,1,14312,NA,NA,NA,NA,NA,A03,ch2
definetherain,P102L,2021-02-18_SNV_P102L,/mnt/c/Projects/prnp-somatic/scratch/ddpcr_gating_method_comparison_v2/inputs/definetherain/P102L/2021-02-18_SNV_P102L/ch1/A06_amplitude.csv,1,17455,NA,NA,NA,NA,NA,A06,ch1
definetherain,P102L,2021-02-18_SNV_P102L,/mnt/c/Projects/prnp-somatic/scratch/ddpcr_gating_method_comparison_v2/inputs/definetherain/P102L/2021-02-18_SNV_P102L/ch2/A06_amplitude.csv,1,17455,NA,NA,NA,NA,NA,A06,ch2
definetherain,P102L,2021-02-18_SNV_P102L,/mnt/c/Projects/prnp-somatic/scratch/ddpcr_gating_method_comparison_v2/inputs/definetherain/P102L/2021-02-18_SNV_P102L/ch1/A09_amplitude.csv,1,15968,NA,NA,NA,NA,NA,A09,ch1
definetherain,P102L,2021-02-18_SNV_P102L,/mnt/c/Projects/prnp-somatic/scratch/ddpcr_gating_method_comparison_v2/inputs/definetherain/P102L/2021-02-18_SNV_P102L/ch2/A09_amplitude.csv,1,15968,NA,NA,NA,NA,NA,A09,ch2
definetherain,P102L,2021-02-18_SNV_P102L,/mnt/c/Projects/prnp-somatic/scratch/ddpcr_gating_method_comparison_v2/inputs/definetherain/P102L/2021-02-18_SNV_P102L/ch1/B03_amplitude.csv,1,18248,NA,NA,NA,NA,NA,B03,ch1
definetherain,P102L,2021-02-18_SNV_P102L,/mnt/c/Projects/prnp-somatic/scratch/ddpcr_gating_method_comparison_v2/inputs/definetherain/P102L/2021-02-18_SNV_P102L/ch2/B03_amplitude.csv,1,18248,NA,NA,NA,NA,NA,B03,ch2
definetherain,P102L,2021-02-18_SNV_P102L,/mnt/c/Projects/prnp-somatic/scratch/ddpcr_gating_method_comparison_v2/inputs/definetherain/P102L/2021-02-18_SNV_P102L/ch1/B06_amplitude.csv,1,14152,NA,NA,NA,NA,NA,B06,ch1
definetherain,P102L,2021-02-18_SNV_P102L,/mnt/c/Projects/prnp-somatic/scratch/ddpcr_gating_method_comparison_v2/inputs/definetherain/P102L/2021-02-18_SNV_P102L/ch2/B06_amplitude.csv,1,14152,NA,NA,NA,NA,NA,B06,ch2
definetherain,P102L,2021-02-18_SNV_P102L,/mnt/c/Projects/prnp-somatic/scratch/ddpcr_gating_method_comparison_v2/inputs/definetherain/P102L/2021-02-18_SNV_P102L/ch1/B09_amplitude.csv,1,17467,NA,NA,NA,NA,NA,B09,ch1
definetherain,P102L,2021-02-18_SNV_P102L,/mnt/c/Projects/prnp-somatic/scratch/ddpcr_gating_method_comparison_v2/inputs/definetherain/P102L/2021-02-18_SNV_P102L/ch2/B09_amplitude.csv,1,17467,NA,NA,NA,NA,NA,B09,ch2
definetherain,P102L,2021-02-18_SNV_P102L,/mnt/c/Projects/prnp-somatic/scratch/ddpcr_gating_method_comparison_v2/inputs/definetherain/P102L/2021-02-18_SNV_P102L/ch1/C03_amplitude.csv,1,17066,NA,NA,NA,NA,NA,C03,ch1
definetherain,P102L,2021-02-18_SNV_P102L,/mnt/c/Projects/prnp-somatic/scratch/ddpcr_gating_method_comparison_v2/inputs/definetherain/P102L/2021-02-18_SNV_P102L/ch2/C03_amplitude.csv,1,17066,NA,NA,NA,NA,NA,C03,ch2
definetherain,P102L,2021-02-18_SNV_P102L,/mnt/c/Projects/prnp-somatic/scratch/ddpcr_gating_method_comparison_v2/inputs/definetherain/P102L/2021-02-18_SNV_P102L/ch1/C06_amplitude.csv,1,14457,NA,NA,NA,NA,NA,C06,ch1
definetherain,P102L,2021-02-18_SNV_P102L,/mnt/c/Projects/prnp-somatic/scratch/ddpcr_gating_method_comparison_v2/inputs/definetherain/P102L/2021-02-18_SNV_P102L/ch2/C06_amplitude.csv,1,14457,NA,NA,NA,NA,NA,C06,ch2
definetherain,P102L,2021-02-18_SNV_P102L,/mnt/c/Projects/prnp-somatic/scratch/ddpcr_gating_method_comparison_v2/inputs/definetherain/P102L/2021-02-18_SNV_P102L/ch1/C09_amplitude.csv,1,14629,NA,NA,NA,NA,NA,C09,ch1
definetherain,P102L,2021-02-18_SNV_P102L,/mnt/c/Projects/prnp-somatic/scratch/ddpcr_gating_method_comparison_v2/inputs/definetherain/P102L/2021-02-18_SNV_P102L/ch2/C09_amplitude.csv,1,14629,NA,NA,NA,NA,NA,C09,ch2
definetherain,P102L,2021-02-18_SNV_P102L,/mnt/c/Projects/prnp-somatic/scratch/ddpcr_gating_method_comparison_v2/inputs/definetherain/P102L/2021-02-18_SNV_P102L/ch1/D03_amplitude.csv,1,16934,NA,NA,NA,NA,NA,D03,ch1
definetherain,P102L,2021-02-18_SNV_P102L,/mnt/c/Projects/prnp-somatic/scratch/ddpcr_gating_method_comparison_v2/inputs/definetherain/P102L/2021-02-18_SNV_P102L/ch2/D03_amplitude.csv,1,16934,NA,NA,NA,NA,NA,D03,ch2
definetherain,P102L,2021-02-18_SNV_P102L,/mnt/c/Projects/prnp-somatic/scratch/ddpcr_gating_method_comparison_v2/inputs/definetherain/P102L/2021-02-18_SNV_P102L/ch1/D06_amplitude.csv,1,15536,NA,NA,NA,NA,NA,D06,ch1
definetherain,P102L,2021-02-18_SNV_P102L,/mnt/c/Projects/prnp-somatic/scratch/ddpcr_gating_method_comparison_v2/inputs/definetherain/P102L/2021-02-18_SNV_P102L/ch2/D06_amplitude.csv,1,15536,NA,NA,NA,NA,NA,D06,ch2
definetherain,P102L,2021-02-18_SNV_P102L,/mnt/c/Projects/prnp-somatic/scratch/ddpcr_gating_method_comparison_v2/inputs/definetherain/P102L/2021-02-18_SNV_P102L/ch1/E03_amplitude.csv,1,16049,NA,NA,NA,NA,NA,E03,ch1
definetherain,P102L,2021-02-18_SNV_P102L,/mnt/c/Projects/prnp-somatic/scratch/ddpcr_gating_method_comparison_v2/inputs/definetherain/P102L/2021-02-18_SNV_P102L/ch2/E03_amplitude.csv,1,16049,NA,NA,NA,NA,NA,E03,ch2
definetherain,P102L,2021-02-18_SNV_P102L,/mnt/c/Projects/prnp-somatic/scratch/ddpcr_gating_method_comparison_v2/inputs/definetherain/P102L/2021-02-18_SNV_P102L/ch1/E06_amplitude.csv,1,16129,NA,NA,NA,NA,NA,E06,ch1
definetherain,P102L,2021-02-18_SNV_P102L,/mnt/c/Projects/prnp-somatic/scratch/ddpcr_gating_method_comparison_v2/inputs/definetherain/P102L/2021-02-18_SNV_P102L/ch2/E06_amplitude.csv,1,16129,NA,NA,NA,NA,NA,E06,ch2
definetherain,P102L,2021-02-18_SNV_P102L,/mnt/c/Projects/prnp-somatic/scratch/ddpcr_gating_method_comparison_v2/inputs/definetherain/P102L/2021-02-18_SNV_P102L/ch1/F06_amplitude.csv,1,15096,NA,NA,NA,NA,NA,F06,ch1
definetherain,P102L,2021-02-18_SNV_P102L,/mnt/c/Projects/prnp-somatic/scratch/ddpcr_gating_method_comparison_v2/inputs/definetherain/P102L/2021-02-18_SNV_P102L/ch2/F06_amplitude.csv,1,15096,NA,NA,NA,NA,NA,F06,ch2
definetherain,P102L,2021-02-18_SNV_P102L,/mnt/c/Projects/prnp-somatic/scratch/ddpcr_gating_method_comparison_v2/inputs/definetherain/P102L/2021-02-18_SNV_P102L/ch1/G03_amplitude.csv,1,17004,NA,NA,NA,NA,NA,G03,ch1
definetherain,P102L,2021-02-18_SNV_P102L,/mnt/c/Projects/prnp-somatic/scratch/ddpcr_gating_method_comparison_v2/inputs/definetherain/P102L/2021-02-18_SNV_P102L/ch2/G03_amplitude.csv,1,17004,NA,NA,NA,NA,NA,G03,ch2
definetherain,P102L,2021-02-18_SNV_P102L,/mnt/c/Projects/prnp-somatic/scratch/ddpcr_gating_method_comparison_v2/inputs/definetherain/P102L/2021-02-18_SNV_P102L/ch1/H03_amplitude.csv,1,16726,NA,NA,NA,NA,NA,H03,ch1
definetherain,P102L,2021-02-18_SNV_P102L,/mnt/c/Projects/prnp-somatic/scratch/ddpcr_gating_method_comparison_v2/inputs/definetherain/P102L/2021-02-18_SNV_P102L/ch2/H03_amplitude.csv,1,16726,NA,NA,NA,NA,NA,H03,ch2
definetherain,P102L,2021-03-05_SNV_P102L,/mnt/c/Projects/prnp-somatic/scratch/ddpcr_gating_method_comparison_v2/inputs/definetherain/P102L/2021-03-05_SNV_P102L/ch1/A03_amplitude.csv,1,13706,NA,NA,NA,NA,NA,A03,ch1
definetherain,P102L,2021-03-05_SNV_P102L,/mnt/c/Projects/prnp-somatic/scratch/ddpcr_gating_method_comparison_v2/inputs/definetherain/P102L/2021-03-05_SNV_P102L/ch2/A03_amplitude.csv,1,13706,NA,NA,NA,NA,NA,A03,ch2
definetherain,P102L,2021-03-05_SNV_P102L,/mnt/c/Projects/prnp-somatic/scratch/ddpcr_gating_method_comparison_v2/inputs/definetherain/P102L/2021-03-05_SNV_P102L/ch1/A07_amplitude.csv,1,15084,NA,NA,NA,NA,NA,A07,ch1
definetherain,P102L,2021-03-05_SNV_P102L,/mnt/c/Projects/prnp-somatic/scratch/ddpcr_gating_method_comparison_v2/inputs/definetherain/P102L/2021-03-05_SNV_P102L/ch2/A07_amplitude.csv,1,15084,NA,NA,NA,NA,NA,A07,ch2
definetherain,P102L,2021-03-05_SNV_P102L,/mnt/c/Projects/prnp-somatic/scratch/ddpcr_gating_method_comparison_v2/inputs/definetherain/P102L/2021-03-05_SNV_P102L/ch1/B03_amplitude.csv,1,13119,NA,NA,NA,NA,NA,B03,ch1
definetherain,P102L,2021-03-05_SNV_P102L,/mnt/c/Projects/prnp-somatic/scratch/ddpcr_gating_method_comparison_v2/inputs/definetherain/P102L/2021-03-05_SNV_P102L/ch2/B03_amplitude.csv,1,13119,NA,NA,NA,NA,NA,B03,ch2
definetherain,P102L,2021-03-05_SNV_P102L,/mnt/c/Projects/prnp-somatic/scratch/ddpcr_gating_method_comparison_v2/inputs/definetherain/P102L/2021-03-05_SNV_P102L/ch1/B07_amplitude.csv,1,13217,NA,NA,NA,NA,NA,B07,ch1
definetherain,P102L,2021-03-05_SNV_P102L,/mnt/c/Projects/prnp-somatic/scratch/ddpcr_gating_method_comparison_v2/inputs/definetherain/P102L/2021-03-05_SNV_P102L/ch2/B07_amplitude.csv,1,13217,NA,NA,NA,NA,NA,B07,ch2
definetherain,P102L,2021-03-05_SNV_P102L,/mnt/c/Projects/prnp-somatic/scratch/ddpcr_gating_method_comparison_v2/inputs/definetherain/P102L/2021-03-05_SNV_P102L/ch1/C03_amplitude.csv,1,13612,NA,NA,NA,NA,NA,C03,ch1
definetherain,P102L,2021-03-05_SNV_P102L,/mnt/c/Projects/prnp-somatic/scratch/ddpcr_gating_method_comparison_v2/inputs/definetherain/P102L/2021-03-05_SNV_P102L/ch2/C03_amplitude.csv,1,13612,NA,NA,NA,NA,NA,C03,ch2
definetherain,P102L,2021-03-05_SNV_P102L,/mnt/c/Projects/prnp-somatic/scratch/ddpcr_gating_method_comparison_v2/inputs/definetherain/P102L/2021-03-05_SNV_P102L/ch1/C07_amplitude.csv,1,14576,NA,NA,NA,NA,NA,C07,ch1
definetherain,P102L,2021-03-05_SNV_P102L,/mnt/c/Projects/prnp-somatic/scratch/ddpcr_gating_method_comparison_v2/inputs/definetherain/P102L/2021-03-05_SNV_P102L/ch2/C07_amplitude.csv,1,14576,NA,NA,NA,NA,NA,C07,ch2
definetherain,P102L,2021-03-05_SNV_P102L,/mnt/c/Projects/prnp-somatic/scratch/ddpcr_gating_method_comparison_v2/inputs/definetherain/P102L/2021-03-05_SNV_P102L/ch1/D03_amplitude.csv,1,13771,NA,NA,NA,NA,NA,D03,ch1
definetherain,P102L,2021-03-05_SNV_P102L,/mnt/c/Projects/prnp-somatic/scratch/ddpcr_gating_method_comparison_v2/inputs/definetherain/P102L/2021-03-05_SNV_P102L/ch2/D03_amplitude.csv,1,13771,NA,NA,NA,NA,NA,D03,ch2
definetherain,P102L,2021-03-05_SNV_P102L,/mnt/c/Projects/prnp-somatic/scratch/ddpcr_gating_method_comparison_v2/inputs/definetherain/P102L/2021-03-05_SNV_P102L/ch1/E03_amplitude.csv,1,11656,NA,NA,NA,NA,NA,E03,ch1
definetherain,P102L,2021-03-05_SNV_P102L,/mnt/c/Projects/prnp-somatic/scratch/ddpcr_gating_method_comparison_v2/inputs/definetherain/P102L/2021-03-05_SNV_P102L/ch2/E03_amplitude.csv,1,11656,NA,NA,NA,NA,NA,E03,ch2
definetherain,P102L,2021-03-29_SNV_P102L,/mnt/c/Projects/prnp-somatic/scratch/ddpcr_gating_method_comparison_v2/inputs/definetherain/P102L/2021-03-29_SNV_P102L/ch1/A03_amplitude.csv,1,15224,NA,NA,NA,NA,NA,A03,ch1
definetherain,P102L,2021-03-29_SNV_P102L,/mnt/c/Projects/prnp-somatic/scratch/ddpcr_gating_method_comparison_v2/inputs/definetherain/P102L/2021-03-29_SNV_P102L/ch2/A03_amplitude.csv,1,15224,NA,NA,NA,NA,NA,A03,ch2
definetherain,P102L,2021-03-29_SNV_P102L,/mnt/c/Projects/prnp-somatic/scratch/ddpcr_gating_method_comparison_v2/inputs/definetherain/P102L/2021-03-29_SNV_P102L/ch1/A06_amplitude.csv,1,15553,NA,NA,NA,NA,NA,A06,ch1
definetherain,P102L,2021-03-29_SNV_P102L,/mnt/c/Projects/prnp-somatic/scratch/ddpcr_gating_method_comparison_v2/inputs/definetherain/P102L/2021-03-29_SNV_P102L/ch2/A06_amplitude.csv,1,15553,NA,NA,NA,NA,NA,A06,ch2
definetherain,P102L,2021-03-29_SNV_P102L,/mnt/c/Projects/prnp-somatic/scratch/ddpcr_gating_method_comparison_v2/inputs/definetherain/P102L/2021-03-29_SNV_P102L/ch1/A12_amplitude.csv,1,16097,NA,NA,NA,NA,NA,A12,ch1
definetherain,P102L,2021-03-29_SNV_P102L,/mnt/c/Projects/prnp-somatic/scratch/ddpcr_gating_method_comparison_v2/inputs/definetherain/P102L/2021-03-29_SNV_P102L/ch2/A12_amplitude.csv,1,16097,NA,NA,NA,NA,NA,A12,ch2
definetherain,P102L,2021-03-29_SNV_P102L,/mnt/c/Projects/prnp-somatic/scratch/ddpcr_gating_method_comparison_v2/inputs/definetherain/P102L/2021-03-29_SNV_P102L/ch1/B03_amplitude.csv,1,15947,NA,NA,NA,NA,NA,B03,ch1
definetherain,P102L,2021-03-29_SNV_P102L,/mnt/c/Projects/prnp-somatic/scratch/ddpcr_gating_method_comparison_v2/inputs/definetherain/P102L/2021-03-29_SNV_P102L/ch2/B03_amplitude.csv,1,15947,NA,NA,NA,NA,NA,B03,ch2
definetherain,P102L,2021-03-29_SNV_P102L,/mnt/c/Projects/prnp-somatic/scratch/ddpcr_gating_method_comparison_v2/inputs/definetherain/P102L/2021-03-29_SNV_P102L/ch1/B06_amplitude.csv,1,14797,NA,NA,NA,NA,NA,B06,ch1
definetherain,P102L,2021-03-29_SNV_P102L,/mnt/c/Projects/prnp-somatic/scratch/ddpcr_gating_method_comparison_v2/inputs/definetherain/P102L/2021-03-29_SNV_P102L/ch2/B06_amplitude.csv,1,14797,NA,NA,NA,NA,NA,B06,ch2
definetherain,P102L,2021-03-29_SNV_P102L,/mnt/c/Projects/prnp-somatic/scratch/ddpcr_gating_method_comparison_v2/inputs/definetherain/P102L/2021-03-29_SNV_P102L/ch1/B12_amplitude.csv,1,16702,NA,NA,NA,NA,NA,B12,ch1
definetherain,P102L,2021-03-29_SNV_P102L,/mnt/c/Projects/prnp-somatic/scratch/ddpcr_gating_method_comparison_v2/inputs/definetherain/P102L/2021-03-29_SNV_P102L/ch2/B12_amplitude.csv,1,16702,NA,NA,NA,NA,NA,B12,ch2
definetherain,P102L,2021-03-29_SNV_P102L,/mnt/c/Projects/prnp-somatic/scratch/ddpcr_gating_method_comparison_v2/inputs/definetherain/P102L/2021-03-29_SNV_P102L/ch1/C03_amplitude.csv,1,15155,NA,NA,NA,NA,NA,C03,ch1
definetherain,P102L,2021-03-29_SNV_P102L,/mnt/c/Projects/prnp-somatic/scratch/ddpcr_gating_method_comparison_v2/inputs/definetherain/P102L/2021-03-29_SNV_P102L/ch2/C03_amplitude.csv,1,15155,NA,NA,NA,NA,NA,C03,ch2
definetherain,P102L,2021-03-29_SNV_P102L,/mnt/c/Projects/prnp-somatic/scratch/ddpcr_gating_method_comparison_v2/inputs/definetherain/P102L/2021-03-29_SNV_P102L/ch1/C06_amplitude.csv,1,14846,NA,NA,NA,NA,NA,C06,ch1
definetherain,P102L,2021-03-29_SNV_P102L,/mnt/c/Projects/prnp-somatic/scratch/ddpcr_gating_method_comparison_v2/inputs/definetherain/P102L/2021-03-29_SNV_P102L/ch2/C06_amplitude.csv,1,14846,NA,NA,NA,NA,NA,C06,ch2
definetherain,P102L,2021-03-29_SNV_P102L,/mnt/c/Projects/prnp-somatic/scratch/ddpcr_gating_method_comparison_v2/inputs/definetherain/P102L/2021-03-29_SNV_P102L/ch1/C12_amplitude.csv,1,17937,NA,NA,NA,NA,NA,C12,ch1
definetherain,P102L,2021-03-29_SNV_P102L,/mnt/c/Projects/prnp-somatic/scratch/ddpcr_gating_method_comparison_v2/inputs/definetherain/P102L/2021-03-29_SNV_P102L/ch2/C12_amplitude.csv,1,17937,NA,NA,NA,NA,NA,C12,ch2
definetherain,P102L,2021-03-29_SNV_P102L,/mnt/c/Projects/prnp-somatic/scratch/ddpcr_gating_method_comparison_v2/inputs/definetherain/P102L/2021-03-29_SNV_P102L/ch1/D03_amplitude.csv,1,16633,NA,NA,NA,NA,NA,D03,ch1
definetherain,P102L,2021-03-29_SNV_P102L,/mnt/c/Projects/prnp-somatic/scratch/ddpcr_gating_method_comparison_v2/inputs/definetherain/P102L/2021-03-29_SNV_P102L/ch2/D03_amplitude.csv,1,16633,NA,NA,NA,NA,NA,D03,ch2
definetherain,P102L,2021-03-29_SNV_P102L,/mnt/c/Projects/prnp-somatic/scratch/ddpcr_gating_method_comparison_v2/inputs/definetherain/P102L/2021-03-29_SNV_P102L/ch1/D06_amplitude.csv,1,15134,NA,NA,NA,NA,NA,D06,ch1
definetherain,P102L,2021-03-29_SNV_P102L,/mnt/c/Projects/prnp-somatic/scratch/ddpcr_gating_method_comparison_v2/inputs/definetherain/P102L/2021-03-29_SNV_P102L/ch2/D06_amplitude.csv,1,15134,NA,NA,NA,NA,NA,D06,ch2
definetherain,P102L,2021-03-29_SNV_P102L,/mnt/c/Projects/prnp-somatic/scratch/ddpcr_gating_method_comparison_v2/inputs/definetherain/P102L/2021-03-29_SNV_P102L/ch1/D12_amplitude.csv,1,16887,NA,NA,NA,NA,NA,D12,ch1
definetherain,P102L,2021-03-29_SNV_P102L,/mnt/c/Projects/prnp-somatic/scratch/ddpcr_gating_method_comparison_v2/inputs/definetherain/P102L/2021-03-29_SNV_P102L/ch2/D12_amplitude.csv,1,16887,NA,NA,NA,NA,NA,D12,ch2
definetherain,P102L,2021-03-29_SNV_P102L,/mnt/c/Projects/prnp-somatic/scratch/ddpcr_gating_method_comparison_v2/inputs/definetherain/P102L/2021-03-29_SNV_P102L/ch1/E03_amplitude.csv,1,15207,NA,NA,NA,NA,NA,E03,ch1
definetherain,P102L,2021-03-29_SNV_P102L,/mnt/c/Projects/prnp-somatic/scratch/ddpcr_gating_method_comparison_v2/inputs/definetherain/P102L/2021-03-29_SNV_P102L/ch2/E03_amplitude.csv,1,15207,NA,NA,NA,NA,NA,E03,ch2
definetherain,P102L,2021-03-29_SNV_P102L,/mnt/c/Projects/prnp-somatic/scratch/ddpcr_gating_method_comparison_v2/inputs/definetherain/P102L/2021-03-29_SNV_P102L/ch1/E06_amplitude.csv,1,16438,NA,NA,NA,NA,NA,E06,ch1
definetherain,P102L,2021-03-29_SNV_P102L,/mnt/c/Projects/prnp-somatic/scratch/ddpcr_gating_method_comparison_v2/inputs/definetherain/P102L/2021-03-29_SNV_P102L/ch2/E06_amplitude.csv,1,16438,NA,NA,NA,NA,NA,E06,ch2
definetherain,P102L,2021-03-29_SNV_P102L,/mnt/c/Projects/prnp-somatic/scratch/ddpcr_gating_method_comparison_v2/inputs/definetherain/P102L/2021-03-29_SNV_P102L/ch1/E12_amplitude.csv,1,16143,NA,NA,NA,NA,NA,E12,ch1
definetherain,P102L,2021-03-29_SNV_P102L,/mnt/c/Projects/prnp-somatic/scratch/ddpcr_gating_method_comparison_v2/inputs/definetherain/P102L/2021-03-29_SNV_P102L/ch2/E12_amplitude.csv,1,16143,NA,NA,NA,NA,NA,E12,ch2
definetherain,P102L,2021-03-29_SNV_P102L,/mnt/c/Projects/prnp-somatic/scratch/ddpcr_gating_method_comparison_v2/inputs/definetherain/P102L/2021-03-29_SNV_P102L/ch1/F03_amplitude.csv,1,16853,NA,NA,NA,NA,NA,F03,ch1
definetherain,P102L,2021-03-29_SNV_P102L,/mnt/c/Projects/prnp-somatic/scratch/ddpcr_gating_method_comparison_v2/inputs/definetherain/P102L/2021-03-29_SNV_P102L/ch2/F03_amplitude.csv,1,16853,NA,NA,NA,NA,NA,F03,ch2
definetherain,P102L,2021-03-29_SNV_P102L,/mnt/c/Projects/prnp-somatic/scratch/ddpcr_gating_method_comparison_v2/inputs/definetherain/P102L/2021-03-29_SNV_P102L/ch1/F06_amplitude.csv,1,16450,NA,NA,NA,NA,NA,F06,ch1
definetherain,P102L,2021-03-29_SNV_P102L,/mnt/c/Projects/prnp-somatic/scratch/ddpcr_gating_method_comparison_v2/inputs/definetherain/P102L/2021-03-29_SNV_P102L/ch2/F06_amplitude.csv,1,16450,NA,NA,NA,NA,NA,F06,ch2
definetherain,P102L,2021-03-29_SNV_P102L,/mnt/c/Projects/prnp-somatic/scratch/ddpcr_gating_method_comparison_v2/inputs/definetherain/P102L/2021-03-29_SNV_P102L/ch1/F12_amplitude.csv,1,16536,NA,NA,NA,NA,NA,F12,ch1
definetherain,P102L,2021-03-29_SNV_P102L,/mnt/c/Projects/prnp-somatic/scratch/ddpcr_gating_method_comparison_v2/inputs/definetherain/P102L/2021-03-29_SNV_P102L/ch2/F12_amplitude.csv,1,16536,NA,NA,NA,NA,NA,F12,ch2
definetherain,P102L,2021-03-29_SNV_P102L,/mnt/c/Projects/prnp-somatic/scratch/ddpcr_gating_method_comparison_v2/inputs/definetherain/P102L/2021-03-29_SNV_P102L/ch1/G03_amplitude.csv,1,14407,NA,NA,NA,NA,NA,G03,ch1
definetherain,P102L,2021-03-29_SNV_P102L,/mnt/c/Projects/prnp-somatic/scratch/ddpcr_gating_method_comparison_v2/inputs/definetherain/P102L/2021-03-29_SNV_P102L/ch2/G03_amplitude.csv,1,14407,NA,NA,NA,NA,NA,G03,ch2
definetherain,P102L,2021-03-29_SNV_P102L,/mnt/c/Projects/prnp-somatic/scratch/ddpcr_gating_method_comparison_v2/inputs/definetherain/P102L/2021-03-29_SNV_P102L/ch1/G06_amplitude.csv,1,15710,NA,NA,NA,NA,NA,G06,ch1
definetherain,P102L,2021-03-29_SNV_P102L,/mnt/c/Projects/prnp-somatic/scratch/ddpcr_gating_method_comparison_v2/inputs/definetherain/P102L/2021-03-29_SNV_P102L/ch2/G06_amplitude.csv,1,15710,NA,NA,NA,NA,NA,G06,ch2
definetherain,P102L,2021-03-29_SNV_P102L,/mnt/c/Projects/prnp-somatic/scratch/ddpcr_gating_method_comparison_v2/inputs/definetherain/P102L/2021-03-29_SNV_P102L/ch1/G12_amplitude.csv,1,15867,NA,NA,NA,NA,NA,G12,ch1
definetherain,P102L,2021-03-29_SNV_P102L,/mnt/c/Projects/prnp-somatic/scratch/ddpcr_gating_method_comparison_v2/inputs/definetherain/P102L/2021-03-29_SNV_P102L/ch2/G12_amplitude.csv,1,15867,NA,NA,NA,NA,NA,G12,ch2
definetherain,P102L,2021-03-29_SNV_P102L,/mnt/c/Projects/prnp-somatic/scratch/ddpcr_gating_method_comparison_v2/inputs/definetherain/P102L/2021-03-29_SNV_P102L/ch1/H03_amplitude.csv,1,15092,NA,NA,NA,NA,NA,H03,ch1
definetherain,P102L,2021-03-29_SNV_P102L,/mnt/c/Projects/prnp-somatic/scratch/ddpcr_gating_method_comparison_v2/inputs/definetherain/P102L/2021-03-29_SNV_P102L/ch2/H03_amplitude.csv,1,15092,NA,NA,NA,NA,NA,H03,ch2
definetherain,P102L,2021-03-29_SNV_P102L,/mnt/c/Projects/prnp-somatic/scratch/ddpcr_gating_method_comparison_v2/inputs/definetherain/P102L/2021-03-29_SNV_P102L/ch1/H06_amplitude.csv,1,16207,NA,NA,NA,NA,NA,H06,ch1
definetherain,P102L,2021-03-29_SNV_P102L,/mnt/c/Projects/prnp-somatic/scratch/ddpcr_gating_method_comparison_v2/inputs/definetherain/P102L/2021-03-29_SNV_P102L/ch2/H06_amplitude.csv,1,16207,NA,NA,NA,NA,NA,H06,ch2
definetherain,P102L,2021-03-29_SNV_P102L,/mnt/c/Projects/prnp-somatic/scratch/ddpcr_gating_method_comparison_v2/inputs/definetherain/P102L/2021-03-29_SNV_P102L/ch1/H12_amplitude.csv,1,15535,NA,NA,NA,NA,NA,H12,ch1
definetherain,P102L,2021-03-29_SNV_P102L,/mnt/c/Projects/prnp-somatic/scratch/ddpcr_gating_method_comparison_v2/inputs/definetherain/P102L/2021-03-29_SNV_P102L/ch2/H12_amplitude.csv,1,15535,NA,NA,NA,NA,NA,H12,ch2
definetherain,P102L,2021-04-06_SNV_P102L,/mnt/c/Projects/prnp-somatic/scratch/ddpcr_gating_method_comparison_v2/inputs/definetherain/P102L/2021-04-06_SNV_P102L/ch1/A03_amplitude.csv,1,14977,NA,NA,NA,NA,NA,A03,ch1
definetherain,P102L,2021-04-06_SNV_P102L,/mnt/c/Projects/prnp-somatic/scratch/ddpcr_gating_method_comparison_v2/inputs/definetherain/P102L/2021-04-06_SNV_P102L/ch2/A03_amplitude.csv,1,14977,NA,NA,NA,NA,NA,A03,ch2
definetherain,P102L,2021-04-06_SNV_P102L,/mnt/c/Projects/prnp-somatic/scratch/ddpcr_gating_method_comparison_v2/inputs/definetherain/P102L/2021-04-06_SNV_P102L/ch1/A06_amplitude.csv,1,11655,NA,NA,NA,NA,NA,A06,ch1
definetherain,P102L,2021-04-06_SNV_P102L,/mnt/c/Projects/prnp-somatic/scratch/ddpcr_gating_method_comparison_v2/inputs/definetherain/P102L/2021-04-06_SNV_P102L/ch2/A06_amplitude.csv,1,11655,NA,NA,NA,NA,NA,A06,ch2
definetherain,P102L,2021-04-06_SNV_P102L,/mnt/c/Projects/prnp-somatic/scratch/ddpcr_gating_method_comparison_v2/inputs/definetherain/P102L/2021-04-06_SNV_P102L/ch1/A09_amplitude.csv,1,15078,NA,NA,NA,NA,NA,A09,ch1
definetherain,P102L,2021-04-06_SNV_P102L,/mnt/c/Projects/prnp-somatic/scratch/ddpcr_gating_method_comparison_v2/inputs/definetherain/P102L/2021-04-06_SNV_P102L/ch2/A09_amplitude.csv,1,15078,NA,NA,NA,NA,NA,A09,ch2
definetherain,P102L,2021-04-06_SNV_P102L,/mnt/c/Projects/prnp-somatic/scratch/ddpcr_gating_method_comparison_v2/inputs/definetherain/P102L/2021-04-06_SNV_P102L/ch1/B03_amplitude.csv,1,14186,NA,NA,NA,NA,NA,B03,ch1
definetherain,P102L,2021-04-06_SNV_P102L,/mnt/c/Projects/prnp-somatic/scratch/ddpcr_gating_method_comparison_v2/inputs/definetherain/P102L/2021-04-06_SNV_P102L/ch2/B03_amplitude.csv,1,14186,NA,NA,NA,NA,NA,B03,ch2
definetherain,P102L,2021-04-06_SNV_P102L,/mnt/c/Projects/prnp-somatic/scratch/ddpcr_gating_method_comparison_v2/inputs/definetherain/P102L/2021-04-06_SNV_P102L/ch1/B06_amplitude.csv,1,11463,NA,NA,NA,NA,NA,B06,ch1
definetherain,P102L,2021-04-06_SNV_P102L,/mnt/c/Projects/prnp-somatic/scratch/ddpcr_gating_method_comparison_v2/inputs/definetherain/P102L/2021-04-06_SNV_P102L/ch2/B06_amplitude.csv,1,11463,NA,NA,NA,NA,NA,B06,ch2
definetherain,P102L,2021-04-06_SNV_P102L,/mnt/c/Projects/prnp-somatic/scratch/ddpcr_gating_method_comparison_v2/inputs/definetherain/P102L/2021-04-06_SNV_P102L/ch1/B09_amplitude.csv,1,14594,NA,NA,NA,NA,NA,B09,ch1
definetherain,P102L,2021-04-06_SNV_P102L,/mnt/c/Projects/prnp-somatic/scratch/ddpcr_gating_method_comparison_v2/inputs/definetherain/P102L/2021-04-06_SNV_P102L/ch2/B09_amplitude.csv,1,14594,NA,NA,NA,NA,NA,B09,ch2
definetherain,P102L,2021-04-06_SNV_P102L,/mnt/c/Projects/prnp-somatic/scratch/ddpcr_gating_method_comparison_v2/inputs/definetherain/P102L/2021-04-06_SNV_P102L/ch1/C03_amplitude.csv,1,12002,NA,NA,NA,NA,NA,C03,ch1
definetherain,P102L,2021-04-06_SNV_P102L,/mnt/c/Projects/prnp-somatic/scratch/ddpcr_gating_method_comparison_v2/inputs/definetherain/P102L/2021-04-06_SNV_P102L/ch2/C03_amplitude.csv,1,12002,NA,NA,NA,NA,NA,C03,ch2
definetherain,P102L,2021-04-06_SNV_P102L,/mnt/c/Projects/prnp-somatic/scratch/ddpcr_gating_method_comparison_v2/inputs/definetherain/P102L/2021-04-06_SNV_P102L/ch1/C06_amplitude.csv,1,12103,NA,NA,NA,NA,NA,C06,ch1
definetherain,P102L,2021-04-06_SNV_P102L,/mnt/c/Projects/prnp-somatic/scratch/ddpcr_gating_method_comparison_v2/inputs/definetherain/P102L/2021-04-06_SNV_P102L/ch2/C06_amplitude.csv,1,12103,NA,NA,NA,NA,NA,C06,ch2
definetherain,P102L,2021-04-06_SNV_P102L,/mnt/c/Projects/prnp-somatic/scratch/ddpcr_gating_method_comparison_v2/inputs/definetherain/P102L/2021-04-06_SNV_P102L/ch1/C09_amplitude.csv,1,14083,NA,NA,NA,NA,NA,C09,ch1
definetherain,P102L,2021-04-06_SNV_P102L,/mnt/c/Projects/prnp-somatic/scratch/ddpcr_gating_method_comparison_v2/inputs/definetherain/P102L/2021-04-06_SNV_P102L/ch2/C09_amplitude.csv,1,14083,NA,NA,NA,NA,NA,C09,ch2
definetherain,P102L,2021-04-06_SNV_P102L,/mnt/c/Projects/prnp-somatic/scratch/ddpcr_gating_method_comparison_v2/inputs/definetherain/P102L/2021-04-06_SNV_P102L/ch1/D03_amplitude.csv,1,11987,NA,NA,NA,NA,NA,D03,ch1
definetherain,P102L,2021-04-06_SNV_P102L,/mnt/c/Projects/prnp-somatic/scratch/ddpcr_gating_method_comparison_v2/inputs/definetherain/P102L/2021-04-06_SNV_P102L/ch2/D03_amplitude.csv,1,11987,NA,NA,NA,NA,NA,D03,ch2
definetherain,P102L,2021-04-06_SNV_P102L,/mnt/c/Projects/prnp-somatic/scratch/ddpcr_gating_method_comparison_v2/inputs/definetherain/P102L/2021-04-06_SNV_P102L/ch1/D06_amplitude.csv,1,14126,NA,NA,NA,NA,NA,D06,ch1
definetherain,P102L,2021-04-06_SNV_P102L,/mnt/c/Projects/prnp-somatic/scratch/ddpcr_gating_method_comparison_v2/inputs/definetherain/P102L/2021-04-06_SNV_P102L/ch2/D06_amplitude.csv,1,14126,NA,NA,NA,NA,NA,D06,ch2
definetherain,P102L,2021-04-06_SNV_P102L,/mnt/c/Projects/prnp-somatic/scratch/ddpcr_gating_method_comparison_v2/inputs/definetherain/P102L/2021-04-06_SNV_P102L/ch1/D09_amplitude.csv,1,10589,NA,NA,NA,NA,NA,D09,ch1
definetherain,P102L,2021-04-06_SNV_P102L,/mnt/c/Projects/prnp-somatic/scratch/ddpcr_gating_method_comparison_v2/inputs/definetherain/P102L/2021-04-06_SNV_P102L/ch2/D09_amplitude.csv,1,10589,NA,NA,NA,NA,NA,D09,ch2
definetherain,P102L,2021-04-06_SNV_P102L,/mnt/c/Projects/prnp-somatic/scratch/ddpcr_gating_method_comparison_v2/inputs/definetherain/P102L/2021-04-06_SNV_P102L/ch1/E03_amplitude.csv,1,14310,NA,NA,NA,NA,NA,E03,ch1
definetherain,P102L,2021-04-06_SNV_P102L,/mnt/c/Projects/prnp-somatic/scratch/ddpcr_gating_method_comparison_v2/inputs/definetherain/P102L/2021-04-06_SNV_P102L/ch2/E03_amplitude.csv,1,14310,NA,NA,NA,NA,NA,E03,ch2
definetherain,P102L,2021-04-06_SNV_P102L,/mnt/c/Projects/prnp-somatic/scratch/ddpcr_gating_method_comparison_v2/inputs/definetherain/P102L/2021-04-06_SNV_P102L/ch1/E06_amplitude.csv,1,12522,NA,NA,NA,NA,NA,E06,ch1
definetherain,P102L,2021-04-06_SNV_P102L,/mnt/c/Projects/prnp-somatic/scratch/ddpcr_gating_method_comparison_v2/inputs/definetherain/P102L/2021-04-06_SNV_P102L/ch2/E06_amplitude.csv,1,12522,NA,NA,NA,NA,NA,E06,ch2
definetherain,P102L,2021-04-06_SNV_P102L,/mnt/c/Projects/prnp-somatic/scratch/ddpcr_gating_method_comparison_v2/inputs/definetherain/P102L/2021-04-06_SNV_P102L/ch1/E09_amplitude.csv,1,15419,NA,NA,NA,NA,NA,E09,ch1
definetherain,P102L,2021-04-06_SNV_P102L,/mnt/c/Projects/prnp-somatic/scratch/ddpcr_gating_method_comparison_v2/inputs/definetherain/P102L/2021-04-06_SNV_P102L/ch2/E09_amplitude.csv,1,15419,NA,NA,NA,NA,NA,E09,ch2
definetherain,P102L,2021-04-06_SNV_P102L,/mnt/c/Projects/prnp-somatic/scratch/ddpcr_gating_method_comparison_v2/inputs/definetherain/P102L/2021-04-06_SNV_P102L/ch1/F03_amplitude.csv,1,12665,NA,NA,NA,NA,NA,F03,ch1
definetherain,P102L,2021-04-06_SNV_P102L,/mnt/c/Projects/prnp-somatic/scratch/ddpcr_gating_method_comparison_v2/inputs/definetherain/P102L/2021-04-06_SNV_P102L/ch2/F03_amplitude.csv,1,12665,NA,NA,NA,NA,NA,F03,ch2
definetherain,P102L,2021-04-06_SNV_P102L,/mnt/c/Projects/prnp-somatic/scratch/ddpcr_gating_method_comparison_v2/inputs/definetherain/P102L/2021-04-06_SNV_P102L/ch1/F06_amplitude.csv,1,13258,NA,NA,NA,NA,NA,F06,ch1
definetherain,P102L,2021-04-06_SNV_P102L,/mnt/c/Projects/prnp-somatic/scratch/ddpcr_gating_method_comparison_v2/inputs/definetherain/P102L/2021-04-06_SNV_P102L/ch2/F06_amplitude.csv,1,13258,NA,NA,NA,NA,NA,F06,ch2
definetherain,P102L,2021-04-06_SNV_P102L,/mnt/c/Projects/prnp-somatic/scratch/ddpcr_gating_method_comparison_v2/inputs/definetherain/P102L/2021-04-06_SNV_P102L/ch1/F09_amplitude.csv,1,16337,NA,NA,NA,NA,NA,F09,ch1
definetherain,P102L,2021-04-06_SNV_P102L,/mnt/c/Projects/prnp-somatic/scratch/ddpcr_gating_method_comparison_v2/inputs/definetherain/P102L/2021-04-06_SNV_P102L/ch2/F09_amplitude.csv,1,16337,NA,NA,NA,NA,NA,F09,ch2
definetherain,P102L,2021-04-06_SNV_P102L,/mnt/c/Projects/prnp-somatic/scratch/ddpcr_gating_method_comparison_v2/inputs/definetherain/P102L/2021-04-06_SNV_P102L/ch1/G06_amplitude.csv,1,12604,NA,NA,NA,NA,NA,G06,ch1
definetherain,P102L,2021-04-06_SNV_P102L,/mnt/c/Projects/prnp-somatic/scratch/ddpcr_gating_method_comparison_v2/inputs/definetherain/P102L/2021-04-06_SNV_P102L/ch2/G06_amplitude.csv,1,12604,NA,NA,NA,NA,NA,G06,ch2
definetherain,P102L,2021-04-06_SNV_P102L,/mnt/c/Projects/prnp-somatic/scratch/ddpcr_gating_method_comparison_v2/inputs/definetherain/P102L/2021-04-06_SNV_P102L/ch1/G09_amplitude.csv,1,14213,NA,NA,NA,NA,NA,G09,ch1
definetherain,P102L,2021-04-06_SNV_P102L,/mnt/c/Projects/prnp-somatic/scratch/ddpcr_gating_method_comparison_v2/inputs/definetherain/P102L/2021-04-06_SNV_P102L/ch2/G09_amplitude.csv,1,14213,NA,NA,NA,NA,NA,G09,ch2
definetherain,P102L,2021-04-06_SNV_P102L,/mnt/c/Projects/prnp-somatic/scratch/ddpcr_gating_method_comparison_v2/inputs/definetherain/P102L/2021-04-06_SNV_P102L/ch1/H06_amplitude.csv,1,13189,NA,NA,NA,NA,NA,H06,ch1
definetherain,P102L,2021-04-06_SNV_P102L,/mnt/c/Projects/prnp-somatic/scratch/ddpcr_gating_method_comparison_v2/inputs/definetherain/P102L/2021-04-06_SNV_P102L/ch2/H06_amplitude.csv,1,13189,NA,NA,NA,NA,NA,H06,ch2
definetherain,P102L,2021-04-06_SNV_P102L,/mnt/c/Projects/prnp-somatic/scratch/ddpcr_gating_method_comparison_v2/inputs/definetherain/P102L/2021-04-06_SNV_P102L/ch1/H09_amplitude.csv,1,15379,NA,NA,NA,NA,NA,H09,ch1
definetherain,P102L,2021-04-06_SNV_P102L,/mnt/c/Projects/prnp-somatic/scratch/ddpcr_gating_method_comparison_v2/inputs/definetherain/P102L/2021-04-06_SNV_P102L/ch2/H09_amplitude.csv,1,15379,NA,NA,NA,NA,NA,H09,ch2
definetherain,P102L,2021-05-10_SNV_P102L,/mnt/c/Projects/prnp-somatic/scratch/ddpcr_gating_method_comparison_v2/inputs/definetherain/P102L/2021-05-10_SNV_P102L/ch1/A03_amplitude.csv,1,15040,NA,NA,NA,NA,NA,A03,ch1
definetherain,P102L,2021-05-10_SNV_P102L,/mnt/c/Projects/prnp-somatic/scratch/ddpcr_gating_method_comparison_v2/inputs/definetherain/P102L/2021-05-10_SNV_P102L/ch2/A03_amplitude.csv,1,15040,NA,NA,NA,NA,NA,A03,ch2
definetherain,P102L,2021-05-10_SNV_P102L,/mnt/c/Projects/prnp-somatic/scratch/ddpcr_gating_method_comparison_v2/inputs/definetherain/P102L/2021-05-10_SNV_P102L/ch1/A06_amplitude.csv,1,9975,NA,NA,NA,NA,NA,A06,ch1
definetherain,P102L,2021-05-10_SNV_P102L,/mnt/c/Projects/prnp-somatic/scratch/ddpcr_gating_method_comparison_v2/inputs/definetherain/P102L/2021-05-10_SNV_P102L/ch2/A06_amplitude.csv,1,9975,NA,NA,NA,NA,NA,A06,ch2
definetherain,P102L,2021-05-10_SNV_P102L,/mnt/c/Projects/prnp-somatic/scratch/ddpcr_gating_method_comparison_v2/inputs/definetherain/P102L/2021-05-10_SNV_P102L/ch1/A09_amplitude.csv,1,15333,NA,NA,NA,NA,NA,A09,ch1
definetherain,P102L,2021-05-10_SNV_P102L,/mnt/c/Projects/prnp-somatic/scratch/ddpcr_gating_method_comparison_v2/inputs/definetherain/P102L/2021-05-10_SNV_P102L/ch2/A09_amplitude.csv,1,15333,NA,NA,NA,NA,NA,A09,ch2
definetherain,P102L,2021-05-10_SNV_P102L,/mnt/c/Projects/prnp-somatic/scratch/ddpcr_gating_method_comparison_v2/inputs/definetherain/P102L/2021-05-10_SNV_P102L/ch1/B03_amplitude.csv,1,14581,NA,NA,NA,NA,NA,B03,ch1
definetherain,P102L,2021-05-10_SNV_P102L,/mnt/c/Projects/prnp-somatic/scratch/ddpcr_gating_method_comparison_v2/inputs/definetherain/P102L/2021-05-10_SNV_P102L/ch2/B03_amplitude.csv,1,14581,NA,NA,NA,NA,NA,B03,ch2
definetherain,P102L,2021-05-10_SNV_P102L,/mnt/c/Projects/prnp-somatic/scratch/ddpcr_gating_method_comparison_v2/inputs/definetherain/P102L/2021-05-10_SNV_P102L/ch1/B06_amplitude.csv,1,11677,NA,NA,NA,NA,NA,B06,ch1
definetherain,P102L,2021-05-10_SNV_P102L,/mnt/c/Projects/prnp-somatic/scratch/ddpcr_gating_method_comparison_v2/inputs/definetherain/P102L/2021-05-10_SNV_P102L/ch2/B06_amplitude.csv,1,11677,NA,NA,NA,NA,NA,B06,ch2
definetherain,P102L,2021-05-10_SNV_P102L,/mnt/c/Projects/prnp-somatic/scratch/ddpcr_gating_method_comparison_v2/inputs/definetherain/P102L/2021-05-10_SNV_P102L/ch1/B09_amplitude.csv,1,16014,NA,NA,NA,NA,NA,B09,ch1
definetherain,P102L,2021-05-10_SNV_P102L,/mnt/c/Projects/prnp-somatic/scratch/ddpcr_gating_method_comparison_v2/inputs/definetherain/P102L/2021-05-10_SNV_P102L/ch2/B09_amplitude.csv,1,16014,NA,NA,NA,NA,NA,B09,ch2
definetherain,P102L,2021-05-10_SNV_P102L,/mnt/c/Projects/prnp-somatic/scratch/ddpcr_gating_method_comparison_v2/inputs/definetherain/P102L/2021-05-10_SNV_P102L/ch1/C03_amplitude.csv,1,15471,NA,NA,NA,NA,NA,C03,ch1
definetherain,P102L,2021-05-10_SNV_P102L,/mnt/c/Projects/prnp-somatic/scratch/ddpcr_gating_method_comparison_v2/inputs/definetherain/P102L/2021-05-10_SNV_P102L/ch2/C03_amplitude.csv,1,15471,NA,NA,NA,NA,NA,C03,ch2
definetherain,P102L,2021-05-10_SNV_P102L,/mnt/c/Projects/prnp-somatic/scratch/ddpcr_gating_method_comparison_v2/inputs/definetherain/P102L/2021-05-10_SNV_P102L/ch1/C06_amplitude.csv,1,14558,NA,NA,NA,NA,NA,C06,ch1
definetherain,P102L,2021-05-10_SNV_P102L,/mnt/c/Projects/prnp-somatic/scratch/ddpcr_gating_method_comparison_v2/inputs/definetherain/P102L/2021-05-10_SNV_P102L/ch2/C06_amplitude.csv,1,14558,NA,NA,NA,NA,NA,C06,ch2
definetherain,P102L,2021-05-10_SNV_P102L,/mnt/c/Projects/prnp-somatic/scratch/ddpcr_gating_method_comparison_v2/inputs/definetherain/P102L/2021-05-10_SNV_P102L/ch1/C09_amplitude.csv,1,15608,NA,NA,NA,NA,NA,C09,ch1
definetherain,P102L,2021-05-10_SNV_P102L,/mnt/c/Projects/prnp-somatic/scratch/ddpcr_gating_method_comparison_v2/inputs/definetherain/P102L/2021-05-10_SNV_P102L/ch2/C09_amplitude.csv,1,15608,NA,NA,NA,NA,NA,C09,ch2
definetherain,P102L,2021-05-10_SNV_P102L,/mnt/c/Projects/prnp-somatic/scratch/ddpcr_gating_method_comparison_v2/inputs/definetherain/P102L/2021-05-10_SNV_P102L/ch1/D03_amplitude.csv,1,17215,NA,NA,NA,NA,NA,D03,ch1
definetherain,P102L,2021-05-10_SNV_P102L,/mnt/c/Projects/prnp-somatic/scratch/ddpcr_gating_method_comparison_v2/inputs/definetherain/P102L/2021-05-10_SNV_P102L/ch2/D03_amplitude.csv,1,17215,NA,NA,NA,NA,NA,D03,ch2
definetherain,P102L,2021-05-10_SNV_P102L,/mnt/c/Projects/prnp-somatic/scratch/ddpcr_gating_method_comparison_v2/inputs/definetherain/P102L/2021-05-10_SNV_P102L/ch1/D06_amplitude.csv,1,15313,NA,NA,NA,NA,NA,D06,ch1
definetherain,P102L,2021-05-10_SNV_P102L,/mnt/c/Projects/prnp-somatic/scratch/ddpcr_gating_method_comparison_v2/inputs/definetherain/P102L/2021-05-10_SNV_P102L/ch2/D06_amplitude.csv,1,15313,NA,NA,NA,NA,NA,D06,ch2
definetherain,P102L,2021-05-10_SNV_P102L,/mnt/c/Projects/prnp-somatic/scratch/ddpcr_gating_method_comparison_v2/inputs/definetherain/P102L/2021-05-10_SNV_P102L/ch1/D09_amplitude.csv,1,16813,NA,NA,NA,NA,NA,D09,ch1
definetherain,P102L,2021-05-10_SNV_P102L,/mnt/c/Projects/prnp-somatic/scratch/ddpcr_gating_method_comparison_v2/inputs/definetherain/P102L/2021-05-10_SNV_P102L/ch2/D09_amplitude.csv,1,16813,NA,NA,NA,NA,NA,D09,ch2
definetherain,P102L,2021-05-10_SNV_P102L,/mnt/c/Projects/prnp-somatic/scratch/ddpcr_gating_method_comparison_v2/inputs/definetherain/P102L/2021-05-10_SNV_P102L/ch1/E03_amplitude.csv,1,15893,NA,NA,NA,NA,NA,E03,ch1
definetherain,P102L,2021-05-10_SNV_P102L,/mnt/c/Projects/prnp-somatic/scratch/ddpcr_gating_method_comparison_v2/inputs/definetherain/P102L/2021-05-10_SNV_P102L/ch2/E03_amplitude.csv,1,15893,NA,NA,NA,NA,NA,E03,ch2
definetherain,P102L,2021-05-10_SNV_P102L,/mnt/c/Projects/prnp-somatic/scratch/ddpcr_gating_method_comparison_v2/inputs/definetherain/P102L/2021-05-10_SNV_P102L/ch1/E06_amplitude.csv,1,12349,NA,NA,NA,NA,NA,E06,ch1
definetherain,P102L,2021-05-10_SNV_P102L,/mnt/c/Projects/prnp-somatic/scratch/ddpcr_gating_method_comparison_v2/inputs/definetherain/P102L/2021-05-10_SNV_P102L/ch2/E06_amplitude.csv,1,12349,NA,NA,NA,NA,NA,E06,ch2
definetherain,P102L,2021-05-10_SNV_P102L,/mnt/c/Projects/prnp-somatic/scratch/ddpcr_gating_method_comparison_v2/inputs/definetherain/P102L/2021-05-10_SNV_P102L/ch1/E09_amplitude.csv,1,16520,NA,NA,NA,NA,NA,E09,ch1
definetherain,P102L,2021-05-10_SNV_P102L,/mnt/c/Projects/prnp-somatic/scratch/ddpcr_gating_method_comparison_v2/inputs/definetherain/P102L/2021-05-10_SNV_P102L/ch2/E09_amplitude.csv,1,16520,NA,NA,NA,NA,NA,E09,ch2
definetherain,P102L,2021-05-10_SNV_P102L,/mnt/c/Projects/prnp-somatic/scratch/ddpcr_gating_method_comparison_v2/inputs/definetherain/P102L/2021-05-10_SNV_P102L/ch1/F03_amplitude.csv,1,16569,NA,NA,NA,NA,NA,F03,ch1
definetherain,P102L,2021-05-10_SNV_P102L,/mnt/c/Projects/prnp-somatic/scratch/ddpcr_gating_method_comparison_v2/inputs/definetherain/P102L/2021-05-10_SNV_P102L/ch2/F03_amplitude.csv,1,16569,NA,NA,NA,NA,NA,F03,ch2
definetherain,P102L,2021-05-10_SNV_P102L,/mnt/c/Projects/prnp-somatic/scratch/ddpcr_gating_method_comparison_v2/inputs/definetherain/P102L/2021-05-10_SNV_P102L/ch1/F06_amplitude.csv,1,14923,NA,NA,NA,NA,NA,F06,ch1
definetherain,P102L,2021-05-10_SNV_P102L,/mnt/c/Projects/prnp-somatic/scratch/ddpcr_gating_method_comparison_v2/inputs/definetherain/P102L/2021-05-10_SNV_P102L/ch2/F06_amplitude.csv,1,14923,NA,NA,NA,NA,NA,F06,ch2
definetherain,P102L,2021-05-10_SNV_P102L,/mnt/c/Projects/prnp-somatic/scratch/ddpcr_gating_method_comparison_v2/inputs/definetherain/P102L/2021-05-10_SNV_P102L/ch1/F09_amplitude.csv,1,16702,NA,NA,NA,NA,NA,F09,ch1
definetherain,P102L,2021-05-10_SNV_P102L,/mnt/c/Projects/prnp-somatic/scratch/ddpcr_gating_method_comparison_v2/inputs/definetherain/P102L/2021-05-10_SNV_P102L/ch2/F09_amplitude.csv,1,16702,NA,NA,NA,NA,NA,F09,ch2
definetherain,P102L,2021-05-10_SNV_P102L,/mnt/c/Projects/prnp-somatic/scratch/ddpcr_gating_method_comparison_v2/inputs/definetherain/P102L/2021-05-10_SNV_P102L/ch1/G03_amplitude.csv,1,15396,NA,NA,NA,NA,NA,G03,ch1
definetherain,P102L,2021-05-10_SNV_P102L,/mnt/c/Projects/prnp-somatic/scratch/ddpcr_gating_method_comparison_v2/inputs/definetherain/P102L/2021-05-10_SNV_P102L/ch2/G03_amplitude.csv,1,15396,NA,NA,NA,NA,NA,G03,ch2
definetherain,P102L,2021-05-10_SNV_P102L,/mnt/c/Projects/prnp-somatic/scratch/ddpcr_gating_method_comparison_v2/inputs/definetherain/P102L/2021-05-10_SNV_P102L/ch1/G06_amplitude.csv,1,15629,NA,NA,NA,NA,NA,G06,ch1
definetherain,P102L,2021-05-10_SNV_P102L,/mnt/c/Projects/prnp-somatic/scratch/ddpcr_gating_method_comparison_v2/inputs/definetherain/P102L/2021-05-10_SNV_P102L/ch2/G06_amplitude.csv,1,15629,NA,NA,NA,NA,NA,G06,ch2
definetherain,P102L,2021-05-10_SNV_P102L,/mnt/c/Projects/prnp-somatic/scratch/ddpcr_gating_method_comparison_v2/inputs/definetherain/P102L/2021-05-10_SNV_P102L/ch1/G09_amplitude.csv,1,16278,NA,NA,NA,NA,NA,G09,ch1
definetherain,P102L,2021-05-10_SNV_P102L,/mnt/c/Projects/prnp-somatic/scratch/ddpcr_gating_method_comparison_v2/inputs/definetherain/P102L/2021-05-10_SNV_P102L/ch2/G09_amplitude.csv,1,16278,NA,NA,NA,NA,NA,G09,ch2
definetherain,P102L,2021-05-10_SNV_P102L,/mnt/c/Projects/prnp-somatic/scratch/ddpcr_gating_method_comparison_v2/inputs/definetherain/P102L/2021-05-10_SNV_P102L/ch1/H03_amplitude.csv,1,16886,NA,NA,NA,NA,NA,H03,ch1
definetherain,P102L,2021-05-10_SNV_P102L,/mnt/c/Projects/prnp-somatic/scratch/ddpcr_gating_method_comparison_v2/inputs/definetherain/P102L/2021-05-10_SNV_P102L/ch2/H03_amplitude.csv,1,16886,NA,NA,NA,NA,NA,H03,ch2
definetherain,P102L,2021-05-10_SNV_P102L,/mnt/c/Projects/prnp-somatic/scratch/ddpcr_gating_method_comparison_v2/inputs/definetherain/P102L/2021-05-10_SNV_P102L/ch1/H06_amplitude.csv,1,12784,NA,NA,NA,NA,NA,H06,ch1
definetherain,P102L,2021-05-10_SNV_P102L,/mnt/c/Projects/prnp-somatic/scratch/ddpcr_gating_method_comparison_v2/inputs/definetherain/P102L/2021-05-10_SNV_P102L/ch2/H06_amplitude.csv,1,12784,NA,NA,NA,NA,NA,H06,ch2
definetherain,P102L,2021-05-10_SNV_P102L,/mnt/c/Projects/prnp-somatic/scratch/ddpcr_gating_method_comparison_v2/inputs/definetherain/P102L/2021-05-10_SNV_P102L/ch1/H09_amplitude.csv,1,18259,NA,NA,NA,NA,NA,H09,ch1
definetherain,P102L,2021-05-10_SNV_P102L,/mnt/c/Projects/prnp-somatic/scratch/ddpcr_gating_method_comparison_v2/inputs/definetherain/P102L/2021-05-10_SNV_P102L/ch2/H09_amplitude.csv,1,18259,NA,NA,NA,NA,NA,H09,ch2
definetherain,P102L,2021-05-20_SNV_P102L,/mnt/c/Projects/prnp-somatic/scratch/ddpcr_gating_method_comparison_v2/inputs/definetherain/P102L/2021-05-20_SNV_P102L/ch1/A03_amplitude.csv,1,17375,NA,NA,NA,NA,NA,A03,ch1
definetherain,P102L,2021-05-20_SNV_P102L,/mnt/c/Projects/prnp-somatic/scratch/ddpcr_gating_method_comparison_v2/inputs/definetherain/P102L/2021-05-20_SNV_P102L/ch2/A03_amplitude.csv,1,17375,NA,NA,NA,NA,NA,A03,ch2
definetherain,P102L,2021-05-20_SNV_P102L,/mnt/c/Projects/prnp-somatic/scratch/ddpcr_gating_method_comparison_v2/inputs/definetherain/P102L/2021-05-20_SNV_P102L/ch1/A06_amplitude.csv,1,17556,NA,NA,NA,NA,NA,A06,ch1
definetherain,P102L,2021-05-20_SNV_P102L,/mnt/c/Projects/prnp-somatic/scratch/ddpcr_gating_method_comparison_v2/inputs/definetherain/P102L/2021-05-20_SNV_P102L/ch2/A06_amplitude.csv,1,17556,NA,NA,NA,NA,NA,A06,ch2
definetherain,P102L,2021-05-20_SNV_P102L,/mnt/c/Projects/prnp-somatic/scratch/ddpcr_gating_method_comparison_v2/inputs/definetherain/P102L/2021-05-20_SNV_P102L/ch1/A09_amplitude.csv,1,16248,NA,NA,NA,NA,NA,A09,ch1
definetherain,P102L,2021-05-20_SNV_P102L,/mnt/c/Projects/prnp-somatic/scratch/ddpcr_gating_method_comparison_v2/inputs/definetherain/P102L/2021-05-20_SNV_P102L/ch2/A09_amplitude.csv,1,16248,NA,NA,NA,NA,NA,A09,ch2
definetherain,P102L,2021-05-20_SNV_P102L,/mnt/c/Projects/prnp-somatic/scratch/ddpcr_gating_method_comparison_v2/inputs/definetherain/P102L/2021-05-20_SNV_P102L/ch1/A12_amplitude.csv,1,16877,NA,NA,NA,NA,NA,A12,ch1
definetherain,P102L,2021-05-20_SNV_P102L,/mnt/c/Projects/prnp-somatic/scratch/ddpcr_gating_method_comparison_v2/inputs/definetherain/P102L/2021-05-20_SNV_P102L/ch2/A12_amplitude.csv,1,16877,NA,NA,NA,NA,NA,A12,ch2
definetherain,P102L,2021-05-20_SNV_P102L,/mnt/c/Projects/prnp-somatic/scratch/ddpcr_gating_method_comparison_v2/inputs/definetherain/P102L/2021-05-20_SNV_P102L/ch1/B03_amplitude.csv,1,14707,NA,NA,NA,NA,NA,B03,ch1
definetherain,P102L,2021-05-20_SNV_P102L,/mnt/c/Projects/prnp-somatic/scratch/ddpcr_gating_method_comparison_v2/inputs/definetherain/P102L/2021-05-20_SNV_P102L/ch2/B03_amplitude.csv,1,14707,NA,NA,NA,NA,NA,B03,ch2
definetherain,P102L,2021-05-20_SNV_P102L,/mnt/c/Projects/prnp-somatic/scratch/ddpcr_gating_method_comparison_v2/inputs/definetherain/P102L/2021-05-20_SNV_P102L/ch1/B06_amplitude.csv,1,17007,NA,NA,NA,NA,NA,B06,ch1
definetherain,P102L,2021-05-20_SNV_P102L,/mnt/c/Projects/prnp-somatic/scratch/ddpcr_gating_method_comparison_v2/inputs/definetherain/P102L/2021-05-20_SNV_P102L/ch2/B06_amplitude.csv,1,17007,NA,NA,NA,NA,NA,B06,ch2
definetherain,P102L,2021-05-20_SNV_P102L,/mnt/c/Projects/prnp-somatic/scratch/ddpcr_gating_method_comparison_v2/inputs/definetherain/P102L/2021-05-20_SNV_P102L/ch1/B09_amplitude.csv,1,16225,NA,NA,NA,NA,NA,B09,ch1
definetherain,P102L,2021-05-20_SNV_P102L,/mnt/c/Projects/prnp-somatic/scratch/ddpcr_gating_method_comparison_v2/inputs/definetherain/P102L/2021-05-20_SNV_P102L/ch2/B09_amplitude.csv,1,16225,NA,NA,NA,NA,NA,B09,ch2
definetherain,P102L,2021-05-20_SNV_P102L,/mnt/c/Projects/prnp-somatic/scratch/ddpcr_gating_method_comparison_v2/inputs/definetherain/P102L/2021-05-20_SNV_P102L/ch1/C03_amplitude.csv,1,16823,NA,NA,NA,NA,NA,C03,ch1
definetherain,P102L,2021-05-20_SNV_P102L,/mnt/c/Projects/prnp-somatic/scratch/ddpcr_gating_method_comparison_v2/inputs/definetherain/P102L/2021-05-20_SNV_P102L/ch2/C03_amplitude.csv,1,16823,NA,NA,NA,NA,NA,C03,ch2
definetherain,P102L,2021-05-20_SNV_P102L,/mnt/c/Projects/prnp-somatic/scratch/ddpcr_gating_method_comparison_v2/inputs/definetherain/P102L/2021-05-20_SNV_P102L/ch1/C06_amplitude.csv,1,17339,NA,NA,NA,NA,NA,C06,ch1
definetherain,P102L,2021-05-20_SNV_P102L,/mnt/c/Projects/prnp-somatic/scratch/ddpcr_gating_method_comparison_v2/inputs/definetherain/P102L/2021-05-20_SNV_P102L/ch2/C06_amplitude.csv,1,17339,NA,NA,NA,NA,NA,C06,ch2
definetherain,P102L,2021-05-20_SNV_P102L,/mnt/c/Projects/prnp-somatic/scratch/ddpcr_gating_method_comparison_v2/inputs/definetherain/P102L/2021-05-20_SNV_P102L/ch1/C09_amplitude.csv,1,16406,NA,NA,NA,NA,NA,C09,ch1
definetherain,P102L,2021-05-20_SNV_P102L,/mnt/c/Projects/prnp-somatic/scratch/ddpcr_gating_method_comparison_v2/inputs/definetherain/P102L/2021-05-20_SNV_P102L/ch2/C09_amplitude.csv,1,16406,NA,NA,NA,NA,NA,C09,ch2
definetherain,P102L,2021-05-20_SNV_P102L,/mnt/c/Projects/prnp-somatic/scratch/ddpcr_gating_method_comparison_v2/inputs/definetherain/P102L/2021-05-20_SNV_P102L/ch1/C12_amplitude.csv,1,18322,NA,NA,NA,NA,NA,C12,ch1
definetherain,P102L,2021-05-20_SNV_P102L,/mnt/c/Projects/prnp-somatic/scratch/ddpcr_gating_method_comparison_v2/inputs/definetherain/P102L/2021-05-20_SNV_P102L/ch2/C12_amplitude.csv,1,18322,NA,NA,NA,NA,NA,C12,ch2
definetherain,P102L,2021-05-20_SNV_P102L,/mnt/c/Projects/prnp-somatic/scratch/ddpcr_gating_method_comparison_v2/inputs/definetherain/P102L/2021-05-20_SNV_P102L/ch1/D03_amplitude.csv,1,16025,NA,NA,NA,NA,NA,D03,ch1
definetherain,P102L,2021-05-20_SNV_P102L,/mnt/c/Projects/prnp-somatic/scratch/ddpcr_gating_method_comparison_v2/inputs/definetherain/P102L/2021-05-20_SNV_P102L/ch2/D03_amplitude.csv,1,16025,NA,NA,NA,NA,NA,D03,ch2
definetherain,P102L,2021-05-20_SNV_P102L,/mnt/c/Projects/prnp-somatic/scratch/ddpcr_gating_method_comparison_v2/inputs/definetherain/P102L/2021-05-20_SNV_P102L/ch1/D06_amplitude.csv,1,17636,NA,NA,NA,NA,NA,D06,ch1
definetherain,P102L,2021-05-20_SNV_P102L,/mnt/c/Projects/prnp-somatic/scratch/ddpcr_gating_method_comparison_v2/inputs/definetherain/P102L/2021-05-20_SNV_P102L/ch2/D06_amplitude.csv,1,17636,NA,NA,NA,NA,NA,D06,ch2
definetherain,P102L,2021-05-20_SNV_P102L,/mnt/c/Projects/prnp-somatic/scratch/ddpcr_gating_method_comparison_v2/inputs/definetherain/P102L/2021-05-20_SNV_P102L/ch1/D09_amplitude.csv,1,15753,NA,NA,NA,NA,NA,D09,ch1
definetherain,P102L,2021-05-20_SNV_P102L,/mnt/c/Projects/prnp-somatic/scratch/ddpcr_gating_method_comparison_v2/inputs/definetherain/P102L/2021-05-20_SNV_P102L/ch2/D09_amplitude.csv,1,15753,NA,NA,NA,NA,NA,D09,ch2
definetherain,P102L,2021-05-20_SNV_P102L,/mnt/c/Projects/prnp-somatic/scratch/ddpcr_gating_method_comparison_v2/inputs/definetherain/P102L/2021-05-20_SNV_P102L/ch1/D12_amplitude.csv,1,18089,NA,NA,NA,NA,NA,D12,ch1
definetherain,P102L,2021-05-20_SNV_P102L,/mnt/c/Projects/prnp-somatic/scratch/ddpcr_gating_method_comparison_v2/inputs/definetherain/P102L/2021-05-20_SNV_P102L/ch2/D12_amplitude.csv,1,18089,NA,NA,NA,NA,NA,D12,ch2
definetherain,P102L,2021-05-20_SNV_P102L,/mnt/c/Projects/prnp-somatic/scratch/ddpcr_gating_method_comparison_v2/inputs/definetherain/P102L/2021-05-20_SNV_P102L/ch1/E03_amplitude.csv,1,16671,NA,NA,NA,NA,NA,E03,ch1
definetherain,P102L,2021-05-20_SNV_P102L,/mnt/c/Projects/prnp-somatic/scratch/ddpcr_gating_method_comparison_v2/inputs/definetherain/P102L/2021-05-20_SNV_P102L/ch2/E03_amplitude.csv,1,16671,NA,NA,NA,NA,NA,E03,ch2
definetherain,P102L,2021-05-20_SNV_P102L,/mnt/c/Projects/prnp-somatic/scratch/ddpcr_gating_method_comparison_v2/inputs/definetherain/P102L/2021-05-20_SNV_P102L/ch1/E06_amplitude.csv,1,16733,NA,NA,NA,NA,NA,E06,ch1
definetherain,P102L,2021-05-20_SNV_P102L,/mnt/c/Projects/prnp-somatic/scratch/ddpcr_gating_method_comparison_v2/inputs/definetherain/P102L/2021-05-20_SNV_P102L/ch2/E06_amplitude.csv,1,16733,NA,NA,NA,NA,NA,E06,ch2
definetherain,P102L,2021-05-20_SNV_P102L,/mnt/c/Projects/prnp-somatic/scratch/ddpcr_gating_method_comparison_v2/inputs/definetherain/P102L/2021-05-20_SNV_P102L/ch1/E09_amplitude.csv,1,16199,NA,NA,NA,NA,NA,E09,ch1
definetherain,P102L,2021-05-20_SNV_P102L,/mnt/c/Projects/prnp-somatic/scratch/ddpcr_gating_method_comparison_v2/inputs/definetherain/P102L/2021-05-20_SNV_P102L/ch2/E09_amplitude.csv,1,16199,NA,NA,NA,NA,NA,E09,ch2
definetherain,P102L,2021-05-20_SNV_P102L,/mnt/c/Projects/prnp-somatic/scratch/ddpcr_gating_method_comparison_v2/inputs/definetherain/P102L/2021-05-20_SNV_P102L/ch1/E12_amplitude.csv,1,17671,NA,NA,NA,NA,NA,E12,ch1
definetherain,P102L,2021-05-20_SNV_P102L,/mnt/c/Projects/prnp-somatic/scratch/ddpcr_gating_method_comparison_v2/inputs/definetherain/P102L/2021-05-20_SNV_P102L/ch2/E12_amplitude.csv,1,17671,NA,NA,NA,NA,NA,E12,ch2
definetherain,P102L,2021-05-20_SNV_P102L,/mnt/c/Projects/prnp-somatic/scratch/ddpcr_gating_method_comparison_v2/inputs/definetherain/P102L/2021-05-20_SNV_P102L/ch1/F03_amplitude.csv,1,17186,NA,NA,NA,NA,NA,F03,ch1
definetherain,P102L,2021-05-20_SNV_P102L,/mnt/c/Projects/prnp-somatic/scratch/ddpcr_gating_method_comparison_v2/inputs/definetherain/P102L/2021-05-20_SNV_P102L/ch2/F03_amplitude.csv,1,17186,NA,NA,NA,NA,NA,F03,ch2
definetherain,P102L,2021-05-20_SNV_P102L,/mnt/c/Projects/prnp-somatic/scratch/ddpcr_gating_method_comparison_v2/inputs/definetherain/P102L/2021-05-20_SNV_P102L/ch1/F06_amplitude.csv,1,16885,NA,NA,NA,NA,NA,F06,ch1
definetherain,P102L,2021-05-20_SNV_P102L,/mnt/c/Projects/prnp-somatic/scratch/ddpcr_gating_method_comparison_v2/inputs/definetherain/P102L/2021-05-20_SNV_P102L/ch2/F06_amplitude.csv,1,16885,NA,NA,NA,NA,NA,F06,ch2
definetherain,P102L,2021-05-20_SNV_P102L,/mnt/c/Projects/prnp-somatic/scratch/ddpcr_gating_method_comparison_v2/inputs/definetherain/P102L/2021-05-20_SNV_P102L/ch1/F09_amplitude.csv,1,16473,NA,NA,NA,NA,NA,F09,ch1
definetherain,P102L,2021-05-20_SNV_P102L,/mnt/c/Projects/prnp-somatic/scratch/ddpcr_gating_method_comparison_v2/inputs/definetherain/P102L/2021-05-20_SNV_P102L/ch2/F09_amplitude.csv,1,16473,NA,NA,NA,NA,NA,F09,ch2
definetherain,P102L,2021-05-20_SNV_P102L,/mnt/c/Projects/prnp-somatic/scratch/ddpcr_gating_method_comparison_v2/inputs/definetherain/P102L/2021-05-20_SNV_P102L/ch1/G03_amplitude.csv,1,16756,NA,NA,NA,NA,NA,G03,ch1
definetherain,P102L,2021-05-20_SNV_P102L,/mnt/c/Projects/prnp-somatic/scratch/ddpcr_gating_method_comparison_v2/inputs/definetherain/P102L/2021-05-20_SNV_P102L/ch2/G03_amplitude.csv,1,16756,NA,NA,NA,NA,NA,G03,ch2
definetherain,P102L,2021-05-20_SNV_P102L,/mnt/c/Projects/prnp-somatic/scratch/ddpcr_gating_method_comparison_v2/inputs/definetherain/P102L/2021-05-20_SNV_P102L/ch1/G06_amplitude.csv,1,16517,NA,NA,NA,NA,NA,G06,ch1
definetherain,P102L,2021-05-20_SNV_P102L,/mnt/c/Projects/prnp-somatic/scratch/ddpcr_gating_method_comparison_v2/inputs/definetherain/P102L/2021-05-20_SNV_P102L/ch2/G06_amplitude.csv,1,16517,NA,NA,NA,NA,NA,G06,ch2
definetherain,P102L,2021-05-20_SNV_P102L,/mnt/c/Projects/prnp-somatic/scratch/ddpcr_gating_method_comparison_v2/inputs/definetherain/P102L/2021-05-20_SNV_P102L/ch1/G09_amplitude.csv,1,16320,NA,NA,NA,NA,NA,G09,ch1
definetherain,P102L,2021-05-20_SNV_P102L,/mnt/c/Projects/prnp-somatic/scratch/ddpcr_gating_method_comparison_v2/inputs/definetherain/P102L/2021-05-20_SNV_P102L/ch2/G09_amplitude.csv,1,16320,NA,NA,NA,NA,NA,G09,ch2
definetherain,P102L,2021-05-20_SNV_P102L,/mnt/c/Projects/prnp-somatic/scratch/ddpcr_gating_method_comparison_v2/inputs/definetherain/P102L/2021-05-20_SNV_P102L/ch1/H03_amplitude.csv,1,15473,NA,NA,NA,NA,NA,H03,ch1
definetherain,P102L,2021-05-20_SNV_P102L,/mnt/c/Projects/prnp-somatic/scratch/ddpcr_gating_method_comparison_v2/inputs/definetherain/P102L/2021-05-20_SNV_P102L/ch2/H03_amplitude.csv,1,15473,NA,NA,NA,NA,NA,H03,ch2
definetherain,P102L,2021-05-20_SNV_P102L,/mnt/c/Projects/prnp-somatic/scratch/ddpcr_gating_method_comparison_v2/inputs/definetherain/P102L/2021-05-20_SNV_P102L/ch1/H06_amplitude.csv,1,16393,NA,NA,NA,NA,NA,H06,ch1
definetherain,P102L,2021-05-20_SNV_P102L,/mnt/c/Projects/prnp-somatic/scratch/ddpcr_gating_method_comparison_v2/inputs/definetherain/P102L/2021-05-20_SNV_P102L/ch2/H06_amplitude.csv,1,16393,NA,NA,NA,NA,NA,H06,ch2
definetherain,P102L,2021-05-20_SNV_P102L,/mnt/c/Projects/prnp-somatic/scratch/ddpcr_gating_method_comparison_v2/inputs/definetherain/P102L/2021-05-20_SNV_P102L/ch1/H09_amplitude.csv,1,16927,NA,NA,NA,NA,NA,H09,ch1
definetherain,P102L,2021-05-20_SNV_P102L,/mnt/c/Projects/prnp-somatic/scratch/ddpcr_gating_method_comparison_v2/inputs/definetherain/P102L/2021-05-20_SNV_P102L/ch2/H09_amplitude.csv,1,16927,NA,NA,NA,NA,NA,H09,ch2
definetherain,P102L,2021-10-14_SNV_P102L,/mnt/c/Projects/prnp-somatic/scratch/ddpcr_gating_method_comparison_v2/inputs/definetherain/P102L/2021-10-14_SNV_P102L/ch1/A03_amplitude.csv,1,14134,NA,NA,NA,NA,NA,A03,ch1
definetherain,P102L,2021-10-14_SNV_P102L,/mnt/c/Projects/prnp-somatic/scratch/ddpcr_gating_method_comparison_v2/inputs/definetherain/P102L/2021-10-14_SNV_P102L/ch2/A03_amplitude.csv,1,14134,NA,NA,NA,NA,NA,A03,ch2
definetherain,P102L,2021-10-14_SNV_P102L,/mnt/c/Projects/prnp-somatic/scratch/ddpcr_gating_method_comparison_v2/inputs/definetherain/P102L/2021-10-14_SNV_P102L/ch1/B03_amplitude.csv,1,14475,NA,NA,NA,NA,NA,B03,ch1
definetherain,P102L,2021-10-14_SNV_P102L,/mnt/c/Projects/prnp-somatic/scratch/ddpcr_gating_method_comparison_v2/inputs/definetherain/P102L/2021-10-14_SNV_P102L/ch2/B03_amplitude.csv,1,14475,NA,NA,NA,NA,NA,B03,ch2
definetherain,P102L,2021-10-14_SNV_P102L,/mnt/c/Projects/prnp-somatic/scratch/ddpcr_gating_method_comparison_v2/inputs/definetherain/P102L/2021-10-14_SNV_P102L/ch1/C03_amplitude.csv,1,14214,NA,NA,NA,NA,NA,C03,ch1
definetherain,P102L,2021-10-14_SNV_P102L,/mnt/c/Projects/prnp-somatic/scratch/ddpcr_gating_method_comparison_v2/inputs/definetherain/P102L/2021-10-14_SNV_P102L/ch2/C03_amplitude.csv,1,14214,NA,NA,NA,NA,NA,C03,ch2
definetherain,P102L,2021-10-14_SNV_P102L,/mnt/c/Projects/prnp-somatic/scratch/ddpcr_gating_method_comparison_v2/inputs/definetherain/P102L/2021-10-14_SNV_P102L/ch1/D03_amplitude.csv,1,14823,NA,NA,NA,NA,NA,D03,ch1
definetherain,P102L,2021-10-14_SNV_P102L,/mnt/c/Projects/prnp-somatic/scratch/ddpcr_gating_method_comparison_v2/inputs/definetherain/P102L/2021-10-14_SNV_P102L/ch2/D03_amplitude.csv,1,14823,NA,NA,NA,NA,NA,D03,ch2
ddpcRquant,D178N,2020-10-12_SNV_D178N,/mnt/c/Projects/prnp-somatic/scratch/ddpcr_gating_method_comparison_v2/inputs/ddpcRquant/D178N/2020-10-12_SNV_D178N/ch1,7,89351,NA,NA,NA,NA,NA,NA,ch1
ddpcRquant,D178N,2020-10-12_SNV_D178N,/mnt/c/Projects/prnp-somatic/scratch/ddpcr_gating_method_comparison_v2/inputs/ddpcRquant/D178N/2020-10-12_SNV_D178N/ch2,7,89351,NA,NA,NA,NA,NA,NA,ch2
ddpcRquant,D178N,2020-10-15_SNV_D178N,/mnt/c/Projects/prnp-somatic/scratch/ddpcr_gating_method_comparison_v2/inputs/ddpcRquant/D178N/2020-10-15_SNV_D178N/ch1,25,299120,NA,NA,NA,NA,NA,NA,ch1
ddpcRquant,D178N,2020-10-15_SNV_D178N,/mnt/c/Projects/prnp-somatic/scratch/ddpcr_gating_method_comparison_v2/inputs/ddpcRquant/D178N/2020-10-15_SNV_D178N/ch2,25,299120,NA,NA,NA,NA,NA,NA,ch2
ddpcRquant,D178N,2020-10-22_SNV_D178N,/mnt/c/Projects/prnp-somatic/scratch/ddpcr_gating_method_comparison_v2/inputs/ddpcRquant/D178N/2020-10-22_SNV_D178N/ch1,21,284563,NA,NA,NA,NA,NA,NA,ch1
ddpcRquant,D178N,2020-10-22_SNV_D178N,/mnt/c/Projects/prnp-somatic/scratch/ddpcr_gating_method_comparison_v2/inputs/ddpcRquant/D178N/2020-10-22_SNV_D178N/ch2,21,284563,NA,NA,NA,NA,NA,NA,ch2
ddpcRquant,D178N,2020-10-29_SNV_D178N,/mnt/c/Projects/prnp-somatic/scratch/ddpcr_gating_method_comparison_v2/inputs/ddpcRquant/D178N/2020-10-29_SNV_D178N/ch1,29,368469,NA,NA,NA,NA,NA,NA,ch1
ddpcRquant,D178N,2020-10-29_SNV_D178N,/mnt/c/Projects/prnp-somatic/scratch/ddpcr_gating_method_comparison_v2/inputs/ddpcRquant/D178N/2020-10-29_SNV_D178N/ch2,29,368469,NA,NA,NA,NA,NA,NA,ch2
ddpcRquant,D178N,2020-11-05_SNV_D178N,/mnt/c/Projects/prnp-somatic/scratch/ddpcr_gating_method_comparison_v2/inputs/ddpcRquant/D178N/2020-11-05_SNV_D178N/ch1,22,357665,NA,NA,NA,NA,NA,NA,ch1
ddpcRquant,D178N,2020-11-05_SNV_D178N,/mnt/c/Projects/prnp-somatic/scratch/ddpcr_gating_method_comparison_v2/inputs/ddpcRquant/D178N/2020-11-05_SNV_D178N/ch2,22,357665,NA,NA,NA,NA,NA,NA,ch2
ddpcRquant,D178N,2020-11-24_SNV_D178N,/mnt/c/Projects/prnp-somatic/scratch/ddpcr_gating_method_comparison_v2/inputs/ddpcRquant/D178N/2020-11-24_SNV_D178N/ch1,12,177059,NA,NA,NA,NA,NA,NA,ch1
ddpcRquant,D178N,2020-11-24_SNV_D178N,/mnt/c/Projects/prnp-somatic/scratch/ddpcr_gating_method_comparison_v2/inputs/ddpcRquant/D178N/2020-11-24_SNV_D178N/ch2,12,177059,NA,NA,NA,NA,NA,NA,ch2
ddpcRquant,D178N,2021-01-26_SNV_D178N,/mnt/c/Projects/prnp-somatic/scratch/ddpcr_gating_method_comparison_v2/inputs/ddpcRquant/D178N/2021-01-26_SNV_D178N/ch1,24,336659,NA,NA,NA,NA,NA,NA,ch1
ddpcRquant,D178N,2021-01-26_SNV_D178N,/mnt/c/Projects/prnp-somatic/scratch/ddpcr_gating_method_comparison_v2/inputs/ddpcRquant/D178N/2021-01-26_SNV_D178N/ch2,24,336659,NA,NA,NA,NA,NA,NA,ch2
ddpcRquant,D178N,2021-02-17_SNV_D178N,/mnt/c/Projects/prnp-somatic/scratch/ddpcr_gating_method_comparison_v2/inputs/ddpcRquant/D178N/2021-02-17_SNV_D178N/ch1,18,256932,NA,NA,NA,NA,NA,NA,ch1
ddpcRquant,D178N,2021-02-17_SNV_D178N,/mnt/c/Projects/prnp-somatic/scratch/ddpcr_gating_method_comparison_v2/inputs/ddpcRquant/D178N/2021-02-17_SNV_D178N/ch2,18,256932,NA,NA,NA,NA,NA,NA,ch2
ddpcRquant,D178N,2021-03-29_SNV_D178N,/mnt/c/Projects/prnp-somatic/scratch/ddpcr_gating_method_comparison_v2/inputs/ddpcRquant/D178N/2021-03-29_SNV_D178N/ch1,24,358427,NA,NA,NA,NA,NA,NA,ch1
ddpcRquant,D178N,2021-03-29_SNV_D178N,/mnt/c/Projects/prnp-somatic/scratch/ddpcr_gating_method_comparison_v2/inputs/ddpcRquant/D178N/2021-03-29_SNV_D178N/ch2,24,358427,NA,NA,NA,NA,NA,NA,ch2
ddpcRquant,D178N,2021-04-06_SNV_D178N,/mnt/c/Projects/prnp-somatic/scratch/ddpcr_gating_method_comparison_v2/inputs/ddpcRquant/D178N/2021-04-06_SNV_D178N/ch1,24,323218,NA,NA,NA,NA,NA,NA,ch1
ddpcRquant,D178N,2021-04-06_SNV_D178N,/mnt/c/Projects/prnp-somatic/scratch/ddpcr_gating_method_comparison_v2/inputs/ddpcRquant/D178N/2021-04-06_SNV_D178N/ch2,24,323218,NA,NA,NA,NA,NA,NA,ch2
ddpcRquant,D178N,2021-05-10_SNV_D178N,/mnt/c/Projects/prnp-somatic/scratch/ddpcr_gating_method_comparison_v2/inputs/ddpcRquant/D178N/2021-05-10_SNV_D178N/ch1,25,367920,NA,NA,NA,NA,NA,NA,ch1
ddpcRquant,D178N,2021-05-10_SNV_D178N,/mnt/c/Projects/prnp-somatic/scratch/ddpcr_gating_method_comparison_v2/inputs/ddpcRquant/D178N/2021-05-10_SNV_D178N/ch2,25,367920,NA,NA,NA,NA,NA,NA,ch2
ddpcRquant,D178N,2021-05-20_SNV_D178N,/mnt/c/Projects/prnp-somatic/scratch/ddpcr_gating_method_comparison_v2/inputs/ddpcRquant/D178N/2021-05-20_SNV_D178N/ch1,29,459434,NA,NA,NA,NA,NA,NA,ch1
ddpcRquant,D178N,2021-05-20_SNV_D178N,/mnt/c/Projects/prnp-somatic/scratch/ddpcr_gating_method_comparison_v2/inputs/ddpcRquant/D178N/2021-05-20_SNV_D178N/ch2,29,459434,NA,NA,NA,NA,NA,NA,ch2
ddpcRquant,D178N,2021-10-14_SNV_D178N,/mnt/c/Projects/prnp-somatic/scratch/ddpcr_gating_method_comparison_v2/inputs/ddpcRquant/D178N/2021-10-14_SNV_D178N/ch1,6,67443,NA,NA,NA,NA,NA,NA,ch1
ddpcRquant,D178N,2021-10-14_SNV_D178N,/mnt/c/Projects/prnp-somatic/scratch/ddpcr_gating_method_comparison_v2/inputs/ddpcRquant/D178N/2021-10-14_SNV_D178N/ch2,6,67443,NA,NA,NA,NA,NA,NA,ch2
ddpcRquant,E200K,2020-10-12_SNV_E200K,/mnt/c/Projects/prnp-somatic/scratch/ddpcr_gating_method_comparison_v2/inputs/ddpcRquant/E200K/2020-10-12_SNV_E200K/ch1,7,85776,NA,NA,NA,NA,NA,NA,ch1
ddpcRquant,E200K,2020-10-12_SNV_E200K,/mnt/c/Projects/prnp-somatic/scratch/ddpcr_gating_method_comparison_v2/inputs/ddpcRquant/E200K/2020-10-12_SNV_E200K/ch2,7,85776,NA,NA,NA,NA,NA,NA,ch2
ddpcRquant,E200K,2020-10-15_SNV_E200K,/mnt/c/Projects/prnp-somatic/scratch/ddpcr_gating_method_comparison_v2/inputs/ddpcRquant/E200K/2020-10-15_SNV_E200K/ch1,25,295022,NA,NA,NA,NA,NA,NA,ch1
ddpcRquant,E200K,2020-10-15_SNV_E200K,/mnt/c/Projects/prnp-somatic/scratch/ddpcr_gating_method_comparison_v2/inputs/ddpcRquant/E200K/2020-10-15_SNV_E200K/ch2,25,295022,NA,NA,NA,NA,NA,NA,ch2
ddpcRquant,E200K,2020-10-22_SNV_E200K,/mnt/c/Projects/prnp-somatic/scratch/ddpcr_gating_method_comparison_v2/inputs/ddpcRquant/E200K/2020-10-22_SNV_E200K/ch1,21,297770,NA,NA,NA,NA,NA,NA,ch1
ddpcRquant,E200K,2020-10-22_SNV_E200K,/mnt/c/Projects/prnp-somatic/scratch/ddpcr_gating_method_comparison_v2/inputs/ddpcRquant/E200K/2020-10-22_SNV_E200K/ch2,21,297770,NA,NA,NA,NA,NA,NA,ch2
ddpcRquant,E200K,2020-10-29_SNV_E200K,/mnt/c/Projects/prnp-somatic/scratch/ddpcr_gating_method_comparison_v2/inputs/ddpcRquant/E200K/2020-10-29_SNV_E200K/ch1,28,347046,NA,NA,NA,NA,NA,NA,ch1
ddpcRquant,E200K,2020-10-29_SNV_E200K,/mnt/c/Projects/prnp-somatic/scratch/ddpcr_gating_method_comparison_v2/inputs/ddpcRquant/E200K/2020-10-29_SNV_E200K/ch2,28,347046,NA,NA,NA,NA,NA,NA,ch2
ddpcRquant,E200K,2020-11-05_SNV_E200K,/mnt/c/Projects/prnp-somatic/scratch/ddpcr_gating_method_comparison_v2/inputs/ddpcRquant/E200K/2020-11-05_SNV_E200K/ch1,22,358507,NA,NA,NA,NA,NA,NA,ch1
ddpcRquant,E200K,2020-11-05_SNV_E200K,/mnt/c/Projects/prnp-somatic/scratch/ddpcr_gating_method_comparison_v2/inputs/ddpcRquant/E200K/2020-11-05_SNV_E200K/ch2,22,358507,NA,NA,NA,NA,NA,NA,ch2
ddpcRquant,E200K,2020-11-24_SNV_E200K,/mnt/c/Projects/prnp-somatic/scratch/ddpcr_gating_method_comparison_v2/inputs/ddpcRquant/E200K/2020-11-24_SNV_E200K/ch1,11,167484,NA,NA,NA,NA,NA,NA,ch1
ddpcRquant,E200K,2020-11-24_SNV_E200K,/mnt/c/Projects/prnp-somatic/scratch/ddpcr_gating_method_comparison_v2/inputs/ddpcRquant/E200K/2020-11-24_SNV_E200K/ch2,11,167484,NA,NA,NA,NA,NA,NA,ch2
ddpcRquant,E200K,2021-01-26_SNV_E200K,/mnt/c/Projects/prnp-somatic/scratch/ddpcr_gating_method_comparison_v2/inputs/ddpcRquant/E200K/2021-01-26_SNV_E200K/ch1,23,294064,NA,NA,NA,NA,NA,NA,ch1
ddpcRquant,E200K,2021-01-26_SNV_E200K,/mnt/c/Projects/prnp-somatic/scratch/ddpcr_gating_method_comparison_v2/inputs/ddpcRquant/E200K/2021-01-26_SNV_E200K/ch2,23,294064,NA,NA,NA,NA,NA,NA,ch2
ddpcRquant,E200K,2021-02-17_SNV_E200K,/mnt/c/Projects/prnp-somatic/scratch/ddpcr_gating_method_comparison_v2/inputs/ddpcRquant/E200K/2021-02-17_SNV_E200K/ch1,18,273619,NA,NA,NA,NA,NA,NA,ch1
ddpcRquant,E200K,2021-02-17_SNV_E200K,/mnt/c/Projects/prnp-somatic/scratch/ddpcr_gating_method_comparison_v2/inputs/ddpcRquant/E200K/2021-02-17_SNV_E200K/ch2,18,273619,NA,NA,NA,NA,NA,NA,ch2
ddpcRquant,E200K,2021-02-18_SNV_E200K,/mnt/c/Projects/prnp-somatic/scratch/ddpcr_gating_method_comparison_v2/inputs/ddpcRquant/E200K/2021-02-18_SNV_E200K/ch1,21,309385,NA,NA,NA,NA,NA,NA,ch1
ddpcRquant,E200K,2021-02-18_SNV_E200K,/mnt/c/Projects/prnp-somatic/scratch/ddpcr_gating_method_comparison_v2/inputs/ddpcRquant/E200K/2021-02-18_SNV_E200K/ch2,21,309385,NA,NA,NA,NA,NA,NA,ch2
ddpcRquant,E200K,2021-03-29_SNV_E200K,/mnt/c/Projects/prnp-somatic/scratch/ddpcr_gating_method_comparison_v2/inputs/ddpcRquant/E200K/2021-03-29_SNV_E200K/ch1,32,508478,NA,NA,NA,NA,NA,NA,ch1
ddpcRquant,E200K,2021-03-29_SNV_E200K,/mnt/c/Projects/prnp-somatic/scratch/ddpcr_gating_method_comparison_v2/inputs/ddpcRquant/E200K/2021-03-29_SNV_E200K/ch2,32,508478,NA,NA,NA,NA,NA,NA,ch2
ddpcRquant,E200K,2021-04-06_SNV_E200K,/mnt/c/Projects/prnp-somatic/scratch/ddpcr_gating_method_comparison_v2/inputs/ddpcRquant/E200K/2021-04-06_SNV_E200K/ch1,17,238550,NA,NA,NA,NA,NA,NA,ch1
ddpcRquant,E200K,2021-04-06_SNV_E200K,/mnt/c/Projects/prnp-somatic/scratch/ddpcr_gating_method_comparison_v2/inputs/ddpcRquant/E200K/2021-04-06_SNV_E200K/ch2,17,238550,NA,NA,NA,NA,NA,NA,ch2
ddpcRquant,E200K,2021-05-10_SNV_E200K,/mnt/c/Projects/prnp-somatic/scratch/ddpcr_gating_method_comparison_v2/inputs/ddpcRquant/E200K/2021-05-10_SNV_E200K/ch1,36,555578,NA,NA,NA,NA,NA,NA,ch1
ddpcRquant,E200K,2021-05-10_SNV_E200K,/mnt/c/Projects/prnp-somatic/scratch/ddpcr_gating_method_comparison_v2/inputs/ddpcRquant/E200K/2021-05-10_SNV_E200K/ch2,36,555578,NA,NA,NA,NA,NA,NA,ch2
ddpcRquant,E200K,2021-05-20_SNV_E200K,/mnt/c/Projects/prnp-somatic/scratch/ddpcr_gating_method_comparison_v2/inputs/ddpcRquant/E200K/2021-05-20_SNV_E200K/ch1,33,536773,NA,NA,NA,NA,NA,NA,ch1
ddpcRquant,E200K,2021-05-20_SNV_E200K,/mnt/c/Projects/prnp-somatic/scratch/ddpcr_gating_method_comparison_v2/inputs/ddpcRquant/E200K/2021-05-20_SNV_E200K/ch2,33,536773,NA,NA,NA,NA,NA,NA,ch2
ddpcRquant,E200K,2021-10-25_SNV_E200K,/mnt/c/Projects/prnp-somatic/scratch/ddpcr_gating_method_comparison_v2/inputs/ddpcRquant/E200K/2021-10-25_SNV_E200K/ch1,5,38634,NA,NA,NA,NA,NA,NA,ch1
ddpcRquant,E200K,2021-10-25_SNV_E200K,/mnt/c/Projects/prnp-somatic/scratch/ddpcr_gating_method_comparison_v2/inputs/ddpcRquant/E200K/2021-10-25_SNV_E200K/ch2,5,38634,NA,NA,NA,NA,NA,NA,ch2
ddpcRquant,P102L,2020-12-01_SNV_P102L,/mnt/c/Projects/prnp-somatic/scratch/ddpcr_gating_method_comparison_v2/inputs/ddpcRquant/P102L/2020-12-01_SNV_P102L/ch1,48,717491,NA,NA,NA,NA,NA,NA,ch1
ddpcRquant,P102L,2020-12-01_SNV_P102L,/mnt/c/Projects/prnp-somatic/scratch/ddpcr_gating_method_comparison_v2/inputs/ddpcRquant/P102L/2020-12-01_SNV_P102L/ch2,48,717491,NA,NA,NA,NA,NA,NA,ch2
ddpcRquant,P102L,2021-01-26_SNV_P102L,/mnt/c/Projects/prnp-somatic/scratch/ddpcr_gating_method_comparison_v2/inputs/ddpcRquant/P102L/2021-01-26_SNV_P102L/ch1,25,362079,NA,NA,NA,NA,NA,NA,ch1
ddpcRquant,P102L,2021-01-26_SNV_P102L,/mnt/c/Projects/prnp-somatic/scratch/ddpcr_gating_method_comparison_v2/inputs/ddpcRquant/P102L/2021-01-26_SNV_P102L/ch2,25,362079,NA,NA,NA,NA,NA,NA,ch2
ddpcRquant,P102L,2021-01-28_SNV_P102L,/mnt/c/Projects/prnp-somatic/scratch/ddpcr_gating_method_comparison_v2/inputs/ddpcRquant/P102L/2021-01-28_SNV_P102L/ch1,23,335030,NA,NA,NA,NA,NA,NA,ch1
ddpcRquant,P102L,2021-01-28_SNV_P102L,/mnt/c/Projects/prnp-somatic/scratch/ddpcr_gating_method_comparison_v2/inputs/ddpcRquant/P102L/2021-01-28_SNV_P102L/ch2,23,335030,NA,NA,NA,NA,NA,NA,ch2
ddpcRquant,P102L,2021-02-02_SNV_P102L,/mnt/c/Projects/prnp-somatic/scratch/ddpcr_gating_method_comparison_v2/inputs/ddpcRquant/P102L/2021-02-02_SNV_P102L/ch1,52,815130,NA,NA,NA,NA,NA,NA,ch1
ddpcRquant,P102L,2021-02-02_SNV_P102L,/mnt/c/Projects/prnp-somatic/scratch/ddpcr_gating_method_comparison_v2/inputs/ddpcRquant/P102L/2021-02-02_SNV_P102L/ch2,52,815130,NA,NA,NA,NA,NA,NA,ch2
ddpcRquant,P102L,2021-02-17_SNV_P102L,/mnt/c/Projects/prnp-somatic/scratch/ddpcr_gating_method_comparison_v2/inputs/ddpcRquant/P102L/2021-02-17_SNV_P102L/ch1,17,256672,NA,NA,NA,NA,NA,NA,ch1
ddpcRquant,P102L,2021-02-17_SNV_P102L,/mnt/c/Projects/prnp-somatic/scratch/ddpcr_gating_method_comparison_v2/inputs/ddpcRquant/P102L/2021-02-17_SNV_P102L/ch2,17,256672,NA,NA,NA,NA,NA,NA,ch2
ddpcRquant,P102L,2021-02-18_SNV_P102L,/mnt/c/Projects/prnp-somatic/scratch/ddpcr_gating_method_comparison_v2/inputs/ddpcRquant/P102L/2021-02-18_SNV_P102L/ch1,17,257228,NA,NA,NA,NA,NA,NA,ch1
ddpcRquant,P102L,2021-02-18_SNV_P102L,/mnt/c/Projects/prnp-somatic/scratch/ddpcr_gating_method_comparison_v2/inputs/ddpcRquant/P102L/2021-02-18_SNV_P102L/ch2,17,257228,NA,NA,NA,NA,NA,NA,ch2
ddpcRquant,P102L,2021-03-05_SNV_P102L,/mnt/c/Projects/prnp-somatic/scratch/ddpcr_gating_method_comparison_v2/inputs/ddpcRquant/P102L/2021-03-05_SNV_P102L/ch1,9,108741,NA,NA,NA,NA,NA,NA,ch1
ddpcRquant,P102L,2021-03-05_SNV_P102L,/mnt/c/Projects/prnp-somatic/scratch/ddpcr_gating_method_comparison_v2/inputs/ddpcRquant/P102L/2021-03-05_SNV_P102L/ch2,9,108741,NA,NA,NA,NA,NA,NA,ch2
ddpcRquant,P102L,2021-03-29_SNV_P102L,/mnt/c/Projects/prnp-somatic/scratch/ddpcr_gating_method_comparison_v2/inputs/ddpcRquant/P102L/2021-03-29_SNV_P102L/ch1,25,381357,NA,NA,NA,NA,NA,NA,ch1
ddpcRquant,P102L,2021-03-29_SNV_P102L,/mnt/c/Projects/prnp-somatic/scratch/ddpcr_gating_method_comparison_v2/inputs/ddpcRquant/P102L/2021-03-29_SNV_P102L/ch2,25,381357,NA,NA,NA,NA,NA,NA,ch2
ddpcRquant,P102L,2021-04-06_SNV_P102L,/mnt/c/Projects/prnp-somatic/scratch/ddpcr_gating_method_comparison_v2/inputs/ddpcRquant/P102L/2021-04-06_SNV_P102L/ch1,23,296739,NA,NA,NA,NA,NA,NA,ch1
ddpcRquant,P102L,2021-04-06_SNV_P102L,/mnt/c/Projects/prnp-somatic/scratch/ddpcr_gating_method_comparison_v2/inputs/ddpcRquant/P102L/2021-04-06_SNV_P102L/ch2,23,296739,NA,NA,NA,NA,NA,NA,ch2
ddpcRquant,P102L,2021-05-10_SNV_P102L,/mnt/c/Projects/prnp-somatic/scratch/ddpcr_gating_method_comparison_v2/inputs/ddpcRquant/P102L/2021-05-10_SNV_P102L/ch1,25,365786,NA,NA,NA,NA,NA,NA,ch1
ddpcRquant,P102L,2021-05-10_SNV_P102L,/mnt/c/Projects/prnp-somatic/scratch/ddpcr_gating_method_comparison_v2/inputs/ddpcRquant/P102L/2021-05-10_SNV_P102L/ch2,25,365786,NA,NA,NA,NA,NA,NA,ch2
ddpcRquant,P102L,2021-05-20_SNV_P102L,/mnt/c/Projects/prnp-somatic/scratch/ddpcr_gating_method_comparison_v2/inputs/ddpcRquant/P102L/2021-05-20_SNV_P102L/ch1,29,468592,NA,NA,NA,NA,NA,NA,ch1
ddpcRquant,P102L,2021-05-20_SNV_P102L,/mnt/c/Projects/prnp-somatic/scratch/ddpcr_gating_method_comparison_v2/inputs/ddpcRquant/P102L/2021-05-20_SNV_P102L/ch2,29,468592,NA,NA,NA,NA,NA,NA,ch2
ddpcRquant,P102L,2021-10-14_SNV_P102L,/mnt/c/Projects/prnp-somatic/scratch/ddpcr_gating_method_comparison_v2/inputs/ddpcRquant/P102L/2021-10-14_SNV_P102L/ch1,5,57646,NA,NA,NA,NA,NA,NA,ch1
ddpcRquant,P102L,2021-10-14_SNV_P102L,/mnt/c/Projects/prnp-somatic/scratch/ddpcr_gating_method_comparison_v2/inputs/ddpcRquant/P102L/2021-10-14_SNV_P102L/ch2,5,57646,NA,NA,NA,NA,NA,NA,ch2
