"sample","REF","ALT","read_count","REF_count","ALT_count","AAF"
"CJD1","C",TRUE,3129,3126,3,0.000958772770853308
"CJD2","C",TRUE,3067,3065,2,0.0006521030322791
"CJD3","C",TRUE,3545,3545,0,0
"CJD4","C",TRUE,1669,1669,0,0
"CJD5","C",TRUE,2,2,0,0
"CJD6","C",TRUE,3516,3516,0,0
"CJD7","C",TRUE,2759,2759,0,0
"CJD8","C",TRUE,51,51,0,0
"CJD11","C",TRUE,3236,3235,1,0.00030902348578492
"CJD12","C",TRUE,405,405,0,0
"CJD13","C",TRUE,4606,4604,2,0.000434216239687364
"CJD14","C",TRUE,13,13,0,0
"CJD15","C",TRUE,18,18,0,0
"CJD18","C",TRUE,12,12,0,0
"CJD19","C",TRUE,104,104,0,0
"CJD21","C",TRUE,4047,4047,0,0
"CJD22","C",TRUE,2739,2739,0,0
"CJD23","C",TRUE,5373,5373,0,0
"CJD24","C",TRUE,6,6,0,0
"CJD25","C",TRUE,2097,2097,0,0
"CJD27","C",TRUE,3294,3293,1,0.000303582270795386
"CJD28","C",TRUE,49,49,0,0
"CJD29","C",TRUE,126,126,0,0
"CJD30","C",TRUE,172,172,0,0
"CJD31","C",TRUE,12,12,0,0
"Ctrl1","C",TRUE,2191,2191,0,0
"Ctrl2","C",TRUE,347,347,0,0
"Ctrl3","C",TRUE,2078,2076,2,0.000962463907603465
"Ctrl4","C",TRUE,15,15,0,0
"Ctrl5","C",TRUE,2585,2584,1,0.000386847195357834
"Ctrl7","C",TRUE,27,27,0,0
