"sample","REF","ALT","read_count","REF_count","ALT_count","AAF"
"CJD1","C",TRUE,3488,3479,9,0.0025802752293578
"CJD2","C",TRUE,3438,3433,5,0.0014543339150669
"CJD3","C",TRUE,3984,3977,7,0.0017570281124498
"CJD4","C",TRUE,1681,1677,4,0.00237953599048186
"CJD5","C",TRUE,4,4,0,0
"CJD6","C",TRUE,3855,3849,6,0.00155642023346304
"CJD7","C",TRUE,2940,2936,4,0.00136054421768707
"CJD8","C",TRUE,27,27,0,0
"CJD11","C",TRUE,3371,3368,3,0.000889943636902996
"CJD12","C",TRUE,391,390,1,0.00255754475703325
"CJD13","C",TRUE,5001,4995,6,0.0011997600479904
"CJD14","C",TRUE,13,13,0,0
"CJD15","C",TRUE,15,15,0,0
"CJD18","C",TRUE,16,16,0,0
"CJD19","C",TRUE,104,104,0,0
"CJD21","C",TRUE,4125,4119,6,0.00145454545454545
"CJD22","C",TRUE,2878,2870,8,0.00277970813064628
"CJD23","C",TRUE,5726,5716,10,0.00174641983932937
"CJD24","C",TRUE,4,4,0,0
"CJD25","C",TRUE,1944,1942,2,0.00102880658436214
"CJD27","C",TRUE,3648,3636,12,0.00328947368421053
"CJD28","C",TRUE,59,59,0,0
"CJD29","C",TRUE,123,123,0,0
"CJD30","C",TRUE,160,160,0,0
"CJD31","C",TRUE,5,5,0,0
"Ctrl1","C",TRUE,1959,1958,1,0.000510464522715671
"Ctrl2","C",TRUE,361,361,0,0
"Ctrl3","C",TRUE,2219,2217,2,0.000901306894997747
"Ctrl4","C",TRUE,16,16,0,0
"Ctrl5","C",TRUE,2670,2665,5,0.00187265917602996
"Ctrl7","C",TRUE,41,41,0,0
