"sample","REF","ALT","read_count","REF_count","ALT_count","AAF"
"CJD1","G","A",3556,3554,2,0.000562429696287964
"CJD2","G","A",3680,3680,0,0
"CJD3","G","A",4219,4217,2,0.000474045982460299
"CJD4","G","A",2000,2000,0,0
"CJD5","G","A",8,8,0,0
"CJD6","G","A",3731,3730,1,0.000268024658268561
"CJD7","G","A",3130,3130,0,0
"CJD8","G","A",34,34,0,0
"CJD11","G","A",3524,3521,3,0.000851305334846765
"CJD12","G","A",579,579,0,0
"CJD13","G","A",5550,5549,1,0.00018018018018018
"CJD14","G","A",22,22,0,0
"CJD15","G","A",23,23,0,0
"CJD18","G","A",11,11,0,0
"CJD19","G","A",148,148,0,0
"CJD21","G","A",4307,4307,0,0
"CJD22","G","A",2557,2555,2,0.000782166601486116
"CJD23","G","A",6112,6110,2,0.000327225130890052
"CJD24","G","A",2,2,0,0
"CJD25","G","A",1765,1765,0,0
"CJD27","G","A",3617,3617,0,0
"CJD28","G","A",83,83,0,0
"CJD29","G","A",134,134,0,0
"CJD30","G","A",183,183,0,0
"CJD31","G","A",11,11,0,0
"Ctrl1","G","A",1840,1839,1,0.000543478260869565
"Ctrl2","G","A",496,496,0,0
"Ctrl3","G","A",2244,2243,1,0.000445632798573975
"Ctrl4","G","A",30,30,0,0
"Ctrl5","G","A",2841,2841,0,0
"Ctrl7","G","A",60,60,0,0
