"sample","REF","ALT","read_count","REF_count","ALT_count","AAF"
"CJD1","G","A",3373,3373,0,0
"CJD2","G","A",3415,3415,0,0
"CJD3","G","A",3923,3923,0,0
"CJD4","G","A",1630,1630,0,0
"CJD5","G","A",6,6,0,0
"CJD6","G","A",3714,3713,1,0.000269251480883145
"CJD7","G","A",3023,3023,0,0
"CJD8","G","A",28,28,0,0
"CJD11","G","A",3434,3434,0,0
"CJD12","G","A",423,423,0,0
"CJD13","G","A",4905,4902,3,0.000611620795107034
"CJD14","G","A",15,15,0,0
"CJD15","G","A",20,20,0,0
"CJD18","G","A",20,20,0,0
"CJD19","G","A",108,108,0,0
"CJD21","G","A",4109,4109,0,0
"CJD22","G","A",2850,2850,0,0
"CJD23","G","A",5554,5552,2,0.000360100828231905
"CJD24","G","A",7,7,0,0
"CJD25","G","A",2050,2048,2,0.000975609756097561
"CJD27","G","A",3514,3513,1,0.000284575981787137
"CJD28","G","A",58,58,0,0
"CJD29","G","A",132,132,0,0
"CJD30","G","A",174,174,0,0
"CJD31","G","A",9,9,0,0
"Ctrl1","G","A",1919,1918,1,0.000521104742053153
"Ctrl2","G","A",387,387,0,0
"Ctrl3","G","A",2170,2169,1,0.000460829493087558
"Ctrl4","G","A",25,25,0,0
"Ctrl5","G","A",2625,2624,1,0.000380952380952381
"Ctrl7","G","A",37,37,0,0
