"sample","REF","ALT","read_count","REF_count","ALT_count","AAF"
"CJD1","C",TRUE,3348,3346,2,0.000597371565113501
"CJD2","C",TRUE,3557,3555,2,0.000562271577171774
"CJD3","C",TRUE,3754,3753,1,0.00026638252530634
"CJD4","C",TRUE,1732,1732,0,0
"CJD5","C",TRUE,9,9,0,0
"CJD6","C",TRUE,3859,3859,0,0
"CJD7","C",TRUE,3044,3044,0,0
"CJD8","C",TRUE,34,34,0,0
"CJD11","C",TRUE,3390,3389,1,0.000294985250737463
"CJD12","C",TRUE,472,472,0,0
"CJD13","C",TRUE,4832,4831,1,0.000206953642384106
"CJD14","C",TRUE,11,11,0,0
"CJD15","C",TRUE,25,25,0,0
"CJD18","C",TRUE,17,17,0,0
"CJD19","C",TRUE,96,96,0,0
"CJD21","C",TRUE,3884,3884,0,0
"CJD22","C",TRUE,2937,2936,1,0.000340483486550902
"CJD23","C",TRUE,6231,6231,0,0
"CJD24","C",TRUE,12,12,0,0
"CJD25","C",TRUE,2110,2110,0,0
"CJD27","C",TRUE,3600,3599,1,0.000277777777777778
"CJD28","C",TRUE,77,77,0,0
"CJD29","C",TRUE,185,185,0,0
"CJD30","C",TRUE,175,175,0,0
"CJD31","C",TRUE,14,14,0,0
"Ctrl1","C",TRUE,2101,2101,0,0
"Ctrl2","C",TRUE,441,441,0,0
"Ctrl3","C",TRUE,2199,2199,0,0
"Ctrl4","C",TRUE,12,12,0,0
"Ctrl5","C",TRUE,2796,2796,0,0
"Ctrl7","C",TRUE,36,36,0,0
