"sample","REF","ALT","read_count","REF_count","ALT_count","AAF"
"CJD1","C","A",3346,3346,0,0
"CJD2","C","A",3556,3555,1,0.000281214848143982
"CJD3","C","A",3754,3753,1,0.00026638252530634
"CJD4","C","A",1732,1732,0,0
"CJD5","C","A",9,9,0,0
"CJD6","C","A",3860,3859,1,0.000259067357512953
"CJD7","C","A",3044,3044,0,0
"CJD8","C","A",34,34,0,0
"CJD11","C","A",3389,3389,0,0
"CJD12","C","A",472,472,0,0
"CJD13","C","A",4831,4831,0,0
"CJD14","C","A",11,11,0,0
"CJD15","C","A",25,25,0,0
"CJD18","C","A",17,17,0,0
"CJD19","C","A",96,96,0,0
"CJD21","C","A",3884,3884,0,0
"CJD22","C","A",2938,2936,2,0.00068073519400953
"CJD23","C","A",6232,6231,1,0.000160462130937099
"CJD24","C","A",12,12,0,0
"CJD25","C","A",2111,2110,1,0.000473709142586452
"CJD27","C","A",3600,3599,1,0.000277777777777778
"CJD28","C","A",77,77,0,0
"CJD29","C","A",185,185,0,0
"CJD30","C","A",175,175,0,0
"CJD31","C","A",14,14,0,0
"Ctrl1","C","A",2101,2101,0,0
"Ctrl2","C","A",441,441,0,0
"Ctrl3","C","A",2200,2199,1,0.000454545454545455
"Ctrl4","C","A",12,12,0,0
"Ctrl5","C","A",2796,2796,0,0
"Ctrl7","C","A",36,36,0,0
