"sample","REF","ALT","read_count","REF_count","ALT_count","AAF"
"CJD1","G","A",3481,3480,1,0.000287273771904625
"CJD2","G","A",3546,3546,0,0
"CJD3","G","A",4133,4131,2,0.00048390999274135
"CJD4","G","A",1942,1942,0,0
"CJD5","G","A",5,5,0,0
"CJD6","G","A",3871,3868,3,0.000774993541720486
"CJD7","G","A",3151,3151,0,0
"CJD8","G","A",35,35,0,0
"CJD11","G","A",3371,3370,1,0.000296647878967665
"CJD12","G","A",504,504,0,0
"CJD13","G","A",5427,5426,1,0.000184263865855906
"CJD14","G","A",12,12,0,0
"CJD15","G","A",36,36,0,0
"CJD18","G","A",17,17,0,0
"CJD19","G","A",156,156,0,0
"CJD21","G","A",4538,4536,2,0.000440722785368004
"CJD22","G","A",2419,2418,1,0.000413393964448119
"CJD23","G","A",5682,5679,3,0.000527983104540655
"CJD24","G","A",1,1,0,0
"CJD25","G","A",1720,1720,0,0
"CJD27","G","A",3522,3521,1,0.000283929585462805
"CJD28","G","A",76,76,0,0
"CJD29","G","A",154,154,0,0
"CJD30","G","A",163,163,0,0
"CJD31","G","A",12,12,0,0
"Ctrl1","G","A",1676,1676,0,0
"Ctrl2","G","A",485,485,0,0
"Ctrl3","G","A",2356,2356,0,0
"Ctrl4","G","A",20,20,0,0
"Ctrl5","G","A",2795,2792,3,0.00107334525939177
"Ctrl7","G","A",48,48,0,0
