"sample","REF","ALT","read_count","REF_count","ALT_count","AAF"
"CJD1","C",TRUE,3476,3475,1,0.000287686996547756
"CJD2","C",TRUE,3501,3501,0,0
"CJD3","C",TRUE,4106,4104,2,0.000487092060399416
"CJD4","C",TRUE,1954,1953,1,0.000511770726714432
"CJD5","C",TRUE,2,2,0,0
"CJD6","C",TRUE,3859,3858,1,0.000259134490800726
"CJD7","C",TRUE,3121,3121,0,0
"CJD8","C",TRUE,32,32,0,0
"CJD11","C",TRUE,3350,3348,2,0.000597014925373134
"CJD12","C",TRUE,502,502,0,0
"CJD13","C",TRUE,5395,5393,2,0.000370713623725672
"CJD14","C",TRUE,9,9,0,0
"CJD15","C",TRUE,32,32,0,0
"CJD18","C",TRUE,16,16,0,0
"CJD19","C",TRUE,152,152,0,0
"CJD21","C",TRUE,4532,4532,0,0
"CJD22","C",TRUE,2404,2404,0,0
"CJD23","C",TRUE,5664,5663,1,0.000176553672316384
"CJD24","C",TRUE,1,1,0,0
"CJD25","C",TRUE,1750,1749,1,0.000571428571428571
"CJD27","C",TRUE,3526,3525,1,0.000283607487237663
"CJD28","C",TRUE,68,68,0,0
"CJD29","C",TRUE,154,154,0,0
"CJD30","C",TRUE,168,168,0,0
"CJD31","C",TRUE,11,11,0,0
"Ctrl1","C",TRUE,1679,1679,0,0
"Ctrl2","C",TRUE,475,475,0,0
"Ctrl3","C",TRUE,2361,2360,1,0.000423549343498518
"Ctrl4","C",TRUE,16,16,0,0
"Ctrl5","C",TRUE,2775,2773,2,0.000720720720720721
"Ctrl7","C",TRUE,43,43,0,0
