"sample","REF","ALT","read_count","REF_count","ALT_count","AAF"
"CJD1","A","G",3672,3672,0,0
"CJD2","A","G",3745,3743,2,0.000534045393858478
"CJD3","A","G",4327,4325,2,0.000462214005084354
"CJD4","A","G",2083,2083,0,0
"CJD5","A","G",12,12,0,0
"CJD6","A","G",3853,3851,2,0.00051907604464054
"CJD7","A","G",3155,3154,1,0.000316957210776545
"CJD8","A","G",56,56,0,0
"CJD11","A","G",3638,3637,1,0.000274876305662452
"CJD12","A","G",634,634,0,0
"CJD13","A","G",5491,5487,4,0.00072846476051721
"CJD14","A","G",13,13,0,0
"CJD15","A","G",29,29,0,0
"CJD18","A","G",18,18,0,0
"CJD19","A","G",131,131,0,0
"CJD21","A","G",4362,4361,1,0.000229252636405319
"CJD22","A","G",2775,2772,3,0.00108108108108108
"CJD23","A","G",5847,5846,1,0.00017102787754404
"CJD24","A","G",0,0,0,NA
"CJD25","A","G",1676,1676,0,0
"CJD27","A","G",3648,3648,0,0
"CJD28","A","G",70,70,0,0
"CJD29","A","G",153,153,0,0
"CJD30","A","G",178,178,0,0
"CJD31","A","G",25,25,0,0
"Ctrl1","A","G",1791,1791,0,0
"Ctrl2","A","G",492,492,0,0
"Ctrl3","A","G",2317,2317,0,0
"Ctrl4","A","G",21,21,0,0
"Ctrl5","A","G",2888,2886,2,0.000692520775623269
"Ctrl7","A","G",56,56,0,0
