"sample","REF","ALT","read_count","REF_count","ALT_count","AAF"
"CJD1","G","A",3677,3673,4,0.00108784335055752
"CJD2","G","A",3795,3791,4,0.00105401844532279
"CJD3","G","A",4321,4321,0,0
"CJD4","G","A",1969,1968,1,0.000507872016251904
"CJD5","G","A",13,13,0,0
"CJD6","G","A",3771,3770,1,0.000265181649429859
"CJD7","G","A",3210,3210,0,0
"CJD8","G","A",33,33,0,0
"CJD11","G","A",3499,3496,3,0.000857387825092884
"CJD12","G","A",597,597,0,0
"CJD13","G","A",5571,5570,1,0.00017950098725543
"CJD14","G","A",24,24,0,0
"CJD15","G","A",36,36,0,0
"CJD18","G","A",14,14,0,0
"CJD19","G","A",130,130,0,0
"CJD21","G","A",4348,4348,0,0
"CJD22","G","A",2602,2601,1,0.000384319754035357
"CJD23","G","A",6117,6114,3,0.000490436488474743
"CJD24","G","A",1,1,0,0
"CJD25","G","A",1732,1732,0,0
"CJD27","G","A",3510,3507,3,0.000854700854700855
"CJD28","G","A",86,86,0,0
"CJD29","G","A",144,144,0,0
"CJD30","G","A",187,187,0,0
"CJD31","G","A",14,14,0,0
"Ctrl1","G","A",1852,1851,1,0.000539956803455724
"Ctrl2","G","A",503,503,0,0
"Ctrl3","G","A",2247,2246,1,0.000445037828215398
"Ctrl4","G","A",26,26,0,0
"Ctrl5","G","A",2818,2817,1,0.00035486160397445
"Ctrl7","G","A",44,44,0,0
