run_id,assay,well,sample,sample_type,sample_key,run_date,source_peak_data_json,source_peak_metadata_json,method_id,method_variant,n_total_droplets,n_accepted_droplets,n_nn,n_wt_only,n_mut_only,n_double_positive,n_rain,n_unclassified,n_mut_expected,n_wt_expected,classification_status,classification_message,method_parameters_json
2020-10-12_SNV_D178N,D178N,A01,NTC_D178N,NTC,ntc,2020-10-12,/mnt/c/Projects/prnp-somatic/raw/ddpcr/archive_contents/2020-10-12/SNV_D178N/PeakData/A01.ddpeakjson,/mnt/c/Projects/prnp-somatic/raw/ddpcr/archive_contents/2020-10-12/SNV_D178N/PeakMetaData/A01.ddmetajson,polygon_control_hull_gates,control-derived convex-hull polygon gates,15305,15304,15150,0,154,0,1,0,154,0,ok,NA,"{""gate_source"":""control_anchored_polygon"",""min_hull_points"":30,""polygon_expansion"":1.03}"
2020-10-12_SNV_D178N,D178N,A07,CJD15-1_fr_D178N,biological_sample,15_1_fr,2020-10-12,/mnt/c/Projects/prnp-somatic/raw/ddpcr/archive_contents/2020-10-12/SNV_D178N/PeakData/A07.ddpeakjson,/mnt/c/Projects/prnp-somatic/raw/ddpcr/archive_contents/2020-10-12/SNV_D178N/PeakMetaData/A07.ddmetajson,polygon_control_hull_gates,control-derived convex-hull polygon gates,17133,17071,4645,12406,6,14,62,0,20,12420,ok,NA,"{""gate_source"":""control_anchored_polygon"",""min_hull_points"":30,""polygon_expansion"":1.03}"
2020-10-12_SNV_D178N,D178N,B01,WT_D178N,WT_control,wt,2020-10-12,/mnt/c/Projects/prnp-somatic/raw/ddpcr/archive_contents/2020-10-12/SNV_D178N/PeakData/B01.ddpeakjson,/mnt/c/Projects/prnp-somatic/raw/ddpcr/archive_contents/2020-10-12/SNV_D178N/PeakMetaData/B01.ddmetajson,polygon_control_hull_gates,control-derived convex-hull polygon gates,13319,13150,1277,11846,21,6,169,0,27,11852,ok,NA,"{""gate_source"":""control_anchored_polygon"",""min_hull_points"":30,""polygon_expansion"":1.03}"
2020-10-12_SNV_D178N,D178N,B04,CJD15-27_cb_D178N,biological_sample,15_27_cb,2020-10-12,/mnt/c/Projects/prnp-somatic/raw/ddpcr/archive_contents/2020-10-12/SNV_D178N/PeakData/B04.ddpeakjson,/mnt/c/Projects/prnp-somatic/raw/ddpcr/archive_contents/2020-10-12/SNV_D178N/PeakMetaData/B04.ddmetajson,polygon_control_hull_gates,control-derived convex-hull polygon gates,14872,14827,6848,7949,11,19,45,0,30,7968,ok,NA,"{""gate_source"":""control_anchored_polygon"",""min_hull_points"":30,""polygon_expansion"":1.03}"
2020-10-12_SNV_D178N,D178N,C01,Mut_D178N,positive_control,mut,2020-10-12,/mnt/c/Projects/prnp-somatic/raw/ddpcr/archive_contents/2020-10-12/SNV_D178N/PeakData/C01.ddpeakjson,/mnt/c/Projects/prnp-somatic/raw/ddpcr/archive_contents/2020-10-12/SNV_D178N/PeakMetaData/C01.ddmetajson,polygon_control_hull_gates,control-derived convex-hull polygon gates,15700,15620,11236,1990,2072,322,80,0,2394,2312,ok,NA,"{""gate_source"":""control_anchored_polygon"",""min_hull_points"":30,""polygon_expansion"":1.03}"
2020-10-12_SNV_D178N,D178N,C04,CJD15-27_fr_D178N,biological_sample,15_27_fr,2020-10-12,/mnt/c/Projects/prnp-somatic/raw/ddpcr/archive_contents/2020-10-12/SNV_D178N/PeakData/C04.ddpeakjson,/mnt/c/Projects/prnp-somatic/raw/ddpcr/archive_contents/2020-10-12/SNV_D178N/PeakMetaData/C04.ddmetajson,polygon_control_hull_gates,control-derived convex-hull polygon gates,13022,12895,2427,10436,28,4,127,0,32,10440,ok,NA,"{""gate_source"":""control_anchored_polygon"",""min_hull_points"":30,""polygon_expansion"":1.03}"
2020-10-15_SNV_D178N,D178N,A01,NTC_D178N,NTC,ntc,2020-10-15,/mnt/c/Projects/prnp-somatic/raw/ddpcr/archive_contents/2020-10-15/SNV_D178N/PeakData/A01.ddpeakjson,/mnt/c/Projects/prnp-somatic/raw/ddpcr/archive_contents/2020-10-15/SNV_D178N/PeakMetaData/A01.ddmetajson,polygon_control_hull_gates,control-derived convex-hull polygon gates,10394,10392,10390,0,2,0,2,0,2,0,ok,NA,"{""gate_source"":""control_anchored_polygon"",""min_hull_points"":30,""polygon_expansion"":1.03}"
2020-10-15_SNV_D178N,D178N,A03,CJD18-6_bg_D178N,biological_sample,18_6_bg,2020-10-15,/mnt/c/Projects/prnp-somatic/raw/ddpcr/archive_contents/2020-10-15/SNV_D178N/PeakData/A03.ddpeakjson,/mnt/c/Projects/prnp-somatic/raw/ddpcr/archive_contents/2020-10-15/SNV_D178N/PeakMetaData/A03.ddmetajson,polygon_control_hull_gates,control-derived convex-hull polygon gates,14022,13936,2353,11566,9,8,86,0,17,11574,ok,NA,"{""gate_source"":""control_anchored_polygon"",""min_hull_points"":30,""polygon_expansion"":1.03}"
2020-10-15_SNV_D178N,D178N,A05,CJD18-17_bg_D178N,biological_sample,18_17_bg,2020-10-15,/mnt/c/Projects/prnp-somatic/raw/ddpcr/archive_contents/2020-10-15/SNV_D178N/PeakData/A05.ddpeakjson,/mnt/c/Projects/prnp-somatic/raw/ddpcr/archive_contents/2020-10-15/SNV_D178N/PeakMetaData/A05.ddmetajson,polygon_control_hull_gates,control-derived convex-hull polygon gates,11938,11541,1110,10279,132,20,397,0,152,10299,ok,NA,"{""gate_source"":""control_anchored_polygon"",""min_hull_points"":30,""polygon_expansion"":1.03}"
2020-10-15_SNV_D178N,D178N,A07,CJD18-24_bg_D178N,biological_sample,18_24_bg,2020-10-15,/mnt/c/Projects/prnp-somatic/raw/ddpcr/archive_contents/2020-10-15/SNV_D178N/PeakData/A07.ddpeakjson,/mnt/c/Projects/prnp-somatic/raw/ddpcr/archive_contents/2020-10-15/SNV_D178N/PeakMetaData/A07.ddmetajson,polygon_control_hull_gates,control-derived convex-hull polygon gates,13793,12615,2708,8413,1477,17,1178,0,1494,8430,ok,NA,"{""gate_source"":""control_anchored_polygon"",""min_hull_points"":30,""polygon_expansion"":1.03}"
2020-10-15_SNV_D178N,D178N,A09,CJD18-31_bg_D178N,biological_sample,18_31_bg,2020-10-15,/mnt/c/Projects/prnp-somatic/raw/ddpcr/archive_contents/2020-10-15/SNV_D178N/PeakData/A09.ddpeakjson,/mnt/c/Projects/prnp-somatic/raw/ddpcr/archive_contents/2020-10-15/SNV_D178N/PeakMetaData/A09.ddmetajson,polygon_control_hull_gates,control-derived convex-hull polygon gates,12762,10445,835,7758,1832,20,2317,0,1852,7778,ok,NA,"{""gate_source"":""control_anchored_polygon"",""min_hull_points"":30,""polygon_expansion"":1.03}"
2020-10-15_SNV_D178N,D178N,B01,WT_D178N,WT_control,wt,2020-10-15,/mnt/c/Projects/prnp-somatic/raw/ddpcr/archive_contents/2020-10-15/SNV_D178N/PeakData/B01.ddpeakjson,/mnt/c/Projects/prnp-somatic/raw/ddpcr/archive_contents/2020-10-15/SNV_D178N/PeakMetaData/B01.ddmetajson,polygon_control_hull_gates,control-derived convex-hull polygon gates,10440,10252,358,9879,11,4,188,0,15,9883,ok,NA,"{""gate_source"":""control_anchored_polygon"",""min_hull_points"":30,""polygon_expansion"":1.03}"
2020-10-15_SNV_D178N,D178N,B03,CJD18-6_cb_D178N,biological_sample,18_6_cb,2020-10-15,/mnt/c/Projects/prnp-somatic/raw/ddpcr/archive_contents/2020-10-15/SNV_D178N/PeakData/B03.ddpeakjson,/mnt/c/Projects/prnp-somatic/raw/ddpcr/archive_contents/2020-10-15/SNV_D178N/PeakMetaData/B03.ddmetajson,polygon_control_hull_gates,control-derived convex-hull polygon gates,14641,13657,1944,10542,1152,19,984,0,1171,10561,ok,NA,"{""gate_source"":""control_anchored_polygon"",""min_hull_points"":30,""polygon_expansion"":1.03}"
2020-10-15_SNV_D178N,D178N,B05,CJD18-17_cb_D178N,biological_sample,18_17_cb,2020-10-15,/mnt/c/Projects/prnp-somatic/raw/ddpcr/archive_contents/2020-10-15/SNV_D178N/PeakData/B05.ddpeakjson,/mnt/c/Projects/prnp-somatic/raw/ddpcr/archive_contents/2020-10-15/SNV_D178N/PeakMetaData/B05.ddmetajson,polygon_control_hull_gates,control-derived convex-hull polygon gates,12393,12045,2499,9248,287,11,348,0,298,9259,ok,NA,"{""gate_source"":""control_anchored_polygon"",""min_hull_points"":30,""polygon_expansion"":1.03}"
2020-10-15_SNV_D178N,D178N,B07,CJD18-24_cb_D178N,biological_sample,18_24_cb,2020-10-15,/mnt/c/Projects/prnp-somatic/raw/ddpcr/archive_contents/2020-10-15/SNV_D178N/PeakData/B07.ddpeakjson,/mnt/c/Projects/prnp-somatic/raw/ddpcr/archive_contents/2020-10-15/SNV_D178N/PeakMetaData/B07.ddmetajson,polygon_control_hull_gates,control-derived convex-hull polygon gates,13849,13347,3137,9834,342,34,502,0,376,9868,ok,NA,"{""gate_source"":""control_anchored_polygon"",""min_hull_points"":30,""polygon_expansion"":1.03}"
2020-10-15_SNV_D178N,D178N,B09,CJD18-31_cb_D178N,biological_sample,18_31_cb,2020-10-15,/mnt/c/Projects/prnp-somatic/raw/ddpcr/archive_contents/2020-10-15/SNV_D178N/PeakData/B09.ddpeakjson,/mnt/c/Projects/prnp-somatic/raw/ddpcr/archive_contents/2020-10-15/SNV_D178N/PeakMetaData/B09.ddmetajson,polygon_control_hull_gates,control-derived convex-hull polygon gates,15381,14529,2863,11299,359,8,852,0,367,11307,ok,NA,"{""gate_source"":""control_anchored_polygon"",""min_hull_points"":30,""polygon_expansion"":1.03}"
2020-10-15_SNV_D178N,D178N,C01,Mut_D178N,positive_control,mut,2020-10-15,/mnt/c/Projects/prnp-somatic/raw/ddpcr/archive_contents/2020-10-15/SNV_D178N/PeakData/C01.ddpeakjson,/mnt/c/Projects/prnp-somatic/raw/ddpcr/archive_contents/2020-10-15/SNV_D178N/PeakMetaData/C01.ddmetajson,polygon_control_hull_gates,control-derived convex-hull polygon gates,5827,5778,3199,1038,1091,450,49,0,1541,1488,ok,NA,"{""gate_source"":""control_anchored_polygon"",""min_hull_points"":30,""polygon_expansion"":1.03}"
2020-10-15_SNV_D178N,D178N,C03,CJD18-6_fr_D178N,biological_sample,18_6_fr,2020-10-15,/mnt/c/Projects/prnp-somatic/raw/ddpcr/archive_contents/2020-10-15/SNV_D178N/PeakData/C03.ddpeakjson,/mnt/c/Projects/prnp-somatic/raw/ddpcr/archive_contents/2020-10-15/SNV_D178N/PeakMetaData/C03.ddmetajson,polygon_control_hull_gates,control-derived convex-hull polygon gates,15621,15362,4049,11130,169,14,259,0,183,11144,ok,NA,"{""gate_source"":""control_anchored_polygon"",""min_hull_points"":30,""polygon_expansion"":1.03}"
2020-10-15_SNV_D178N,D178N,C05,CJD18-17_fr_D178N,biological_sample,18_17_fr,2020-10-15,/mnt/c/Projects/prnp-somatic/raw/ddpcr/archive_contents/2020-10-15/SNV_D178N/PeakData/C05.ddpeakjson,/mnt/c/Projects/prnp-somatic/raw/ddpcr/archive_contents/2020-10-15/SNV_D178N/PeakMetaData/C05.ddmetajson,polygon_control_hull_gates,control-derived convex-hull polygon gates,13888,12923,1688,10618,595,22,965,0,617,10640,ok,NA,"{""gate_source"":""control_anchored_polygon"",""min_hull_points"":30,""polygon_expansion"":1.03}"
2020-10-15_SNV_D178N,D178N,C07,CJD18-24_fr_D178N,biological_sample,18_24_fr,2020-10-15,/mnt/c/Projects/prnp-somatic/raw/ddpcr/archive_contents/2020-10-15/SNV_D178N/PeakData/C07.ddpeakjson,/mnt/c/Projects/prnp-somatic/raw/ddpcr/archive_contents/2020-10-15/SNV_D178N/PeakMetaData/C07.ddmetajson,polygon_control_hull_gates,control-derived convex-hull polygon gates,15049,13215,1194,11104,870,47,1834,0,917,11151,ok,NA,"{""gate_source"":""control_anchored_polygon"",""min_hull_points"":30,""polygon_expansion"":1.03}"
2020-10-15_SNV_D178N,D178N,D03,CJD18-6_hc_D178N,biological_sample,18_6_hc,2020-10-15,/mnt/c/Projects/prnp-somatic/raw/ddpcr/archive_contents/2020-10-15/SNV_D178N/PeakData/D03.ddpeakjson,/mnt/c/Projects/prnp-somatic/raw/ddpcr/archive_contents/2020-10-15/SNV_D178N/PeakMetaData/D03.ddmetajson,polygon_control_hull_gates,control-derived convex-hull polygon gates,12400,12383,1951,10424,1,7,17,0,8,10431,ok,NA,"{""gate_source"":""control_anchored_polygon"",""min_hull_points"":30,""polygon_expansion"":1.03}"
2020-10-15_SNV_D178N,D178N,D05,CJD18-17_hc_D178N,biological_sample,18_17_hc,2020-10-15,/mnt/c/Projects/prnp-somatic/raw/ddpcr/archive_contents/2020-10-15/SNV_D178N/PeakData/D05.ddpeakjson,/mnt/c/Projects/prnp-somatic/raw/ddpcr/archive_contents/2020-10-15/SNV_D178N/PeakMetaData/D05.ddmetajson,polygon_control_hull_gates,control-derived convex-hull polygon gates,12930,12836,2487,10342,0,7,94,0,7,10349,ok,NA,"{""gate_source"":""control_anchored_polygon"",""min_hull_points"":30,""polygon_expansion"":1.03}"
2020-10-15_SNV_D178N,D178N,D07,CJD18-24_hc_D178N,biological_sample,18_24_hc,2020-10-15,/mnt/c/Projects/prnp-somatic/raw/ddpcr/archive_contents/2020-10-15/SNV_D178N/PeakData/D07.ddpeakjson,/mnt/c/Projects/prnp-somatic/raw/ddpcr/archive_contents/2020-10-15/SNV_D178N/PeakMetaData/D07.ddmetajson,polygon_control_hull_gates,control-derived convex-hull polygon gates,12035,11924,1536,10369,8,11,111,0,19,10380,ok,NA,"{""gate_source"":""control_anchored_polygon"",""min_hull_points"":30,""polygon_expansion"":1.03}"
2020-10-15_SNV_D178N,D178N,D09,CJD18-31_hc_D178N,biological_sample,18_31_hc,2020-10-15,/mnt/c/Projects/prnp-somatic/raw/ddpcr/archive_contents/2020-10-15/SNV_D178N/PeakData/D09.ddpeakjson,/mnt/c/Projects/prnp-somatic/raw/ddpcr/archive_contents/2020-10-15/SNV_D178N/PeakMetaData/D09.ddmetajson,polygon_control_hull_gates,control-derived convex-hull polygon gates,10005,9617,3383,6121,69,44,388,0,113,6165,ok,NA,"{""gate_source"":""control_anchored_polygon"",""min_hull_points"":30,""polygon_expansion"":1.03}"
2020-10-15_SNV_D178N,D178N,E03,CJD18-6_sn_D178N,biological_sample,18_6_sn,2020-10-15,/mnt/c/Projects/prnp-somatic/raw/ddpcr/archive_contents/2020-10-15/SNV_D178N/PeakData/E03.ddpeakjson,/mnt/c/Projects/prnp-somatic/raw/ddpcr/archive_contents/2020-10-15/SNV_D178N/PeakMetaData/E03.ddmetajson,polygon_control_hull_gates,control-derived convex-hull polygon gates,13010,12794,2197,10526,64,7,216,0,71,10533,ok,NA,"{""gate_source"":""control_anchored_polygon"",""min_hull_points"":30,""polygon_expansion"":1.03}"
2020-10-15_SNV_D178N,D178N,E05,CJD18-17_sn_D178N,biological_sample,18_17_sn,2020-10-15,/mnt/c/Projects/prnp-somatic/raw/ddpcr/archive_contents/2020-10-15/SNV_D178N/PeakData/E05.ddpeakjson,/mnt/c/Projects/prnp-somatic/raw/ddpcr/archive_contents/2020-10-15/SNV_D178N/PeakMetaData/E05.ddmetajson,polygon_control_hull_gates,control-derived convex-hull polygon gates,13175,12884,3679,9035,150,20,291,0,170,9055,ok,NA,"{""gate_source"":""control_anchored_polygon"",""min_hull_points"":30,""polygon_expansion"":1.03}"
2020-10-15_SNV_D178N,D178N,E07,CJD18-24_sn_D178N,biological_sample,18_24_sn,2020-10-15,/mnt/c/Projects/prnp-somatic/raw/ddpcr/archive_contents/2020-10-15/SNV_D178N/PeakData/E07.ddpeakjson,/mnt/c/Projects/prnp-somatic/raw/ddpcr/archive_contents/2020-10-15/SNV_D178N/PeakMetaData/E07.ddmetajson,polygon_control_hull_gates,control-derived convex-hull polygon gates,11173,10595,2658,7769,44,124,578,0,168,7893,ok,NA,"{""gate_source"":""control_anchored_polygon"",""min_hull_points"":30,""polygon_expansion"":1.03}"
2020-10-15_SNV_D178N,D178N,E09,CJD18-31_sn_D178N,biological_sample,18_31_sn,2020-10-15,/mnt/c/Projects/prnp-somatic/raw/ddpcr/archive_contents/2020-10-15/SNV_D178N/PeakData/E09.ddpeakjson,/mnt/c/Projects/prnp-somatic/raw/ddpcr/archive_contents/2020-10-15/SNV_D178N/PeakMetaData/E09.ddmetajson,polygon_control_hull_gates,control-derived convex-hull polygon gates,11011,9888,2122,7573,161,32,1123,0,193,7605,ok,NA,"{""gate_source"":""control_anchored_polygon"",""min_hull_points"":30,""polygon_expansion"":1.03}"
2020-10-15_SNV_D178N,D178N,F03,CJD18-6_th_D178N,biological_sample,18_6_th,2020-10-15,/mnt/c/Projects/prnp-somatic/raw/ddpcr/archive_contents/2020-10-15/SNV_D178N/PeakData/F03.ddpeakjson,/mnt/c/Projects/prnp-somatic/raw/ddpcr/archive_contents/2020-10-15/SNV_D178N/PeakMetaData/F03.ddmetajson,polygon_control_hull_gates,control-derived convex-hull polygon gates,10976,10826,1453,9355,8,10,150,0,18,9365,ok,NA,"{""gate_source"":""control_anchored_polygon"",""min_hull_points"":30,""polygon_expansion"":1.03}"
2020-10-15_SNV_D178N,D178N,F05,CJD18-17_th_D178N,biological_sample,18_17_th,2020-10-15,/mnt/c/Projects/prnp-somatic/raw/ddpcr/archive_contents/2020-10-15/SNV_D178N/PeakData/F05.ddpeakjson,/mnt/c/Projects/prnp-somatic/raw/ddpcr/archive_contents/2020-10-15/SNV_D178N/PeakMetaData/F05.ddmetajson,polygon_control_hull_gates,control-derived convex-hull polygon gates,12407,12364,2338,10013,2,11,43,0,13,10024,ok,NA,"{""gate_source"":""control_anchored_polygon"",""min_hull_points"":30,""polygon_expansion"":1.03}"
2020-10-22_SNV_D178N,D178N,A01,NTC_E200K,NTC,ntc,2020-10-22,/mnt/c/Projects/prnp-somatic/raw/ddpcr/archive_contents/2020-10-22/SNV_D178N/PeakData/A01.ddpeakjson,/mnt/c/Projects/prnp-somatic/raw/ddpcr/archive_contents/2020-10-22/SNV_D178N/PeakMetaData/A01.ddmetajson,polygon_control_hull_gates,control-derived convex-hull polygon gates,14594,14590,14474,1,115,0,4,0,115,1,ok,NA,"{""gate_source"":""control_anchored_polygon"",""min_hull_points"":30,""polygon_expansion"":1.03}"
2020-10-22_SNV_D178N,D178N,A03,CJD13-21_bg_D178N,biological_sample,13_21_bg,2020-10-22,/mnt/c/Projects/prnp-somatic/raw/ddpcr/archive_contents/2020-10-22/SNV_D178N/PeakData/A03.ddpeakjson,/mnt/c/Projects/prnp-somatic/raw/ddpcr/archive_contents/2020-10-22/SNV_D178N/PeakMetaData/A03.ddmetajson,polygon_control_hull_gates,control-derived convex-hull polygon gates,13792,12862,1527,11044,250,41,930,0,291,11085,ok,NA,"{""gate_source"":""control_anchored_polygon"",""min_hull_points"":30,""polygon_expansion"":1.03}"
2020-10-22_SNV_D178N,D178N,A05,CJD14-24_bg_D178N,biological_sample,14_24_bg,2020-10-22,/mnt/c/Projects/prnp-somatic/raw/ddpcr/archive_contents/2020-10-22/SNV_D178N/PeakData/A05.ddpeakjson,/mnt/c/Projects/prnp-somatic/raw/ddpcr/archive_contents/2020-10-22/SNV_D178N/PeakMetaData/A05.ddmetajson,polygon_control_hull_gates,control-derived convex-hull polygon gates,13917,13474,3052,10019,386,17,443,0,403,10036,ok,NA,"{""gate_source"":""control_anchored_polygon"",""min_hull_points"":30,""polygon_expansion"":1.03}"
2020-10-22_SNV_D178N,D178N,A07,CJD20-08_bg_D178N,biological_sample,20_08_bg,2020-10-22,/mnt/c/Projects/prnp-somatic/raw/ddpcr/archive_contents/2020-10-22/SNV_D178N/PeakData/A07.ddpeakjson,/mnt/c/Projects/prnp-somatic/raw/ddpcr/archive_contents/2020-10-22/SNV_D178N/PeakMetaData/A07.ddmetajson,polygon_control_hull_gates,control-derived convex-hull polygon gates,14933,14771,4035,10606,119,11,162,0,130,10617,ok,NA,"{""gate_source"":""control_anchored_polygon"",""min_hull_points"":30,""polygon_expansion"":1.03}"
2020-10-22_SNV_D178N,D178N,A09,CJD19-29_fr_D178N,biological_sample,19_29_fr,2020-10-22,/mnt/c/Projects/prnp-somatic/raw/ddpcr/archive_contents/2020-10-22/SNV_D178N/PeakData/A09.ddpeakjson,/mnt/c/Projects/prnp-somatic/raw/ddpcr/archive_contents/2020-10-22/SNV_D178N/PeakMetaData/A09.ddmetajson,polygon_control_hull_gates,control-derived convex-hull polygon gates,15716,14459,4648,8055,1742,14,1257,0,1756,8069,ok,NA,"{""gate_source"":""control_anchored_polygon"",""min_hull_points"":30,""polygon_expansion"":1.03}"
2020-10-22_SNV_D178N,D178N,B01,WT_D178N,WT_control,wt,2020-10-22,/mnt/c/Projects/prnp-somatic/raw/ddpcr/archive_contents/2020-10-22/SNV_D178N/PeakData/B01.ddpeakjson,/mnt/c/Projects/prnp-somatic/raw/ddpcr/archive_contents/2020-10-22/SNV_D178N/PeakMetaData/B01.ddmetajson,polygon_control_hull_gates,control-derived convex-hull polygon gates,10594,10539,2196,8303,24,16,55,0,40,8319,ok,NA,"{""gate_source"":""control_anchored_polygon"",""min_hull_points"":30,""polygon_expansion"":1.03}"
2020-10-22_SNV_D178N,D178N,B03,CJD13-21_cb_D178N,biological_sample,13_21_cb,2020-10-22,/mnt/c/Projects/prnp-somatic/raw/ddpcr/archive_contents/2020-10-22/SNV_D178N/PeakData/B03.ddpeakjson,/mnt/c/Projects/prnp-somatic/raw/ddpcr/archive_contents/2020-10-22/SNV_D178N/PeakMetaData/B03.ddmetajson,polygon_control_hull_gates,control-derived convex-hull polygon gates,16247,15501,1561,13696,221,23,746,0,244,13719,ok,NA,"{""gate_source"":""control_anchored_polygon"",""min_hull_points"":30,""polygon_expansion"":1.03}"
2020-10-22_SNV_D178N,D178N,B05,CJD14-24_cb_D178N,biological_sample,14_24_cb,2020-10-22,/mnt/c/Projects/prnp-somatic/raw/ddpcr/archive_contents/2020-10-22/SNV_D178N/PeakData/B05.ddpeakjson,/mnt/c/Projects/prnp-somatic/raw/ddpcr/archive_contents/2020-10-22/SNV_D178N/PeakMetaData/B05.ddmetajson,polygon_control_hull_gates,control-derived convex-hull polygon gates,13431,13001,3984,8403,607,7,430,0,614,8410,ok,NA,"{""gate_source"":""control_anchored_polygon"",""min_hull_points"":30,""polygon_expansion"":1.03}"
2020-10-22_SNV_D178N,D178N,B07,CJD20-08_cb_D178N,biological_sample,20_08_cb,2020-10-22,/mnt/c/Projects/prnp-somatic/raw/ddpcr/archive_contents/2020-10-22/SNV_D178N/PeakData/B07.ddpeakjson,/mnt/c/Projects/prnp-somatic/raw/ddpcr/archive_contents/2020-10-22/SNV_D178N/PeakMetaData/B07.ddmetajson,polygon_control_hull_gates,control-derived convex-hull polygon gates,13836,13196,2553,10437,190,16,640,0,206,10453,ok,NA,"{""gate_source"":""control_anchored_polygon"",""min_hull_points"":30,""polygon_expansion"":1.03}"
2020-10-22_SNV_D178N,D178N,C01,D178N-mut,positive_control,,2020-10-22,/mnt/c/Projects/prnp-somatic/raw/ddpcr/archive_contents/2020-10-22/SNV_D178N/PeakData/C01.ddpeakjson,/mnt/c/Projects/prnp-somatic/raw/ddpcr/archive_contents/2020-10-22/SNV_D178N/PeakMetaData/C01.ddmetajson,polygon_control_hull_gates,control-derived convex-hull polygon gates,15354,15288,11945,1412,1748,183,66,0,1931,1595,ok,NA,"{""gate_source"":""control_anchored_polygon"",""min_hull_points"":30,""polygon_expansion"":1.03}"
2020-10-22_SNV_D178N,D178N,C03,CJD13-21_fr_D178N,biological_sample,13_21_fr,2020-10-22,/mnt/c/Projects/prnp-somatic/raw/ddpcr/archive_contents/2020-10-22/SNV_D178N/PeakData/C03.ddpeakjson,/mnt/c/Projects/prnp-somatic/raw/ddpcr/archive_contents/2020-10-22/SNV_D178N/PeakMetaData/C03.ddmetajson,polygon_control_hull_gates,control-derived convex-hull polygon gates,12568,12450,1516,10878,49,7,118,0,56,10885,ok,NA,"{""gate_source"":""control_anchored_polygon"",""min_hull_points"":30,""polygon_expansion"":1.03}"
2020-10-22_SNV_D178N,D178N,C05,CJD14-24_fr_D178N,biological_sample,14_24_fr,2020-10-22,/mnt/c/Projects/prnp-somatic/raw/ddpcr/archive_contents/2020-10-22/SNV_D178N/PeakData/C05.ddpeakjson,/mnt/c/Projects/prnp-somatic/raw/ddpcr/archive_contents/2020-10-22/SNV_D178N/PeakMetaData/C05.ddmetajson,polygon_control_hull_gates,control-derived convex-hull polygon gates,15282,14011,2333,10269,1393,16,1271,0,1409,10285,ok,NA,"{""gate_source"":""control_anchored_polygon"",""min_hull_points"":30,""polygon_expansion"":1.03}"
2020-10-22_SNV_D178N,D178N,C07,CJD20-08_fr_D178N,biological_sample,20_08_fr,2020-10-22,/mnt/c/Projects/prnp-somatic/raw/ddpcr/archive_contents/2020-10-22/SNV_D178N/PeakData/C07.ddpeakjson,/mnt/c/Projects/prnp-somatic/raw/ddpcr/archive_contents/2020-10-22/SNV_D178N/PeakMetaData/C07.ddmetajson,polygon_control_hull_gates,control-derived convex-hull polygon gates,15760,15739,3917,11813,0,9,21,0,9,11822,ok,NA,"{""gate_source"":""control_anchored_polygon"",""min_hull_points"":30,""polygon_expansion"":1.03}"
2020-10-22_SNV_D178N,D178N,D03,CJD13-21_sn_D178N,biological_sample,13_21_sn,2020-10-22,/mnt/c/Projects/prnp-somatic/raw/ddpcr/archive_contents/2020-10-22/SNV_D178N/PeakData/D03.ddpeakjson,/mnt/c/Projects/prnp-somatic/raw/ddpcr/archive_contents/2020-10-22/SNV_D178N/PeakMetaData/D03.ddmetajson,polygon_control_hull_gates,control-derived convex-hull polygon gates,14888,14565,2181,12261,97,26,323,0,123,12287,ok,NA,"{""gate_source"":""control_anchored_polygon"",""min_hull_points"":30,""polygon_expansion"":1.03}"
2020-10-22_SNV_D178N,D178N,D05,CJD14-24_hc_D178N,biological_sample,14_24_hc,2020-10-22,/mnt/c/Projects/prnp-somatic/raw/ddpcr/archive_contents/2020-10-22/SNV_D178N/PeakData/D05.ddpeakjson,/mnt/c/Projects/prnp-somatic/raw/ddpcr/archive_contents/2020-10-22/SNV_D178N/PeakMetaData/D05.ddmetajson,polygon_control_hull_gates,control-derived convex-hull polygon gates,11561,11536,1720,9809,0,7,25,0,7,9816,ok,NA,"{""gate_source"":""control_anchored_polygon"",""min_hull_points"":30,""polygon_expansion"":1.03}"
2020-10-22_SNV_D178N,D178N,D07,CJD20-08_sn_D178N,biological_sample,20_08_sn,2020-10-22,/mnt/c/Projects/prnp-somatic/raw/ddpcr/archive_contents/2020-10-22/SNV_D178N/PeakData/D07.ddpeakjson,/mnt/c/Projects/prnp-somatic/raw/ddpcr/archive_contents/2020-10-22/SNV_D178N/PeakMetaData/D07.ddmetajson,polygon_control_hull_gates,control-derived convex-hull polygon gates,14810,14454,3281,10909,257,7,356,0,264,10916,ok,NA,"{""gate_source"":""control_anchored_polygon"",""min_hull_points"":30,""polygon_expansion"":1.03}"
2020-10-22_SNV_D178N,D178N,E03,CJD13-21_th_D178N,biological_sample,13_21_th,2020-10-22,/mnt/c/Projects/prnp-somatic/raw/ddpcr/archive_contents/2020-10-22/SNV_D178N/PeakData/E03.ddpeakjson,/mnt/c/Projects/prnp-somatic/raw/ddpcr/archive_contents/2020-10-22/SNV_D178N/PeakMetaData/E03.ddmetajson,polygon_control_hull_gates,control-derived convex-hull polygon gates,15117,14837,8247,5852,719,19,280,0,738,5871,ok,NA,"{""gate_source"":""control_anchored_polygon"",""min_hull_points"":30,""polygon_expansion"":1.03}"
2020-10-22_SNV_D178N,D178N,E05,CJD14-24_sn_D178N,biological_sample,14_24_sn,2020-10-22,/mnt/c/Projects/prnp-somatic/raw/ddpcr/archive_contents/2020-10-22/SNV_D178N/PeakData/E05.ddpeakjson,/mnt/c/Projects/prnp-somatic/raw/ddpcr/archive_contents/2020-10-22/SNV_D178N/PeakMetaData/E05.ddmetajson,polygon_control_hull_gates,control-derived convex-hull polygon gates,14604,14489,687,13789,1,12,115,0,13,13801,ok,NA,"{""gate_source"":""control_anchored_polygon"",""min_hull_points"":30,""polygon_expansion"":1.03}"
2020-10-22_SNV_D178N,D178N,E07,CJD20-08_th_D178N,biological_sample,20_08_th,2020-10-22,/mnt/c/Projects/prnp-somatic/raw/ddpcr/archive_contents/2020-10-22/SNV_D178N/PeakData/E07.ddpeakjson,/mnt/c/Projects/prnp-somatic/raw/ddpcr/archive_contents/2020-10-22/SNV_D178N/PeakMetaData/E07.ddmetajson,polygon_control_hull_gates,control-derived convex-hull polygon gates,14117,14082,5569,8504,4,5,35,0,9,8509,ok,NA,"{""gate_source"":""control_anchored_polygon"",""min_hull_points"":30,""polygon_expansion"":1.03}"
2020-10-22_SNV_D178N,D178N,F05,CJD14-24_th_D178N,biological_sample,14_24_th,2020-10-22,/mnt/c/Projects/prnp-somatic/raw/ddpcr/archive_contents/2020-10-22/SNV_D178N/PeakData/F05.ddpeakjson,/mnt/c/Projects/prnp-somatic/raw/ddpcr/archive_contents/2020-10-22/SNV_D178N/PeakMetaData/F05.ddmetajson,polygon_control_hull_gates,control-derived convex-hull polygon gates,13442,12312,167,12107,24,14,1130,0,38,12121,ok,NA,"{""gate_source"":""control_anchored_polygon"",""min_hull_points"":30,""polygon_expansion"":1.03}"
2020-10-29_SNV_D178N,D178N,A01,CJD17-20_bg,biological_sample,17_20_bg,2020-10-29,/mnt/c/Projects/prnp-somatic/raw/ddpcr/archive_contents/2020-10-29/SNV_D178N/PeakData/A01.ddpeakjson,/mnt/c/Projects/prnp-somatic/raw/ddpcr/archive_contents/2020-10-29/SNV_D178N/PeakMetaData/A01.ddmetajson,polygon_control_hull_gates,control-derived convex-hull polygon gates,14623,14595,2309,12277,4,5,28,0,9,12282,ok,NA,"{""gate_source"":""control_anchored_polygon"",""min_hull_points"":30,""polygon_expansion"":1.03}"
2020-10-29_SNV_D178N,D178N,A05,CJD17-31_bg,biological_sample,17_31_bg,2020-10-29,/mnt/c/Projects/prnp-somatic/raw/ddpcr/archive_contents/2020-10-29/SNV_D178N/PeakData/A05.ddpeakjson,/mnt/c/Projects/prnp-somatic/raw/ddpcr/archive_contents/2020-10-29/SNV_D178N/PeakMetaData/A05.ddmetajson,polygon_control_hull_gates,control-derived convex-hull polygon gates,13105,13081,1229,11841,0,11,24,0,11,11852,ok,NA,"{""gate_source"":""control_anchored_polygon"",""min_hull_points"":30,""polygon_expansion"":1.03}"
2020-10-29_SNV_D178N,D178N,A07,CJD17-32_bg,biological_sample,17_32_bg,2020-10-29,/mnt/c/Projects/prnp-somatic/raw/ddpcr/archive_contents/2020-10-29/SNV_D178N/PeakData/A07.ddpeakjson,/mnt/c/Projects/prnp-somatic/raw/ddpcr/archive_contents/2020-10-29/SNV_D178N/PeakMetaData/A07.ddmetajson,polygon_control_hull_gates,control-derived convex-hull polygon gates,9128,9095,4010,5082,1,2,33,0,3,5084,ok,NA,"{""gate_source"":""control_anchored_polygon"",""min_hull_points"":30,""polygon_expansion"":1.03}"
2020-10-29_SNV_D178N,D178N,A09,CJD18-5_bg,biological_sample,18_5_bg,2020-10-29,/mnt/c/Projects/prnp-somatic/raw/ddpcr/archive_contents/2020-10-29/SNV_D178N/PeakData/A09.ddpeakjson,/mnt/c/Projects/prnp-somatic/raw/ddpcr/archive_contents/2020-10-29/SNV_D178N/PeakMetaData/A09.ddmetajson,polygon_control_hull_gates,control-derived convex-hull polygon gates,12999,12988,3547,9440,0,1,11,0,1,9441,ok,NA,"{""gate_source"":""control_anchored_polygon"",""min_hull_points"":30,""polygon_expansion"":1.03}"
2020-10-29_SNV_D178N,D178N,B01,CJD17-20_cb,biological_sample,17_20_cb,2020-10-29,/mnt/c/Projects/prnp-somatic/raw/ddpcr/archive_contents/2020-10-29/SNV_D178N/PeakData/B01.ddpeakjson,/mnt/c/Projects/prnp-somatic/raw/ddpcr/archive_contents/2020-10-29/SNV_D178N/PeakMetaData/B01.ddmetajson,polygon_control_hull_gates,control-derived convex-hull polygon gates,15623,15595,1692,13856,29,18,28,0,47,13874,ok,NA,"{""gate_source"":""control_anchored_polygon"",""min_hull_points"":30,""polygon_expansion"":1.03}"
2020-10-29_SNV_D178N,D178N,B05,CJD17-31_hc,biological_sample,17_31_hc,2020-10-29,/mnt/c/Projects/prnp-somatic/raw/ddpcr/archive_contents/2020-10-29/SNV_D178N/PeakData/B05.ddpeakjson,/mnt/c/Projects/prnp-somatic/raw/ddpcr/archive_contents/2020-10-29/SNV_D178N/PeakMetaData/B05.ddmetajson,polygon_control_hull_gates,control-derived convex-hull polygon gates,12912,12632,1189,11429,0,14,280,0,14,11443,ok,NA,"{""gate_source"":""control_anchored_polygon"",""min_hull_points"":30,""polygon_expansion"":1.03}"
2020-10-29_SNV_D178N,D178N,B07,CJD17-32_cb,biological_sample,17_32_cb,2020-10-29,/mnt/c/Projects/prnp-somatic/raw/ddpcr/archive_contents/2020-10-29/SNV_D178N/PeakData/B07.ddpeakjson,/mnt/c/Projects/prnp-somatic/raw/ddpcr/archive_contents/2020-10-29/SNV_D178N/PeakMetaData/B07.ddmetajson,polygon_control_hull_gates,control-derived convex-hull polygon gates,12520,12512,5554,6955,1,2,8,0,3,6957,ok,NA,"{""gate_source"":""control_anchored_polygon"",""min_hull_points"":30,""polygon_expansion"":1.03}"
2020-10-29_SNV_D178N,D178N,B09,CJD18-5_cb,biological_sample,18_5_cb,2020-10-29,/mnt/c/Projects/prnp-somatic/raw/ddpcr/archive_contents/2020-10-29/SNV_D178N/PeakData/B09.ddpeakjson,/mnt/c/Projects/prnp-somatic/raw/ddpcr/archive_contents/2020-10-29/SNV_D178N/PeakMetaData/B09.ddmetajson,polygon_control_hull_gates,control-derived convex-hull polygon gates,9194,9126,1645,7474,0,7,68,0,7,7481,ok,NA,"{""gate_source"":""control_anchored_polygon"",""min_hull_points"":30,""polygon_expansion"":1.03}"
2020-10-29_SNV_D178N,D178N,C01,CJD17-20_fr,biological_sample,17_20_fr,2020-10-29,/mnt/c/Projects/prnp-somatic/raw/ddpcr/archive_contents/2020-10-29/SNV_D178N/PeakData/C01.ddpeakjson,/mnt/c/Projects/prnp-somatic/raw/ddpcr/archive_contents/2020-10-29/SNV_D178N/PeakMetaData/C01.ddmetajson,polygon_control_hull_gates,control-derived convex-hull polygon gates,15777,15757,1208,14531,0,18,20,0,18,14549,ok,NA,"{""gate_source"":""control_anchored_polygon"",""min_hull_points"":30,""polygon_expansion"":1.03}"
2020-10-29_SNV_D178N,D178N,C05,CJD17-31_sn,biological_sample,17_31_sn,2020-10-29,/mnt/c/Projects/prnp-somatic/raw/ddpcr/archive_contents/2020-10-29/SNV_D178N/PeakData/C05.ddpeakjson,/mnt/c/Projects/prnp-somatic/raw/ddpcr/archive_contents/2020-10-29/SNV_D178N/PeakMetaData/C05.ddmetajson,polygon_control_hull_gates,control-derived convex-hull polygon gates,12274,12210,4489,7714,1,6,64,0,7,7720,ok,NA,"{""gate_source"":""control_anchored_polygon"",""min_hull_points"":30,""polygon_expansion"":1.03}"
2020-10-29_SNV_D178N,D178N,C07,CJD17-32_fr,biological_sample,17_32_fr,2020-10-29,/mnt/c/Projects/prnp-somatic/raw/ddpcr/archive_contents/2020-10-29/SNV_D178N/PeakData/C07.ddpeakjson,/mnt/c/Projects/prnp-somatic/raw/ddpcr/archive_contents/2020-10-29/SNV_D178N/PeakMetaData/C07.ddmetajson,polygon_control_hull_gates,control-derived convex-hull polygon gates,13841,13836,6663,7169,0,4,5,0,4,7173,ok,NA,"{""gate_source"":""control_anchored_polygon"",""min_hull_points"":30,""polygon_expansion"":1.03}"
2020-10-29_SNV_D178N,D178N,C09,CJD18-5_fr,biological_sample,18_5_fr,2020-10-29,/mnt/c/Projects/prnp-somatic/raw/ddpcr/archive_contents/2020-10-29/SNV_D178N/PeakData/C09.ddpeakjson,/mnt/c/Projects/prnp-somatic/raw/ddpcr/archive_contents/2020-10-29/SNV_D178N/PeakMetaData/C09.ddmetajson,polygon_control_hull_gates,control-derived convex-hull polygon gates,12757,12704,2099,10594,1,10,53,0,11,10604,ok,NA,"{""gate_source"":""control_anchored_polygon"",""min_hull_points"":30,""polygon_expansion"":1.03}"
2020-10-29_SNV_D178N,D178N,D01,CJD17-20_sn,biological_sample,17_20_sn,2020-10-29,/mnt/c/Projects/prnp-somatic/raw/ddpcr/archive_contents/2020-10-29/SNV_D178N/PeakData/D01.ddpeakjson,/mnt/c/Projects/prnp-somatic/raw/ddpcr/archive_contents/2020-10-29/SNV_D178N/PeakMetaData/D01.ddmetajson,polygon_control_hull_gates,control-derived convex-hull polygon gates,17008,16948,3761,13135,7,45,60,0,52,13180,ok,NA,"{""gate_source"":""control_anchored_polygon"",""min_hull_points"":30,""polygon_expansion"":1.03}"
2020-10-29_SNV_D178N,D178N,D05,CJD17-31_th,biological_sample,17_31_th,2020-10-29,/mnt/c/Projects/prnp-somatic/raw/ddpcr/archive_contents/2020-10-29/SNV_D178N/PeakData/D05.ddpeakjson,/mnt/c/Projects/prnp-somatic/raw/ddpcr/archive_contents/2020-10-29/SNV_D178N/PeakMetaData/D05.ddmetajson,polygon_control_hull_gates,control-derived convex-hull polygon gates,14061,14036,3406,10622,3,5,25,0,8,10627,ok,NA,"{""gate_source"":""control_anchored_polygon"",""min_hull_points"":30,""polygon_expansion"":1.03}"
2020-10-29_SNV_D178N,D178N,D07,CJD17-32_hc,biological_sample,17_32_hc,2020-10-29,/mnt/c/Projects/prnp-somatic/raw/ddpcr/archive_contents/2020-10-29/SNV_D178N/PeakData/D07.ddpeakjson,/mnt/c/Projects/prnp-somatic/raw/ddpcr/archive_contents/2020-10-29/SNV_D178N/PeakMetaData/D07.ddmetajson,polygon_control_hull_gates,control-derived convex-hull polygon gates,13447,13446,7861,5582,0,3,1,0,3,5585,ok,NA,"{""gate_source"":""control_anchored_polygon"",""min_hull_points"":30,""polygon_expansion"":1.03}"
2020-10-29_SNV_D178N,D178N,D09,CJD18-5_hc,biological_sample,18_5_hc,2020-10-29,/mnt/c/Projects/prnp-somatic/raw/ddpcr/archive_contents/2020-10-29/SNV_D178N/PeakData/D09.ddpeakjson,/mnt/c/Projects/prnp-somatic/raw/ddpcr/archive_contents/2020-10-29/SNV_D178N/PeakMetaData/D09.ddmetajson,polygon_control_hull_gates,control-derived convex-hull polygon gates,11574,11522,1897,9618,0,7,52,0,7,9625,ok,NA,"{""gate_source"":""control_anchored_polygon"",""min_hull_points"":30,""polygon_expansion"":1.03}"
2020-10-29_SNV_D178N,D178N,E01,CJD17-20_th,biological_sample,17_20_th,2020-10-29,/mnt/c/Projects/prnp-somatic/raw/ddpcr/archive_contents/2020-10-29/SNV_D178N/PeakData/E01.ddpeakjson,/mnt/c/Projects/prnp-somatic/raw/ddpcr/archive_contents/2020-10-29/SNV_D178N/PeakMetaData/E01.ddmetajson,polygon_control_hull_gates,control-derived convex-hull polygon gates,11943,11937,7658,4277,0,2,6,0,2,4279,ok,NA,"{""gate_source"":""control_anchored_polygon"",""min_hull_points"":30,""polygon_expansion"":1.03}"
2020-10-29_SNV_D178N,D178N,E03,CJD17-30_th,biological_sample,17_30_th,2020-10-29,/mnt/c/Projects/prnp-somatic/raw/ddpcr/archive_contents/2020-10-29/SNV_D178N/PeakData/E03.ddpeakjson,/mnt/c/Projects/prnp-somatic/raw/ddpcr/archive_contents/2020-10-29/SNV_D178N/PeakMetaData/E03.ddmetajson,polygon_control_hull_gates,control-derived convex-hull polygon gates,15368,15332,1408,13911,0,13,36,0,13,13924,ok,NA,"{""gate_source"":""control_anchored_polygon"",""min_hull_points"":30,""polygon_expansion"":1.03}"
2020-10-29_SNV_D178N,D178N,E05,CJD18-1_bg,biological_sample,18_1_bg,2020-10-29,/mnt/c/Projects/prnp-somatic/raw/ddpcr/archive_contents/2020-10-29/SNV_D178N/PeakData/E05.ddpeakjson,/mnt/c/Projects/prnp-somatic/raw/ddpcr/archive_contents/2020-10-29/SNV_D178N/PeakMetaData/E05.ddmetajson,polygon_control_hull_gates,control-derived convex-hull polygon gates,13210,13161,7368,5790,1,2,49,0,3,5792,ok,NA,"{""gate_source"":""control_anchored_polygon"",""min_hull_points"":30,""polygon_expansion"":1.03}"
2020-10-29_SNV_D178N,D178N,E07,CJD17-32_sn,biological_sample,17_32_sn,2020-10-29,/mnt/c/Projects/prnp-somatic/raw/ddpcr/archive_contents/2020-10-29/SNV_D178N/PeakData/E07.ddpeakjson,/mnt/c/Projects/prnp-somatic/raw/ddpcr/archive_contents/2020-10-29/SNV_D178N/PeakMetaData/E07.ddmetajson,polygon_control_hull_gates,control-derived convex-hull polygon gates,13143,13138,2106,11024,0,8,5,0,8,11032,ok,NA,"{""gate_source"":""control_anchored_polygon"",""min_hull_points"":30,""polygon_expansion"":1.03}"
2020-10-29_SNV_D178N,D178N,E09,CJD18-5_sn,biological_sample,18_5_sn,2020-10-29,/mnt/c/Projects/prnp-somatic/raw/ddpcr/archive_contents/2020-10-29/SNV_D178N/PeakData/E09.ddpeakjson,/mnt/c/Projects/prnp-somatic/raw/ddpcr/archive_contents/2020-10-29/SNV_D178N/PeakMetaData/E09.ddmetajson,polygon_control_hull_gates,control-derived convex-hull polygon gates,13404,13379,2660,10707,2,10,25,0,12,10717,ok,NA,"{""gate_source"":""control_anchored_polygon"",""min_hull_points"":30,""polygon_expansion"":1.03}"
2020-10-29_SNV_D178N,D178N,F01,NTC,NTC,ntc,2020-10-29,/mnt/c/Projects/prnp-somatic/raw/ddpcr/archive_contents/2020-10-29/SNV_D178N/PeakData/F01.ddpeakjson,/mnt/c/Projects/prnp-somatic/raw/ddpcr/archive_contents/2020-10-29/SNV_D178N/PeakMetaData/F01.ddmetajson,polygon_control_hull_gates,control-derived convex-hull polygon gates,15177,15176,15174,0,2,0,1,0,2,0,ok,NA,"{""gate_source"":""control_anchored_polygon"",""min_hull_points"":30,""polygon_expansion"":1.03}"
2020-10-29_SNV_D178N,D178N,F05,CJD18-1_cb,biological_sample,18_1_cb,2020-10-29,/mnt/c/Projects/prnp-somatic/raw/ddpcr/archive_contents/2020-10-29/SNV_D178N/PeakData/F05.ddpeakjson,/mnt/c/Projects/prnp-somatic/raw/ddpcr/archive_contents/2020-10-29/SNV_D178N/PeakMetaData/F05.ddmetajson,polygon_control_hull_gates,control-derived convex-hull polygon gates,13637,13608,5933,7668,1,6,29,0,7,7674,ok,NA,"{""gate_source"":""control_anchored_polygon"",""min_hull_points"":30,""polygon_expansion"":1.03}"
2020-10-29_SNV_D178N,D178N,F07,CJD17-32_th,biological_sample,17_32_th,2020-10-29,/mnt/c/Projects/prnp-somatic/raw/ddpcr/archive_contents/2020-10-29/SNV_D178N/PeakData/F07.ddpeakjson,/mnt/c/Projects/prnp-somatic/raw/ddpcr/archive_contents/2020-10-29/SNV_D178N/PeakMetaData/F07.ddmetajson,polygon_control_hull_gates,control-derived convex-hull polygon gates,9126,9073,2467,6604,0,2,53,0,2,6606,ok,NA,"{""gate_source"":""control_anchored_polygon"",""min_hull_points"":30,""polygon_expansion"":1.03}"
2020-10-29_SNV_D178N,D178N,G01,WT,WT_control,wt,2020-10-29,/mnt/c/Projects/prnp-somatic/raw/ddpcr/archive_contents/2020-10-29/SNV_D178N/PeakData/G01.ddpeakjson,/mnt/c/Projects/prnp-somatic/raw/ddpcr/archive_contents/2020-10-29/SNV_D178N/PeakMetaData/G01.ddmetajson,polygon_control_hull_gates,control-derived convex-hull polygon gates,11098,11075,356,10713,0,6,23,0,6,10719,ok,NA,"{""gate_source"":""control_anchored_polygon"",""min_hull_points"":30,""polygon_expansion"":1.03}"
2020-10-29_SNV_D178N,D178N,G05,CJD18-1_fr,biological_sample,18_1_fr,2020-10-29,/mnt/c/Projects/prnp-somatic/raw/ddpcr/archive_contents/2020-10-29/SNV_D178N/PeakData/G05.ddpeakjson,/mnt/c/Projects/prnp-somatic/raw/ddpcr/archive_contents/2020-10-29/SNV_D178N/PeakMetaData/G05.ddmetajson,polygon_control_hull_gates,control-derived convex-hull polygon gates,13116,13079,2043,11027,1,8,37,0,9,11035,ok,NA,"{""gate_source"":""control_anchored_polygon"",""min_hull_points"":30,""polygon_expansion"":1.03}"
2020-10-29_SNV_D178N,D178N,H01,D178N-mut,positive_control,,2020-10-29,/mnt/c/Projects/prnp-somatic/raw/ddpcr/archive_contents/2020-10-29/SNV_D178N/PeakData/H01.ddpeakjson,/mnt/c/Projects/prnp-somatic/raw/ddpcr/archive_contents/2020-10-29/SNV_D178N/PeakMetaData/H01.ddmetajson,polygon_control_hull_gates,control-derived convex-hull polygon gates,16050,16037,15022,506,498,11,13,0,509,517,ok,NA,"{""gate_source"":""control_anchored_polygon"",""min_hull_points"":30,""polygon_expansion"":1.03}"
2020-10-29_SNV_D178N,D178N,H05,CJD18-1_hc,biological_sample,18_1_hc,2020-10-29,/mnt/c/Projects/prnp-somatic/raw/ddpcr/archive_contents/2020-10-29/SNV_D178N/PeakData/H05.ddpeakjson,/mnt/c/Projects/prnp-somatic/raw/ddpcr/archive_contents/2020-10-29/SNV_D178N/PeakMetaData/H05.ddmetajson,polygon_control_hull_gates,control-derived convex-hull polygon gates,12354,12329,4459,7868,0,2,25,0,2,7870,ok,NA,"{""gate_source"":""control_anchored_polygon"",""min_hull_points"":30,""polygon_expansion"":1.03}"
2020-11-05_SNV_D178N,D178N,A01,CJD17-15_th,biological_sample,17_15_th,2020-11-05,/mnt/c/Projects/prnp-somatic/raw/ddpcr/archive_contents/2020-11-05/SNV_D178N/PeakData/A01.ddpeakjson,/mnt/c/Projects/prnp-somatic/raw/ddpcr/archive_contents/2020-11-05/SNV_D178N/PeakMetaData/A01.ddmetajson,polygon_control_hull_gates,control-derived convex-hull polygon gates,17302,17300,976,16316,1,7,2,0,8,16323,ok,NA,"{""gate_source"":""control_anchored_polygon"",""min_hull_points"":30,""polygon_expansion"":1.03}"
2020-11-05_SNV_D178N,D178N,A03,CJD17-13_bg,biological_sample,17_13_bg,2020-11-05,/mnt/c/Projects/prnp-somatic/raw/ddpcr/archive_contents/2020-11-05/SNV_D178N/PeakData/A03.ddpeakjson,/mnt/c/Projects/prnp-somatic/raw/ddpcr/archive_contents/2020-11-05/SNV_D178N/PeakMetaData/A03.ddmetajson,polygon_control_hull_gates,control-derived convex-hull polygon gates,18564,18559,5,18539,0,15,5,0,15,18554,ok,NA,"{""gate_source"":""control_anchored_polygon"",""min_hull_points"":30,""polygon_expansion"":1.03}"
2020-11-05_SNV_D178N,D178N,A05,CJD17-11_bg,biological_sample,17_11_bg,2020-11-05,/mnt/c/Projects/prnp-somatic/raw/ddpcr/archive_contents/2020-11-05/SNV_D178N/PeakData/A05.ddpeakjson,/mnt/c/Projects/prnp-somatic/raw/ddpcr/archive_contents/2020-11-05/SNV_D178N/PeakMetaData/A05.ddmetajson,polygon_control_hull_gates,control-derived convex-hull polygon gates,16613,16608,652,15944,0,12,5,0,12,15956,ok,NA,"{""gate_source"":""control_anchored_polygon"",""min_hull_points"":30,""polygon_expansion"":1.03}"
2020-11-05_SNV_D178N,D178N,A07,CJD17-5_cb,biological_sample,17_5_cb,2020-11-05,/mnt/c/Projects/prnp-somatic/raw/ddpcr/archive_contents/2020-11-05/SNV_D178N/PeakData/A07.ddpeakjson,/mnt/c/Projects/prnp-somatic/raw/ddpcr/archive_contents/2020-11-05/SNV_D178N/PeakMetaData/A07.ddmetajson,polygon_control_hull_gates,control-derived convex-hull polygon gates,16601,16589,10,16561,0,18,12,0,18,16579,ok,NA,"{""gate_source"":""control_anchored_polygon"",""min_hull_points"":30,""polygon_expansion"":1.03}"
2020-11-05_SNV_D178N,D178N,A09,CJD17-34_bg,biological_sample,17_34_bg,2020-11-05,/mnt/c/Projects/prnp-somatic/raw/ddpcr/archive_contents/2020-11-05/SNV_D178N/PeakData/A09.ddpeakjson,/mnt/c/Projects/prnp-somatic/raw/ddpcr/archive_contents/2020-11-05/SNV_D178N/PeakMetaData/A09.ddmetajson,polygon_control_hull_gates,control-derived convex-hull polygon gates,16009,16009,28,15975,0,6,0,0,6,15981,ok,NA,"{""gate_source"":""control_anchored_polygon"",""min_hull_points"":30,""polygon_expansion"":1.03}"
2020-11-05_SNV_D178N,D178N,B03,CJD17-13_cb,biological_sample,17_13_cb,2020-11-05,/mnt/c/Projects/prnp-somatic/raw/ddpcr/archive_contents/2020-11-05/SNV_D178N/PeakData/B03.ddpeakjson,/mnt/c/Projects/prnp-somatic/raw/ddpcr/archive_contents/2020-11-05/SNV_D178N/PeakMetaData/B03.ddmetajson,polygon_control_hull_gates,control-derived convex-hull polygon gates,17298,17279,6,17255,0,18,19,0,18,17273,ok,NA,"{""gate_source"":""control_anchored_polygon"",""min_hull_points"":30,""polygon_expansion"":1.03}"
2020-11-05_SNV_D178N,D178N,B07,CJD17-5_fr,biological_sample,17_5_fr,2020-11-05,/mnt/c/Projects/prnp-somatic/raw/ddpcr/archive_contents/2020-11-05/SNV_D178N/PeakData/B07.ddpeakjson,/mnt/c/Projects/prnp-somatic/raw/ddpcr/archive_contents/2020-11-05/SNV_D178N/PeakMetaData/B07.ddmetajson,polygon_control_hull_gates,control-derived convex-hull polygon gates,17242,17191,9,17163,0,19,51,0,19,17182,ok,NA,"{""gate_source"":""control_anchored_polygon"",""min_hull_points"":30,""polygon_expansion"":1.03}"
2020-11-05_SNV_D178N,D178N,C03,CJD17-13_hc,biological_sample,17_13_hc,2020-11-05,/mnt/c/Projects/prnp-somatic/raw/ddpcr/archive_contents/2020-11-05/SNV_D178N/PeakData/C03.ddpeakjson,/mnt/c/Projects/prnp-somatic/raw/ddpcr/archive_contents/2020-11-05/SNV_D178N/PeakMetaData/C03.ddmetajson,polygon_control_hull_gates,control-derived convex-hull polygon gates,18363,18351,95,18240,0,16,12,0,16,18256,ok,NA,"{""gate_source"":""control_anchored_polygon"",""min_hull_points"":30,""polygon_expansion"":1.03}"
2020-11-05_SNV_D178N,D178N,C05,CJD17-11_fr,biological_sample,17_11_fr,2020-11-05,/mnt/c/Projects/prnp-somatic/raw/ddpcr/archive_contents/2020-11-05/SNV_D178N/PeakData/C05.ddpeakjson,/mnt/c/Projects/prnp-somatic/raw/ddpcr/archive_contents/2020-11-05/SNV_D178N/PeakMetaData/C05.ddmetajson,polygon_control_hull_gates,control-derived convex-hull polygon gates,17461,17457,35,17403,0,19,4,0,19,17422,ok,NA,"{""gate_source"":""control_anchored_polygon"",""min_hull_points"":30,""polygon_expansion"":1.03}"
2020-11-05_SNV_D178N,D178N,C07,CJD17-5_th,biological_sample,17_5_th,2020-11-05,/mnt/c/Projects/prnp-somatic/raw/ddpcr/archive_contents/2020-11-05/SNV_D178N/PeakData/C07.ddpeakjson,/mnt/c/Projects/prnp-somatic/raw/ddpcr/archive_contents/2020-11-05/SNV_D178N/PeakMetaData/C07.ddmetajson,polygon_control_hull_gates,control-derived convex-hull polygon gates,17555,17555,7,17530,0,18,0,0,18,17548,ok,NA,"{""gate_source"":""control_anchored_polygon"",""min_hull_points"":30,""polygon_expansion"":1.03}"
2020-11-05_SNV_D178N,D178N,D03,CJD17-13_sn,biological_sample,17_13_sn,2020-11-05,/mnt/c/Projects/prnp-somatic/raw/ddpcr/archive_contents/2020-11-05/SNV_D178N/PeakData/D03.ddpeakjson,/mnt/c/Projects/prnp-somatic/raw/ddpcr/archive_contents/2020-11-05/SNV_D178N/PeakMetaData/D03.ddmetajson,polygon_control_hull_gates,control-derived convex-hull polygon gates,18672,18667,20,18630,0,17,5,0,17,18647,ok,NA,"{""gate_source"":""control_anchored_polygon"",""min_hull_points"":30,""polygon_expansion"":1.03}"
2020-11-05_SNV_D178N,D178N,D05,CJD17-11_hc,biological_sample,17_11_hc,2020-11-05,/mnt/c/Projects/prnp-somatic/raw/ddpcr/archive_contents/2020-11-05/SNV_D178N/PeakData/D05.ddpeakjson,/mnt/c/Projects/prnp-somatic/raw/ddpcr/archive_contents/2020-11-05/SNV_D178N/PeakMetaData/D05.ddmetajson,polygon_control_hull_gates,control-derived convex-hull polygon gates,17453,17444,273,17156,0,15,9,0,15,17171,ok,NA,"{""gate_source"":""control_anchored_polygon"",""min_hull_points"":30,""polygon_expansion"":1.03}"
2020-11-05_SNV_D178N,D178N,D07,CJD17-8_bg,biological_sample,17_8_bg,2020-11-05,/mnt/c/Projects/prnp-somatic/raw/ddpcr/archive_contents/2020-11-05/SNV_D178N/PeakData/D07.ddpeakjson,/mnt/c/Projects/prnp-somatic/raw/ddpcr/archive_contents/2020-11-05/SNV_D178N/PeakMetaData/D07.ddmetajson,polygon_control_hull_gates,control-derived convex-hull polygon gates,17225,17222,115,17092,0,15,3,0,15,17107,ok,NA,"{""gate_source"":""control_anchored_polygon"",""min_hull_points"":30,""polygon_expansion"":1.03}"
2020-11-05_SNV_D178N,D178N,E01,CJD17-15_th,biological_sample,17_15_th,2020-11-05,/mnt/c/Projects/prnp-somatic/raw/ddpcr/archive_contents/2020-11-05/SNV_D178N/PeakData/E01.ddpeakjson,/mnt/c/Projects/prnp-somatic/raw/ddpcr/archive_contents/2020-11-05/SNV_D178N/PeakMetaData/E01.ddmetajson,polygon_control_hull_gates,control-derived convex-hull polygon gates,15309,15292,15,15261,0,16,17,0,16,15277,ok,NA,"{""gate_source"":""control_anchored_polygon"",""min_hull_points"":30,""polygon_expansion"":1.03}"
2020-11-05_SNV_D178N,D178N,E03,CJD17-13_th,biological_sample,17_13_th,2020-11-05,/mnt/c/Projects/prnp-somatic/raw/ddpcr/archive_contents/2020-11-05/SNV_D178N/PeakData/E03.ddpeakjson,/mnt/c/Projects/prnp-somatic/raw/ddpcr/archive_contents/2020-11-05/SNV_D178N/PeakMetaData/E03.ddmetajson,polygon_control_hull_gates,control-derived convex-hull polygon gates,17628,17625,600,17018,0,7,3,0,7,17025,ok,NA,"{""gate_source"":""control_anchored_polygon"",""min_hull_points"":30,""polygon_expansion"":1.03}"
2020-11-05_SNV_D178N,D178N,E05,CJD17-12_bg,biological_sample,17_12_bg,2020-11-05,/mnt/c/Projects/prnp-somatic/raw/ddpcr/archive_contents/2020-11-05/SNV_D178N/PeakData/E05.ddpeakjson,/mnt/c/Projects/prnp-somatic/raw/ddpcr/archive_contents/2020-11-05/SNV_D178N/PeakMetaData/E05.ddmetajson,polygon_control_hull_gates,control-derived convex-hull polygon gates,16718,16707,71,16626,0,10,11,0,10,16636,ok,NA,"{""gate_source"":""control_anchored_polygon"",""min_hull_points"":30,""polygon_expansion"":1.03}"
2020-11-05_SNV_D178N,D178N,F01,NTC,NTC,ntc,2020-11-05,/mnt/c/Projects/prnp-somatic/raw/ddpcr/archive_contents/2020-11-05/SNV_D178N/PeakData/F01.ddpeakjson,/mnt/c/Projects/prnp-somatic/raw/ddpcr/archive_contents/2020-11-05/SNV_D178N/PeakMetaData/F01.ddmetajson,polygon_control_hull_gates,control-derived convex-hull polygon gates,15201,15200,15200,0,0,0,1,0,0,0,ok,NA,"{""gate_source"":""control_anchored_polygon"",""min_hull_points"":30,""polygon_expansion"":1.03}"
2020-11-05_SNV_D178N,D178N,F05,CJD17-12_fr,biological_sample,17_12_fr,2020-11-05,/mnt/c/Projects/prnp-somatic/raw/ddpcr/archive_contents/2020-11-05/SNV_D178N/PeakData/F05.ddpeakjson,/mnt/c/Projects/prnp-somatic/raw/ddpcr/archive_contents/2020-11-05/SNV_D178N/PeakMetaData/F05.ddmetajson,polygon_control_hull_gates,control-derived convex-hull polygon gates,16679,16667,377,16280,0,10,12,0,10,16290,ok,NA,"{""gate_source"":""control_anchored_polygon"",""min_hull_points"":30,""polygon_expansion"":1.03}"
2020-11-05_SNV_D178N,D178N,G01,WT,WT_control,wt,2020-11-05,/mnt/c/Projects/prnp-somatic/raw/ddpcr/archive_contents/2020-11-05/SNV_D178N/PeakData/G01.ddpeakjson,/mnt/c/Projects/prnp-somatic/raw/ddpcr/archive_contents/2020-11-05/SNV_D178N/PeakMetaData/G01.ddmetajson,polygon_control_hull_gates,control-derived convex-hull polygon gates,16106,16082,469,15594,0,19,24,0,19,15613,ok,NA,"{""gate_source"":""control_anchored_polygon"",""min_hull_points"":30,""polygon_expansion"":1.03}"
2020-11-05_SNV_D178N,D178N,G05,CJD17-12_sn,biological_sample,17_12_sn,2020-11-05,/mnt/c/Projects/prnp-somatic/raw/ddpcr/archive_contents/2020-11-05/SNV_D178N/PeakData/G05.ddpeakjson,/mnt/c/Projects/prnp-somatic/raw/ddpcr/archive_contents/2020-11-05/SNV_D178N/PeakMetaData/G05.ddmetajson,polygon_control_hull_gates,control-derived convex-hull polygon gates,17471,17454,8,17418,0,28,17,0,28,17446,ok,NA,"{""gate_source"":""control_anchored_polygon"",""min_hull_points"":30,""polygon_expansion"":1.03}"
2020-11-05_SNV_D178N,D178N,H01,D178N-mut,positive_control,,2020-11-05,/mnt/c/Projects/prnp-somatic/raw/ddpcr/archive_contents/2020-11-05/SNV_D178N/PeakData/H01.ddpeakjson,/mnt/c/Projects/prnp-somatic/raw/ddpcr/archive_contents/2020-11-05/SNV_D178N/PeakMetaData/H01.ddmetajson,polygon_control_hull_gates,control-derived convex-hull polygon gates,16195,16179,14042,1029,1041,67,16,0,1108,1096,ok,NA,"{""gate_source"":""control_anchored_polygon"",""min_hull_points"":30,""polygon_expansion"":1.03}"
2020-11-24_SNV_D178N,D178N,A03,CJD17-32_bg_D178N,biological_sample,17_32_bg,2020-11-24,/mnt/c/Projects/prnp-somatic/raw/ddpcr/archive_contents/2020-11-24/SNV_D178N/PeakData/A03.ddpeakjson,/mnt/c/Projects/prnp-somatic/raw/ddpcr/archive_contents/2020-11-24/SNV_D178N/PeakMetaData/A03.ddmetajson,polygon_control_hull_gates,control-derived convex-hull polygon gates,16147,16137,556,15572,0,9,10,0,9,15581,ok,NA,"{""gate_source"":""control_anchored_polygon"",""min_hull_points"":30,""polygon_expansion"":1.03}"
2020-11-24_SNV_D178N,D178N,B01,CJD17-30_fr_D178N,biological_sample,17_30_fr,2020-11-24,/mnt/c/Projects/prnp-somatic/raw/ddpcr/archive_contents/2020-11-24/SNV_D178N/PeakData/B01.ddpeakjson,/mnt/c/Projects/prnp-somatic/raw/ddpcr/archive_contents/2020-11-24/SNV_D178N/PeakMetaData/B01.ddmetajson,polygon_control_hull_gates,control-derived convex-hull polygon gates,15706,15700,685,15004,0,11,6,0,11,15015,ok,NA,"{""gate_source"":""control_anchored_polygon"",""min_hull_points"":30,""polygon_expansion"":1.03}"
2020-11-24_SNV_D178N,D178N,B03,CJD17-32_th_D178N,biological_sample,17_32_th,2020-11-24,/mnt/c/Projects/prnp-somatic/raw/ddpcr/archive_contents/2020-11-24/SNV_D178N/PeakData/B03.ddpeakjson,/mnt/c/Projects/prnp-somatic/raw/ddpcr/archive_contents/2020-11-24/SNV_D178N/PeakMetaData/B03.ddmetajson,polygon_control_hull_gates,control-derived convex-hull polygon gates,15183,15161,918,14231,0,12,22,0,12,14243,ok,NA,"{""gate_source"":""control_anchored_polygon"",""min_hull_points"":30,""polygon_expansion"":1.03}"
2020-11-24_SNV_D178N,D178N,B05,CJD17-15_cb_D178N,biological_sample,17_15_cb,2020-11-24,/mnt/c/Projects/prnp-somatic/raw/ddpcr/archive_contents/2020-11-24/SNV_D178N/PeakData/B05.ddpeakjson,/mnt/c/Projects/prnp-somatic/raw/ddpcr/archive_contents/2020-11-24/SNV_D178N/PeakMetaData/B05.ddmetajson,polygon_control_hull_gates,control-derived convex-hull polygon gates,15887,15886,148,15736,0,2,1,0,2,15738,ok,NA,"{""gate_source"":""control_anchored_polygon"",""min_hull_points"":30,""polygon_expansion"":1.03}"
2020-11-24_SNV_D178N,D178N,B07,CJD18-5_cb_D178N,biological_sample,18_5_cb,2020-11-24,/mnt/c/Projects/prnp-somatic/raw/ddpcr/archive_contents/2020-11-24/SNV_D178N/PeakData/B07.ddpeakjson,/mnt/c/Projects/prnp-somatic/raw/ddpcr/archive_contents/2020-11-24/SNV_D178N/PeakMetaData/B07.ddmetajson,polygon_control_hull_gates,control-derived convex-hull polygon gates,17289,17288,226,17051,0,11,1,0,11,17062,ok,NA,"{""gate_source"":""control_anchored_polygon"",""min_hull_points"":30,""polygon_expansion"":1.03}"
2020-11-24_SNV_D178N,D178N,C01,CJD17-30_hc_D178N,biological_sample,17_30_hc,2020-11-24,/mnt/c/Projects/prnp-somatic/raw/ddpcr/archive_contents/2020-11-24/SNV_D178N/PeakData/C01.ddpeakjson,/mnt/c/Projects/prnp-somatic/raw/ddpcr/archive_contents/2020-11-24/SNV_D178N/PeakMetaData/C01.ddmetajson,polygon_control_hull_gates,control-derived convex-hull polygon gates,16003,15990,4309,11677,0,4,13,0,4,11681,ok,NA,"{""gate_source"":""control_anchored_polygon"",""min_hull_points"":30,""polygon_expansion"":1.03}"
2020-11-24_SNV_D178N,D178N,C09,CJD17-34_fr_D178N,biological_sample,17_34_fr,2020-11-24,/mnt/c/Projects/prnp-somatic/raw/ddpcr/archive_contents/2020-11-24/SNV_D178N/PeakData/C09.ddpeakjson,/mnt/c/Projects/prnp-somatic/raw/ddpcr/archive_contents/2020-11-24/SNV_D178N/PeakMetaData/C09.ddmetajson,polygon_control_hull_gates,control-derived convex-hull polygon gates,16907,16904,454,16446,0,4,3,0,4,16450,ok,NA,"{""gate_source"":""control_anchored_polygon"",""min_hull_points"":30,""polygon_expansion"":1.03}"
2020-11-24_SNV_D178N,D178N,D01,CJD17-30_sn_D178N,biological_sample,17_30_sn,2020-11-24,/mnt/c/Projects/prnp-somatic/raw/ddpcr/archive_contents/2020-11-24/SNV_D178N/PeakData/D01.ddpeakjson,/mnt/c/Projects/prnp-somatic/raw/ddpcr/archive_contents/2020-11-24/SNV_D178N/PeakMetaData/D01.ddmetajson,polygon_control_hull_gates,control-derived convex-hull polygon gates,15925,15923,1288,14624,0,11,2,0,11,14635,ok,NA,"{""gate_source"":""control_anchored_polygon"",""min_hull_points"":30,""polygon_expansion"":1.03}"
2020-11-24_SNV_D178N,D178N,F01,NTC_D178N,NTC,ntc,2020-11-24,/mnt/c/Projects/prnp-somatic/raw/ddpcr/archive_contents/2020-11-24/SNV_D178N/PeakData/F01.ddpeakjson,/mnt/c/Projects/prnp-somatic/raw/ddpcr/archive_contents/2020-11-24/SNV_D178N/PeakMetaData/F01.ddmetajson,polygon_control_hull_gates,control-derived convex-hull polygon gates,15912,15911,15911,0,0,0,1,0,0,0,ok,NA,"{""gate_source"":""control_anchored_polygon"",""min_hull_points"":30,""polygon_expansion"":1.03}"
2020-11-24_SNV_D178N,D178N,G01,WT_D178N,WT_control,wt,2020-11-24,/mnt/c/Projects/prnp-somatic/raw/ddpcr/archive_contents/2020-11-24/SNV_D178N/PeakData/G01.ddpeakjson,/mnt/c/Projects/prnp-somatic/raw/ddpcr/archive_contents/2020-11-24/SNV_D178N/PeakMetaData/G01.ddmetajson,polygon_control_hull_gates,control-derived convex-hull polygon gates,16269,16263,2538,13714,0,11,6,0,11,13725,ok,NA,"{""gate_source"":""control_anchored_polygon"",""min_hull_points"":30,""polygon_expansion"":1.03}"
2020-11-24_SNV_D178N,D178N,H01,D178N_mut,positive_control,,2020-11-24,/mnt/c/Projects/prnp-somatic/raw/ddpcr/archive_contents/2020-11-24/SNV_D178N/PeakData/H01.ddpeakjson,/mnt/c/Projects/prnp-somatic/raw/ddpcr/archive_contents/2020-11-24/SNV_D178N/PeakMetaData/H01.ddmetajson,polygon_control_hull_gates,control-derived convex-hull polygon gates,15831,15827,12158,1662,1764,243,4,0,2007,1905,ok,NA,"{""gate_source"":""control_anchored_polygon"",""min_hull_points"":30,""polygon_expansion"":1.03}"
2021-01-26_SNV_D178N,D178N,A01,NTC,NTC,ntc,2021-01-26,/mnt/c/Projects/prnp-somatic/raw/ddpcr/archive_contents/2021-01-26/SNV_D178N/PeakData/A01.ddpeakjson,/mnt/c/Projects/prnp-somatic/raw/ddpcr/archive_contents/2021-01-26/SNV_D178N/PeakMetaData/A01.ddmetajson,polygon_control_hull_gates,control-derived convex-hull polygon gates,13301,13298,13291,0,7,0,3,0,7,0,ok,NA,"{""gate_source"":""control_anchored_polygon"",""min_hull_points"":30,""polygon_expansion"":1.03}"
2021-01-26_SNV_D178N,D178N,A04,924486-th,biological_sample,924486_th,2021-01-26,/mnt/c/Projects/prnp-somatic/raw/ddpcr/archive_contents/2021-01-26/SNV_D178N/PeakData/A04.ddpeakjson,/mnt/c/Projects/prnp-somatic/raw/ddpcr/archive_contents/2021-01-26/SNV_D178N/PeakMetaData/A04.ddmetajson,polygon_control_hull_gates,control-derived convex-hull polygon gates,12968,12964,2096,10863,2,3,4,0,5,10866,ok,NA,"{""gate_source"":""control_anchored_polygon"",""min_hull_points"":30,""polygon_expansion"":1.03}"
2021-01-26_SNV_D178N,D178N,B01,D178N-mut,positive_control,,2021-01-26,/mnt/c/Projects/prnp-somatic/raw/ddpcr/archive_contents/2021-01-26/SNV_D178N/PeakData/B01.ddpeakjson,/mnt/c/Projects/prnp-somatic/raw/ddpcr/archive_contents/2021-01-26/SNV_D178N/PeakMetaData/B01.ddmetajson,polygon_control_hull_gates,control-derived convex-hull polygon gates,14358,14351,11047,1541,1529,234,7,0,1763,1775,ok,NA,"{""gate_source"":""control_anchored_polygon"",""min_hull_points"":30,""polygon_expansion"":1.03}"
2021-01-26_SNV_D178N,D178N,B04,953891-bg,biological_sample,953891_bg,2021-01-26,/mnt/c/Projects/prnp-somatic/raw/ddpcr/archive_contents/2021-01-26/SNV_D178N/PeakData/B04.ddpeakjson,/mnt/c/Projects/prnp-somatic/raw/ddpcr/archive_contents/2021-01-26/SNV_D178N/PeakMetaData/B04.ddmetajson,polygon_control_hull_gates,control-derived convex-hull polygon gates,12706,12701,1019,11676,0,6,5,0,6,11682,ok,NA,"{""gate_source"":""control_anchored_polygon"",""min_hull_points"":30,""polygon_expansion"":1.03}"
2021-01-26_SNV_D178N,D178N,B07,955427-cb,biological_sample,955427_cb,2021-01-26,/mnt/c/Projects/prnp-somatic/raw/ddpcr/archive_contents/2021-01-26/SNV_D178N/PeakData/B07.ddpeakjson,/mnt/c/Projects/prnp-somatic/raw/ddpcr/archive_contents/2021-01-26/SNV_D178N/PeakMetaData/B07.ddmetajson,polygon_control_hull_gates,control-derived convex-hull polygon gates,17060,17053,676,16372,0,5,7,0,5,16377,ok,NA,"{""gate_source"":""control_anchored_polygon"",""min_hull_points"":30,""polygon_expansion"":1.03}"
2021-01-26_SNV_D178N,D178N,C01,WT,WT_control,wt,2021-01-26,/mnt/c/Projects/prnp-somatic/raw/ddpcr/archive_contents/2021-01-26/SNV_D178N/PeakData/C01.ddpeakjson,/mnt/c/Projects/prnp-somatic/raw/ddpcr/archive_contents/2021-01-26/SNV_D178N/PeakMetaData/C01.ddmetajson,polygon_control_hull_gates,control-derived convex-hull polygon gates,11997,11991,2633,9347,0,11,6,0,11,9358,ok,NA,"{""gate_source"":""control_anchored_polygon"",""min_hull_points"":30,""polygon_expansion"":1.03}"
2021-01-26_SNV_D178N,D178N,C04,953891-cb,biological_sample,953891_cb,2021-01-26,/mnt/c/Projects/prnp-somatic/raw/ddpcr/archive_contents/2021-01-26/SNV_D178N/PeakData/C04.ddpeakjson,/mnt/c/Projects/prnp-somatic/raw/ddpcr/archive_contents/2021-01-26/SNV_D178N/PeakMetaData/C04.ddmetajson,polygon_control_hull_gates,control-derived convex-hull polygon gates,12944,12940,877,12061,0,2,4,0,2,12063,ok,NA,"{""gate_source"":""control_anchored_polygon"",""min_hull_points"":30,""polygon_expansion"":1.03}"
2021-01-26_SNV_D178N,D178N,C07,955427-fr,biological_sample,955427_fr,2021-01-26,/mnt/c/Projects/prnp-somatic/raw/ddpcr/archive_contents/2021-01-26/SNV_D178N/PeakData/C07.ddpeakjson,/mnt/c/Projects/prnp-somatic/raw/ddpcr/archive_contents/2021-01-26/SNV_D178N/PeakMetaData/C07.ddmetajson,polygon_control_hull_gates,control-derived convex-hull polygon gates,16294,16287,1325,14941,0,21,7,0,21,14962,ok,NA,"{""gate_source"":""control_anchored_polygon"",""min_hull_points"":30,""polygon_expansion"":1.03}"
2021-01-26_SNV_D178N,D178N,D01,924486-bg,biological_sample,924486_bg,2021-01-26,/mnt/c/Projects/prnp-somatic/raw/ddpcr/archive_contents/2021-01-26/SNV_D178N/PeakData/D01.ddpeakjson,/mnt/c/Projects/prnp-somatic/raw/ddpcr/archive_contents/2021-01-26/SNV_D178N/PeakMetaData/D01.ddmetajson,polygon_control_hull_gates,control-derived convex-hull polygon gates,13959,13942,2020,11902,2,18,17,0,20,11920,ok,NA,"{""gate_source"":""control_anchored_polygon"",""min_hull_points"":30,""polygon_expansion"":1.03}"
2021-01-26_SNV_D178N,D178N,D04,953891-fr,biological_sample,953891_fr,2021-01-26,/mnt/c/Projects/prnp-somatic/raw/ddpcr/archive_contents/2021-01-26/SNV_D178N/PeakData/D04.ddpeakjson,/mnt/c/Projects/prnp-somatic/raw/ddpcr/archive_contents/2021-01-26/SNV_D178N/PeakMetaData/D04.ddmetajson,polygon_control_hull_gates,control-derived convex-hull polygon gates,15213,15213,1232,13976,0,5,0,0,5,13981,ok,NA,"{""gate_source"":""control_anchored_polygon"",""min_hull_points"":30,""polygon_expansion"":1.03}"
2021-01-26_SNV_D178N,D178N,D07,955427-hc,biological_sample,955427_hc,2021-01-26,/mnt/c/Projects/prnp-somatic/raw/ddpcr/archive_contents/2021-01-26/SNV_D178N/PeakData/D07.ddpeakjson,/mnt/c/Projects/prnp-somatic/raw/ddpcr/archive_contents/2021-01-26/SNV_D178N/PeakMetaData/D07.ddmetajson,polygon_control_hull_gates,control-derived convex-hull polygon gates,15583,15565,278,15285,0,2,18,0,2,15287,ok,NA,"{""gate_source"":""control_anchored_polygon"",""min_hull_points"":30,""polygon_expansion"":1.03}"
2021-01-26_SNV_D178N,D178N,E01,924486-cb,biological_sample,924486_cb,2021-01-26,/mnt/c/Projects/prnp-somatic/raw/ddpcr/archive_contents/2021-01-26/SNV_D178N/PeakData/E01.ddpeakjson,/mnt/c/Projects/prnp-somatic/raw/ddpcr/archive_contents/2021-01-26/SNV_D178N/PeakMetaData/E01.ddmetajson,polygon_control_hull_gates,control-derived convex-hull polygon gates,13533,13507,2089,11395,0,23,26,0,23,11418,ok,NA,"{""gate_source"":""control_anchored_polygon"",""min_hull_points"":30,""polygon_expansion"":1.03}"
2021-01-26_SNV_D178N,D178N,E04,953891-hc,biological_sample,953891_hc,2021-01-26,/mnt/c/Projects/prnp-somatic/raw/ddpcr/archive_contents/2021-01-26/SNV_D178N/PeakData/E04.ddpeakjson,/mnt/c/Projects/prnp-somatic/raw/ddpcr/archive_contents/2021-01-26/SNV_D178N/PeakMetaData/E04.ddmetajson,polygon_control_hull_gates,control-derived convex-hull polygon gates,13105,13099,2776,10309,0,14,6,0,14,10323,ok,NA,"{""gate_source"":""control_anchored_polygon"",""min_hull_points"":30,""polygon_expansion"":1.03}"
2021-01-26_SNV_D178N,D178N,E07,955427-sn,biological_sample,955427_sn,2021-01-26,/mnt/c/Projects/prnp-somatic/raw/ddpcr/archive_contents/2021-01-26/SNV_D178N/PeakData/E07.ddpeakjson,/mnt/c/Projects/prnp-somatic/raw/ddpcr/archive_contents/2021-01-26/SNV_D178N/PeakMetaData/E07.ddmetajson,polygon_control_hull_gates,control-derived convex-hull polygon gates,15660,15657,265,15382,0,10,3,0,10,15392,ok,NA,"{""gate_source"":""control_anchored_polygon"",""min_hull_points"":30,""polygon_expansion"":1.03}"
2021-01-26_SNV_D178N,D178N,F01,924486-fr,biological_sample,924486_fr,2021-01-26,/mnt/c/Projects/prnp-somatic/raw/ddpcr/archive_contents/2021-01-26/SNV_D178N/PeakData/F01.ddpeakjson,/mnt/c/Projects/prnp-somatic/raw/ddpcr/archive_contents/2021-01-26/SNV_D178N/PeakMetaData/F01.ddmetajson,polygon_control_hull_gates,control-derived convex-hull polygon gates,14297,14293,1638,12650,0,5,4,0,5,12655,ok,NA,"{""gate_source"":""control_anchored_polygon"",""min_hull_points"":30,""polygon_expansion"":1.03}"
2021-01-26_SNV_D178N,D178N,F04,953891-sn,biological_sample,953891_sn,2021-01-26,/mnt/c/Projects/prnp-somatic/raw/ddpcr/archive_contents/2021-01-26/SNV_D178N/PeakData/F04.ddpeakjson,/mnt/c/Projects/prnp-somatic/raw/ddpcr/archive_contents/2021-01-26/SNV_D178N/PeakMetaData/F04.ddmetajson,polygon_control_hull_gates,control-derived convex-hull polygon gates,13036,13033,765,12263,0,5,3,0,5,12268,ok,NA,"{""gate_source"":""control_anchored_polygon"",""min_hull_points"":30,""polygon_expansion"":1.03}"
2021-01-26_SNV_D178N,D178N,F07,955427-th,biological_sample,955427_th,2021-01-26,/mnt/c/Projects/prnp-somatic/raw/ddpcr/archive_contents/2021-01-26/SNV_D178N/PeakData/F07.ddpeakjson,/mnt/c/Projects/prnp-somatic/raw/ddpcr/archive_contents/2021-01-26/SNV_D178N/PeakMetaData/F07.ddmetajson,polygon_control_hull_gates,control-derived convex-hull polygon gates,17752,17745,752,16986,0,7,7,0,7,16993,ok,NA,"{""gate_source"":""control_anchored_polygon"",""min_hull_points"":30,""polygon_expansion"":1.03}"
2021-01-26_SNV_D178N,D178N,G01,924486-hc,biological_sample,924486_hc,2021-01-26,/mnt/c/Projects/prnp-somatic/raw/ddpcr/archive_contents/2021-01-26/SNV_D178N/PeakData/G01.ddpeakjson,/mnt/c/Projects/prnp-somatic/raw/ddpcr/archive_contents/2021-01-26/SNV_D178N/PeakMetaData/G01.ddmetajson,polygon_control_hull_gates,control-derived convex-hull polygon gates,14515,14475,2635,11742,0,98,40,0,98,11840,ok,NA,"{""gate_source"":""control_anchored_polygon"",""min_hull_points"":30,""polygon_expansion"":1.03}"
2021-01-26_SNV_D178N,D178N,G04,953891-th,biological_sample,953891_th,2021-01-26,/mnt/c/Projects/prnp-somatic/raw/ddpcr/archive_contents/2021-01-26/SNV_D178N/PeakData/G04.ddpeakjson,/mnt/c/Projects/prnp-somatic/raw/ddpcr/archive_contents/2021-01-26/SNV_D178N/PeakMetaData/G04.ddmetajson,polygon_control_hull_gates,control-derived convex-hull polygon gates,13873,13868,1097,12763,0,8,5,0,8,12771,ok,NA,"{""gate_source"":""control_anchored_polygon"",""min_hull_points"":30,""polygon_expansion"":1.03}"
2021-01-26_SNV_D178N,D178N,G07,929474-bg,biological_sample,929474_bg,2021-01-26,/mnt/c/Projects/prnp-somatic/raw/ddpcr/archive_contents/2021-01-26/SNV_D178N/PeakData/G07.ddpeakjson,/mnt/c/Projects/prnp-somatic/raw/ddpcr/archive_contents/2021-01-26/SNV_D178N/PeakMetaData/G07.ddmetajson,polygon_control_hull_gates,control-derived convex-hull polygon gates,17599,17594,577,17006,0,11,5,0,11,17017,ok,NA,"{""gate_source"":""control_anchored_polygon"",""min_hull_points"":30,""polygon_expansion"":1.03}"
2021-01-26_SNV_D178N,D178N,H01,924486-sn,biological_sample,924486_sn,2021-01-26,/mnt/c/Projects/prnp-somatic/raw/ddpcr/archive_contents/2021-01-26/SNV_D178N/PeakData/H01.ddpeakjson,/mnt/c/Projects/prnp-somatic/raw/ddpcr/archive_contents/2021-01-26/SNV_D178N/PeakMetaData/H01.ddmetajson,polygon_control_hull_gates,control-derived convex-hull polygon gates,15255,15224,2090,12989,0,145,31,0,145,13134,ok,NA,"{""gate_source"":""control_anchored_polygon"",""min_hull_points"":30,""polygon_expansion"":1.03}"
2021-01-26_SNV_D178N,D178N,H04,18-5-th,biological_sample,18_5_th,2021-01-26,/mnt/c/Projects/prnp-somatic/raw/ddpcr/archive_contents/2021-01-26/SNV_D178N/PeakData/H04.ddpeakjson,/mnt/c/Projects/prnp-somatic/raw/ddpcr/archive_contents/2021-01-26/SNV_D178N/PeakMetaData/H04.ddmetajson,polygon_control_hull_gates,control-derived convex-hull polygon gates,15610,15386,2098,13284,1,3,224,0,4,13287,ok,NA,"{""gate_source"":""control_anchored_polygon"",""min_hull_points"":30,""polygon_expansion"":1.03}"
2021-01-26_SNV_D178N,D178N,H07,929474-cb,biological_sample,929474_cb,2021-01-26,/mnt/c/Projects/prnp-somatic/raw/ddpcr/archive_contents/2021-01-26/SNV_D178N/PeakData/H07.ddpeakjson,/mnt/c/Projects/prnp-somatic/raw/ddpcr/archive_contents/2021-01-26/SNV_D178N/PeakMetaData/H07.ddmetajson,polygon_control_hull_gates,control-derived convex-hull polygon gates,16041,16015,551,15434,0,30,26,0,30,15464,ok,NA,"{""gate_source"":""control_anchored_polygon"",""min_hull_points"":30,""polygon_expansion"":1.03}"
2021-02-17_SNV_D178N,D178N,A01,NTC,NTC,ntc,2021-02-17,/mnt/c/Projects/prnp-somatic/raw/ddpcr/archive_contents/2021-02-17/SNV_D178N/PeakData/A01.ddpeakjson,/mnt/c/Projects/prnp-somatic/raw/ddpcr/archive_contents/2021-02-17/SNV_D178N/PeakMetaData/A01.ddmetajson,polygon_control_hull_gates,control-derived convex-hull polygon gates,13342,13342,13339,0,3,0,0,0,3,0,ok,NA,"{""gate_source"":""control_anchored_polygon"",""min_hull_points"":30,""polygon_expansion"":1.03}"
2021-02-17_SNV_D178N,D178N,A04,CJD-933892-hc,biological_sample,933892_hc,2021-02-17,/mnt/c/Projects/prnp-somatic/raw/ddpcr/archive_contents/2021-02-17/SNV_D178N/PeakData/A04.ddpeakjson,/mnt/c/Projects/prnp-somatic/raw/ddpcr/archive_contents/2021-02-17/SNV_D178N/PeakMetaData/A04.ddmetajson,polygon_control_hull_gates,control-derived convex-hull polygon gates,16784,16783,537,16239,1,6,1,0,7,16245,ok,NA,"{""gate_source"":""control_anchored_polygon"",""min_hull_points"":30,""polygon_expansion"":1.03}"
2021-02-17_SNV_D178N,D178N,A07,D178N-mut,positive_control,,2021-02-17,/mnt/c/Projects/prnp-somatic/raw/ddpcr/archive_contents/2021-02-17/SNV_D178N/PeakData/A07.ddpeakjson,/mnt/c/Projects/prnp-somatic/raw/ddpcr/archive_contents/2021-02-17/SNV_D178N/PeakMetaData/A07.ddmetajson,polygon_control_hull_gates,control-derived convex-hull polygon gates,19272,19270,13631,4870,650,119,2,0,769,4989,ok,NA,"{""gate_source"":""control_anchored_polygon"",""min_hull_points"":30,""polygon_expansion"":1.03}"
2021-02-17_SNV_D178N,D178N,B01,WT,WT_control,wt,2021-02-17,/mnt/c/Projects/prnp-somatic/raw/ddpcr/archive_contents/2021-02-17/SNV_D178N/PeakData/B01.ddpeakjson,/mnt/c/Projects/prnp-somatic/raw/ddpcr/archive_contents/2021-02-17/SNV_D178N/PeakMetaData/B01.ddmetajson,polygon_control_hull_gates,control-derived convex-hull polygon gates,13010,12998,921,12071,0,6,12,0,6,12077,ok,NA,"{""gate_source"":""control_anchored_polygon"",""min_hull_points"":30,""polygon_expansion"":1.03}"
2021-02-17_SNV_D178N,D178N,B04,CJD-933892-sn,biological_sample,933892_sn,2021-02-17,/mnt/c/Projects/prnp-somatic/raw/ddpcr/archive_contents/2021-02-17/SNV_D178N/PeakData/B04.ddpeakjson,/mnt/c/Projects/prnp-somatic/raw/ddpcr/archive_contents/2021-02-17/SNV_D178N/PeakMetaData/B04.ddmetajson,polygon_control_hull_gates,control-derived convex-hull polygon gates,16451,16447,1936,14504,0,7,4,0,7,14511,ok,NA,"{""gate_source"":""control_anchored_polygon"",""min_hull_points"":30,""polygon_expansion"":1.03}"
2021-02-17_SNV_D178N,D178N,B07,CJD-18-24-th,biological_sample,18_24_th,2021-02-17,/mnt/c/Projects/prnp-somatic/raw/ddpcr/archive_contents/2021-02-17/SNV_D178N/PeakData/B07.ddpeakjson,/mnt/c/Projects/prnp-somatic/raw/ddpcr/archive_contents/2021-02-17/SNV_D178N/PeakMetaData/B07.ddmetajson,polygon_control_hull_gates,control-derived convex-hull polygon gates,17707,17705,473,17224,0,8,2,0,8,17232,ok,NA,"{""gate_source"":""control_anchored_polygon"",""min_hull_points"":30,""polygon_expansion"":1.03}"
2021-02-17_SNV_D178N,D178N,C01,CJD-943497-hc,biological_sample,943497_hc,2021-02-17,/mnt/c/Projects/prnp-somatic/raw/ddpcr/archive_contents/2021-02-17/SNV_D178N/PeakData/C01.ddpeakjson,/mnt/c/Projects/prnp-somatic/raw/ddpcr/archive_contents/2021-02-17/SNV_D178N/PeakMetaData/C01.ddmetajson,polygon_control_hull_gates,control-derived convex-hull polygon gates,13542,13534,366,13158,0,10,8,0,10,13168,ok,NA,"{""gate_source"":""control_anchored_polygon"",""min_hull_points"":30,""polygon_expansion"":1.03}"
2021-02-17_SNV_D178N,D178N,C04,CJD-933892-th,biological_sample,933892_th,2021-02-17,/mnt/c/Projects/prnp-somatic/raw/ddpcr/archive_contents/2021-02-17/SNV_D178N/PeakData/C04.ddpeakjson,/mnt/c/Projects/prnp-somatic/raw/ddpcr/archive_contents/2021-02-17/SNV_D178N/PeakMetaData/C04.ddmetajson,polygon_control_hull_gates,control-derived convex-hull polygon gates,15113,15110,533,14569,0,8,3,0,8,14577,ok,NA,"{""gate_source"":""control_anchored_polygon"",""min_hull_points"":30,""polygon_expansion"":1.03}"
2021-02-17_SNV_D178N,D178N,C07,CJD-955427-bg,biological_sample,955427_bg,2021-02-17,/mnt/c/Projects/prnp-somatic/raw/ddpcr/archive_contents/2021-02-17/SNV_D178N/PeakData/C07.ddpeakjson,/mnt/c/Projects/prnp-somatic/raw/ddpcr/archive_contents/2021-02-17/SNV_D178N/PeakMetaData/C07.ddmetajson,polygon_control_hull_gates,control-derived convex-hull polygon gates,17261,17250,2338,14903,1,8,11,0,9,14911,ok,NA,"{""gate_source"":""control_anchored_polygon"",""min_hull_points"":30,""polygon_expansion"":1.03}"
2021-02-17_SNV_D178N,D178N,D01,CJD-943497-sn,biological_sample,943497_sn,2021-02-17,/mnt/c/Projects/prnp-somatic/raw/ddpcr/archive_contents/2021-02-17/SNV_D178N/PeakData/D01.ddpeakjson,/mnt/c/Projects/prnp-somatic/raw/ddpcr/archive_contents/2021-02-17/SNV_D178N/PeakMetaData/D01.ddmetajson,polygon_control_hull_gates,control-derived convex-hull polygon gates,12743,12726,129,12581,0,16,17,0,16,12597,ok,NA,"{""gate_source"":""control_anchored_polygon"",""min_hull_points"":30,""polygon_expansion"":1.03}"
2021-02-17_SNV_D178N,D178N,E01,CJD-943497-th,biological_sample,943497_th,2021-02-17,/mnt/c/Projects/prnp-somatic/raw/ddpcr/archive_contents/2021-02-17/SNV_D178N/PeakData/E01.ddpeakjson,/mnt/c/Projects/prnp-somatic/raw/ddpcr/archive_contents/2021-02-17/SNV_D178N/PeakMetaData/E01.ddmetajson,polygon_control_hull_gates,control-derived convex-hull polygon gates,12983,12981,1358,11617,0,6,2,0,6,11623,ok,NA,"{""gate_source"":""control_anchored_polygon"",""min_hull_points"":30,""polygon_expansion"":1.03}"
2021-02-17_SNV_D178N,D178N,E04,CJD-18-31-th,biological_sample,18_31_th,2021-02-17,/mnt/c/Projects/prnp-somatic/raw/ddpcr/archive_contents/2021-02-17/SNV_D178N/PeakData/E04.ddpeakjson,/mnt/c/Projects/prnp-somatic/raw/ddpcr/archive_contents/2021-02-17/SNV_D178N/PeakMetaData/E04.ddmetajson,polygon_control_hull_gates,control-derived convex-hull polygon gates,16204,16197,2066,14125,1,5,7,0,6,14130,ok,NA,"{""gate_source"":""control_anchored_polygon"",""min_hull_points"":30,""polygon_expansion"":1.03}"
2021-02-17_SNV_D178N,D178N,F04,CJD-17-30-bg,biological_sample,17_30_bg,2021-02-17,/mnt/c/Projects/prnp-somatic/raw/ddpcr/archive_contents/2021-02-17/SNV_D178N/PeakData/F04.ddpeakjson,/mnt/c/Projects/prnp-somatic/raw/ddpcr/archive_contents/2021-02-17/SNV_D178N/PeakMetaData/F04.ddmetajson,polygon_control_hull_gates,control-derived convex-hull polygon gates,15831,15830,150,15670,0,10,1,0,10,15680,ok,NA,"{""gate_source"":""control_anchored_polygon"",""min_hull_points"":30,""polygon_expansion"":1.03}"
2021-02-17_SNV_D178N,D178N,G01,CJD-933892-cb,biological_sample,933892_cb,2021-02-17,/mnt/c/Projects/prnp-somatic/raw/ddpcr/archive_contents/2021-02-17/SNV_D178N/PeakData/G01.ddpeakjson,/mnt/c/Projects/prnp-somatic/raw/ddpcr/archive_contents/2021-02-17/SNV_D178N/PeakMetaData/G01.ddmetajson,polygon_control_hull_gates,control-derived convex-hull polygon gates,12525,12524,608,11908,1,7,1,0,8,11915,ok,NA,"{""gate_source"":""control_anchored_polygon"",""min_hull_points"":30,""polygon_expansion"":1.03}"
2021-02-17_SNV_D178N,D178N,G04,CJD-17-30-cb,biological_sample,17_30_cb,2021-02-17,/mnt/c/Projects/prnp-somatic/raw/ddpcr/archive_contents/2021-02-17/SNV_D178N/PeakData/G04.ddpeakjson,/mnt/c/Projects/prnp-somatic/raw/ddpcr/archive_contents/2021-02-17/SNV_D178N/PeakMetaData/G04.ddmetajson,polygon_control_hull_gates,control-derived convex-hull polygon gates,16218,16216,1570,14639,1,6,2,0,7,14645,ok,NA,"{""gate_source"":""control_anchored_polygon"",""min_hull_points"":30,""polygon_expansion"":1.03}"
2021-02-17_SNV_D178N,D178N,H01,CJD-933892-fr,biological_sample,933892_fr,2021-02-17,/mnt/c/Projects/prnp-somatic/raw/ddpcr/archive_contents/2021-02-17/SNV_D178N/PeakData/H01.ddpeakjson,/mnt/c/Projects/prnp-somatic/raw/ddpcr/archive_contents/2021-02-17/SNV_D178N/PeakMetaData/H01.ddmetajson,polygon_control_hull_gates,control-derived convex-hull polygon gates,11727,11723,243,11471,0,9,4,0,9,11480,ok,NA,"{""gate_source"":""control_anchored_polygon"",""min_hull_points"":30,""polygon_expansion"":1.03}"
2021-02-17_SNV_D178N,D178N,H04,CJD-17-31-cb,biological_sample,17_31_cb,2021-02-17,/mnt/c/Projects/prnp-somatic/raw/ddpcr/archive_contents/2021-02-17/SNV_D178N/PeakData/H04.ddpeakjson,/mnt/c/Projects/prnp-somatic/raw/ddpcr/archive_contents/2021-02-17/SNV_D178N/PeakMetaData/H04.ddmetajson,polygon_control_hull_gates,control-derived convex-hull polygon gates,16219,16213,1659,14546,0,8,6,0,8,14554,ok,NA,"{""gate_source"":""control_anchored_polygon"",""min_hull_points"":30,""polygon_expansion"":1.03}"
2021-03-29_SNV_D178N,D178N,A01,NTC,NTC,ntc,2021-03-29,/mnt/c/Projects/prnp-somatic/raw/ddpcr/archive_contents/2021-03-29/SNV_D178N/PeakData/A01.ddpeakjson,/mnt/c/Projects/prnp-somatic/raw/ddpcr/archive_contents/2021-03-29/SNV_D178N/PeakMetaData/A01.ddmetajson,polygon_control_hull_gates,control-derived convex-hull polygon gates,13056,13052,12023,1024,2,3,4,0,5,1027,ok,NA,"{""gate_source"":""control_anchored_polygon"",""min_hull_points"":30,""polygon_expansion"":1.03}"
2021-03-29_SNV_D178N,D178N,A04,17-11-sn,biological_sample,17_11_sn,2021-03-29,/mnt/c/Projects/prnp-somatic/raw/ddpcr/archive_contents/2021-03-29/SNV_D178N/PeakData/A04.ddpeakjson,/mnt/c/Projects/prnp-somatic/raw/ddpcr/archive_contents/2021-03-29/SNV_D178N/PeakMetaData/A04.ddmetajson,polygon_control_hull_gates,control-derived convex-hull polygon gates,16713,16698,43,16640,0,15,15,0,15,16655,ok,NA,"{""gate_source"":""control_anchored_polygon"",""min_hull_points"":30,""polygon_expansion"":1.03}"
2021-03-29_SNV_D178N,D178N,A07,17-8-sn,biological_sample,17_8_sn,2021-03-29,/mnt/c/Projects/prnp-somatic/raw/ddpcr/archive_contents/2021-03-29/SNV_D178N/PeakData/A07.ddpeakjson,/mnt/c/Projects/prnp-somatic/raw/ddpcr/archive_contents/2021-03-29/SNV_D178N/PeakMetaData/A07.ddmetajson,polygon_control_hull_gates,control-derived convex-hull polygon gates,15353,15348,291,15042,0,15,5,0,15,15057,ok,NA,"{""gate_source"":""control_anchored_polygon"",""min_hull_points"":30,""polygon_expansion"":1.03}"
2021-03-29_SNV_D178N,D178N,B01,WT,WT_control,wt,2021-03-29,/mnt/c/Projects/prnp-somatic/raw/ddpcr/archive_contents/2021-03-29/SNV_D178N/PeakData/B01.ddpeakjson,/mnt/c/Projects/prnp-somatic/raw/ddpcr/archive_contents/2021-03-29/SNV_D178N/PeakMetaData/B01.ddmetajson,polygon_control_hull_gates,control-derived convex-hull polygon gates,13984,13966,1932,12029,0,5,18,0,5,12034,ok,NA,"{""gate_source"":""control_anchored_polygon"",""min_hull_points"":30,""polygon_expansion"":1.03}"
2021-03-29_SNV_D178N,D178N,B04,17-11-th,biological_sample,17_11_th,2021-03-29,/mnt/c/Projects/prnp-somatic/raw/ddpcr/archive_contents/2021-03-29/SNV_D178N/PeakData/B04.ddpeakjson,/mnt/c/Projects/prnp-somatic/raw/ddpcr/archive_contents/2021-03-29/SNV_D178N/PeakMetaData/B04.ddmetajson,polygon_control_hull_gates,control-derived convex-hull polygon gates,15499,15488,250,15220,0,18,11,0,18,15238,ok,NA,"{""gate_source"":""control_anchored_polygon"",""min_hull_points"":30,""polygon_expansion"":1.03}"
2021-03-29_SNV_D178N,D178N,C01,D178N,positive_control,d178n,2021-03-29,/mnt/c/Projects/prnp-somatic/raw/ddpcr/archive_contents/2021-03-29/SNV_D178N/PeakData/C01.ddpeakjson,/mnt/c/Projects/prnp-somatic/raw/ddpcr/archive_contents/2021-03-29/SNV_D178N/PeakMetaData/C01.ddmetajson,polygon_control_hull_gates,control-derived convex-hull polygon gates,14485,14473,8861,4666,804,142,12,0,946,4808,ok,NA,"{""gate_source"":""control_anchored_polygon"",""min_hull_points"":30,""polygon_expansion"":1.03}"
2021-03-29_SNV_D178N,D178N,C04,17-12-cb,biological_sample,17_12_cb,2021-03-29,/mnt/c/Projects/prnp-somatic/raw/ddpcr/archive_contents/2021-03-29/SNV_D178N/PeakData/C04.ddpeakjson,/mnt/c/Projects/prnp-somatic/raw/ddpcr/archive_contents/2021-03-29/SNV_D178N/PeakMetaData/C04.ddmetajson,polygon_control_hull_gates,control-derived convex-hull polygon gates,12549,12532,79,12442,0,11,17,0,11,12453,ok,NA,"{""gate_source"":""control_anchored_polygon"",""min_hull_points"":30,""polygon_expansion"":1.03}"
2021-03-29_SNV_D178N,D178N,C07,17-34-bg,biological_sample,17_34_bg,2021-03-29,/mnt/c/Projects/prnp-somatic/raw/ddpcr/archive_contents/2021-03-29/SNV_D178N/PeakData/C07.ddpeakjson,/mnt/c/Projects/prnp-somatic/raw/ddpcr/archive_contents/2021-03-29/SNV_D178N/PeakMetaData/C07.ddmetajson,polygon_control_hull_gates,control-derived convex-hull polygon gates,16761,16751,427,16309,0,15,10,0,15,16324,ok,NA,"{""gate_source"":""control_anchored_polygon"",""min_hull_points"":30,""polygon_expansion"":1.03}"
2021-03-29_SNV_D178N,D178N,D01,17-31-fr,biological_sample,17_31_fr,2021-03-29,/mnt/c/Projects/prnp-somatic/raw/ddpcr/archive_contents/2021-03-29/SNV_D178N/PeakData/D01.ddpeakjson,/mnt/c/Projects/prnp-somatic/raw/ddpcr/archive_contents/2021-03-29/SNV_D178N/PeakMetaData/D01.ddmetajson,polygon_control_hull_gates,control-derived convex-hull polygon gates,14631,14614,1004,13603,0,7,17,0,7,13610,ok,NA,"{""gate_source"":""control_anchored_polygon"",""min_hull_points"":30,""polygon_expansion"":1.03}"
2021-03-29_SNV_D178N,D178N,D04,17-12-hc,biological_sample,17_12_hc,2021-03-29,/mnt/c/Projects/prnp-somatic/raw/ddpcr/archive_contents/2021-03-29/SNV_D178N/PeakData/D04.ddpeakjson,/mnt/c/Projects/prnp-somatic/raw/ddpcr/archive_contents/2021-03-29/SNV_D178N/PeakMetaData/D04.ddmetajson,polygon_control_hull_gates,control-derived convex-hull polygon gates,17304,17296,557,16717,0,22,8,0,22,16739,ok,NA,"{""gate_source"":""control_anchored_polygon"",""min_hull_points"":30,""polygon_expansion"":1.03}"
2021-03-29_SNV_D178N,D178N,D07,17-34-hc,biological_sample,17_34_hc,2021-03-29,/mnt/c/Projects/prnp-somatic/raw/ddpcr/archive_contents/2021-03-29/SNV_D178N/PeakData/D07.ddpeakjson,/mnt/c/Projects/prnp-somatic/raw/ddpcr/archive_contents/2021-03-29/SNV_D178N/PeakMetaData/D07.ddmetajson,polygon_control_hull_gates,control-derived convex-hull polygon gates,17087,17084,235,16836,0,13,3,0,13,16849,ok,NA,"{""gate_source"":""control_anchored_polygon"",""min_hull_points"":30,""polygon_expansion"":1.03}"
2021-03-29_SNV_D178N,D178N,E01,18-1-sn,biological_sample,18_1_sn,2021-03-29,/mnt/c/Projects/prnp-somatic/raw/ddpcr/archive_contents/2021-03-29/SNV_D178N/PeakData/E01.ddpeakjson,/mnt/c/Projects/prnp-somatic/raw/ddpcr/archive_contents/2021-03-29/SNV_D178N/PeakMetaData/E01.ddmetajson,polygon_control_hull_gates,control-derived convex-hull polygon gates,15297,15290,52,15224,0,14,7,0,14,15238,ok,NA,"{""gate_source"":""control_anchored_polygon"",""min_hull_points"":30,""polygon_expansion"":1.03}"
2021-03-29_SNV_D178N,D178N,E04,17-5-bg,biological_sample,17_5_bg,2021-03-29,/mnt/c/Projects/prnp-somatic/raw/ddpcr/archive_contents/2021-03-29/SNV_D178N/PeakData/E04.ddpeakjson,/mnt/c/Projects/prnp-somatic/raw/ddpcr/archive_contents/2021-03-29/SNV_D178N/PeakMetaData/E04.ddmetajson,polygon_control_hull_gates,control-derived convex-hull polygon gates,15184,15169,647,14506,0,16,15,0,16,14522,ok,NA,"{""gate_source"":""control_anchored_polygon"",""min_hull_points"":30,""polygon_expansion"":1.03}"
2021-03-29_SNV_D178N,D178N,E07,929474-th,biological_sample,929474_th,2021-03-29,/mnt/c/Projects/prnp-somatic/raw/ddpcr/archive_contents/2021-03-29/SNV_D178N/PeakData/E07.ddpeakjson,/mnt/c/Projects/prnp-somatic/raw/ddpcr/archive_contents/2021-03-29/SNV_D178N/PeakMetaData/E07.ddmetajson,polygon_control_hull_gates,control-derived convex-hull polygon gates,16809,16804,167,16623,0,14,5,0,14,16637,ok,NA,"{""gate_source"":""control_anchored_polygon"",""min_hull_points"":30,""polygon_expansion"":1.03}"
2021-03-29_SNV_D178N,D178N,F01,18-1-th,biological_sample,18_1_th,2021-03-29,/mnt/c/Projects/prnp-somatic/raw/ddpcr/archive_contents/2021-03-29/SNV_D178N/PeakData/F01.ddpeakjson,/mnt/c/Projects/prnp-somatic/raw/ddpcr/archive_contents/2021-03-29/SNV_D178N/PeakMetaData/F01.ddmetajson,polygon_control_hull_gates,control-derived convex-hull polygon gates,14693,14637,15,14607,0,15,56,0,15,14622,ok,NA,"{""gate_source"":""control_anchored_polygon"",""min_hull_points"":30,""polygon_expansion"":1.03}"
2021-03-29_SNV_D178N,D178N,F04,17-5-hc,biological_sample,17_5_hc,2021-03-29,/mnt/c/Projects/prnp-somatic/raw/ddpcr/archive_contents/2021-03-29/SNV_D178N/PeakData/F04.ddpeakjson,/mnt/c/Projects/prnp-somatic/raw/ddpcr/archive_contents/2021-03-29/SNV_D178N/PeakMetaData/F04.ddmetajson,polygon_control_hull_gates,control-derived convex-hull polygon gates,17022,17019,198,16804,0,17,3,0,17,16821,ok,NA,"{""gate_source"":""control_anchored_polygon"",""min_hull_points"":30,""polygon_expansion"":1.03}"
2021-03-29_SNV_D178N,D178N,F07,14-2-bg,biological_sample,14_2_bg,2021-03-29,/mnt/c/Projects/prnp-somatic/raw/ddpcr/archive_contents/2021-03-29/SNV_D178N/PeakData/F07.ddpeakjson,/mnt/c/Projects/prnp-somatic/raw/ddpcr/archive_contents/2021-03-29/SNV_D178N/PeakMetaData/F07.ddmetajson,polygon_control_hull_gates,control-derived convex-hull polygon gates,15870,15865,306,15540,0,19,5,0,19,15559,ok,NA,"{""gate_source"":""control_anchored_polygon"",""min_hull_points"":30,""polygon_expansion"":1.03}"
2021-03-29_SNV_D178N,D178N,G01,17-13-fr,biological_sample,17_13_fr,2021-03-29,/mnt/c/Projects/prnp-somatic/raw/ddpcr/archive_contents/2021-03-29/SNV_D178N/PeakData/G01.ddpeakjson,/mnt/c/Projects/prnp-somatic/raw/ddpcr/archive_contents/2021-03-29/SNV_D178N/PeakMetaData/G01.ddmetajson,polygon_control_hull_gates,control-derived convex-hull polygon gates,14891,14837,322,14503,0,12,54,0,12,14515,ok,NA,"{""gate_source"":""control_anchored_polygon"",""min_hull_points"":30,""polygon_expansion"":1.03}"
2021-03-29_SNV_D178N,D178N,G04,17-5-sn,biological_sample,17_5_sn,2021-03-29,/mnt/c/Projects/prnp-somatic/raw/ddpcr/archive_contents/2021-03-29/SNV_D178N/PeakData/G04.ddpeakjson,/mnt/c/Projects/prnp-somatic/raw/ddpcr/archive_contents/2021-03-29/SNV_D178N/PeakMetaData/G04.ddmetajson,polygon_control_hull_gates,control-derived convex-hull polygon gates,16772,16754,675,16062,0,17,18,0,17,16079,ok,NA,"{""gate_source"":""control_anchored_polygon"",""min_hull_points"":30,""polygon_expansion"":1.03}"
2021-03-29_SNV_D178N,D178N,G07,14-2-cb,biological_sample,14_2_cb,2021-03-29,/mnt/c/Projects/prnp-somatic/raw/ddpcr/archive_contents/2021-03-29/SNV_D178N/PeakData/G07.ddpeakjson,/mnt/c/Projects/prnp-somatic/raw/ddpcr/archive_contents/2021-03-29/SNV_D178N/PeakMetaData/G07.ddmetajson,polygon_control_hull_gates,control-derived convex-hull polygon gates,14291,14284,748,13525,0,11,7,0,11,13536,ok,NA,"{""gate_source"":""control_anchored_polygon"",""min_hull_points"":30,""polygon_expansion"":1.03}"
2021-03-29_SNV_D178N,D178N,H01,17-13-th,biological_sample,17_13_th,2021-03-29,/mnt/c/Projects/prnp-somatic/raw/ddpcr/archive_contents/2021-03-29/SNV_D178N/PeakData/H01.ddpeakjson,/mnt/c/Projects/prnp-somatic/raw/ddpcr/archive_contents/2021-03-29/SNV_D178N/PeakMetaData/H01.ddmetajson,polygon_control_hull_gates,control-derived convex-hull polygon gates,15941,15923,498,15407,0,18,18,0,18,15425,ok,NA,"{""gate_source"":""control_anchored_polygon"",""min_hull_points"":30,""polygon_expansion"":1.03}"
2021-03-29_SNV_D178N,D178N,H04,17-8-hc,biological_sample,17_8_hc,2021-03-29,/mnt/c/Projects/prnp-somatic/raw/ddpcr/archive_contents/2021-03-29/SNV_D178N/PeakData/H04.ddpeakjson,/mnt/c/Projects/prnp-somatic/raw/ddpcr/archive_contents/2021-03-29/SNV_D178N/PeakMetaData/H04.ddmetajson,polygon_control_hull_gates,control-derived convex-hull polygon gates,16456,16449,57,16376,0,16,7,0,16,16392,ok,NA,"{""gate_source"":""control_anchored_polygon"",""min_hull_points"":30,""polygon_expansion"":1.03}"
2021-03-29_SNV_D178N,D178N,H07,14-2-fr,biological_sample,14_2_fr,2021-03-29,/mnt/c/Projects/prnp-somatic/raw/ddpcr/archive_contents/2021-03-29/SNV_D178N/PeakData/H07.ddpeakjson,/mnt/c/Projects/prnp-somatic/raw/ddpcr/archive_contents/2021-03-29/SNV_D178N/PeakMetaData/H07.ddmetajson,polygon_control_hull_gates,control-derived convex-hull polygon gates,17779,17761,462,17280,1,18,18,0,19,17298,ok,NA,"{""gate_source"":""control_anchored_polygon"",""min_hull_points"":30,""polygon_expansion"":1.03}"
2021-04-06_SNV_D178N,D178N,A01,NTC,NTC,ntc,2021-04-06,/mnt/c/Projects/prnp-somatic/raw/ddpcr/archive_contents/2021-04-06/SNV_D178N/PeakData/A01.ddpeakjson,/mnt/c/Projects/prnp-somatic/raw/ddpcr/archive_contents/2021-04-06/SNV_D178N/PeakMetaData/A01.ddmetajson,polygon_control_hull_gates,control-derived convex-hull polygon gates,16349,16348,14356,1984,3,5,1,0,8,1989,ok,NA,"{""gate_source"":""control_anchored_polygon"",""min_hull_points"":30,""polygon_expansion"":1.03}"
2021-04-06_SNV_D178N,D178N,A04,20-08-hc,biological_sample,20_08_hc,2021-04-06,/mnt/c/Projects/prnp-somatic/raw/ddpcr/archive_contents/2021-04-06/SNV_D178N/PeakData/A04.ddpeakjson,/mnt/c/Projects/prnp-somatic/raw/ddpcr/archive_contents/2021-04-06/SNV_D178N/PeakMetaData/A04.ddmetajson,polygon_control_hull_gates,control-derived convex-hull polygon gates,12446,12443,16,12404,0,23,3,0,23,12427,ok,NA,"{""gate_source"":""control_anchored_polygon"",""min_hull_points"":30,""polygon_expansion"":1.03}"
2021-04-06_SNV_D178N,D178N,A07,14-2-hc,biological_sample,14_2_hc,2021-04-06,/mnt/c/Projects/prnp-somatic/raw/ddpcr/archive_contents/2021-04-06/SNV_D178N/PeakData/A07.ddpeakjson,/mnt/c/Projects/prnp-somatic/raw/ddpcr/archive_contents/2021-04-06/SNV_D178N/PeakMetaData/A07.ddmetajson,polygon_control_hull_gates,control-derived convex-hull polygon gates,14630,14624,88,14523,0,13,6,0,13,14536,ok,NA,"{""gate_source"":""control_anchored_polygon"",""min_hull_points"":30,""polygon_expansion"":1.03}"
2021-04-06_SNV_D178N,D178N,B01,WT,WT_control,wt,2021-04-06,/mnt/c/Projects/prnp-somatic/raw/ddpcr/archive_contents/2021-04-06/SNV_D178N/PeakData/B01.ddpeakjson,/mnt/c/Projects/prnp-somatic/raw/ddpcr/archive_contents/2021-04-06/SNV_D178N/PeakMetaData/B01.ddmetajson,polygon_control_hull_gates,control-derived convex-hull polygon gates,16299,16290,4081,12198,0,11,9,0,11,12209,ok,NA,"{""gate_source"":""control_anchored_polygon"",""min_hull_points"":30,""polygon_expansion"":1.03}"
2021-04-06_SNV_D178N,D178N,B04,20-08-th,biological_sample,20_08_th,2021-04-06,/mnt/c/Projects/prnp-somatic/raw/ddpcr/archive_contents/2021-04-06/SNV_D178N/PeakData/B04.ddpeakjson,/mnt/c/Projects/prnp-somatic/raw/ddpcr/archive_contents/2021-04-06/SNV_D178N/PeakMetaData/B04.ddmetajson,polygon_control_hull_gates,control-derived convex-hull polygon gates,11635,11633,80,11538,0,15,2,0,15,11553,ok,NA,"{""gate_source"":""control_anchored_polygon"",""min_hull_points"":30,""polygon_expansion"":1.03}"
2021-04-06_SNV_D178N,D178N,B07,14-2-sn,biological_sample,14_2_sn,2021-04-06,/mnt/c/Projects/prnp-somatic/raw/ddpcr/archive_contents/2021-04-06/SNV_D178N/PeakData/B07.ddpeakjson,/mnt/c/Projects/prnp-somatic/raw/ddpcr/archive_contents/2021-04-06/SNV_D178N/PeakMetaData/B07.ddmetajson,polygon_control_hull_gates,control-derived convex-hull polygon gates,13770,13770,365,13393,0,12,0,0,12,13405,ok,NA,"{""gate_source"":""control_anchored_polygon"",""min_hull_points"":30,""polygon_expansion"":1.03}"
2021-04-06_SNV_D178N,D178N,C01,D178N,positive_control,d178n,2021-04-06,/mnt/c/Projects/prnp-somatic/raw/ddpcr/archive_contents/2021-04-06/SNV_D178N/PeakData/C01.ddpeakjson,/mnt/c/Projects/prnp-somatic/raw/ddpcr/archive_contents/2021-04-06/SNV_D178N/PeakMetaData/C01.ddmetajson,polygon_control_hull_gates,control-derived convex-hull polygon gates,17175,17172,5525,4805,4069,2773,3,0,6842,7578,ok,NA,"{""gate_source"":""control_anchored_polygon"",""min_hull_points"":30,""polygon_expansion"":1.03}"
2021-04-06_SNV_D178N,D178N,C04,15-27-bg,biological_sample,15_27_bg,2021-04-06,/mnt/c/Projects/prnp-somatic/raw/ddpcr/archive_contents/2021-04-06/SNV_D178N/PeakData/C04.ddpeakjson,/mnt/c/Projects/prnp-somatic/raw/ddpcr/archive_contents/2021-04-06/SNV_D178N/PeakMetaData/C04.ddmetajson,polygon_control_hull_gates,control-derived convex-hull polygon gates,10788,10787,284,10494,0,9,1,0,9,10503,ok,NA,"{""gate_source"":""control_anchored_polygon"",""min_hull_points"":30,""polygon_expansion"":1.03}"
2021-04-06_SNV_D178N,D178N,C07,14-2-th,biological_sample,14_2_th,2021-04-06,/mnt/c/Projects/prnp-somatic/raw/ddpcr/archive_contents/2021-04-06/SNV_D178N/PeakData/C07.ddpeakjson,/mnt/c/Projects/prnp-somatic/raw/ddpcr/archive_contents/2021-04-06/SNV_D178N/PeakMetaData/C07.ddmetajson,polygon_control_hull_gates,control-derived convex-hull polygon gates,15964,15962,191,15753,0,18,2,0,18,15771,ok,NA,"{""gate_source"":""control_anchored_polygon"",""min_hull_points"":30,""polygon_expansion"":1.03}"
2021-04-06_SNV_D178N,D178N,D01,17-20-hc,biological_sample,17_20_hc,2021-04-06,/mnt/c/Projects/prnp-somatic/raw/ddpcr/archive_contents/2021-04-06/SNV_D178N/PeakData/D01.ddpeakjson,/mnt/c/Projects/prnp-somatic/raw/ddpcr/archive_contents/2021-04-06/SNV_D178N/PeakMetaData/D01.ddmetajson,polygon_control_hull_gates,control-derived convex-hull polygon gates,15420,15414,15,15379,0,20,6,0,20,15399,ok,NA,"{""gate_source"":""control_anchored_polygon"",""min_hull_points"":30,""polygon_expansion"":1.03}"
2021-04-06_SNV_D178N,D178N,D04,15-27-cb,biological_sample,15_27_cb,2021-04-06,/mnt/c/Projects/prnp-somatic/raw/ddpcr/archive_contents/2021-04-06/SNV_D178N/PeakData/D04.ddpeakjson,/mnt/c/Projects/prnp-somatic/raw/ddpcr/archive_contents/2021-04-06/SNV_D178N/PeakMetaData/D04.ddmetajson,polygon_control_hull_gates,control-derived convex-hull polygon gates,12890,12889,512,12364,1,12,1,0,13,12376,ok,NA,"{""gate_source"":""control_anchored_polygon"",""min_hull_points"":30,""polygon_expansion"":1.03}"
2021-04-06_SNV_D178N,D178N,D07,15-6-bg,biological_sample,15_6_bg,2021-04-06,/mnt/c/Projects/prnp-somatic/raw/ddpcr/archive_contents/2021-04-06/SNV_D178N/PeakData/D07.ddpeakjson,/mnt/c/Projects/prnp-somatic/raw/ddpcr/archive_contents/2021-04-06/SNV_D178N/PeakMetaData/D07.ddmetajson,polygon_control_hull_gates,control-derived convex-hull polygon gates,14604,14599,147,14442,0,10,5,0,10,14452,ok,NA,"{""gate_source"":""control_anchored_polygon"",""min_hull_points"":30,""polygon_expansion"":1.03}"
2021-04-06_SNV_D178N,D178N,E01,15-6-th,biological_sample,15_6_th,2021-04-06,/mnt/c/Projects/prnp-somatic/raw/ddpcr/archive_contents/2021-04-06/SNV_D178N/PeakData/E01.ddpeakjson,/mnt/c/Projects/prnp-somatic/raw/ddpcr/archive_contents/2021-04-06/SNV_D178N/PeakMetaData/E01.ddmetajson,polygon_control_hull_gates,control-derived convex-hull polygon gates,14025,14023,38,13966,0,19,2,0,19,13985,ok,NA,"{""gate_source"":""control_anchored_polygon"",""min_hull_points"":30,""polygon_expansion"":1.03}"
2021-04-06_SNV_D178N,D178N,E04,15-27-pons,biological_sample,15_27_ps,2021-04-06,/mnt/c/Projects/prnp-somatic/raw/ddpcr/archive_contents/2021-04-06/SNV_D178N/PeakData/E04.ddpeakjson,/mnt/c/Projects/prnp-somatic/raw/ddpcr/archive_contents/2021-04-06/SNV_D178N/PeakMetaData/E04.ddmetajson,polygon_control_hull_gates,control-derived convex-hull polygon gates,11831,11748,99,11629,1,19,83,0,20,11648,ok,NA,"{""gate_source"":""control_anchored_polygon"",""min_hull_points"":30,""polygon_expansion"":1.03}"
2021-04-06_SNV_D178N,D178N,E07,15-6-cb,biological_sample,15_6_cb,2021-04-06,/mnt/c/Projects/prnp-somatic/raw/ddpcr/archive_contents/2021-04-06/SNV_D178N/PeakData/E07.ddpeakjson,/mnt/c/Projects/prnp-somatic/raw/ddpcr/archive_contents/2021-04-06/SNV_D178N/PeakMetaData/E07.ddmetajson,polygon_control_hull_gates,control-derived convex-hull polygon gates,13655,13651,90,13551,0,10,4,0,10,13561,ok,NA,"{""gate_source"":""control_anchored_polygon"",""min_hull_points"":30,""polygon_expansion"":1.03}"
2021-04-06_SNV_D178N,D178N,F01,17-8-th,biological_sample,17_8_th,2021-04-06,/mnt/c/Projects/prnp-somatic/raw/ddpcr/archive_contents/2021-04-06/SNV_D178N/PeakData/F01.ddpeakjson,/mnt/c/Projects/prnp-somatic/raw/ddpcr/archive_contents/2021-04-06/SNV_D178N/PeakMetaData/F01.ddmetajson,polygon_control_hull_gates,control-derived convex-hull polygon gates,15803,15803,166,15610,0,27,0,0,27,15637,ok,NA,"{""gate_source"":""control_anchored_polygon"",""min_hull_points"":30,""polygon_expansion"":1.03}"
2021-04-06_SNV_D178N,D178N,F04,15-27-th,biological_sample,15_27_th,2021-04-06,/mnt/c/Projects/prnp-somatic/raw/ddpcr/archive_contents/2021-04-06/SNV_D178N/PeakData/F04.ddpeakjson,/mnt/c/Projects/prnp-somatic/raw/ddpcr/archive_contents/2021-04-06/SNV_D178N/PeakMetaData/F04.ddmetajson,polygon_control_hull_gates,control-derived convex-hull polygon gates,13359,13352,181,13150,0,21,7,0,21,13171,ok,NA,"{""gate_source"":""control_anchored_polygon"",""min_hull_points"":30,""polygon_expansion"":1.03}"
2021-04-06_SNV_D178N,D178N,F07,15-6-fr,biological_sample,15_6_fr,2021-04-06,/mnt/c/Projects/prnp-somatic/raw/ddpcr/archive_contents/2021-04-06/SNV_D178N/PeakData/F07.ddpeakjson,/mnt/c/Projects/prnp-somatic/raw/ddpcr/archive_contents/2021-04-06/SNV_D178N/PeakMetaData/F07.ddmetajson,polygon_control_hull_gates,control-derived convex-hull polygon gates,14767,14763,506,14246,0,11,4,0,11,14257,ok,NA,"{""gate_source"":""control_anchored_polygon"",""min_hull_points"":30,""polygon_expansion"":1.03}"
2021-04-06_SNV_D178N,D178N,G04,15-1-hc,biological_sample,15_1_hc,2021-04-06,/mnt/c/Projects/prnp-somatic/raw/ddpcr/archive_contents/2021-04-06/SNV_D178N/PeakData/G04.ddpeakjson,/mnt/c/Projects/prnp-somatic/raw/ddpcr/archive_contents/2021-04-06/SNV_D178N/PeakMetaData/G04.ddmetajson,polygon_control_hull_gates,control-derived convex-hull polygon gates,12168,12162,103,12044,0,15,6,0,15,12059,ok,NA,"{""gate_source"":""control_anchored_polygon"",""min_hull_points"":30,""polygon_expansion"":1.03}"
2021-04-06_SNV_D178N,D178N,G07,15-6-hc,biological_sample,15_6_hc,2021-04-06,/mnt/c/Projects/prnp-somatic/raw/ddpcr/archive_contents/2021-04-06/SNV_D178N/PeakData/G07.ddpeakjson,/mnt/c/Projects/prnp-somatic/raw/ddpcr/archive_contents/2021-04-06/SNV_D178N/PeakMetaData/G07.ddmetajson,polygon_control_hull_gates,control-derived convex-hull polygon gates,12966,12963,29,12914,0,20,3,0,20,12934,ok,NA,"{""gate_source"":""control_anchored_polygon"",""min_hull_points"":30,""polygon_expansion"":1.03}"
2021-04-06_SNV_D178N,D178N,H01,933892-bg,biological_sample,933892_bg,2021-04-06,/mnt/c/Projects/prnp-somatic/raw/ddpcr/archive_contents/2021-04-06/SNV_D178N/PeakData/H01.ddpeakjson,/mnt/c/Projects/prnp-somatic/raw/ddpcr/archive_contents/2021-04-06/SNV_D178N/PeakMetaData/H01.ddmetajson,polygon_control_hull_gates,control-derived convex-hull polygon gates,15728,15709,148,15541,0,20,19,0,20,15561,ok,NA,"{""gate_source"":""control_anchored_polygon"",""min_hull_points"":30,""polygon_expansion"":1.03}"
2021-04-06_SNV_D178N,D178N,H04,15-1-sn,biological_sample,15_1_sn,2021-04-06,/mnt/c/Projects/prnp-somatic/raw/ddpcr/archive_contents/2021-04-06/SNV_D178N/PeakData/H04.ddpeakjson,/mnt/c/Projects/prnp-somatic/raw/ddpcr/archive_contents/2021-04-06/SNV_D178N/PeakMetaData/H04.ddmetajson,polygon_control_hull_gates,control-derived convex-hull polygon gates,12390,12386,88,12279,1,18,4,0,19,12297,ok,NA,"{""gate_source"":""control_anchored_polygon"",""min_hull_points"":30,""polygon_expansion"":1.03}"
2021-04-06_SNV_D178N,D178N,H07,15-6-sn,biological_sample,15_6_sn,2021-04-06,/mnt/c/Projects/prnp-somatic/raw/ddpcr/archive_contents/2021-04-06/SNV_D178N/PeakData/H07.ddpeakjson,/mnt/c/Projects/prnp-somatic/raw/ddpcr/archive_contents/2021-04-06/SNV_D178N/PeakMetaData/H07.ddmetajson,polygon_control_hull_gates,control-derived convex-hull polygon gates,14556,14536,21,14491,0,24,20,0,24,14515,ok,NA,"{""gate_source"":""control_anchored_polygon"",""min_hull_points"":30,""polygon_expansion"":1.03}"
2021-05-10_SNV_D178N,D178N,A01,NTC,NTC,ntc,2021-05-10,/mnt/c/Projects/prnp-somatic/raw/ddpcr/archive_contents/2021-05-10/SNV_D178N/PeakData/A01.ddpeakjson,/mnt/c/Projects/prnp-somatic/raw/ddpcr/archive_contents/2021-05-10/SNV_D178N/PeakMetaData/A01.ddmetajson,polygon_control_hull_gates,control-derived convex-hull polygon gates,14408,14408,13405,999,4,0,0,0,4,999,ok,NA,"{""gate_source"":""control_anchored_polygon"",""min_hull_points"":30,""polygon_expansion"":1.03}"
2021-05-10_SNV_D178N,D178N,A04,09-100-th,biological_sample,09_100_th,2021-05-10,/mnt/c/Projects/prnp-somatic/raw/ddpcr/archive_contents/2021-05-10/SNV_D178N/PeakData/A04.ddpeakjson,/mnt/c/Projects/prnp-somatic/raw/ddpcr/archive_contents/2021-05-10/SNV_D178N/PeakMetaData/A04.ddmetajson,polygon_control_hull_gates,control-derived convex-hull polygon gates,15555,15552,269,15249,1,33,3,0,34,15282,ok,NA,"{""gate_source"":""control_anchored_polygon"",""min_hull_points"":30,""polygon_expansion"":1.03}"
2021-05-10_SNV_D178N,D178N,A07,03-132-ce,biological_sample,03_132_ce,2021-05-10,/mnt/c/Projects/prnp-somatic/raw/ddpcr/archive_contents/2021-05-10/SNV_D178N/PeakData/A07.ddpeakjson,/mnt/c/Projects/prnp-somatic/raw/ddpcr/archive_contents/2021-05-10/SNV_D178N/PeakMetaData/A07.ddmetajson,polygon_control_hull_gates,control-derived convex-hull polygon gates,15413,15409,386,14997,0,26,4,0,26,15023,ok,NA,"{""gate_source"":""control_anchored_polygon"",""min_hull_points"":30,""polygon_expansion"":1.03}"
2021-05-10_SNV_D178N,D178N,B01,WT,WT_control,wt,2021-05-10,/mnt/c/Projects/prnp-somatic/raw/ddpcr/archive_contents/2021-05-10/SNV_D178N/PeakData/B01.ddpeakjson,/mnt/c/Projects/prnp-somatic/raw/ddpcr/archive_contents/2021-05-10/SNV_D178N/PeakMetaData/B01.ddmetajson,polygon_control_hull_gates,control-derived convex-hull polygon gates,14960,14949,4627,10301,0,21,11,0,21,10322,ok,NA,"{""gate_source"":""control_anchored_polygon"",""min_hull_points"":30,""polygon_expansion"":1.03}"
2021-05-10_SNV_D178N,D178N,B04,03-112-cau,biological_sample,03_112_cau,2021-05-10,/mnt/c/Projects/prnp-somatic/raw/ddpcr/archive_contents/2021-05-10/SNV_D178N/PeakData/B04.ddpeakjson,/mnt/c/Projects/prnp-somatic/raw/ddpcr/archive_contents/2021-05-10/SNV_D178N/PeakMetaData/B04.ddmetajson,polygon_control_hull_gates,control-derived convex-hull polygon gates,15378,15378,315,15034,0,29,0,0,29,15063,ok,NA,"{""gate_source"":""control_anchored_polygon"",""min_hull_points"":30,""polygon_expansion"":1.03}"
2021-05-10_SNV_D178N,D178N,B07,03-132-fc,biological_sample,03_132_fc,2021-05-10,/mnt/c/Projects/prnp-somatic/raw/ddpcr/archive_contents/2021-05-10/SNV_D178N/PeakData/B07.ddpeakjson,/mnt/c/Projects/prnp-somatic/raw/ddpcr/archive_contents/2021-05-10/SNV_D178N/PeakMetaData/B07.ddmetajson,polygon_control_hull_gates,control-derived convex-hull polygon gates,12864,12858,16,12815,0,27,6,0,27,12842,ok,NA,"{""gate_source"":""control_anchored_polygon"",""min_hull_points"":30,""polygon_expansion"":1.03}"
2021-05-10_SNV_D178N,D178N,C01,D178N,positive_control,d178n,2021-05-10,/mnt/c/Projects/prnp-somatic/raw/ddpcr/archive_contents/2021-05-10/SNV_D178N/PeakData/C01.ddpeakjson,/mnt/c/Projects/prnp-somatic/raw/ddpcr/archive_contents/2021-05-10/SNV_D178N/PeakMetaData/C01.ddmetajson,polygon_control_hull_gates,control-derived convex-hull polygon gates,14154,14150,4813,3618,3279,2440,4,0,5719,6058,ok,NA,"{""gate_source"":""control_anchored_polygon"",""min_hull_points"":30,""polygon_expansion"":1.03}"
2021-05-10_SNV_D178N,D178N,C04,03-112-ce,biological_sample,03_112_ce,2021-05-10,/mnt/c/Projects/prnp-somatic/raw/ddpcr/archive_contents/2021-05-10/SNV_D178N/PeakData/C04.ddpeakjson,/mnt/c/Projects/prnp-somatic/raw/ddpcr/archive_contents/2021-05-10/SNV_D178N/PeakMetaData/C04.ddmetajson,polygon_control_hull_gates,control-derived convex-hull polygon gates,16399,16397,223,16153,0,21,2,0,21,16174,ok,NA,"{""gate_source"":""control_anchored_polygon"",""min_hull_points"":30,""polygon_expansion"":1.03}"
2021-05-10_SNV_D178N,D178N,C07,03-132-hip,biological_sample,03_132_hip,2021-05-10,/mnt/c/Projects/prnp-somatic/raw/ddpcr/archive_contents/2021-05-10/SNV_D178N/PeakData/C07.ddpeakjson,/mnt/c/Projects/prnp-somatic/raw/ddpcr/archive_contents/2021-05-10/SNV_D178N/PeakMetaData/C07.ddmetajson,polygon_control_hull_gates,control-derived convex-hull polygon gates,15504,15503,49,15419,0,35,1,0,35,15454,ok,NA,"{""gate_source"":""control_anchored_polygon"",""min_hull_points"":30,""polygon_expansion"":1.03}"
2021-05-10_SNV_D178N,D178N,D01,09-100-cau,biological_sample,09_100_cau,2021-05-10,/mnt/c/Projects/prnp-somatic/raw/ddpcr/archive_contents/2021-05-10/SNV_D178N/PeakData/D01.ddpeakjson,/mnt/c/Projects/prnp-somatic/raw/ddpcr/archive_contents/2021-05-10/SNV_D178N/PeakMetaData/D01.ddmetajson,polygon_control_hull_gates,control-derived convex-hull polygon gates,15727,15723,661,15036,0,26,4,0,26,15062,ok,NA,"{""gate_source"":""control_anchored_polygon"",""min_hull_points"":30,""polygon_expansion"":1.03}"
2021-05-10_SNV_D178N,D178N,D04,03-112-fc,biological_sample,03_112_fc,2021-05-10,/mnt/c/Projects/prnp-somatic/raw/ddpcr/archive_contents/2021-05-10/SNV_D178N/PeakData/D04.ddpeakjson,/mnt/c/Projects/prnp-somatic/raw/ddpcr/archive_contents/2021-05-10/SNV_D178N/PeakMetaData/D04.ddmetajson,polygon_control_hull_gates,control-derived convex-hull polygon gates,16359,16359,82,16248,0,29,0,0,29,16277,ok,NA,"{""gate_source"":""control_anchored_polygon"",""min_hull_points"":30,""polygon_expansion"":1.03}"
2021-05-10_SNV_D178N,D178N,D07,03-132-mdb,biological_sample,03_132_mdb,2021-05-10,/mnt/c/Projects/prnp-somatic/raw/ddpcr/archive_contents/2021-05-10/SNV_D178N/PeakData/D07.ddpeakjson,/mnt/c/Projects/prnp-somatic/raw/ddpcr/archive_contents/2021-05-10/SNV_D178N/PeakMetaData/D07.ddmetajson,polygon_control_hull_gates,control-derived convex-hull polygon gates,15967,15965,33,15909,0,23,2,0,23,15932,ok,NA,"{""gate_source"":""control_anchored_polygon"",""min_hull_points"":30,""polygon_expansion"":1.03}"
2021-05-10_SNV_D178N,D178N,E01,09-100-ce,biological_sample,09_100_ce,2021-05-10,/mnt/c/Projects/prnp-somatic/raw/ddpcr/archive_contents/2021-05-10/SNV_D178N/PeakData/E01.ddpeakjson,/mnt/c/Projects/prnp-somatic/raw/ddpcr/archive_contents/2021-05-10/SNV_D178N/PeakMetaData/E01.ddmetajson,polygon_control_hull_gates,control-derived convex-hull polygon gates,15275,15268,1724,13527,0,17,7,0,17,13544,ok,NA,"{""gate_source"":""control_anchored_polygon"",""min_hull_points"":30,""polygon_expansion"":1.03}"
2021-05-10_SNV_D178N,D178N,E04,03-112-hip,biological_sample,03_112_hip,2021-05-10,/mnt/c/Projects/prnp-somatic/raw/ddpcr/archive_contents/2021-05-10/SNV_D178N/PeakData/E04.ddpeakjson,/mnt/c/Projects/prnp-somatic/raw/ddpcr/archive_contents/2021-05-10/SNV_D178N/PeakMetaData/E04.ddmetajson,polygon_control_hull_gates,control-derived convex-hull polygon gates,16979,16977,254,16699,0,24,2,0,24,16723,ok,NA,"{""gate_source"":""control_anchored_polygon"",""min_hull_points"":30,""polygon_expansion"":1.03}"
2021-05-10_SNV_D178N,D178N,E07,03-132-th,biological_sample,03_132_th,2021-05-10,/mnt/c/Projects/prnp-somatic/raw/ddpcr/archive_contents/2021-05-10/SNV_D178N/PeakData/E07.ddpeakjson,/mnt/c/Projects/prnp-somatic/raw/ddpcr/archive_contents/2021-05-10/SNV_D178N/PeakMetaData/E07.ddmetajson,polygon_control_hull_gates,control-derived convex-hull polygon gates,15460,15456,42,15381,0,33,4,0,33,15414,ok,NA,"{""gate_source"":""control_anchored_polygon"",""min_hull_points"":30,""polygon_expansion"":1.03}"
2021-05-10_SNV_D178N,D178N,F01,09-100-fc,biological_sample,09_100_fc,2021-05-10,/mnt/c/Projects/prnp-somatic/raw/ddpcr/archive_contents/2021-05-10/SNV_D178N/PeakData/F01.ddpeakjson,/mnt/c/Projects/prnp-somatic/raw/ddpcr/archive_contents/2021-05-10/SNV_D178N/PeakMetaData/F01.ddmetajson,polygon_control_hull_gates,control-derived convex-hull polygon gates,15356,15354,265,15061,1,27,2,0,28,15088,ok,NA,"{""gate_source"":""control_anchored_polygon"",""min_hull_points"":30,""polygon_expansion"":1.03}"
2021-05-10_SNV_D178N,D178N,F04,03-112-mdb,biological_sample,03_112_mdb,2021-05-10,/mnt/c/Projects/prnp-somatic/raw/ddpcr/archive_contents/2021-05-10/SNV_D178N/PeakData/F04.ddpeakjson,/mnt/c/Projects/prnp-somatic/raw/ddpcr/archive_contents/2021-05-10/SNV_D178N/PeakMetaData/F04.ddmetajson,polygon_control_hull_gates,control-derived convex-hull polygon gates,17503,17497,44,17419,0,34,6,0,34,17453,ok,NA,"{""gate_source"":""control_anchored_polygon"",""min_hull_points"":30,""polygon_expansion"":1.03}"
2021-05-10_SNV_D178N,D178N,F07,04-045-cau,biological_sample,04_045_cau,2021-05-10,/mnt/c/Projects/prnp-somatic/raw/ddpcr/archive_contents/2021-05-10/SNV_D178N/PeakData/F07.ddpeakjson,/mnt/c/Projects/prnp-somatic/raw/ddpcr/archive_contents/2021-05-10/SNV_D178N/PeakMetaData/F07.ddmetajson,polygon_control_hull_gates,control-derived convex-hull polygon gates,15200,15195,10,15152,0,33,5,0,33,15185,ok,NA,"{""gate_source"":""control_anchored_polygon"",""min_hull_points"":30,""polygon_expansion"":1.03}"
2021-05-10_SNV_D178N,D178N,G01,09-100-hip,biological_sample,09_100_hip,2021-05-10,/mnt/c/Projects/prnp-somatic/raw/ddpcr/archive_contents/2021-05-10/SNV_D178N/PeakData/G01.ddpeakjson,/mnt/c/Projects/prnp-somatic/raw/ddpcr/archive_contents/2021-05-10/SNV_D178N/PeakMetaData/G01.ddmetajson,polygon_control_hull_gates,control-derived convex-hull polygon gates,15239,15234,306,14896,0,32,5,0,32,14928,ok,NA,"{""gate_source"":""control_anchored_polygon"",""min_hull_points"":30,""polygon_expansion"":1.03}"
2021-05-10_SNV_D178N,D178N,G04,03-112-th,biological_sample,03_112_th,2021-05-10,/mnt/c/Projects/prnp-somatic/raw/ddpcr/archive_contents/2021-05-10/SNV_D178N/PeakData/G04.ddpeakjson,/mnt/c/Projects/prnp-somatic/raw/ddpcr/archive_contents/2021-05-10/SNV_D178N/PeakMetaData/G04.ddmetajson,polygon_control_hull_gates,control-derived convex-hull polygon gates,15888,15878,81,15768,0,29,10,0,29,15797,ok,NA,"{""gate_source"":""control_anchored_polygon"",""min_hull_points"":30,""polygon_expansion"":1.03}"
2021-05-10_SNV_D178N,D178N,G07,04-045-ce,biological_sample,04_045_ce,2021-05-10,/mnt/c/Projects/prnp-somatic/raw/ddpcr/archive_contents/2021-05-10/SNV_D178N/PeakData/G07.ddpeakjson,/mnt/c/Projects/prnp-somatic/raw/ddpcr/archive_contents/2021-05-10/SNV_D178N/PeakMetaData/G07.ddmetajson,polygon_control_hull_gates,control-derived convex-hull polygon gates,13736,13725,37,13649,0,39,11,0,39,13688,ok,NA,"{""gate_source"":""control_anchored_polygon"",""min_hull_points"":30,""polygon_expansion"":1.03}"
2021-05-10_SNV_D178N,D178N,H01,09-100-mdb,biological_sample,09_100_mdb,2021-05-10,/mnt/c/Projects/prnp-somatic/raw/ddpcr/archive_contents/2021-05-10/SNV_D178N/PeakData/H01.ddpeakjson,/mnt/c/Projects/prnp-somatic/raw/ddpcr/archive_contents/2021-05-10/SNV_D178N/PeakMetaData/H01.ddmetajson,polygon_control_hull_gates,control-derived convex-hull polygon gates,14633,14631,312,14281,0,38,2,0,38,14319,ok,NA,"{""gate_source"":""control_anchored_polygon"",""min_hull_points"":30,""polygon_expansion"":1.03}"
2021-05-10_SNV_D178N,D178N,H04,03-132-cau,biological_sample,03_132_cau,2021-05-10,/mnt/c/Projects/prnp-somatic/raw/ddpcr/archive_contents/2021-05-10/SNV_D178N/PeakData/H04.ddpeakjson,/mnt/c/Projects/prnp-somatic/raw/ddpcr/archive_contents/2021-05-10/SNV_D178N/PeakMetaData/H04.ddmetajson,polygon_control_hull_gates,control-derived convex-hull polygon gates,15573,15571,731,14821,0,19,2,0,19,14840,ok,NA,"{""gate_source"":""control_anchored_polygon"",""min_hull_points"":30,""polygon_expansion"":1.03}"
2021-05-10_SNV_D178N,D178N,H07,04-045-fc,biological_sample,04_045_fc,2021-05-10,/mnt/c/Projects/prnp-somatic/raw/ddpcr/archive_contents/2021-05-10/SNV_D178N/PeakData/H07.ddpeakjson,/mnt/c/Projects/prnp-somatic/raw/ddpcr/archive_contents/2021-05-10/SNV_D178N/PeakMetaData/H07.ddmetajson,polygon_control_hull_gates,control-derived convex-hull polygon gates,14390,14383,10,14336,0,37,7,0,37,14373,ok,NA,"{""gate_source"":""control_anchored_polygon"",""min_hull_points"":30,""polygon_expansion"":1.03}"
2021-05-20_SNV_D178N,D178N,A01,NTC,NTC,ntc,2021-05-20,/mnt/c/Projects/prnp-somatic/raw/ddpcr/archive_contents/2021-05-20/SNV_D178N/PeakData/A01.ddpeakjson,/mnt/c/Projects/prnp-somatic/raw/ddpcr/archive_contents/2021-05-20/SNV_D178N/PeakMetaData/A01.ddmetajson,polygon_control_hull_gates,control-derived convex-hull polygon gates,13000,13000,12127,873,0,0,0,0,0,873,ok,NA,"{""gate_source"":""control_anchored_polygon"",""min_hull_points"":30,""polygon_expansion"":1.03}"
2021-05-20_SNV_D178N,D178N,A04,04-045-hip,biological_sample,04_045_hip,2021-05-20,/mnt/c/Projects/prnp-somatic/raw/ddpcr/archive_contents/2021-05-20/SNV_D178N/PeakData/A04.ddpeakjson,/mnt/c/Projects/prnp-somatic/raw/ddpcr/archive_contents/2021-05-20/SNV_D178N/PeakMetaData/A04.ddmetajson,polygon_control_hull_gates,control-derived convex-hull polygon gates,17416,17400,11,17352,0,37,16,0,37,17389,ok,NA,"{""gate_source"":""control_anchored_polygon"",""min_hull_points"":30,""polygon_expansion"":1.03}"
2021-05-20_SNV_D178N,D178N,A07,20-357-th,biological_sample,20_357_th,2021-05-20,/mnt/c/Projects/prnp-somatic/raw/ddpcr/archive_contents/2021-05-20/SNV_D178N/PeakData/A07.ddpeakjson,/mnt/c/Projects/prnp-somatic/raw/ddpcr/archive_contents/2021-05-20/SNV_D178N/PeakMetaData/A07.ddmetajson,polygon_control_hull_gates,control-derived convex-hull polygon gates,15462,15459,290,15147,0,22,3,0,22,15169,ok,NA,"{""gate_source"":""control_anchored_polygon"",""min_hull_points"":30,""polygon_expansion"":1.03}"
2021-05-20_SNV_D178N,D178N,A10,929474-sn,biological_sample,929474_sn,2021-05-20,/mnt/c/Projects/prnp-somatic/raw/ddpcr/archive_contents/2021-05-20/SNV_D178N/PeakData/A10.ddpeakjson,/mnt/c/Projects/prnp-somatic/raw/ddpcr/archive_contents/2021-05-20/SNV_D178N/PeakMetaData/A10.ddmetajson,polygon_control_hull_gates,control-derived convex-hull polygon gates,18341,18331,521,17790,0,20,10,0,20,17810,ok,NA,"{""gate_source"":""control_anchored_polygon"",""min_hull_points"":30,""polygon_expansion"":1.03}"
2021-05-20_SNV_D178N,D178N,B01,WT,WT_control,wt,2021-05-20,/mnt/c/Projects/prnp-somatic/raw/ddpcr/archive_contents/2021-05-20/SNV_D178N/PeakData/B01.ddpeakjson,/mnt/c/Projects/prnp-somatic/raw/ddpcr/archive_contents/2021-05-20/SNV_D178N/PeakMetaData/B01.ddmetajson,polygon_control_hull_gates,control-derived convex-hull polygon gates,12899,12898,2745,10128,0,25,1,0,25,10153,ok,NA,"{""gate_source"":""control_anchored_polygon"",""min_hull_points"":30,""polygon_expansion"":1.03}"
2021-05-20_SNV_D178N,D178N,B04,04-045-mdb,biological_sample,04_045_mdb,2021-05-20,/mnt/c/Projects/prnp-somatic/raw/ddpcr/archive_contents/2021-05-20/SNV_D178N/PeakData/B04.ddpeakjson,/mnt/c/Projects/prnp-somatic/raw/ddpcr/archive_contents/2021-05-20/SNV_D178N/PeakMetaData/B04.ddmetajson,polygon_control_hull_gates,control-derived convex-hull polygon gates,17260,17253,12,17203,0,38,7,0,38,17241,ok,NA,"{""gate_source"":""control_anchored_polygon"",""min_hull_points"":30,""polygon_expansion"":1.03}"
2021-05-20_SNV_D178N,D178N,B07,20-169-cau,biological_sample,20_169_cau,2021-05-20,/mnt/c/Projects/prnp-somatic/raw/ddpcr/archive_contents/2021-05-20/SNV_D178N/PeakData/B07.ddpeakjson,/mnt/c/Projects/prnp-somatic/raw/ddpcr/archive_contents/2021-05-20/SNV_D178N/PeakMetaData/B07.ddmetajson,polygon_control_hull_gates,control-derived convex-hull polygon gates,15516,15516,260,15237,0,19,0,0,19,15256,ok,NA,"{""gate_source"":""control_anchored_polygon"",""min_hull_points"":30,""polygon_expansion"":1.03}"
2021-05-20_SNV_D178N,D178N,B10,17-13-bg,biological_sample,17_13_bg,2021-05-20,/mnt/c/Projects/prnp-somatic/raw/ddpcr/archive_contents/2021-05-20/SNV_D178N/PeakData/B10.ddpeakjson,/mnt/c/Projects/prnp-somatic/raw/ddpcr/archive_contents/2021-05-20/SNV_D178N/PeakMetaData/B10.ddmetajson,polygon_control_hull_gates,control-derived convex-hull polygon gates,17039,17034,271,16719,0,44,5,0,44,16763,ok,NA,"{""gate_source"":""control_anchored_polygon"",""min_hull_points"":30,""polygon_expansion"":1.03}"
2021-05-20_SNV_D178N,D178N,C01,D178,positive_control,d178,2021-05-20,/mnt/c/Projects/prnp-somatic/raw/ddpcr/archive_contents/2021-05-20/SNV_D178N/PeakData/C01.ddpeakjson,/mnt/c/Projects/prnp-somatic/raw/ddpcr/archive_contents/2021-05-20/SNV_D178N/PeakMetaData/C01.ddmetajson,polygon_control_hull_gates,control-derived convex-hull polygon gates,14886,14882,5026,3896,3541,2419,4,0,5960,6315,ok,NA,"{""gate_source"":""control_anchored_polygon"",""min_hull_points"":30,""polygon_expansion"":1.03}"
2021-05-20_SNV_D178N,D178N,C04,04-045-th,biological_sample,04_045_th,2021-05-20,/mnt/c/Projects/prnp-somatic/raw/ddpcr/archive_contents/2021-05-20/SNV_D178N/PeakData/C04.ddpeakjson,/mnt/c/Projects/prnp-somatic/raw/ddpcr/archive_contents/2021-05-20/SNV_D178N/PeakMetaData/C04.ddmetajson,polygon_control_hull_gates,control-derived convex-hull polygon gates,17418,17413,42,17336,0,35,5,0,35,17371,ok,NA,"{""gate_source"":""control_anchored_polygon"",""min_hull_points"":30,""polygon_expansion"":1.03}"
2021-05-20_SNV_D178N,D178N,C07,20-169-ce,biological_sample,20_169_ce,2021-05-20,/mnt/c/Projects/prnp-somatic/raw/ddpcr/archive_contents/2021-05-20/SNV_D178N/PeakData/C07.ddpeakjson,/mnt/c/Projects/prnp-somatic/raw/ddpcr/archive_contents/2021-05-20/SNV_D178N/PeakMetaData/C07.ddmetajson,polygon_control_hull_gates,control-derived convex-hull polygon gates,15301,15300,45,15233,0,22,1,0,22,15255,ok,NA,"{""gate_source"":""control_anchored_polygon"",""min_hull_points"":30,""polygon_expansion"":1.03}"
2021-05-20_SNV_D178N,D178N,C10,17-8-cb,biological_sample,17_8_cb,2021-05-20,/mnt/c/Projects/prnp-somatic/raw/ddpcr/archive_contents/2021-05-20/SNV_D178N/PeakData/C10.ddpeakjson,/mnt/c/Projects/prnp-somatic/raw/ddpcr/archive_contents/2021-05-20/SNV_D178N/PeakMetaData/C10.ddmetajson,polygon_control_hull_gates,control-derived convex-hull polygon gates,18971,18958,3,18919,0,36,13,0,36,18955,ok,NA,"{""gate_source"":""control_anchored_polygon"",""min_hull_points"":30,""polygon_expansion"":1.03}"
2021-05-20_SNV_D178N,D178N,D01,19-082-ce,biological_sample,19_082_ce,2021-05-20,/mnt/c/Projects/prnp-somatic/raw/ddpcr/archive_contents/2021-05-20/SNV_D178N/PeakData/D01.ddpeakjson,/mnt/c/Projects/prnp-somatic/raw/ddpcr/archive_contents/2021-05-20/SNV_D178N/PeakMetaData/D01.ddmetajson,polygon_control_hull_gates,control-derived convex-hull polygon gates,15793,15791,13,15743,0,35,2,0,35,15778,ok,NA,"{""gate_source"":""control_anchored_polygon"",""min_hull_points"":30,""polygon_expansion"":1.03}"
2021-05-20_SNV_D178N,D178N,D04,20-357-cau,biological_sample,20_357_cau,2021-05-20,/mnt/c/Projects/prnp-somatic/raw/ddpcr/archive_contents/2021-05-20/SNV_D178N/PeakData/D04.ddpeakjson,/mnt/c/Projects/prnp-somatic/raw/ddpcr/archive_contents/2021-05-20/SNV_D178N/PeakMetaData/D04.ddmetajson,polygon_control_hull_gates,control-derived convex-hull polygon gates,16803,16790,3417,13354,1,18,13,0,19,13372,ok,NA,"{""gate_source"":""control_anchored_polygon"",""min_hull_points"":30,""polygon_expansion"":1.03}"
2021-05-20_SNV_D178N,D178N,D07,20-169-fc,biological_sample,20_169_fc,2021-05-20,/mnt/c/Projects/prnp-somatic/raw/ddpcr/archive_contents/2021-05-20/SNV_D178N/PeakData/D07.ddpeakjson,/mnt/c/Projects/prnp-somatic/raw/ddpcr/archive_contents/2021-05-20/SNV_D178N/PeakMetaData/D07.ddmetajson,polygon_control_hull_gates,control-derived convex-hull polygon gates,14389,14389,181,14190,0,18,0,0,18,14208,ok,NA,"{""gate_source"":""control_anchored_polygon"",""min_hull_points"":30,""polygon_expansion"":1.03}"
2021-05-20_SNV_D178N,D178N,D10,17-8-fr,biological_sample,17_8_fr,2021-05-20,/mnt/c/Projects/prnp-somatic/raw/ddpcr/archive_contents/2021-05-20/SNV_D178N/PeakData/D10.ddpeakjson,/mnt/c/Projects/prnp-somatic/raw/ddpcr/archive_contents/2021-05-20/SNV_D178N/PeakMetaData/D10.ddmetajson,polygon_control_hull_gates,control-derived convex-hull polygon gates,19090,19082,161,18889,0,32,8,0,32,18921,ok,NA,"{""gate_source"":""control_anchored_polygon"",""min_hull_points"":30,""polygon_expansion"":1.03}"
2021-05-20_SNV_D178N,D178N,E01,19-082-fc,biological_sample,19_082_fc,2021-05-20,/mnt/c/Projects/prnp-somatic/raw/ddpcr/archive_contents/2021-05-20/SNV_D178N/PeakData/E01.ddpeakjson,/mnt/c/Projects/prnp-somatic/raw/ddpcr/archive_contents/2021-05-20/SNV_D178N/PeakMetaData/E01.ddmetajson,polygon_control_hull_gates,control-derived convex-hull polygon gates,16756,16751,247,16472,0,32,5,0,32,16504,ok,NA,"{""gate_source"":""control_anchored_polygon"",""min_hull_points"":30,""polygon_expansion"":1.03}"
2021-05-20_SNV_D178N,D178N,E04,20-357-ce,biological_sample,20_357_ce,2021-05-20,/mnt/c/Projects/prnp-somatic/raw/ddpcr/archive_contents/2021-05-20/SNV_D178N/PeakData/E04.ddpeakjson,/mnt/c/Projects/prnp-somatic/raw/ddpcr/archive_contents/2021-05-20/SNV_D178N/PeakMetaData/E04.ddmetajson,polygon_control_hull_gates,control-derived convex-hull polygon gates,17304,17295,820,16446,0,29,9,0,29,16475,ok,NA,"{""gate_source"":""control_anchored_polygon"",""min_hull_points"":30,""polygon_expansion"":1.03}"
2021-05-20_SNV_D178N,D178N,E07,20-169-hip,biological_sample,20_169_hip,2021-05-20,/mnt/c/Projects/prnp-somatic/raw/ddpcr/archive_contents/2021-05-20/SNV_D178N/PeakData/E07.ddpeakjson,/mnt/c/Projects/prnp-somatic/raw/ddpcr/archive_contents/2021-05-20/SNV_D178N/PeakMetaData/E07.ddmetajson,polygon_control_hull_gates,control-derived convex-hull polygon gates,14757,14747,154,14579,0,14,10,0,14,14593,ok,NA,"{""gate_source"":""control_anchored_polygon"",""min_hull_points"":30,""polygon_expansion"":1.03}"
2021-05-20_SNV_D178N,D178N,F01,19-082-hip,biological_sample,19_082_hip,2021-05-20,/mnt/c/Projects/prnp-somatic/raw/ddpcr/archive_contents/2021-05-20/SNV_D178N/PeakData/F01.ddpeakjson,/mnt/c/Projects/prnp-somatic/raw/ddpcr/archive_contents/2021-05-20/SNV_D178N/PeakMetaData/F01.ddmetajson,polygon_control_hull_gates,control-derived convex-hull polygon gates,17113,17101,1885,15194,0,22,12,0,22,15216,ok,NA,"{""gate_source"":""control_anchored_polygon"",""min_hull_points"":30,""polygon_expansion"":1.03}"
2021-05-20_SNV_D178N,D178N,F04,20-357-fc,biological_sample,20_357_fc,2021-05-20,/mnt/c/Projects/prnp-somatic/raw/ddpcr/archive_contents/2021-05-20/SNV_D178N/PeakData/F04.ddpeakjson,/mnt/c/Projects/prnp-somatic/raw/ddpcr/archive_contents/2021-05-20/SNV_D178N/PeakMetaData/F04.ddmetajson,polygon_control_hull_gates,control-derived convex-hull polygon gates,16360,16349,192,16135,0,22,11,0,22,16157,ok,NA,"{""gate_source"":""control_anchored_polygon"",""min_hull_points"":30,""polygon_expansion"":1.03}"
2021-05-20_SNV_D178N,D178N,F07,20-169-mdb,biological_sample,20_169_mdb,2021-05-20,/mnt/c/Projects/prnp-somatic/raw/ddpcr/archive_contents/2021-05-20/SNV_D178N/PeakData/F07.ddpeakjson,/mnt/c/Projects/prnp-somatic/raw/ddpcr/archive_contents/2021-05-20/SNV_D178N/PeakMetaData/F07.ddmetajson,polygon_control_hull_gates,control-derived convex-hull polygon gates,15781,15766,284,15463,0,19,15,0,19,15482,ok,NA,"{""gate_source"":""control_anchored_polygon"",""min_hull_points"":30,""polygon_expansion"":1.03}"
2021-05-20_SNV_D178N,D178N,G01,19-082-mdb,biological_sample,19_082_mdb,2021-05-20,/mnt/c/Projects/prnp-somatic/raw/ddpcr/archive_contents/2021-05-20/SNV_D178N/PeakData/G01.ddpeakjson,/mnt/c/Projects/prnp-somatic/raw/ddpcr/archive_contents/2021-05-20/SNV_D178N/PeakMetaData/G01.ddmetajson,polygon_control_hull_gates,control-derived convex-hull polygon gates,17173,17167,84,17047,0,36,6,0,36,17083,ok,NA,"{""gate_source"":""control_anchored_polygon"",""min_hull_points"":30,""polygon_expansion"":1.03}"
2021-05-20_SNV_D178N,D178N,G04,20-357-hip,biological_sample,20_357_hip,2021-05-20,/mnt/c/Projects/prnp-somatic/raw/ddpcr/archive_contents/2021-05-20/SNV_D178N/PeakData/G04.ddpeakjson,/mnt/c/Projects/prnp-somatic/raw/ddpcr/archive_contents/2021-05-20/SNV_D178N/PeakMetaData/G04.ddmetajson,polygon_control_hull_gates,control-derived convex-hull polygon gates,17242,17230,318,16890,0,22,12,0,22,16912,ok,NA,"{""gate_source"":""control_anchored_polygon"",""min_hull_points"":30,""polygon_expansion"":1.03}"
2021-05-20_SNV_D178N,D178N,G07,20-169-th,biological_sample,20_169_th,2021-05-20,/mnt/c/Projects/prnp-somatic/raw/ddpcr/archive_contents/2021-05-20/SNV_D178N/PeakData/G07.ddpeakjson,/mnt/c/Projects/prnp-somatic/raw/ddpcr/archive_contents/2021-05-20/SNV_D178N/PeakMetaData/G07.ddmetajson,polygon_control_hull_gates,control-derived convex-hull polygon gates,15288,15246,1307,13919,0,20,42,0,20,13939,ok,NA,"{""gate_source"":""control_anchored_polygon"",""min_hull_points"":30,""polygon_expansion"":1.03}"
2021-05-20_SNV_D178N,D178N,H01,19-082-th,biological_sample,19_082_th,2021-05-20,/mnt/c/Projects/prnp-somatic/raw/ddpcr/archive_contents/2021-05-20/SNV_D178N/PeakData/H01.ddpeakjson,/mnt/c/Projects/prnp-somatic/raw/ddpcr/archive_contents/2021-05-20/SNV_D178N/PeakMetaData/H01.ddmetajson,polygon_control_hull_gates,control-derived convex-hull polygon gates,17603,17603,61,17518,0,24,0,0,24,17542,ok,NA,"{""gate_source"":""control_anchored_polygon"",""min_hull_points"":30,""polygon_expansion"":1.03}"
2021-05-20_SNV_D178N,D178N,H04,20-357-mdb,biological_sample,20_357_mdb,2021-05-20,/mnt/c/Projects/prnp-somatic/raw/ddpcr/archive_contents/2021-05-20/SNV_D178N/PeakData/H04.ddpeakjson,/mnt/c/Projects/prnp-somatic/raw/ddpcr/archive_contents/2021-05-20/SNV_D178N/PeakMetaData/H04.ddmetajson,polygon_control_hull_gates,control-derived convex-hull polygon gates,18095,18060,14,18014,0,32,35,0,32,18046,ok,NA,"{""gate_source"":""control_anchored_polygon"",""min_hull_points"":30,""polygon_expansion"":1.03}"
2021-05-20_SNV_D178N,D178N,H07,19-082-cau,biological_sample,19_082_cau,2021-05-20,/mnt/c/Projects/prnp-somatic/raw/ddpcr/archive_contents/2021-05-20/SNV_D178N/PeakData/H07.ddpeakjson,/mnt/c/Projects/prnp-somatic/raw/ddpcr/archive_contents/2021-05-20/SNV_D178N/PeakMetaData/H07.ddmetajson,polygon_control_hull_gates,control-derived convex-hull polygon gates,16378,16280,251,15995,0,34,98,0,34,16029,ok,NA,"{""gate_source"":""control_anchored_polygon"",""min_hull_points"":30,""polygon_expansion"":1.03}"
2021-10-14_SNV_D178N,D178N,A01,NTC,NTC,ntc,2021-10-14,/mnt/c/Projects/prnp-somatic/raw/ddpcr/archive_contents/2021-10-14/SNV_D178N/PeakData/A01.ddpeakjson,/mnt/c/Projects/prnp-somatic/raw/ddpcr/archive_contents/2021-10-14/SNV_D178N/PeakMetaData/A01.ddmetajson,polygon_control_hull_gates,control-derived convex-hull polygon gates,15100,15093,14984,109,0,0,7,0,0,109,ok,NA,"{""gate_source"":""control_anchored_polygon"",""min_hull_points"":30,""polygon_expansion"":1.03}"
2021-10-14_SNV_D178N,D178N,B01,WT,WT_control,wt,2021-10-14,/mnt/c/Projects/prnp-somatic/raw/ddpcr/archive_contents/2021-10-14/SNV_D178N/PeakData/B01.ddpeakjson,/mnt/c/Projects/prnp-somatic/raw/ddpcr/archive_contents/2021-10-14/SNV_D178N/PeakMetaData/B01.ddmetajson,polygon_control_hull_gates,control-derived convex-hull polygon gates,14163,14132,3660,10463,0,9,31,0,9,10472,ok,NA,"{""gate_source"":""control_anchored_polygon"",""min_hull_points"":30,""polygon_expansion"":1.03}"
2021-10-14_SNV_D178N,D178N,C01,D178N-mut,positive_control,,2021-10-14,/mnt/c/Projects/prnp-somatic/raw/ddpcr/archive_contents/2021-10-14/SNV_D178N/PeakData/C01.ddpeakjson,/mnt/c/Projects/prnp-somatic/raw/ddpcr/archive_contents/2021-10-14/SNV_D178N/PeakMetaData/C01.ddmetajson,polygon_control_hull_gates,control-derived convex-hull polygon gates,12577,12564,4935,3023,2863,1743,13,0,4606,4766,ok,NA,"{""gate_source"":""control_anchored_polygon"",""min_hull_points"":30,""polygon_expansion"":1.03}"
2021-10-14_SNV_D178N,D178N,D01,18-31-fr,biological_sample,18_31_fr,2021-10-14,/mnt/c/Projects/prnp-somatic/raw/ddpcr/archive_contents/2021-10-14/SNV_D178N/PeakData/D01.ddpeakjson,/mnt/c/Projects/prnp-somatic/raw/ddpcr/archive_contents/2021-10-14/SNV_D178N/PeakMetaData/D01.ddmetajson,polygon_control_hull_gates,control-derived convex-hull polygon gates,12910,12908,4429,8477,0,2,2,0,2,8479,ok,NA,"{""gate_source"":""control_anchored_polygon"",""min_hull_points"":30,""polygon_expansion"":1.03}"
2021-10-14_SNV_D178N,D178N,E01,238501-sn,biological_sample,238501_sn,2021-10-14,/mnt/c/Projects/prnp-somatic/raw/ddpcr/archive_contents/2021-10-14/SNV_D178N/PeakData/E01.ddpeakjson,/mnt/c/Projects/prnp-somatic/raw/ddpcr/archive_contents/2021-10-14/SNV_D178N/PeakMetaData/E01.ddmetajson,polygon_control_hull_gates,control-derived convex-hull polygon gates,12693,12675,308,12353,0,14,18,0,14,12367,ok,NA,"{""gate_source"":""control_anchored_polygon"",""min_hull_points"":30,""polygon_expansion"":1.03}"
2020-10-12_SNV_E200K,E200K,A02,NTC_E200K,NTC,ntc,2020-10-12,/mnt/c/Projects/prnp-somatic/raw/ddpcr/archive_contents/2020-10-12/SNV_E200K/PeakData/A02.ddpeakjson,/mnt/c/Projects/prnp-somatic/raw/ddpcr/archive_contents/2020-10-12/SNV_E200K/PeakMetaData/A02.ddmetajson,polygon_control_hull_gates,control-derived convex-hull polygon gates,12344,12327,12327,0,0,0,17,0,0,0,ok,NA,"{""gate_source"":""control_anchored_polygon"",""min_hull_points"":30,""polygon_expansion"":1.03}"
2020-10-12_SNV_E200K,E200K,A08,CJD15-1_fr_E200K,biological_sample,15_1_fr,2020-10-12,/mnt/c/Projects/prnp-somatic/raw/ddpcr/archive_contents/2020-10-12/SNV_E200K/PeakData/A08.ddpeakjson,/mnt/c/Projects/prnp-somatic/raw/ddpcr/archive_contents/2020-10-12/SNV_E200K/PeakMetaData/A08.ddmetajson,polygon_control_hull_gates,control-derived convex-hull polygon gates,16542,16408,3875,12527,0,6,134,0,6,12533,ok,NA,"{""gate_source"":""control_anchored_polygon"",""min_hull_points"":30,""polygon_expansion"":1.03}"
2020-10-12_SNV_E200K,E200K,B02,WT_E200K,WT_control,wt,2020-10-12,/mnt/c/Projects/prnp-somatic/raw/ddpcr/archive_contents/2020-10-12/SNV_E200K/PeakData/B02.ddpeakjson,/mnt/c/Projects/prnp-somatic/raw/ddpcr/archive_contents/2020-10-12/SNV_E200K/PeakMetaData/B02.ddmetajson,polygon_control_hull_gates,control-derived convex-hull polygon gates,14469,14423,1309,13106,0,8,46,0,8,13114,ok,NA,"{""gate_source"":""control_anchored_polygon"",""min_hull_points"":30,""polygon_expansion"":1.03}"
2020-10-12_SNV_E200K,E200K,B05,CJD15-27_cb_E200K,biological_sample,15_27_cb,2020-10-12,/mnt/c/Projects/prnp-somatic/raw/ddpcr/archive_contents/2020-10-12/SNV_E200K/PeakData/B05.ddpeakjson,/mnt/c/Projects/prnp-somatic/raw/ddpcr/archive_contents/2020-10-12/SNV_E200K/PeakMetaData/B05.ddmetajson,polygon_control_hull_gates,control-derived convex-hull polygon gates,14602,14550,6794,7755,0,1,52,0,1,7756,ok,NA,"{""gate_source"":""control_anchored_polygon"",""min_hull_points"":30,""polygon_expansion"":1.03}"
2020-10-12_SNV_E200K,E200K,C02,Mut_E200K,positive_control,mut,2020-10-12,/mnt/c/Projects/prnp-somatic/raw/ddpcr/archive_contents/2020-10-12/SNV_E200K/PeakData/C02.ddpeakjson,/mnt/c/Projects/prnp-somatic/raw/ddpcr/archive_contents/2020-10-12/SNV_E200K/PeakMetaData/C02.ddmetajson,polygon_control_hull_gates,control-derived convex-hull polygon gates,13996,13979,10868,1497,1407,207,17,0,1614,1704,ok,NA,"{""gate_source"":""control_anchored_polygon"",""min_hull_points"":30,""polygon_expansion"":1.03}"
2020-10-12_SNV_E200K,E200K,D05,CJD15-27_pons_E200K,biological_sample,15_27_ps,2020-10-12,/mnt/c/Projects/prnp-somatic/raw/ddpcr/archive_contents/2020-10-12/SNV_E200K/PeakData/D05.ddpeakjson,/mnt/c/Projects/prnp-somatic/raw/ddpcr/archive_contents/2020-10-12/SNV_E200K/PeakMetaData/D05.ddmetajson,polygon_control_hull_gates,control-derived convex-hull polygon gates,13823,13780,2653,11118,1,8,43,0,9,11126,ok,NA,"{""gate_source"":""control_anchored_polygon"",""min_hull_points"":30,""polygon_expansion"":1.03}"
2020-10-15_SNV_E200K,E200K,A02,NTC_E200K,NTC,ntc,2020-10-15,/mnt/c/Projects/prnp-somatic/raw/ddpcr/archive_contents/2020-10-15/SNV_E200K/PeakData/A02.ddpeakjson,/mnt/c/Projects/prnp-somatic/raw/ddpcr/archive_contents/2020-10-15/SNV_E200K/PeakMetaData/A02.ddmetajson,polygon_control_hull_gates,control-derived convex-hull polygon gates,5742,5717,5717,0,0,0,25,0,0,0,ok,NA,"{""gate_source"":""control_anchored_polygon"",""min_hull_points"":30,""polygon_expansion"":1.03}"
2020-10-15_SNV_E200K,E200K,A04,CJD18-6_bg_E200K,biological_sample,18_6_bg,2020-10-15,/mnt/c/Projects/prnp-somatic/raw/ddpcr/archive_contents/2020-10-15/SNV_E200K/PeakData/A04.ddpeakjson,/mnt/c/Projects/prnp-somatic/raw/ddpcr/archive_contents/2020-10-15/SNV_E200K/PeakMetaData/A04.ddmetajson,polygon_control_hull_gates,control-derived convex-hull polygon gates,13140,13104,1744,11355,0,5,36,0,5,11360,ok,NA,"{""gate_source"":""control_anchored_polygon"",""min_hull_points"":30,""polygon_expansion"":1.03}"
2020-10-15_SNV_E200K,E200K,A06,CJD18-17_bg_E200K,biological_sample,18_17_bg,2020-10-15,/mnt/c/Projects/prnp-somatic/raw/ddpcr/archive_contents/2020-10-15/SNV_E200K/PeakData/A06.ddpeakjson,/mnt/c/Projects/prnp-somatic/raw/ddpcr/archive_contents/2020-10-15/SNV_E200K/PeakMetaData/A06.ddmetajson,polygon_control_hull_gates,control-derived convex-hull polygon gates,13731,13649,3158,10487,0,4,82,0,4,10491,ok,NA,"{""gate_source"":""control_anchored_polygon"",""min_hull_points"":30,""polygon_expansion"":1.03}"
2020-10-15_SNV_E200K,E200K,A08,CJD18-24_bg_E200K,biological_sample,18_24_bg,2020-10-15,/mnt/c/Projects/prnp-somatic/raw/ddpcr/archive_contents/2020-10-15/SNV_E200K/PeakData/A08.ddpeakjson,/mnt/c/Projects/prnp-somatic/raw/ddpcr/archive_contents/2020-10-15/SNV_E200K/PeakMetaData/A08.ddmetajson,polygon_control_hull_gates,control-derived convex-hull polygon gates,11973,11848,1635,10210,1,2,125,0,3,10212,ok,NA,"{""gate_source"":""control_anchored_polygon"",""min_hull_points"":30,""polygon_expansion"":1.03}"
2020-10-15_SNV_E200K,E200K,A10,CJD18-31_bg_E200K,biological_sample,18_31_bg,2020-10-15,/mnt/c/Projects/prnp-somatic/raw/ddpcr/archive_contents/2020-10-15/SNV_E200K/PeakData/A10.ddpeakjson,/mnt/c/Projects/prnp-somatic/raw/ddpcr/archive_contents/2020-10-15/SNV_E200K/PeakMetaData/A10.ddmetajson,polygon_control_hull_gates,control-derived convex-hull polygon gates,14913,14829,4802,10022,1,4,84,0,5,10026,ok,NA,"{""gate_source"":""control_anchored_polygon"",""min_hull_points"":30,""polygon_expansion"":1.03}"
2020-10-15_SNV_E200K,E200K,B02,WT_E200K,WT_control,wt,2020-10-15,/mnt/c/Projects/prnp-somatic/raw/ddpcr/archive_contents/2020-10-15/SNV_E200K/PeakData/B02.ddpeakjson,/mnt/c/Projects/prnp-somatic/raw/ddpcr/archive_contents/2020-10-15/SNV_E200K/PeakMetaData/B02.ddmetajson,polygon_control_hull_gates,control-derived convex-hull polygon gates,10515,10463,4133,6327,0,3,52,0,3,6330,ok,NA,"{""gate_source"":""control_anchored_polygon"",""min_hull_points"":30,""polygon_expansion"":1.03}"
2020-10-15_SNV_E200K,E200K,B04,CJD18-6_cb_E200K,biological_sample,18_6_cb,2020-10-15,/mnt/c/Projects/prnp-somatic/raw/ddpcr/archive_contents/2020-10-15/SNV_E200K/PeakData/B04.ddpeakjson,/mnt/c/Projects/prnp-somatic/raw/ddpcr/archive_contents/2020-10-15/SNV_E200K/PeakMetaData/B04.ddmetajson,polygon_control_hull_gates,control-derived convex-hull polygon gates,14041,13988,2433,11553,0,2,53,0,2,11555,ok,NA,"{""gate_source"":""control_anchored_polygon"",""min_hull_points"":30,""polygon_expansion"":1.03}"
2020-10-15_SNV_E200K,E200K,B06,CJD18-17_cb_E200K,biological_sample,18_17_cb,2020-10-15,/mnt/c/Projects/prnp-somatic/raw/ddpcr/archive_contents/2020-10-15/SNV_E200K/PeakData/B06.ddpeakjson,/mnt/c/Projects/prnp-somatic/raw/ddpcr/archive_contents/2020-10-15/SNV_E200K/PeakMetaData/B06.ddmetajson,polygon_control_hull_gates,control-derived convex-hull polygon gates,13786,13747,2364,11379,0,4,39,0,4,11383,ok,NA,"{""gate_source"":""control_anchored_polygon"",""min_hull_points"":30,""polygon_expansion"":1.03}"
2020-10-15_SNV_E200K,E200K,B08,CJD18-24_cb_E200K,biological_sample,18_24_cb,2020-10-15,/mnt/c/Projects/prnp-somatic/raw/ddpcr/archive_contents/2020-10-15/SNV_E200K/PeakData/B08.ddpeakjson,/mnt/c/Projects/prnp-somatic/raw/ddpcr/archive_contents/2020-10-15/SNV_E200K/PeakMetaData/B08.ddmetajson,polygon_control_hull_gates,control-derived convex-hull polygon gates,14620,14496,2143,12348,0,5,124,0,5,12353,ok,NA,"{""gate_source"":""control_anchored_polygon"",""min_hull_points"":30,""polygon_expansion"":1.03}"
2020-10-15_SNV_E200K,E200K,B10,CJD18-31_cb_E200K,biological_sample,18_31_cb,2020-10-15,/mnt/c/Projects/prnp-somatic/raw/ddpcr/archive_contents/2020-10-15/SNV_E200K/PeakData/B10.ddpeakjson,/mnt/c/Projects/prnp-somatic/raw/ddpcr/archive_contents/2020-10-15/SNV_E200K/PeakMetaData/B10.ddmetajson,polygon_control_hull_gates,control-derived convex-hull polygon gates,12588,12365,2931,9430,0,4,223,0,4,9434,ok,NA,"{""gate_source"":""control_anchored_polygon"",""min_hull_points"":30,""polygon_expansion"":1.03}"
2020-10-15_SNV_E200K,E200K,C02,Mut_E200K,positive_control,mut,2020-10-15,/mnt/c/Projects/prnp-somatic/raw/ddpcr/archive_contents/2020-10-15/SNV_E200K/PeakData/C02.ddpeakjson,/mnt/c/Projects/prnp-somatic/raw/ddpcr/archive_contents/2020-10-15/SNV_E200K/PeakMetaData/C02.ddmetajson,polygon_control_hull_gates,control-derived convex-hull polygon gates,11680,11625,9333,1073,1059,160,55,0,1219,1233,ok,NA,"{""gate_source"":""control_anchored_polygon"",""min_hull_points"":30,""polygon_expansion"":1.03}"
2020-10-15_SNV_E200K,E200K,C04,CJD18-6_fr_E200K,biological_sample,18_6_fr,2020-10-15,/mnt/c/Projects/prnp-somatic/raw/ddpcr/archive_contents/2020-10-15/SNV_E200K/PeakData/C04.ddpeakjson,/mnt/c/Projects/prnp-somatic/raw/ddpcr/archive_contents/2020-10-15/SNV_E200K/PeakMetaData/C04.ddmetajson,polygon_control_hull_gates,control-derived convex-hull polygon gates,13065,13021,1963,11049,0,9,44,0,9,11058,ok,NA,"{""gate_source"":""control_anchored_polygon"",""min_hull_points"":30,""polygon_expansion"":1.03}"
2020-10-15_SNV_E200K,E200K,C06,CJD18-17_fr_E200K,biological_sample,18_17_fr,2020-10-15,/mnt/c/Projects/prnp-somatic/raw/ddpcr/archive_contents/2020-10-15/SNV_E200K/PeakData/C06.ddpeakjson,/mnt/c/Projects/prnp-somatic/raw/ddpcr/archive_contents/2020-10-15/SNV_E200K/PeakMetaData/C06.ddmetajson,polygon_control_hull_gates,control-derived convex-hull polygon gates,15012,14948,4164,10779,0,5,64,0,5,10784,ok,NA,"{""gate_source"":""control_anchored_polygon"",""min_hull_points"":30,""polygon_expansion"":1.03}"
2020-10-15_SNV_E200K,E200K,C08,CJD18-24_fr_E200K,biological_sample,18_24_fr,2020-10-15,/mnt/c/Projects/prnp-somatic/raw/ddpcr/archive_contents/2020-10-15/SNV_E200K/PeakData/C08.ddpeakjson,/mnt/c/Projects/prnp-somatic/raw/ddpcr/archive_contents/2020-10-15/SNV_E200K/PeakMetaData/C08.ddmetajson,polygon_control_hull_gates,control-derived convex-hull polygon gates,13599,13494,2946,10539,2,7,105,0,9,10546,ok,NA,"{""gate_source"":""control_anchored_polygon"",""min_hull_points"":30,""polygon_expansion"":1.03}"
2020-10-15_SNV_E200K,E200K,C10,CJD18-31_fr_E200K,biological_sample,18_31_fr,2020-10-15,/mnt/c/Projects/prnp-somatic/raw/ddpcr/archive_contents/2020-10-15/SNV_E200K/PeakData/C10.ddpeakjson,/mnt/c/Projects/prnp-somatic/raw/ddpcr/archive_contents/2020-10-15/SNV_E200K/PeakMetaData/C10.ddmetajson,polygon_control_hull_gates,control-derived convex-hull polygon gates,14168,14050,1760,12288,0,2,118,0,2,12290,ok,NA,"{""gate_source"":""control_anchored_polygon"",""min_hull_points"":30,""polygon_expansion"":1.03}"
2020-10-15_SNV_E200K,E200K,D04,CJD18-6_hc_E200K,biological_sample,18_6_hc,2020-10-15,/mnt/c/Projects/prnp-somatic/raw/ddpcr/archive_contents/2020-10-15/SNV_E200K/PeakData/D04.ddpeakjson,/mnt/c/Projects/prnp-somatic/raw/ddpcr/archive_contents/2020-10-15/SNV_E200K/PeakMetaData/D04.ddmetajson,polygon_control_hull_gates,control-derived convex-hull polygon gates,9782,9679,1139,8533,0,7,103,0,7,8540,ok,NA,"{""gate_source"":""control_anchored_polygon"",""min_hull_points"":30,""polygon_expansion"":1.03}"
2020-10-15_SNV_E200K,E200K,D06,CJD18-17_hc_E200K,biological_sample,18_17_hc,2020-10-15,/mnt/c/Projects/prnp-somatic/raw/ddpcr/archive_contents/2020-10-15/SNV_E200K/PeakData/D06.ddpeakjson,/mnt/c/Projects/prnp-somatic/raw/ddpcr/archive_contents/2020-10-15/SNV_E200K/PeakMetaData/D06.ddmetajson,polygon_control_hull_gates,control-derived convex-hull polygon gates,12780,12735,2272,10458,0,5,45,0,5,10463,ok,NA,"{""gate_source"":""control_anchored_polygon"",""min_hull_points"":30,""polygon_expansion"":1.03}"
2020-10-15_SNV_E200K,E200K,D08,CJD18-24_hc_E200K,biological_sample,18_24_hc,2020-10-15,/mnt/c/Projects/prnp-somatic/raw/ddpcr/archive_contents/2020-10-15/SNV_E200K/PeakData/D08.ddpeakjson,/mnt/c/Projects/prnp-somatic/raw/ddpcr/archive_contents/2020-10-15/SNV_E200K/PeakMetaData/D08.ddmetajson,polygon_control_hull_gates,control-derived convex-hull polygon gates,9892,9781,1672,8104,0,5,111,0,5,8109,ok,NA,"{""gate_source"":""control_anchored_polygon"",""min_hull_points"":30,""polygon_expansion"":1.03}"
2020-10-15_SNV_E200K,E200K,E04,CJD18-6_sn_E200K,biological_sample,18_6_sn,2020-10-15,/mnt/c/Projects/prnp-somatic/raw/ddpcr/archive_contents/2020-10-15/SNV_E200K/PeakData/E04.ddpeakjson,/mnt/c/Projects/prnp-somatic/raw/ddpcr/archive_contents/2020-10-15/SNV_E200K/PeakMetaData/E04.ddmetajson,polygon_control_hull_gates,control-derived convex-hull polygon gates,13712,13688,2279,11405,1,3,24,0,4,11408,ok,NA,"{""gate_source"":""control_anchored_polygon"",""min_hull_points"":30,""polygon_expansion"":1.03}"
2020-10-15_SNV_E200K,E200K,E06,CJD18-17_sn_E200K,biological_sample,18_17_sn,2020-10-15,/mnt/c/Projects/prnp-somatic/raw/ddpcr/archive_contents/2020-10-15/SNV_E200K/PeakData/E06.ddpeakjson,/mnt/c/Projects/prnp-somatic/raw/ddpcr/archive_contents/2020-10-15/SNV_E200K/PeakMetaData/E06.ddmetajson,polygon_control_hull_gates,control-derived convex-hull polygon gates,13220,13179,1415,11757,0,7,41,0,7,11764,ok,NA,"{""gate_source"":""control_anchored_polygon"",""min_hull_points"":30,""polygon_expansion"":1.03}"
2020-10-15_SNV_E200K,E200K,E08,CJD18-24_sn_E200K,biological_sample,18_24_sn,2020-10-15,/mnt/c/Projects/prnp-somatic/raw/ddpcr/archive_contents/2020-10-15/SNV_E200K/PeakData/E08.ddpeakjson,/mnt/c/Projects/prnp-somatic/raw/ddpcr/archive_contents/2020-10-15/SNV_E200K/PeakMetaData/E08.ddmetajson,polygon_control_hull_gates,control-derived convex-hull polygon gates,13789,13637,2014,11618,0,5,152,0,5,11623,ok,NA,"{""gate_source"":""control_anchored_polygon"",""min_hull_points"":30,""polygon_expansion"":1.03}"
2020-10-15_SNV_E200K,E200K,E10,CJD18-31_sn_E200K,biological_sample,18_31_sn,2020-10-15,/mnt/c/Projects/prnp-somatic/raw/ddpcr/archive_contents/2020-10-15/SNV_E200K/PeakData/E10.ddpeakjson,/mnt/c/Projects/prnp-somatic/raw/ddpcr/archive_contents/2020-10-15/SNV_E200K/PeakMetaData/E10.ddmetajson,polygon_control_hull_gates,control-derived convex-hull polygon gates,10489,10377,1394,8980,0,3,112,0,3,8983,ok,NA,"{""gate_source"":""control_anchored_polygon"",""min_hull_points"":30,""polygon_expansion"":1.03}"
2020-10-15_SNV_E200K,E200K,F04,CJD18-6_th_E200K,biological_sample,18_6_th,2020-10-15,/mnt/c/Projects/prnp-somatic/raw/ddpcr/archive_contents/2020-10-15/SNV_E200K/PeakData/F04.ddpeakjson,/mnt/c/Projects/prnp-somatic/raw/ddpcr/archive_contents/2020-10-15/SNV_E200K/PeakMetaData/F04.ddmetajson,polygon_control_hull_gates,control-derived convex-hull polygon gates,9327,9271,1023,8246,0,2,56,0,2,8248,ok,NA,"{""gate_source"":""control_anchored_polygon"",""min_hull_points"":30,""polygon_expansion"":1.03}"
2020-10-15_SNV_E200K,E200K,F06,CJD18-17_th_E200K,biological_sample,18_17_th,2020-10-15,/mnt/c/Projects/prnp-somatic/raw/ddpcr/archive_contents/2020-10-15/SNV_E200K/PeakData/F06.ddpeakjson,/mnt/c/Projects/prnp-somatic/raw/ddpcr/archive_contents/2020-10-15/SNV_E200K/PeakMetaData/F06.ddmetajson,polygon_control_hull_gates,control-derived convex-hull polygon gates,9458,9411,1473,7937,0,1,47,0,1,7938,ok,NA,"{""gate_source"":""control_anchored_polygon"",""min_hull_points"":30,""polygon_expansion"":1.03}"
2020-10-22_SNV_E200K,E200K,A02,NTC_E200K,NTC,ntc,2020-10-22,/mnt/c/Projects/prnp-somatic/raw/ddpcr/archive_contents/2020-10-22/SNV_E200K/PeakData/A02.ddpeakjson,/mnt/c/Projects/prnp-somatic/raw/ddpcr/archive_contents/2020-10-22/SNV_E200K/PeakMetaData/A02.ddmetajson,polygon_control_hull_gates,control-derived convex-hull polygon gates,14226,14225,14223,2,0,0,1,0,0,2,ok,NA,"{""gate_source"":""control_anchored_polygon"",""min_hull_points"":30,""polygon_expansion"":1.03}"
2020-10-22_SNV_E200K,E200K,A04,CJD13-21_bg_E200K,biological_sample,13_21_bg,2020-10-22,/mnt/c/Projects/prnp-somatic/raw/ddpcr/archive_contents/2020-10-22/SNV_E200K/PeakData/A04.ddpeakjson,/mnt/c/Projects/prnp-somatic/raw/ddpcr/archive_contents/2020-10-22/SNV_E200K/PeakMetaData/A04.ddmetajson,polygon_control_hull_gates,control-derived convex-hull polygon gates,15031,14844,1698,13136,0,10,187,0,10,13146,ok,NA,"{""gate_source"":""control_anchored_polygon"",""min_hull_points"":30,""polygon_expansion"":1.03}"
2020-10-22_SNV_E200K,E200K,A06,CJD14-24_bg_E200K,biological_sample,14_24_bg,2020-10-22,/mnt/c/Projects/prnp-somatic/raw/ddpcr/archive_contents/2020-10-22/SNV_E200K/PeakData/A06.ddpeakjson,/mnt/c/Projects/prnp-somatic/raw/ddpcr/archive_contents/2020-10-22/SNV_E200K/PeakMetaData/A06.ddmetajson,polygon_control_hull_gates,control-derived convex-hull polygon gates,14949,14916,4457,10453,0,6,33,0,6,10459,ok,NA,"{""gate_source"":""control_anchored_polygon"",""min_hull_points"":30,""polygon_expansion"":1.03}"
2020-10-22_SNV_E200K,E200K,A08,CJD20-08_bg_E200K,biological_sample,20_08_bg,2020-10-22,/mnt/c/Projects/prnp-somatic/raw/ddpcr/archive_contents/2020-10-22/SNV_E200K/PeakData/A08.ddpeakjson,/mnt/c/Projects/prnp-somatic/raw/ddpcr/archive_contents/2020-10-22/SNV_E200K/PeakMetaData/A08.ddmetajson,polygon_control_hull_gates,control-derived convex-hull polygon gates,15194,15134,4102,11024,0,8,60,0,8,11032,ok,NA,"{""gate_source"":""control_anchored_polygon"",""min_hull_points"":30,""polygon_expansion"":1.03}"
2020-10-22_SNV_E200K,E200K,A10,CJD19-29_fr_E200K,biological_sample,19_29_fr,2020-10-22,/mnt/c/Projects/prnp-somatic/raw/ddpcr/archive_contents/2020-10-22/SNV_E200K/PeakData/A10.ddpeakjson,/mnt/c/Projects/prnp-somatic/raw/ddpcr/archive_contents/2020-10-22/SNV_E200K/PeakMetaData/A10.ddmetajson,polygon_control_hull_gates,control-derived convex-hull polygon gates,16714,16641,6131,10506,1,3,73,0,4,10509,ok,NA,"{""gate_source"":""control_anchored_polygon"",""min_hull_points"":30,""polygon_expansion"":1.03}"
2020-10-22_SNV_E200K,E200K,B02,WT_E200K,WT_control,wt,2020-10-22,/mnt/c/Projects/prnp-somatic/raw/ddpcr/archive_contents/2020-10-22/SNV_E200K/PeakData/B02.ddpeakjson,/mnt/c/Projects/prnp-somatic/raw/ddpcr/archive_contents/2020-10-22/SNV_E200K/PeakMetaData/B02.ddmetajson,polygon_control_hull_gates,control-derived convex-hull polygon gates,13499,13493,2583,10903,0,7,6,0,7,10910,ok,NA,"{""gate_source"":""control_anchored_polygon"",""min_hull_points"":30,""polygon_expansion"":1.03}"
2020-10-22_SNV_E200K,E200K,B04,CJD13-21_cb_E200K,biological_sample,13_21_cb,2020-10-22,/mnt/c/Projects/prnp-somatic/raw/ddpcr/archive_contents/2020-10-22/SNV_E200K/PeakData/B04.ddpeakjson,/mnt/c/Projects/prnp-somatic/raw/ddpcr/archive_contents/2020-10-22/SNV_E200K/PeakMetaData/B04.ddmetajson,polygon_control_hull_gates,control-derived convex-hull polygon gates,12366,12342,690,11640,0,12,24,0,12,11652,ok,NA,"{""gate_source"":""control_anchored_polygon"",""min_hull_points"":30,""polygon_expansion"":1.03}"
2020-10-22_SNV_E200K,E200K,B06,CJD14-24_cb_E200K,biological_sample,14_24_cb,2020-10-22,/mnt/c/Projects/prnp-somatic/raw/ddpcr/archive_contents/2020-10-22/SNV_E200K/PeakData/B06.ddpeakjson,/mnt/c/Projects/prnp-somatic/raw/ddpcr/archive_contents/2020-10-22/SNV_E200K/PeakMetaData/B06.ddmetajson,polygon_control_hull_gates,control-derived convex-hull polygon gates,13980,13933,4998,8932,0,3,47,0,3,8935,ok,NA,"{""gate_source"":""control_anchored_polygon"",""min_hull_points"":30,""polygon_expansion"":1.03}"
2020-10-22_SNV_E200K,E200K,B08,CJD20-08_cb_E200K,biological_sample,20_08_cb,2020-10-22,/mnt/c/Projects/prnp-somatic/raw/ddpcr/archive_contents/2020-10-22/SNV_E200K/PeakData/B08.ddpeakjson,/mnt/c/Projects/prnp-somatic/raw/ddpcr/archive_contents/2020-10-22/SNV_E200K/PeakMetaData/B08.ddmetajson,polygon_control_hull_gates,control-derived convex-hull polygon gates,15372,15267,3656,11604,0,7,105,0,7,11611,ok,NA,"{""gate_source"":""control_anchored_polygon"",""min_hull_points"":30,""polygon_expansion"":1.03}"
2020-10-22_SNV_E200K,E200K,C02,E200K-mut,positive_control,,2020-10-22,/mnt/c/Projects/prnp-somatic/raw/ddpcr/archive_contents/2020-10-22/SNV_E200K/PeakData/C02.ddpeakjson,/mnt/c/Projects/prnp-somatic/raw/ddpcr/archive_contents/2020-10-22/SNV_E200K/PeakMetaData/C02.ddmetajson,polygon_control_hull_gates,control-derived convex-hull polygon gates,15359,15318,11627,1724,1686,281,41,0,1967,2005,ok,NA,"{""gate_source"":""control_anchored_polygon"",""min_hull_points"":30,""polygon_expansion"":1.03}"
2020-10-22_SNV_E200K,E200K,C04,CJD13-21_fr_E200K,biological_sample,13_21_fr,2020-10-22,/mnt/c/Projects/prnp-somatic/raw/ddpcr/archive_contents/2020-10-22/SNV_E200K/PeakData/C04.ddpeakjson,/mnt/c/Projects/prnp-somatic/raw/ddpcr/archive_contents/2020-10-22/SNV_E200K/PeakMetaData/C04.ddmetajson,polygon_control_hull_gates,control-derived convex-hull polygon gates,13470,13443,1898,11541,0,4,27,0,4,11545,ok,NA,"{""gate_source"":""control_anchored_polygon"",""min_hull_points"":30,""polygon_expansion"":1.03}"
2020-10-22_SNV_E200K,E200K,C06,CJD14-24_fr_E200K,biological_sample,14_24_fr,2020-10-22,/mnt/c/Projects/prnp-somatic/raw/ddpcr/archive_contents/2020-10-22/SNV_E200K/PeakData/C06.ddpeakjson,/mnt/c/Projects/prnp-somatic/raw/ddpcr/archive_contents/2020-10-22/SNV_E200K/PeakMetaData/C06.ddmetajson,polygon_control_hull_gates,control-derived convex-hull polygon gates,14712,14669,3197,11463,2,7,43,0,9,11470,ok,NA,"{""gate_source"":""control_anchored_polygon"",""min_hull_points"":30,""polygon_expansion"":1.03}"
2020-10-22_SNV_E200K,E200K,C08,CJD20-08_fr_E200K,biological_sample,20_08_fr,2020-10-22,/mnt/c/Projects/prnp-somatic/raw/ddpcr/archive_contents/2020-10-22/SNV_E200K/PeakData/C08.ddpeakjson,/mnt/c/Projects/prnp-somatic/raw/ddpcr/archive_contents/2020-10-22/SNV_E200K/PeakMetaData/C08.ddmetajson,polygon_control_hull_gates,control-derived convex-hull polygon gates,16348,16320,4031,12284,0,5,28,0,5,12289,ok,NA,"{""gate_source"":""control_anchored_polygon"",""min_hull_points"":30,""polygon_expansion"":1.03}"
2020-10-22_SNV_E200K,E200K,D04,CJD13-21_sn_E200K,biological_sample,13_21_sn,2020-10-22,/mnt/c/Projects/prnp-somatic/raw/ddpcr/archive_contents/2020-10-22/SNV_E200K/PeakData/D04.ddpeakjson,/mnt/c/Projects/prnp-somatic/raw/ddpcr/archive_contents/2020-10-22/SNV_E200K/PeakMetaData/D04.ddmetajson,polygon_control_hull_gates,control-derived convex-hull polygon gates,13279,13212,1973,11234,0,5,67,0,5,11239,ok,NA,"{""gate_source"":""control_anchored_polygon"",""min_hull_points"":30,""polygon_expansion"":1.03}"
2020-10-22_SNV_E200K,E200K,D06,CJD14-24_hc_E200K,biological_sample,14_24_hc,2020-10-22,/mnt/c/Projects/prnp-somatic/raw/ddpcr/archive_contents/2020-10-22/SNV_E200K/PeakData/D06.ddpeakjson,/mnt/c/Projects/prnp-somatic/raw/ddpcr/archive_contents/2020-10-22/SNV_E200K/PeakMetaData/D06.ddmetajson,polygon_control_hull_gates,control-derived convex-hull polygon gates,16722,16667,4594,12069,0,4,55,0,4,12073,ok,NA,"{""gate_source"":""control_anchored_polygon"",""min_hull_points"":30,""polygon_expansion"":1.03}"
2020-10-22_SNV_E200K,E200K,D08,CJD20-08_sn_E200K,biological_sample,20_08_sn,2020-10-22,/mnt/c/Projects/prnp-somatic/raw/ddpcr/archive_contents/2020-10-22/SNV_E200K/PeakData/D08.ddpeakjson,/mnt/c/Projects/prnp-somatic/raw/ddpcr/archive_contents/2020-10-22/SNV_E200K/PeakMetaData/D08.ddmetajson,polygon_control_hull_gates,control-derived convex-hull polygon gates,15255,15148,4573,10568,0,7,107,0,7,10575,ok,NA,"{""gate_source"":""control_anchored_polygon"",""min_hull_points"":30,""polygon_expansion"":1.03}"
2020-10-22_SNV_E200K,E200K,E04,CJD13-21_th_E200K,biological_sample,13_21_th,2020-10-22,/mnt/c/Projects/prnp-somatic/raw/ddpcr/archive_contents/2020-10-22/SNV_E200K/PeakData/E04.ddpeakjson,/mnt/c/Projects/prnp-somatic/raw/ddpcr/archive_contents/2020-10-22/SNV_E200K/PeakMetaData/E04.ddmetajson,polygon_control_hull_gates,control-derived convex-hull polygon gates,16246,16194,9337,6853,2,2,52,0,4,6855,ok,NA,"{""gate_source"":""control_anchored_polygon"",""min_hull_points"":30,""polygon_expansion"":1.03}"
2020-10-22_SNV_E200K,E200K,E06,CJD14-24_sn_E200K,biological_sample,14_24_sn,2020-10-22,/mnt/c/Projects/prnp-somatic/raw/ddpcr/archive_contents/2020-10-22/SNV_E200K/PeakData/E06.ddpeakjson,/mnt/c/Projects/prnp-somatic/raw/ddpcr/archive_contents/2020-10-22/SNV_E200K/PeakMetaData/E06.ddmetajson,polygon_control_hull_gates,control-derived convex-hull polygon gates,14594,14563,940,13612,1,10,31,0,11,13622,ok,NA,"{""gate_source"":""control_anchored_polygon"",""min_hull_points"":30,""polygon_expansion"":1.03}"
2020-10-22_SNV_E200K,E200K,E08,CJD20-08_th_E200K,biological_sample,20_08_th,2020-10-22,/mnt/c/Projects/prnp-somatic/raw/ddpcr/archive_contents/2020-10-22/SNV_E200K/PeakData/E08.ddpeakjson,/mnt/c/Projects/prnp-somatic/raw/ddpcr/archive_contents/2020-10-22/SNV_E200K/PeakMetaData/E08.ddmetajson,polygon_control_hull_gates,control-derived convex-hull polygon gates,15209,15150,6725,8418,1,6,59,0,7,8424,ok,NA,"{""gate_source"":""control_anchored_polygon"",""min_hull_points"":30,""polygon_expansion"":1.03}"
2020-10-22_SNV_E200K,E200K,F06,CJD14-24_th_E200K,biological_sample,14_24_th,2020-10-22,/mnt/c/Projects/prnp-somatic/raw/ddpcr/archive_contents/2020-10-22/SNV_E200K/PeakData/F06.ddpeakjson,/mnt/c/Projects/prnp-somatic/raw/ddpcr/archive_contents/2020-10-22/SNV_E200K/PeakMetaData/F06.ddmetajson,polygon_control_hull_gates,control-derived convex-hull polygon gates,15245,15224,44,15174,0,6,21,0,6,15180,ok,NA,"{""gate_source"":""control_anchored_polygon"",""min_hull_points"":30,""polygon_expansion"":1.03}"
2020-10-29_SNV_E200K,E200K,A02,CJD17-20_bg,biological_sample,17_20_bg,2020-10-29,/mnt/c/Projects/prnp-somatic/raw/ddpcr/archive_contents/2020-10-29/SNV_E200K/PeakData/A02.ddpeakjson,/mnt/c/Projects/prnp-somatic/raw/ddpcr/archive_contents/2020-10-29/SNV_E200K/PeakMetaData/A02.ddmetajson,polygon_control_hull_gates,control-derived convex-hull polygon gates,13003,12968,1042,11922,0,4,35,0,4,11926,ok,NA,"{""gate_source"":""control_anchored_polygon"",""min_hull_points"":30,""polygon_expansion"":1.03}"
2020-10-29_SNV_E200K,E200K,A06,CJD17-31_bg,biological_sample,17_31_bg,2020-10-29,/mnt/c/Projects/prnp-somatic/raw/ddpcr/archive_contents/2020-10-29/SNV_E200K/PeakData/A06.ddpeakjson,/mnt/c/Projects/prnp-somatic/raw/ddpcr/archive_contents/2020-10-29/SNV_E200K/PeakMetaData/A06.ddmetajson,polygon_control_hull_gates,control-derived convex-hull polygon gates,14283,14253,225,14019,0,9,30,0,9,14028,ok,NA,"{""gate_source"":""control_anchored_polygon"",""min_hull_points"":30,""polygon_expansion"":1.03}"
2020-10-29_SNV_E200K,E200K,A08,CJD17-32_bg,biological_sample,17_32_bg,2020-10-29,/mnt/c/Projects/prnp-somatic/raw/ddpcr/archive_contents/2020-10-29/SNV_E200K/PeakData/A08.ddpeakjson,/mnt/c/Projects/prnp-somatic/raw/ddpcr/archive_contents/2020-10-29/SNV_E200K/PeakMetaData/A08.ddmetajson,polygon_control_hull_gates,control-derived convex-hull polygon gates,12674,12653,696,11957,0,0,21,0,0,11957,ok,NA,"{""gate_source"":""control_anchored_polygon"",""min_hull_points"":30,""polygon_expansion"":1.03}"
2020-10-29_SNV_E200K,E200K,A10,CJD18-5_bg,biological_sample,18_5_bg,2020-10-29,/mnt/c/Projects/prnp-somatic/raw/ddpcr/archive_contents/2020-10-29/SNV_E200K/PeakData/A10.ddpeakjson,/mnt/c/Projects/prnp-somatic/raw/ddpcr/archive_contents/2020-10-29/SNV_E200K/PeakMetaData/A10.ddmetajson,polygon_control_hull_gates,control-derived convex-hull polygon gates,9523,9451,159,9288,0,4,72,0,4,9292,ok,NA,"{""gate_source"":""control_anchored_polygon"",""min_hull_points"":30,""polygon_expansion"":1.03}"
2020-10-29_SNV_E200K,E200K,B02,CJD17-20_cb,biological_sample,17_20_cb,2020-10-29,/mnt/c/Projects/prnp-somatic/raw/ddpcr/archive_contents/2020-10-29/SNV_E200K/PeakData/B02.ddpeakjson,/mnt/c/Projects/prnp-somatic/raw/ddpcr/archive_contents/2020-10-29/SNV_E200K/PeakMetaData/B02.ddmetajson,polygon_control_hull_gates,control-derived convex-hull polygon gates,14344,14284,885,13393,0,6,60,0,6,13399,ok,NA,"{""gate_source"":""control_anchored_polygon"",""min_hull_points"":30,""polygon_expansion"":1.03}"
2020-10-29_SNV_E200K,E200K,B06,CJD17-31_hc mixed with CJD17-32_cb,biological_sample,17_31_hc_mixed_with_cjd17_32_cb,2020-10-29,/mnt/c/Projects/prnp-somatic/raw/ddpcr/archive_contents/2020-10-29/SNV_E200K/PeakData/B06.ddpeakjson,/mnt/c/Projects/prnp-somatic/raw/ddpcr/archive_contents/2020-10-29/SNV_E200K/PeakMetaData/B06.ddmetajson,polygon_control_hull_gates,control-derived convex-hull polygon gates,11521,11508,291,11213,0,4,13,0,4,11217,ok,NA,"{""gate_source"":""control_anchored_polygon"",""min_hull_points"":30,""polygon_expansion"":1.03}"
2020-10-29_SNV_E200K,E200K,B10,CJD18-5_cb,biological_sample,18_5_cb,2020-10-29,/mnt/c/Projects/prnp-somatic/raw/ddpcr/archive_contents/2020-10-29/SNV_E200K/PeakData/B10.ddpeakjson,/mnt/c/Projects/prnp-somatic/raw/ddpcr/archive_contents/2020-10-29/SNV_E200K/PeakMetaData/B10.ddmetajson,polygon_control_hull_gates,control-derived convex-hull polygon gates,12565,12480,846,11633,0,1,85,0,1,11634,ok,NA,"{""gate_source"":""control_anchored_polygon"",""min_hull_points"":30,""polygon_expansion"":1.03}"
2020-10-29_SNV_E200K,E200K,C02,CJD17-20_fr,biological_sample,17_20_fr,2020-10-29,/mnt/c/Projects/prnp-somatic/raw/ddpcr/archive_contents/2020-10-29/SNV_E200K/PeakData/C02.ddpeakjson,/mnt/c/Projects/prnp-somatic/raw/ddpcr/archive_contents/2020-10-29/SNV_E200K/PeakMetaData/C02.ddmetajson,polygon_control_hull_gates,control-derived convex-hull polygon gates,14001,13816,1042,12766,0,8,185,0,8,12774,ok,NA,"{""gate_source"":""control_anchored_polygon"",""min_hull_points"":30,""polygon_expansion"":1.03}"
2020-10-29_SNV_E200K,E200K,C06,CJD17-31_sn,biological_sample,17_31_sn,2020-10-29,/mnt/c/Projects/prnp-somatic/raw/ddpcr/archive_contents/2020-10-29/SNV_E200K/PeakData/C06.ddpeakjson,/mnt/c/Projects/prnp-somatic/raw/ddpcr/archive_contents/2020-10-29/SNV_E200K/PeakMetaData/C06.ddmetajson,polygon_control_hull_gates,control-derived convex-hull polygon gates,13482,13289,235,13030,0,24,193,0,24,13054,ok,NA,"{""gate_source"":""control_anchored_polygon"",""min_hull_points"":30,""polygon_expansion"":1.03}"
2020-10-29_SNV_E200K,E200K,C08,CJD17-32_fr,biological_sample,17_32_fr,2020-10-29,/mnt/c/Projects/prnp-somatic/raw/ddpcr/archive_contents/2020-10-29/SNV_E200K/PeakData/C08.ddpeakjson,/mnt/c/Projects/prnp-somatic/raw/ddpcr/archive_contents/2020-10-29/SNV_E200K/PeakMetaData/C08.ddmetajson,polygon_control_hull_gates,control-derived convex-hull polygon gates,14468,14361,589,13767,0,5,107,0,5,13772,ok,NA,"{""gate_source"":""control_anchored_polygon"",""min_hull_points"":30,""polygon_expansion"":1.03}"
2020-10-29_SNV_E200K,E200K,C10,CJD18-5_fr,biological_sample,18_5_fr,2020-10-29,/mnt/c/Projects/prnp-somatic/raw/ddpcr/archive_contents/2020-10-29/SNV_E200K/PeakData/C10.ddpeakjson,/mnt/c/Projects/prnp-somatic/raw/ddpcr/archive_contents/2020-10-29/SNV_E200K/PeakMetaData/C10.ddmetajson,polygon_control_hull_gates,control-derived convex-hull polygon gates,11981,11853,409,11435,0,9,128,0,9,11444,ok,NA,"{""gate_source"":""control_anchored_polygon"",""min_hull_points"":30,""polygon_expansion"":1.03}"
2020-10-29_SNV_E200K,E200K,D02,CJD17-20_sn,biological_sample,17_20_sn,2020-10-29,/mnt/c/Projects/prnp-somatic/raw/ddpcr/archive_contents/2020-10-29/SNV_E200K/PeakData/D02.ddpeakjson,/mnt/c/Projects/prnp-somatic/raw/ddpcr/archive_contents/2020-10-29/SNV_E200K/PeakMetaData/D02.ddmetajson,polygon_control_hull_gates,control-derived convex-hull polygon gates,13393,13019,989,12019,0,11,374,0,11,12030,ok,NA,"{""gate_source"":""control_anchored_polygon"",""min_hull_points"":30,""polygon_expansion"":1.03}"
2020-10-29_SNV_E200K,E200K,D06,CJD17-31_th,biological_sample,17_31_th,2020-10-29,/mnt/c/Projects/prnp-somatic/raw/ddpcr/archive_contents/2020-10-29/SNV_E200K/PeakData/D06.ddpeakjson,/mnt/c/Projects/prnp-somatic/raw/ddpcr/archive_contents/2020-10-29/SNV_E200K/PeakMetaData/D06.ddmetajson,polygon_control_hull_gates,control-derived convex-hull polygon gates,13400,13335,1898,11427,0,10,65,0,10,11437,ok,NA,"{""gate_source"":""control_anchored_polygon"",""min_hull_points"":30,""polygon_expansion"":1.03}"
2020-10-29_SNV_E200K,E200K,D08,CJD17-32_hc,biological_sample,17_32_hc,2020-10-29,/mnt/c/Projects/prnp-somatic/raw/ddpcr/archive_contents/2020-10-29/SNV_E200K/PeakData/D08.ddpeakjson,/mnt/c/Projects/prnp-somatic/raw/ddpcr/archive_contents/2020-10-29/SNV_E200K/PeakMetaData/D08.ddmetajson,polygon_control_hull_gates,control-derived convex-hull polygon gates,13821,13809,862,12938,0,9,12,0,9,12947,ok,NA,"{""gate_source"":""control_anchored_polygon"",""min_hull_points"":30,""polygon_expansion"":1.03}"
2020-10-29_SNV_E200K,E200K,D10,CJD18-5_hc,biological_sample,18_5_hc,2020-10-29,/mnt/c/Projects/prnp-somatic/raw/ddpcr/archive_contents/2020-10-29/SNV_E200K/PeakData/D10.ddpeakjson,/mnt/c/Projects/prnp-somatic/raw/ddpcr/archive_contents/2020-10-29/SNV_E200K/PeakMetaData/D10.ddmetajson,polygon_control_hull_gates,control-derived convex-hull polygon gates,12212,12180,666,11506,0,8,32,0,8,11514,ok,NA,"{""gate_source"":""control_anchored_polygon"",""min_hull_points"":30,""polygon_expansion"":1.03}"
2020-10-29_SNV_E200K,E200K,E02,CJD17-20_th,biological_sample,17_20_th,2020-10-29,/mnt/c/Projects/prnp-somatic/raw/ddpcr/archive_contents/2020-10-29/SNV_E200K/PeakData/E02.ddpeakjson,/mnt/c/Projects/prnp-somatic/raw/ddpcr/archive_contents/2020-10-29/SNV_E200K/PeakMetaData/E02.ddmetajson,polygon_control_hull_gates,control-derived convex-hull polygon gates,11180,11153,1347,9799,0,7,27,0,7,9806,ok,NA,"{""gate_source"":""control_anchored_polygon"",""min_hull_points"":30,""polygon_expansion"":1.03}"
2020-10-29_SNV_E200K,E200K,E04,CJD17-30_th,biological_sample,17_30_th,2020-10-29,/mnt/c/Projects/prnp-somatic/raw/ddpcr/archive_contents/2020-10-29/SNV_E200K/PeakData/E04.ddpeakjson,/mnt/c/Projects/prnp-somatic/raw/ddpcr/archive_contents/2020-10-29/SNV_E200K/PeakMetaData/E04.ddmetajson,polygon_control_hull_gates,control-derived convex-hull polygon gates,13086,13064,571,12468,0,25,22,0,25,12493,ok,NA,"{""gate_source"":""control_anchored_polygon"",""min_hull_points"":30,""polygon_expansion"":1.03}"
2020-10-29_SNV_E200K,E200K,E06,CJD18-1_bg,biological_sample,18_1_bg,2020-10-29,/mnt/c/Projects/prnp-somatic/raw/ddpcr/archive_contents/2020-10-29/SNV_E200K/PeakData/E06.ddpeakjson,/mnt/c/Projects/prnp-somatic/raw/ddpcr/archive_contents/2020-10-29/SNV_E200K/PeakMetaData/E06.ddmetajson,polygon_control_hull_gates,control-derived convex-hull polygon gates,13132,12987,550,12409,0,28,145,0,28,12437,ok,NA,"{""gate_source"":""control_anchored_polygon"",""min_hull_points"":30,""polygon_expansion"":1.03}"
2020-10-29_SNV_E200K,E200K,E08,CJD17-32_sn,biological_sample,17_32_sn,2020-10-29,/mnt/c/Projects/prnp-somatic/raw/ddpcr/archive_contents/2020-10-29/SNV_E200K/PeakData/E08.ddpeakjson,/mnt/c/Projects/prnp-somatic/raw/ddpcr/archive_contents/2020-10-29/SNV_E200K/PeakMetaData/E08.ddmetajson,polygon_control_hull_gates,control-derived convex-hull polygon gates,14291,14216,153,14059,0,4,75,0,4,14063,ok,NA,"{""gate_source"":""control_anchored_polygon"",""min_hull_points"":30,""polygon_expansion"":1.03}"
2020-10-29_SNV_E200K,E200K,E10,CJD18-5_sn,biological_sample,18_5_sn,2020-10-29,/mnt/c/Projects/prnp-somatic/raw/ddpcr/archive_contents/2020-10-29/SNV_E200K/PeakData/E10.ddpeakjson,/mnt/c/Projects/prnp-somatic/raw/ddpcr/archive_contents/2020-10-29/SNV_E200K/PeakMetaData/E10.ddmetajson,polygon_control_hull_gates,control-derived convex-hull polygon gates,13395,13248,65,13174,0,9,147,0,9,13183,ok,NA,"{""gate_source"":""control_anchored_polygon"",""min_hull_points"":30,""polygon_expansion"":1.03}"
2020-10-29_SNV_E200K,E200K,F02,NTC,NTC,ntc,2020-10-29,/mnt/c/Projects/prnp-somatic/raw/ddpcr/archive_contents/2020-10-29/SNV_E200K/PeakData/F02.ddpeakjson,/mnt/c/Projects/prnp-somatic/raw/ddpcr/archive_contents/2020-10-29/SNV_E200K/PeakMetaData/F02.ddmetajson,polygon_control_hull_gates,control-derived convex-hull polygon gates,13650,13567,13565,0,0,2,83,0,2,2,ok,NA,"{""gate_source"":""control_anchored_polygon"",""min_hull_points"":30,""polygon_expansion"":1.03}"
2020-10-29_SNV_E200K,E200K,F06,CJD18-1_cb,biological_sample,18_1_cb,2020-10-29,/mnt/c/Projects/prnp-somatic/raw/ddpcr/archive_contents/2020-10-29/SNV_E200K/PeakData/F06.ddpeakjson,/mnt/c/Projects/prnp-somatic/raw/ddpcr/archive_contents/2020-10-29/SNV_E200K/PeakMetaData/F06.ddmetajson,polygon_control_hull_gates,control-derived convex-hull polygon gates,12889,12768,2503,10236,0,29,121,0,29,10265,ok,NA,"{""gate_source"":""control_anchored_polygon"",""min_hull_points"":30,""polygon_expansion"":1.03}"
2020-10-29_SNV_E200K,E200K,F08,CJD17-32_th,biological_sample,17_32_th,2020-10-29,/mnt/c/Projects/prnp-somatic/raw/ddpcr/archive_contents/2020-10-29/SNV_E200K/PeakData/F08.ddpeakjson,/mnt/c/Projects/prnp-somatic/raw/ddpcr/archive_contents/2020-10-29/SNV_E200K/PeakMetaData/F08.ddmetajson,polygon_control_hull_gates,control-derived convex-hull polygon gates,13285,13212,1100,12107,0,5,73,0,5,12112,ok,NA,"{""gate_source"":""control_anchored_polygon"",""min_hull_points"":30,""polygon_expansion"":1.03}"
2020-10-29_SNV_E200K,E200K,G02,WT,WT_control,wt,2020-10-29,/mnt/c/Projects/prnp-somatic/raw/ddpcr/archive_contents/2020-10-29/SNV_E200K/PeakData/G02.ddpeakjson,/mnt/c/Projects/prnp-somatic/raw/ddpcr/archive_contents/2020-10-29/SNV_E200K/PeakMetaData/G02.ddmetajson,polygon_control_hull_gates,control-derived convex-hull polygon gates,11366,10404,4150,6251,0,3,962,0,3,6254,ok,NA,"{""gate_source"":""control_anchored_polygon"",""min_hull_points"":30,""polygon_expansion"":1.03}"
2020-10-29_SNV_E200K,E200K,G06,CJD18-1_fr,biological_sample,18_1_fr,2020-10-29,/mnt/c/Projects/prnp-somatic/raw/ddpcr/archive_contents/2020-10-29/SNV_E200K/PeakData/G06.ddpeakjson,/mnt/c/Projects/prnp-somatic/raw/ddpcr/archive_contents/2020-10-29/SNV_E200K/PeakMetaData/G06.ddmetajson,polygon_control_hull_gates,control-derived convex-hull polygon gates,11326,11118,208,10899,0,11,208,0,11,10910,ok,NA,"{""gate_source"":""control_anchored_polygon"",""min_hull_points"":30,""polygon_expansion"":1.03}"
2020-10-29_SNV_E200K,E200K,H02,E200K-mut,positive_control,,2020-10-29,/mnt/c/Projects/prnp-somatic/raw/ddpcr/archive_contents/2020-10-29/SNV_E200K/PeakData/H02.ddpeakjson,/mnt/c/Projects/prnp-somatic/raw/ddpcr/archive_contents/2020-10-29/SNV_E200K/PeakMetaData/H02.ddmetajson,polygon_control_hull_gates,control-derived convex-hull polygon gates,11907,11846,10997,419,413,17,61,0,430,436,ok,NA,"{""gate_source"":""control_anchored_polygon"",""min_hull_points"":30,""polygon_expansion"":1.03}"
2020-10-29_SNV_E200K,E200K,H06,CJD18-1_hc,biological_sample,18_1_hc,2020-10-29,/mnt/c/Projects/prnp-somatic/raw/ddpcr/archive_contents/2020-10-29/SNV_E200K/PeakData/H06.ddpeakjson,/mnt/c/Projects/prnp-somatic/raw/ddpcr/archive_contents/2020-10-29/SNV_E200K/PeakMetaData/H06.ddmetajson,polygon_control_hull_gates,control-derived convex-hull polygon gates,12868,12772,353,12416,0,3,96,0,3,12419,ok,NA,"{""gate_source"":""control_anchored_polygon"",""min_hull_points"":30,""polygon_expansion"":1.03}"
2020-11-05_SNV_E200K,E200K,A02,CJD17-15_fr,biological_sample,17_15_fr,2020-11-05,/mnt/c/Projects/prnp-somatic/raw/ddpcr/archive_contents/2020-11-05/SNV_E200K/PeakData/A02.ddpeakjson,/mnt/c/Projects/prnp-somatic/raw/ddpcr/archive_contents/2020-11-05/SNV_E200K/PeakMetaData/A02.ddmetajson,polygon_control_hull_gates,control-derived convex-hull polygon gates,16280,16239,688,15546,0,5,41,0,5,15551,ok,NA,"{""gate_source"":""control_anchored_polygon"",""min_hull_points"":30,""polygon_expansion"":1.03}"
2020-11-05_SNV_E200K,E200K,A06,CJD17-11_bg,biological_sample,17_11_bg,2020-11-05,/mnt/c/Projects/prnp-somatic/raw/ddpcr/archive_contents/2020-11-05/SNV_E200K/PeakData/A06.ddpeakjson,/mnt/c/Projects/prnp-somatic/raw/ddpcr/archive_contents/2020-11-05/SNV_E200K/PeakMetaData/A06.ddmetajson,polygon_control_hull_gates,control-derived convex-hull polygon gates,16346,16326,609,15709,0,8,20,0,8,15717,ok,NA,"{""gate_source"":""control_anchored_polygon"",""min_hull_points"":30,""polygon_expansion"":1.03}"
2020-11-05_SNV_E200K,E200K,A08,CJD17-5_cb,biological_sample,17_5_cb,2020-11-05,/mnt/c/Projects/prnp-somatic/raw/ddpcr/archive_contents/2020-11-05/SNV_E200K/PeakData/A08.ddpeakjson,/mnt/c/Projects/prnp-somatic/raw/ddpcr/archive_contents/2020-11-05/SNV_E200K/PeakMetaData/A08.ddmetajson,polygon_control_hull_gates,control-derived convex-hull polygon gates,17239,17232,4,17227,0,1,7,0,1,17228,ok,NA,"{""gate_source"":""control_anchored_polygon"",""min_hull_points"":30,""polygon_expansion"":1.03}"
2020-11-05_SNV_E200K,E200K,A10,CJD17-34_bg,biological_sample,17_34_bg,2020-11-05,/mnt/c/Projects/prnp-somatic/raw/ddpcr/archive_contents/2020-11-05/SNV_E200K/PeakData/A10.ddpeakjson,/mnt/c/Projects/prnp-somatic/raw/ddpcr/archive_contents/2020-11-05/SNV_E200K/PeakMetaData/A10.ddmetajson,polygon_control_hull_gates,control-derived convex-hull polygon gates,18086,18062,8,18052,0,2,24,0,2,18054,ok,NA,"{""gate_source"":""control_anchored_polygon"",""min_hull_points"":30,""polygon_expansion"":1.03}"
2020-11-05_SNV_E200K,E200K,B04,CJD17-13_cb,biological_sample,17_13_cb,2020-11-05,/mnt/c/Projects/prnp-somatic/raw/ddpcr/archive_contents/2020-11-05/SNV_E200K/PeakData/B04.ddpeakjson,/mnt/c/Projects/prnp-somatic/raw/ddpcr/archive_contents/2020-11-05/SNV_E200K/PeakMetaData/B04.ddmetajson,polygon_control_hull_gates,control-derived convex-hull polygon gates,17651,17631,6,17622,0,3,20,0,3,17625,ok,NA,"{""gate_source"":""control_anchored_polygon"",""min_hull_points"":30,""polygon_expansion"":1.03}"
2020-11-05_SNV_E200K,E200K,B08,CJD17-5_fr,biological_sample,17_5_fr,2020-11-05,/mnt/c/Projects/prnp-somatic/raw/ddpcr/archive_contents/2020-11-05/SNV_E200K/PeakData/B08.ddpeakjson,/mnt/c/Projects/prnp-somatic/raw/ddpcr/archive_contents/2020-11-05/SNV_E200K/PeakMetaData/B08.ddmetajson,polygon_control_hull_gates,control-derived convex-hull polygon gates,17254,17249,1,17244,0,4,5,0,4,17248,ok,NA,"{""gate_source"":""control_anchored_polygon"",""min_hull_points"":30,""polygon_expansion"":1.03}"
2020-11-05_SNV_E200K,E200K,C04,CJD17-13_hc,biological_sample,17_13_hc,2020-11-05,/mnt/c/Projects/prnp-somatic/raw/ddpcr/archive_contents/2020-11-05/SNV_E200K/PeakData/C04.ddpeakjson,/mnt/c/Projects/prnp-somatic/raw/ddpcr/archive_contents/2020-11-05/SNV_E200K/PeakMetaData/C04.ddmetajson,polygon_control_hull_gates,control-derived convex-hull polygon gates,18511,18494,38,18452,0,4,17,0,4,18456,ok,NA,"{""gate_source"":""control_anchored_polygon"",""min_hull_points"":30,""polygon_expansion"":1.03}"
2020-11-05_SNV_E200K,E200K,C06,CJD17-11_fr,biological_sample,17_11_fr,2020-11-05,/mnt/c/Projects/prnp-somatic/raw/ddpcr/archive_contents/2020-11-05/SNV_E200K/PeakData/C06.ddpeakjson,/mnt/c/Projects/prnp-somatic/raw/ddpcr/archive_contents/2020-11-05/SNV_E200K/PeakMetaData/C06.ddmetajson,polygon_control_hull_gates,control-derived convex-hull polygon gates,16615,16602,3,16597,0,2,13,0,2,16599,ok,NA,"{""gate_source"":""control_anchored_polygon"",""min_hull_points"":30,""polygon_expansion"":1.03}"
2020-11-05_SNV_E200K,E200K,C08,CJD17-5_th,biological_sample,17_5_th,2020-11-05,/mnt/c/Projects/prnp-somatic/raw/ddpcr/archive_contents/2020-11-05/SNV_E200K/PeakData/C08.ddpeakjson,/mnt/c/Projects/prnp-somatic/raw/ddpcr/archive_contents/2020-11-05/SNV_E200K/PeakMetaData/C08.ddmetajson,polygon_control_hull_gates,control-derived convex-hull polygon gates,17964,17958,9,17930,0,19,6,0,19,17949,ok,NA,"{""gate_source"":""control_anchored_polygon"",""min_hull_points"":30,""polygon_expansion"":1.03}"
2020-11-05_SNV_E200K,E200K,C10,CJD17-34_fr,biological_sample,17_34_fr,2020-11-05,/mnt/c/Projects/prnp-somatic/raw/ddpcr/archive_contents/2020-11-05/SNV_E200K/PeakData/C10.ddpeakjson,/mnt/c/Projects/prnp-somatic/raw/ddpcr/archive_contents/2020-11-05/SNV_E200K/PeakMetaData/C10.ddmetajson,polygon_control_hull_gates,control-derived convex-hull polygon gates,14297,14290,1,14282,0,7,7,0,7,14289,ok,NA,"{""gate_source"":""control_anchored_polygon"",""min_hull_points"":30,""polygon_expansion"":1.03}"
2020-11-05_SNV_E200K,E200K,D04,CJD17-13_sn,biological_sample,17_13_sn,2020-11-05,/mnt/c/Projects/prnp-somatic/raw/ddpcr/archive_contents/2020-11-05/SNV_E200K/PeakData/D04.ddpeakjson,/mnt/c/Projects/prnp-somatic/raw/ddpcr/archive_contents/2020-11-05/SNV_E200K/PeakMetaData/D04.ddmetajson,polygon_control_hull_gates,control-derived convex-hull polygon gates,18002,17903,17,17856,0,30,99,0,30,17886,ok,NA,"{""gate_source"":""control_anchored_polygon"",""min_hull_points"":30,""polygon_expansion"":1.03}"
2020-11-05_SNV_E200K,E200K,D06,CJD17-11_hc,biological_sample,17_11_hc,2020-11-05,/mnt/c/Projects/prnp-somatic/raw/ddpcr/archive_contents/2020-11-05/SNV_E200K/PeakData/D06.ddpeakjson,/mnt/c/Projects/prnp-somatic/raw/ddpcr/archive_contents/2020-11-05/SNV_E200K/PeakMetaData/D06.ddmetajson,polygon_control_hull_gates,control-derived convex-hull polygon gates,17463,17458,234,17217,0,7,5,0,7,17224,ok,NA,"{""gate_source"":""control_anchored_polygon"",""min_hull_points"":30,""polygon_expansion"":1.03}"
2020-11-05_SNV_E200K,E200K,D08,CJD17-8_bg,biological_sample,17_8_bg,2020-11-05,/mnt/c/Projects/prnp-somatic/raw/ddpcr/archive_contents/2020-11-05/SNV_E200K/PeakData/D08.ddpeakjson,/mnt/c/Projects/prnp-somatic/raw/ddpcr/archive_contents/2020-11-05/SNV_E200K/PeakMetaData/D08.ddmetajson,polygon_control_hull_gates,control-derived convex-hull polygon gates,17347,17323,89,17227,0,7,24,0,7,17234,ok,NA,"{""gate_source"":""control_anchored_polygon"",""min_hull_points"":30,""polygon_expansion"":1.03}"
2020-11-05_SNV_E200K,E200K,E02,CJD17-15_th,biological_sample,17_15_th,2020-11-05,/mnt/c/Projects/prnp-somatic/raw/ddpcr/archive_contents/2020-11-05/SNV_E200K/PeakData/E02.ddpeakjson,/mnt/c/Projects/prnp-somatic/raw/ddpcr/archive_contents/2020-11-05/SNV_E200K/PeakMetaData/E02.ddmetajson,polygon_control_hull_gates,control-derived convex-hull polygon gates,17152,17121,714,16359,0,48,31,0,48,16407,ok,NA,"{""gate_source"":""control_anchored_polygon"",""min_hull_points"":30,""polygon_expansion"":1.03}"
2020-11-05_SNV_E200K,E200K,E04,CJD17-13_th,biological_sample,17_13_th,2020-11-05,/mnt/c/Projects/prnp-somatic/raw/ddpcr/archive_contents/2020-11-05/SNV_E200K/PeakData/E04.ddpeakjson,/mnt/c/Projects/prnp-somatic/raw/ddpcr/archive_contents/2020-11-05/SNV_E200K/PeakMetaData/E04.ddmetajson,polygon_control_hull_gates,control-derived convex-hull polygon gates,16059,15877,200,15660,0,17,182,0,17,15677,ok,NA,"{""gate_source"":""control_anchored_polygon"",""min_hull_points"":30,""polygon_expansion"":1.03}"
2020-11-05_SNV_E200K,E200K,E06,CJD17-12_bg,biological_sample,17_12_bg,2020-11-05,/mnt/c/Projects/prnp-somatic/raw/ddpcr/archive_contents/2020-11-05/SNV_E200K/PeakData/E06.ddpeakjson,/mnt/c/Projects/prnp-somatic/raw/ddpcr/archive_contents/2020-11-05/SNV_E200K/PeakMetaData/E06.ddmetajson,polygon_control_hull_gates,control-derived convex-hull polygon gates,17300,17269,50,17209,0,10,31,0,10,17219,ok,NA,"{""gate_source"":""control_anchored_polygon"",""min_hull_points"":30,""polygon_expansion"":1.03}"
2020-11-05_SNV_E200K,E200K,F02,NTC,NTC,ntc,2020-11-05,/mnt/c/Projects/prnp-somatic/raw/ddpcr/archive_contents/2020-11-05/SNV_E200K/PeakData/F02.ddpeakjson,/mnt/c/Projects/prnp-somatic/raw/ddpcr/archive_contents/2020-11-05/SNV_E200K/PeakMetaData/F02.ddmetajson,polygon_control_hull_gates,control-derived convex-hull polygon gates,15765,15759,15759,0,0,0,6,0,0,0,ok,NA,"{""gate_source"":""control_anchored_polygon"",""min_hull_points"":30,""polygon_expansion"":1.03}"
2020-11-05_SNV_E200K,E200K,F06,CJD17-12_fr,biological_sample,17_12_fr,2020-11-05,/mnt/c/Projects/prnp-somatic/raw/ddpcr/archive_contents/2020-11-05/SNV_E200K/PeakData/F06.ddpeakjson,/mnt/c/Projects/prnp-somatic/raw/ddpcr/archive_contents/2020-11-05/SNV_E200K/PeakMetaData/F06.ddmetajson,polygon_control_hull_gates,control-derived convex-hull polygon gates,17213,17184,310,16864,0,10,29,0,10,16874,ok,NA,"{""gate_source"":""control_anchored_polygon"",""min_hull_points"":30,""polygon_expansion"":1.03}"
2020-11-05_SNV_E200K,E200K,G02,WT,WT_control,wt,2020-11-05,/mnt/c/Projects/prnp-somatic/raw/ddpcr/archive_contents/2020-11-05/SNV_E200K/PeakData/G02.ddpeakjson,/mnt/c/Projects/prnp-somatic/raw/ddpcr/archive_contents/2020-11-05/SNV_E200K/PeakMetaData/G02.ddmetajson,polygon_control_hull_gates,control-derived convex-hull polygon gates,16316,16271,5445,10822,2,2,45,0,4,10824,ok,NA,"{""gate_source"":""control_anchored_polygon"",""min_hull_points"":30,""polygon_expansion"":1.03}"
2020-11-05_SNV_E200K,E200K,G06,CJD17-12_sn,biological_sample,17_12_sn,2020-11-05,/mnt/c/Projects/prnp-somatic/raw/ddpcr/archive_contents/2020-11-05/SNV_E200K/PeakData/G06.ddpeakjson,/mnt/c/Projects/prnp-somatic/raw/ddpcr/archive_contents/2020-11-05/SNV_E200K/PeakMetaData/G06.ddmetajson,polygon_control_hull_gates,control-derived convex-hull polygon gates,18481,18467,6,18460,0,1,14,0,1,18461,ok,NA,"{""gate_source"":""control_anchored_polygon"",""min_hull_points"":30,""polygon_expansion"":1.03}"
2020-11-05_SNV_E200K,E200K,H02,E200K-mut,positive_control,,2020-11-05,/mnt/c/Projects/prnp-somatic/raw/ddpcr/archive_contents/2020-11-05/SNV_E200K/PeakData/H02.ddpeakjson,/mnt/c/Projects/prnp-somatic/raw/ddpcr/archive_contents/2020-11-05/SNV_E200K/PeakMetaData/H02.ddmetajson,polygon_control_hull_gates,control-derived convex-hull polygon gates,17166,17073,12618,2020,2113,322,93,0,2435,2342,ok,NA,"{""gate_source"":""control_anchored_polygon"",""min_hull_points"":30,""polygon_expansion"":1.03}"
2020-11-24_SNV_E200K,E200K,A02,CJD17-30_bg_E200K,biological_sample,17_30_bg,2020-11-24,/mnt/c/Projects/prnp-somatic/raw/ddpcr/archive_contents/2020-11-24/SNV_E200K/PeakData/A02.ddpeakjson,/mnt/c/Projects/prnp-somatic/raw/ddpcr/archive_contents/2020-11-24/SNV_E200K/PeakMetaData/A02.ddmetajson,polygon_control_hull_gates,control-derived convex-hull polygon gates,15801,15772,55,15711,0,6,29,0,6,15717,ok,NA,"{""gate_source"":""control_anchored_polygon"",""min_hull_points"":30,""polygon_expansion"":1.03}"
2020-11-24_SNV_E200K,E200K,A08,CJD18-5_bg_E200K,biological_sample,18_5_bg,2020-11-24,/mnt/c/Projects/prnp-somatic/raw/ddpcr/archive_contents/2020-11-24/SNV_E200K/PeakData/A08.ddpeakjson,/mnt/c/Projects/prnp-somatic/raw/ddpcr/archive_contents/2020-11-24/SNV_E200K/PeakMetaData/A08.ddmetajson,polygon_control_hull_gates,control-derived convex-hull polygon gates,15922,15853,538,15312,0,3,69,0,3,15315,ok,NA,"{""gate_source"":""control_anchored_polygon"",""min_hull_points"":30,""polygon_expansion"":1.03}"
2020-11-24_SNV_E200K,E200K,B02,CJD17-30_fr_E200K,biological_sample,17_30_fr,2020-11-24,/mnt/c/Projects/prnp-somatic/raw/ddpcr/archive_contents/2020-11-24/SNV_E200K/PeakData/B02.ddpeakjson,/mnt/c/Projects/prnp-somatic/raw/ddpcr/archive_contents/2020-11-24/SNV_E200K/PeakMetaData/B02.ddmetajson,polygon_control_hull_gates,control-derived convex-hull polygon gates,16494,16470,182,16281,0,7,24,0,7,16288,ok,NA,"{""gate_source"":""control_anchored_polygon"",""min_hull_points"":30,""polygon_expansion"":1.03}"
2020-11-24_SNV_E200K,E200K,B06,CJD17-15_cb_E200K,biological_sample,17_15_cb,2020-11-24,/mnt/c/Projects/prnp-somatic/raw/ddpcr/archive_contents/2020-11-24/SNV_E200K/PeakData/B06.ddpeakjson,/mnt/c/Projects/prnp-somatic/raw/ddpcr/archive_contents/2020-11-24/SNV_E200K/PeakMetaData/B06.ddmetajson,polygon_control_hull_gates,control-derived convex-hull polygon gates,17688,17530,83,17422,0,25,158,0,25,17447,ok,NA,"{""gate_source"":""control_anchored_polygon"",""min_hull_points"":30,""polygon_expansion"":1.03}"
2020-11-24_SNV_E200K,E200K,C02,CJD17-30_hc_E200K,biological_sample,17_30_hc,2020-11-24,/mnt/c/Projects/prnp-somatic/raw/ddpcr/archive_contents/2020-11-24/SNV_E200K/PeakData/C02.ddpeakjson,/mnt/c/Projects/prnp-somatic/raw/ddpcr/archive_contents/2020-11-24/SNV_E200K/PeakMetaData/C02.ddmetajson,polygon_control_hull_gates,control-derived convex-hull polygon gates,17046,17021,3913,13101,0,7,25,0,7,13108,ok,NA,"{""gate_source"":""control_anchored_polygon"",""min_hull_points"":30,""polygon_expansion"":1.03}"
2020-11-24_SNV_E200K,E200K,D02,CJD17-30_sn_E200K,biological_sample,17_30_sn,2020-11-24,/mnt/c/Projects/prnp-somatic/raw/ddpcr/archive_contents/2020-11-24/SNV_E200K/PeakData/D02.ddpeakjson,/mnt/c/Projects/prnp-somatic/raw/ddpcr/archive_contents/2020-11-24/SNV_E200K/PeakMetaData/D02.ddmetajson,polygon_control_hull_gates,control-derived convex-hull polygon gates,17369,17317,1133,16175,0,9,52,0,9,16184,ok,NA,"{""gate_source"":""control_anchored_polygon"",""min_hull_points"":30,""polygon_expansion"":1.03}"
2020-11-24_SNV_E200K,E200K,D10,CJD17-34_sn_E200K,biological_sample,17_34_sn,2020-11-24,/mnt/c/Projects/prnp-somatic/raw/ddpcr/archive_contents/2020-11-24/SNV_E200K/PeakData/D10.ddpeakjson,/mnt/c/Projects/prnp-somatic/raw/ddpcr/archive_contents/2020-11-24/SNV_E200K/PeakMetaData/D10.ddmetajson,polygon_control_hull_gates,control-derived convex-hull polygon gates,18613,18512,43,18460,0,9,101,0,9,18469,ok,NA,"{""gate_source"":""control_anchored_polygon"",""min_hull_points"":30,""polygon_expansion"":1.03}"
2020-11-24_SNV_E200K,E200K,F02,NTC_E200K,NTC,ntc,2020-11-24,/mnt/c/Projects/prnp-somatic/raw/ddpcr/archive_contents/2020-11-24/SNV_E200K/PeakData/F02.ddpeakjson,/mnt/c/Projects/prnp-somatic/raw/ddpcr/archive_contents/2020-11-24/SNV_E200K/PeakMetaData/F02.ddmetajson,polygon_control_hull_gates,control-derived convex-hull polygon gates,16821,16788,16784,3,0,1,33,0,1,4,ok,NA,"{""gate_source"":""control_anchored_polygon"",""min_hull_points"":30,""polygon_expansion"":1.03}"
2020-11-24_SNV_E200K,E200K,G02,WT_E200K,WT_control,wt,2020-11-24,/mnt/c/Projects/prnp-somatic/raw/ddpcr/archive_contents/2020-11-24/SNV_E200K/PeakData/G02.ddpeakjson,/mnt/c/Projects/prnp-somatic/raw/ddpcr/archive_contents/2020-11-24/SNV_E200K/PeakMetaData/G02.ddmetajson,polygon_control_hull_gates,control-derived convex-hull polygon gates,16266,16254,2349,13897,0,8,12,0,8,13905,ok,NA,"{""gate_source"":""control_anchored_polygon"",""min_hull_points"":30,""polygon_expansion"":1.03}"
2020-11-24_SNV_E200K,E200K,H02,E200K_mut,positive_control,,2020-11-24,/mnt/c/Projects/prnp-somatic/raw/ddpcr/archive_contents/2020-11-24/SNV_E200K/PeakData/H02.ddpeakjson,/mnt/c/Projects/prnp-somatic/raw/ddpcr/archive_contents/2020-11-24/SNV_E200K/PeakMetaData/H02.ddmetajson,polygon_control_hull_gates,control-derived convex-hull polygon gates,15464,15440,11498,1874,1787,281,24,0,2068,2155,ok,NA,"{""gate_source"":""control_anchored_polygon"",""min_hull_points"":30,""polygon_expansion"":1.03}"
2021-01-26_SNV_E200K,E200K,A02,NTC,NTC,ntc,2021-01-26,/mnt/c/Projects/prnp-somatic/raw/ddpcr/archive_contents/2021-01-26/SNV_E200K/PeakData/A02.ddpeakjson,/mnt/c/Projects/prnp-somatic/raw/ddpcr/archive_contents/2021-01-26/SNV_E200K/PeakMetaData/A02.ddmetajson,polygon_control_hull_gates,control-derived convex-hull polygon gates,10668,10658,10658,0,0,0,10,0,0,0,ok,NA,"{""gate_source"":""control_anchored_polygon"",""min_hull_points"":30,""polygon_expansion"":1.03}"
2021-01-26_SNV_E200K,E200K,A05,924486-th,biological_sample,924486_th,2021-01-26,/mnt/c/Projects/prnp-somatic/raw/ddpcr/archive_contents/2021-01-26/SNV_E200K/PeakData/A05.ddpeakjson,/mnt/c/Projects/prnp-somatic/raw/ddpcr/archive_contents/2021-01-26/SNV_E200K/PeakMetaData/A05.ddmetajson,polygon_control_hull_gates,control-derived convex-hull polygon gates,13049,12904,1075,11828,0,1,145,0,1,11829,ok,NA,"{""gate_source"":""control_anchored_polygon"",""min_hull_points"":30,""polygon_expansion"":1.03}"
2021-01-26_SNV_E200K,E200K,B02,E200K-mut,positive_control,,2021-01-26,/mnt/c/Projects/prnp-somatic/raw/ddpcr/archive_contents/2021-01-26/SNV_E200K/PeakData/B02.ddpeakjson,/mnt/c/Projects/prnp-somatic/raw/ddpcr/archive_contents/2021-01-26/SNV_E200K/PeakMetaData/B02.ddmetajson,polygon_control_hull_gates,control-derived convex-hull polygon gates,12474,12336,10223,1026,958,129,138,0,1087,1155,ok,NA,"{""gate_source"":""control_anchored_polygon"",""min_hull_points"":30,""polygon_expansion"":1.03}"
2021-01-26_SNV_E200K,E200K,B05,953891-bg,biological_sample,953891_bg,2021-01-26,/mnt/c/Projects/prnp-somatic/raw/ddpcr/archive_contents/2021-01-26/SNV_E200K/PeakData/B05.ddpeakjson,/mnt/c/Projects/prnp-somatic/raw/ddpcr/archive_contents/2021-01-26/SNV_E200K/PeakMetaData/B05.ddmetajson,polygon_control_hull_gates,control-derived convex-hull polygon gates,12019,11844,384,11460,0,0,175,0,0,11460,ok,NA,"{""gate_source"":""control_anchored_polygon"",""min_hull_points"":30,""polygon_expansion"":1.03}"
2021-01-26_SNV_E200K,E200K,B08,955427-cb,biological_sample,955427_cb,2021-01-26,/mnt/c/Projects/prnp-somatic/raw/ddpcr/archive_contents/2021-01-26/SNV_E200K/PeakData/B08.ddpeakjson,/mnt/c/Projects/prnp-somatic/raw/ddpcr/archive_contents/2021-01-26/SNV_E200K/PeakMetaData/B08.ddmetajson,polygon_control_hull_gates,control-derived convex-hull polygon gates,13528,13443,236,13207,0,0,85,0,0,13207,ok,NA,"{""gate_source"":""control_anchored_polygon"",""min_hull_points"":30,""polygon_expansion"":1.03}"
2021-01-26_SNV_E200K,E200K,C02,WT,WT_control,wt,2021-01-26,/mnt/c/Projects/prnp-somatic/raw/ddpcr/archive_contents/2021-01-26/SNV_E200K/PeakData/C02.ddpeakjson,/mnt/c/Projects/prnp-somatic/raw/ddpcr/archive_contents/2021-01-26/SNV_E200K/PeakMetaData/C02.ddmetajson,polygon_control_hull_gates,control-derived convex-hull polygon gates,12252,11888,2577,9301,0,10,364,0,10,9311,ok,NA,"{""gate_source"":""control_anchored_polygon"",""min_hull_points"":30,""polygon_expansion"":1.03}"
2021-01-26_SNV_E200K,E200K,C05,953891-cb,biological_sample,953891_cb,2021-01-26,/mnt/c/Projects/prnp-somatic/raw/ddpcr/archive_contents/2021-01-26/SNV_E200K/PeakData/C05.ddpeakjson,/mnt/c/Projects/prnp-somatic/raw/ddpcr/archive_contents/2021-01-26/SNV_E200K/PeakMetaData/C05.ddmetajson,polygon_control_hull_gates,control-derived convex-hull polygon gates,14774,14580,322,14250,0,8,194,0,8,14258,ok,NA,"{""gate_source"":""control_anchored_polygon"",""min_hull_points"":30,""polygon_expansion"":1.03}"
2021-01-26_SNV_E200K,E200K,C08,955427-fr,biological_sample,955427_fr,2021-01-26,/mnt/c/Projects/prnp-somatic/raw/ddpcr/archive_contents/2021-01-26/SNV_E200K/PeakData/C08.ddpeakjson,/mnt/c/Projects/prnp-somatic/raw/ddpcr/archive_contents/2021-01-26/SNV_E200K/PeakMetaData/C08.ddmetajson,polygon_control_hull_gates,control-derived convex-hull polygon gates,12785,12697,459,12236,0,2,88,0,2,12238,ok,NA,"{""gate_source"":""control_anchored_polygon"",""min_hull_points"":30,""polygon_expansion"":1.03}"
2021-01-26_SNV_E200K,E200K,D02,924486-bg,biological_sample,924486_bg,2021-01-26,/mnt/c/Projects/prnp-somatic/raw/ddpcr/archive_contents/2021-01-26/SNV_E200K/PeakData/D02.ddpeakjson,/mnt/c/Projects/prnp-somatic/raw/ddpcr/archive_contents/2021-01-26/SNV_E200K/PeakMetaData/D02.ddmetajson,polygon_control_hull_gates,control-derived convex-hull polygon gates,12149,11585,611,10964,0,10,564,0,10,10974,ok,NA,"{""gate_source"":""control_anchored_polygon"",""min_hull_points"":30,""polygon_expansion"":1.03}"
2021-01-26_SNV_E200K,E200K,D05,953891-fr,biological_sample,953891_fr,2021-01-26,/mnt/c/Projects/prnp-somatic/raw/ddpcr/archive_contents/2021-01-26/SNV_E200K/PeakData/D05.ddpeakjson,/mnt/c/Projects/prnp-somatic/raw/ddpcr/archive_contents/2021-01-26/SNV_E200K/PeakMetaData/D05.ddmetajson,polygon_control_hull_gates,control-derived convex-hull polygon gates,14933,14686,411,14273,0,2,247,0,2,14275,ok,NA,"{""gate_source"":""control_anchored_polygon"",""min_hull_points"":30,""polygon_expansion"":1.03}"
2021-01-26_SNV_E200K,E200K,D08,955427-hc,biological_sample,955427_hc,2021-01-26,/mnt/c/Projects/prnp-somatic/raw/ddpcr/archive_contents/2021-01-26/SNV_E200K/PeakData/D08.ddpeakjson,/mnt/c/Projects/prnp-somatic/raw/ddpcr/archive_contents/2021-01-26/SNV_E200K/PeakMetaData/D08.ddmetajson,polygon_control_hull_gates,control-derived convex-hull polygon gates,13935,13456,74,13381,0,1,479,0,1,13382,ok,NA,"{""gate_source"":""control_anchored_polygon"",""min_hull_points"":30,""polygon_expansion"":1.03}"
2021-01-26_SNV_E200K,E200K,E02,924486-cb,biological_sample,924486_cb,2021-01-26,/mnt/c/Projects/prnp-somatic/raw/ddpcr/archive_contents/2021-01-26/SNV_E200K/PeakData/E02.ddpeakjson,/mnt/c/Projects/prnp-somatic/raw/ddpcr/archive_contents/2021-01-26/SNV_E200K/PeakMetaData/E02.ddmetajson,polygon_control_hull_gates,control-derived convex-hull polygon gates,11569,11284,933,10340,0,11,285,0,11,10351,ok,NA,"{""gate_source"":""control_anchored_polygon"",""min_hull_points"":30,""polygon_expansion"":1.03}"
2021-01-26_SNV_E200K,E200K,E08,955427-sn,biological_sample,955427_sn,2021-01-26,/mnt/c/Projects/prnp-somatic/raw/ddpcr/archive_contents/2021-01-26/SNV_E200K/PeakData/E08.ddpeakjson,/mnt/c/Projects/prnp-somatic/raw/ddpcr/archive_contents/2021-01-26/SNV_E200K/PeakMetaData/E08.ddmetajson,polygon_control_hull_gates,control-derived convex-hull polygon gates,13898,13821,111,13710,0,0,77,0,0,13710,ok,NA,"{""gate_source"":""control_anchored_polygon"",""min_hull_points"":30,""polygon_expansion"":1.03}"
2021-01-26_SNV_E200K,E200K,F02,924486-fr,biological_sample,924486_fr,2021-01-26,/mnt/c/Projects/prnp-somatic/raw/ddpcr/archive_contents/2021-01-26/SNV_E200K/PeakData/F02.ddpeakjson,/mnt/c/Projects/prnp-somatic/raw/ddpcr/archive_contents/2021-01-26/SNV_E200K/PeakMetaData/F02.ddmetajson,polygon_control_hull_gates,control-derived convex-hull polygon gates,13045,12818,822,11993,0,3,227,0,3,11996,ok,NA,"{""gate_source"":""control_anchored_polygon"",""min_hull_points"":30,""polygon_expansion"":1.03}"
2021-01-26_SNV_E200K,E200K,F05,953891-sn,biological_sample,953891_sn,2021-01-26,/mnt/c/Projects/prnp-somatic/raw/ddpcr/archive_contents/2021-01-26/SNV_E200K/PeakData/F05.ddpeakjson,/mnt/c/Projects/prnp-somatic/raw/ddpcr/archive_contents/2021-01-26/SNV_E200K/PeakMetaData/F05.ddmetajson,polygon_control_hull_gates,control-derived convex-hull polygon gates,14240,13872,423,13443,0,6,368,0,6,13449,ok,NA,"{""gate_source"":""control_anchored_polygon"",""min_hull_points"":30,""polygon_expansion"":1.03}"
2021-01-26_SNV_E200K,E200K,F08,955427-th,biological_sample,955427_th,2021-01-26,/mnt/c/Projects/prnp-somatic/raw/ddpcr/archive_contents/2021-01-26/SNV_E200K/PeakData/F08.ddpeakjson,/mnt/c/Projects/prnp-somatic/raw/ddpcr/archive_contents/2021-01-26/SNV_E200K/PeakMetaData/F08.ddmetajson,polygon_control_hull_gates,control-derived convex-hull polygon gates,14242,14133,180,13952,0,1,109,0,1,13953,ok,NA,"{""gate_source"":""control_anchored_polygon"",""min_hull_points"":30,""polygon_expansion"":1.03}"
2021-01-26_SNV_E200K,E200K,G02,924486-hc,biological_sample,924486_hc,2021-01-26,/mnt/c/Projects/prnp-somatic/raw/ddpcr/archive_contents/2021-01-26/SNV_E200K/PeakData/G02.ddpeakjson,/mnt/c/Projects/prnp-somatic/raw/ddpcr/archive_contents/2021-01-26/SNV_E200K/PeakMetaData/G02.ddmetajson,polygon_control_hull_gates,control-derived convex-hull polygon gates,12906,12612,1107,11501,0,4,294,0,4,11505,ok,NA,"{""gate_source"":""control_anchored_polygon"",""min_hull_points"":30,""polygon_expansion"":1.03}"
2021-01-26_SNV_E200K,E200K,G05,953891-th,biological_sample,953891_th,2021-01-26,/mnt/c/Projects/prnp-somatic/raw/ddpcr/archive_contents/2021-01-26/SNV_E200K/PeakData/G05.ddpeakjson,/mnt/c/Projects/prnp-somatic/raw/ddpcr/archive_contents/2021-01-26/SNV_E200K/PeakMetaData/G05.ddmetajson,polygon_control_hull_gates,control-derived convex-hull polygon gates,14758,14430,544,13880,0,6,328,0,6,13886,ok,NA,"{""gate_source"":""control_anchored_polygon"",""min_hull_points"":30,""polygon_expansion"":1.03}"
2021-01-26_SNV_E200K,E200K,G08,929474-bg,biological_sample,929474_bg,2021-01-26,/mnt/c/Projects/prnp-somatic/raw/ddpcr/archive_contents/2021-01-26/SNV_E200K/PeakData/G08.ddpeakjson,/mnt/c/Projects/prnp-somatic/raw/ddpcr/archive_contents/2021-01-26/SNV_E200K/PeakMetaData/G08.ddmetajson,polygon_control_hull_gates,control-derived convex-hull polygon gates,14003,13894,232,13658,0,4,109,0,4,13662,ok,NA,"{""gate_source"":""control_anchored_polygon"",""min_hull_points"":30,""polygon_expansion"":1.03}"
2021-01-26_SNV_E200K,E200K,H02,924486-sn,biological_sample,924486_sn,2021-01-26,/mnt/c/Projects/prnp-somatic/raw/ddpcr/archive_contents/2021-01-26/SNV_E200K/PeakData/H02.ddpeakjson,/mnt/c/Projects/prnp-somatic/raw/ddpcr/archive_contents/2021-01-26/SNV_E200K/PeakMetaData/H02.ddmetajson,polygon_control_hull_gates,control-derived convex-hull polygon gates,13762,12673,872,11740,0,61,1089,0,61,11801,ok,NA,"{""gate_source"":""control_anchored_polygon"",""min_hull_points"":30,""polygon_expansion"":1.03}"
2021-01-26_SNV_E200K,E200K,H05,18-5-th,biological_sample,18_5_th,2021-01-26,/mnt/c/Projects/prnp-somatic/raw/ddpcr/archive_contents/2021-01-26/SNV_E200K/PeakData/H05.ddpeakjson,/mnt/c/Projects/prnp-somatic/raw/ddpcr/archive_contents/2021-01-26/SNV_E200K/PeakMetaData/H05.ddmetajson,polygon_control_hull_gates,control-derived convex-hull polygon gates,15754,15064,1303,13744,0,17,690,0,17,13761,ok,NA,"{""gate_source"":""control_anchored_polygon"",""min_hull_points"":30,""polygon_expansion"":1.03}"
2021-01-26_SNV_E200K,E200K,H08,929474-cb,biological_sample,929474_cb,2021-01-26,/mnt/c/Projects/prnp-somatic/raw/ddpcr/archive_contents/2021-01-26/SNV_E200K/PeakData/H08.ddpeakjson,/mnt/c/Projects/prnp-somatic/raw/ddpcr/archive_contents/2021-01-26/SNV_E200K/PeakMetaData/H08.ddmetajson,polygon_control_hull_gates,control-derived convex-hull polygon gates,13321,12715,167,12541,0,7,606,0,7,12548,ok,NA,"{""gate_source"":""control_anchored_polygon"",""min_hull_points"":30,""polygon_expansion"":1.03}"
2021-02-17_SNV_E200K,E200K,A02,NTC,NTC,ntc,2021-02-17,/mnt/c/Projects/prnp-somatic/raw/ddpcr/archive_contents/2021-02-17/SNV_E200K/PeakData/A02.ddpeakjson,/mnt/c/Projects/prnp-somatic/raw/ddpcr/archive_contents/2021-02-17/SNV_E200K/PeakMetaData/A02.ddmetajson,polygon_control_hull_gates,control-derived convex-hull polygon gates,15981,15980,15980,0,0,0,1,0,0,0,ok,NA,"{""gate_source"":""control_anchored_polygon"",""min_hull_points"":30,""polygon_expansion"":1.03}"
2021-02-17_SNV_E200K,E200K,A05,CJD-933892-hc,biological_sample,933892_hc,2021-02-17,/mnt/c/Projects/prnp-somatic/raw/ddpcr/archive_contents/2021-02-17/SNV_E200K/PeakData/A05.ddpeakjson,/mnt/c/Projects/prnp-somatic/raw/ddpcr/archive_contents/2021-02-17/SNV_E200K/PeakMetaData/A05.ddmetajson,polygon_control_hull_gates,control-derived convex-hull polygon gates,16200,16165,705,15449,0,11,35,0,11,15460,ok,NA,"{""gate_source"":""control_anchored_polygon"",""min_hull_points"":30,""polygon_expansion"":1.03}"
2021-02-17_SNV_E200K,E200K,A08,E200K-mut,positive_control,,2021-02-17,/mnt/c/Projects/prnp-somatic/raw/ddpcr/archive_contents/2021-02-17/SNV_E200K/PeakData/A08.ddpeakjson,/mnt/c/Projects/prnp-somatic/raw/ddpcr/archive_contents/2021-02-17/SNV_E200K/PeakMetaData/A08.ddmetajson,polygon_control_hull_gates,control-derived convex-hull polygon gates,18335,18202,17132,540,503,27,133,0,530,567,ok,NA,"{""gate_source"":""control_anchored_polygon"",""min_hull_points"":30,""polygon_expansion"":1.03}"
2021-02-17_SNV_E200K,E200K,B02,WT,WT_control,wt,2021-02-17,/mnt/c/Projects/prnp-somatic/raw/ddpcr/archive_contents/2021-02-17/SNV_E200K/PeakData/B02.ddpeakjson,/mnt/c/Projects/prnp-somatic/raw/ddpcr/archive_contents/2021-02-17/SNV_E200K/PeakMetaData/B02.ddmetajson,polygon_control_hull_gates,control-derived convex-hull polygon gates,14214,14204,264,13936,0,4,10,0,4,13940,ok,NA,"{""gate_source"":""control_anchored_polygon"",""min_hull_points"":30,""polygon_expansion"":1.03}"
2021-02-17_SNV_E200K,E200K,B05,CJD-933892-sn,biological_sample,933892_sn,2021-02-17,/mnt/c/Projects/prnp-somatic/raw/ddpcr/archive_contents/2021-02-17/SNV_E200K/PeakData/B05.ddpeakjson,/mnt/c/Projects/prnp-somatic/raw/ddpcr/archive_contents/2021-02-17/SNV_E200K/PeakMetaData/B05.ddmetajson,polygon_control_hull_gates,control-derived convex-hull polygon gates,16615,16567,2916,13639,0,12,48,0,12,13651,ok,NA,"{""gate_source"":""control_anchored_polygon"",""min_hull_points"":30,""polygon_expansion"":1.03}"
2021-02-17_SNV_E200K,E200K,B08,CJD-18-24-th,biological_sample,18_24_th,2021-02-17,/mnt/c/Projects/prnp-somatic/raw/ddpcr/archive_contents/2021-02-17/SNV_E200K/PeakData/B08.ddpeakjson,/mnt/c/Projects/prnp-somatic/raw/ddpcr/archive_contents/2021-02-17/SNV_E200K/PeakMetaData/B08.ddmetajson,polygon_control_hull_gates,control-derived convex-hull polygon gates,17770,17739,923,16806,0,10,31,0,10,16816,ok,NA,"{""gate_source"":""control_anchored_polygon"",""min_hull_points"":30,""polygon_expansion"":1.03}"
2021-02-17_SNV_E200K,E200K,C02,CJD-943497-hc,biological_sample,943497_hc,2021-02-17,/mnt/c/Projects/prnp-somatic/raw/ddpcr/archive_contents/2021-02-17/SNV_E200K/PeakData/C02.ddpeakjson,/mnt/c/Projects/prnp-somatic/raw/ddpcr/archive_contents/2021-02-17/SNV_E200K/PeakMetaData/C02.ddmetajson,polygon_control_hull_gates,control-derived convex-hull polygon gates,15639,15623,468,15148,0,7,16,0,7,15155,ok,NA,"{""gate_source"":""control_anchored_polygon"",""min_hull_points"":30,""polygon_expansion"":1.03}"
2021-02-17_SNV_E200K,E200K,C05,CJD-933892-th,biological_sample,933892_th,2021-02-17,/mnt/c/Projects/prnp-somatic/raw/ddpcr/archive_contents/2021-02-17/SNV_E200K/PeakData/C05.ddpeakjson,/mnt/c/Projects/prnp-somatic/raw/ddpcr/archive_contents/2021-02-17/SNV_E200K/PeakMetaData/C05.ddmetajson,polygon_control_hull_gates,control-derived convex-hull polygon gates,16516,16502,356,16136,0,10,14,0,10,16146,ok,NA,"{""gate_source"":""control_anchored_polygon"",""min_hull_points"":30,""polygon_expansion"":1.03}"
2021-02-17_SNV_E200K,E200K,C08,CJD-955427-bg,biological_sample,955427_bg,2021-02-17,/mnt/c/Projects/prnp-somatic/raw/ddpcr/archive_contents/2021-02-17/SNV_E200K/PeakData/C08.ddpeakjson,/mnt/c/Projects/prnp-somatic/raw/ddpcr/archive_contents/2021-02-17/SNV_E200K/PeakMetaData/C08.ddmetajson,polygon_control_hull_gates,control-derived convex-hull polygon gates,15918,15718,3101,12008,0,609,200,0,609,12617,ok,NA,"{""gate_source"":""control_anchored_polygon"",""min_hull_points"":30,""polygon_expansion"":1.03}"
2021-02-17_SNV_E200K,E200K,D02,CJD-943497-sn,biological_sample,943497_sn,2021-02-17,/mnt/c/Projects/prnp-somatic/raw/ddpcr/archive_contents/2021-02-17/SNV_E200K/PeakData/D02.ddpeakjson,/mnt/c/Projects/prnp-somatic/raw/ddpcr/archive_contents/2021-02-17/SNV_E200K/PeakMetaData/D02.ddmetajson,polygon_control_hull_gates,control-derived convex-hull polygon gates,14593,14582,151,14427,0,4,11,0,4,14431,ok,NA,"{""gate_source"":""control_anchored_polygon"",""min_hull_points"":30,""polygon_expansion"":1.03}"
2021-02-17_SNV_E200K,E200K,D05,CJD-18-31-hc,biological_sample,18_31_hc,2021-02-17,/mnt/c/Projects/prnp-somatic/raw/ddpcr/archive_contents/2021-02-17/SNV_E200K/PeakData/D05.ddpeakjson,/mnt/c/Projects/prnp-somatic/raw/ddpcr/archive_contents/2021-02-17/SNV_E200K/PeakMetaData/D05.ddmetajson,polygon_control_hull_gates,control-derived convex-hull polygon gates,16078,15984,3383,12590,2,9,94,0,11,12599,ok,NA,"{""gate_source"":""control_anchored_polygon"",""min_hull_points"":30,""polygon_expansion"":1.03}"
2021-02-17_SNV_E200K,E200K,E05,CJD-18-31-th,biological_sample,18_31_th,2021-02-17,/mnt/c/Projects/prnp-somatic/raw/ddpcr/archive_contents/2021-02-17/SNV_E200K/PeakData/E05.ddpeakjson,/mnt/c/Projects/prnp-somatic/raw/ddpcr/archive_contents/2021-02-17/SNV_E200K/PeakMetaData/E05.ddmetajson,polygon_control_hull_gates,control-derived convex-hull polygon gates,16425,16318,2984,13325,0,9,107,0,9,13334,ok,NA,"{""gate_source"":""control_anchored_polygon"",""min_hull_points"":30,""polygon_expansion"":1.03}"
2021-02-17_SNV_E200K,E200K,F05,CJD-17-32-cb,biological_sample,17_32_cb,2021-02-17,/mnt/c/Projects/prnp-somatic/raw/ddpcr/archive_contents/2021-02-17/SNV_E200K/PeakData/F05.ddpeakjson,/mnt/c/Projects/prnp-somatic/raw/ddpcr/archive_contents/2021-02-17/SNV_E200K/PeakMetaData/F05.ddmetajson,polygon_control_hull_gates,control-derived convex-hull polygon gates,15586,15574,3671,11898,0,5,12,0,5,11903,ok,NA,"{""gate_source"":""control_anchored_polygon"",""min_hull_points"":30,""polygon_expansion"":1.03}"
2021-02-17_SNV_E200K,E200K,G02,CJD-933892-cb,biological_sample,933892_cb,2021-02-17,/mnt/c/Projects/prnp-somatic/raw/ddpcr/archive_contents/2021-02-17/SNV_E200K/PeakData/G02.ddpeakjson,/mnt/c/Projects/prnp-somatic/raw/ddpcr/archive_contents/2021-02-17/SNV_E200K/PeakMetaData/G02.ddmetajson,polygon_control_hull_gates,control-derived convex-hull polygon gates,14752,14727,908,13813,0,6,25,0,6,13819,ok,NA,"{""gate_source"":""control_anchored_polygon"",""min_hull_points"":30,""polygon_expansion"":1.03}"
2021-02-17_SNV_E200K,E200K,G05,CJD-17-30-cb,biological_sample,17_30_cb,2021-02-17,/mnt/c/Projects/prnp-somatic/raw/ddpcr/archive_contents/2021-02-17/SNV_E200K/PeakData/G05.ddpeakjson,/mnt/c/Projects/prnp-somatic/raw/ddpcr/archive_contents/2021-02-17/SNV_E200K/PeakMetaData/G05.ddmetajson,polygon_control_hull_gates,control-derived convex-hull polygon gates,17220,17157,2579,14572,0,6,63,0,6,14578,ok,NA,"{""gate_source"":""control_anchored_polygon"",""min_hull_points"":30,""polygon_expansion"":1.03}"
2021-02-17_SNV_E200K,E200K,H02,CJD-933892-fr,biological_sample,933892_fr,2021-02-17,/mnt/c/Projects/prnp-somatic/raw/ddpcr/archive_contents/2021-02-17/SNV_E200K/PeakData/H02.ddpeakjson,/mnt/c/Projects/prnp-somatic/raw/ddpcr/archive_contents/2021-02-17/SNV_E200K/PeakMetaData/H02.ddmetajson,polygon_control_hull_gates,control-derived convex-hull polygon gates,15542,15529,431,15087,0,11,13,0,11,15098,ok,NA,"{""gate_source"":""control_anchored_polygon"",""min_hull_points"":30,""polygon_expansion"":1.03}"
2021-02-17_SNV_E200K,E200K,H05,CJD-17-31-cb,biological_sample,17_31_cb,2021-02-17,/mnt/c/Projects/prnp-somatic/raw/ddpcr/archive_contents/2021-02-17/SNV_E200K/PeakData/H05.ddpeakjson,/mnt/c/Projects/prnp-somatic/raw/ddpcr/archive_contents/2021-02-17/SNV_E200K/PeakMetaData/H05.ddmetajson,polygon_control_hull_gates,control-derived convex-hull polygon gates,16235,16155,2842,13309,0,4,80,0,4,13313,ok,NA,"{""gate_source"":""control_anchored_polygon"",""min_hull_points"":30,""polygon_expansion"":1.03}"
2021-02-18_SNV_E200K,E200K,A02,NTC,NTC,ntc,2021-02-18,/mnt/c/Projects/prnp-somatic/raw/ddpcr/archive_contents/2021-02-18/SNV_E200K/PeakData/A02.ddpeakjson,/mnt/c/Projects/prnp-somatic/raw/ddpcr/archive_contents/2021-02-18/SNV_E200K/PeakMetaData/A02.ddmetajson,polygon_control_hull_gates,control-derived convex-hull polygon gates,14208,14135,14113,22,0,0,73,0,0,22,ok,NA,"{""gate_source"":""control_anchored_polygon"",""min_hull_points"":30,""polygon_expansion"":1.03}"
2021-02-18_SNV_E200K,E200K,A05,E200K-mut,positive_control,,2021-02-18,/mnt/c/Projects/prnp-somatic/raw/ddpcr/archive_contents/2021-02-18/SNV_E200K/PeakData/A05.ddpeakjson,/mnt/c/Projects/prnp-somatic/raw/ddpcr/archive_contents/2021-02-18/SNV_E200K/PeakMetaData/A05.ddmetajson,polygon_control_hull_gates,control-derived convex-hull polygon gates,18258,18055,16883,623,532,17,203,0,549,640,ok,NA,"{""gate_source"":""control_anchored_polygon"",""min_hull_points"":30,""polygon_expansion"":1.03}"
2021-02-18_SNV_E200K,E200K,A08,CJD-238501-cb,biological_sample,238501_cb,2021-02-18,/mnt/c/Projects/prnp-somatic/raw/ddpcr/archive_contents/2021-02-18/SNV_E200K/PeakData/A08.ddpeakjson,/mnt/c/Projects/prnp-somatic/raw/ddpcr/archive_contents/2021-02-18/SNV_E200K/PeakMetaData/A08.ddmetajson,polygon_control_hull_gates,control-derived convex-hull polygon gates,16047,15976,4670,11304,0,2,71,0,2,11306,ok,NA,"{""gate_source"":""control_anchored_polygon"",""min_hull_points"":30,""polygon_expansion"":1.03}"
2021-02-18_SNV_E200K,E200K,B02,WT,WT_control,wt,2021-02-18,/mnt/c/Projects/prnp-somatic/raw/ddpcr/archive_contents/2021-02-18/SNV_E200K/PeakData/B02.ddpeakjson,/mnt/c/Projects/prnp-somatic/raw/ddpcr/archive_contents/2021-02-18/SNV_E200K/PeakMetaData/B02.ddmetajson,polygon_control_hull_gates,control-derived convex-hull polygon gates,15501,15397,4919,10470,0,8,104,0,8,10478,ok,NA,"{""gate_source"":""control_anchored_polygon"",""min_hull_points"":30,""polygon_expansion"":1.03}"
2021-02-18_SNV_E200K,E200K,B08,CJD-238501-fr,biological_sample,238501_fr,2021-02-18,/mnt/c/Projects/prnp-somatic/raw/ddpcr/archive_contents/2021-02-18/SNV_E200K/PeakData/B08.ddpeakjson,/mnt/c/Projects/prnp-somatic/raw/ddpcr/archive_contents/2021-02-18/SNV_E200K/PeakMetaData/B08.ddmetajson,polygon_control_hull_gates,control-derived convex-hull polygon gates,15285,15272,565,14700,0,7,13,0,7,14707,ok,NA,"{""gate_source"":""control_anchored_polygon"",""min_hull_points"":30,""polygon_expansion"":1.03}"
2021-02-18_SNV_E200K,E200K,C02,CJD-15-1-bg,biological_sample,15_1_bg,2021-02-18,/mnt/c/Projects/prnp-somatic/raw/ddpcr/archive_contents/2021-02-18/SNV_E200K/PeakData/C02.ddpeakjson,/mnt/c/Projects/prnp-somatic/raw/ddpcr/archive_contents/2021-02-18/SNV_E200K/PeakMetaData/C02.ddmetajson,polygon_control_hull_gates,control-derived convex-hull polygon gates,16352,16313,1038,15265,0,10,39,0,10,15275,ok,NA,"{""gate_source"":""control_anchored_polygon"",""min_hull_points"":30,""polygon_expansion"":1.03}"
2021-02-18_SNV_E200K,E200K,C05,CJD-953891-hc,biological_sample,953891_hc,2021-02-18,/mnt/c/Projects/prnp-somatic/raw/ddpcr/archive_contents/2021-02-18/SNV_E200K/PeakData/C05.ddpeakjson,/mnt/c/Projects/prnp-somatic/raw/ddpcr/archive_contents/2021-02-18/SNV_E200K/PeakMetaData/C05.ddmetajson,polygon_control_hull_gates,control-derived convex-hull polygon gates,17843,17705,4558,13141,0,6,138,0,6,13147,ok,NA,"{""gate_source"":""control_anchored_polygon"",""min_hull_points"":30,""polygon_expansion"":1.03}"
2021-02-18_SNV_E200K,E200K,C08,CJD-238501-hc,biological_sample,238501_hc,2021-02-18,/mnt/c/Projects/prnp-somatic/raw/ddpcr/archive_contents/2021-02-18/SNV_E200K/PeakData/C08.ddpeakjson,/mnt/c/Projects/prnp-somatic/raw/ddpcr/archive_contents/2021-02-18/SNV_E200K/PeakMetaData/C08.ddmetajson,polygon_control_hull_gates,control-derived convex-hull polygon gates,14773,14758,892,13858,0,8,15,0,8,13866,ok,NA,"{""gate_source"":""control_anchored_polygon"",""min_hull_points"":30,""polygon_expansion"":1.03}"
2021-02-18_SNV_E200K,E200K,D02,CJD-15-1-cb,biological_sample,15_1_cb,2021-02-18,/mnt/c/Projects/prnp-somatic/raw/ddpcr/archive_contents/2021-02-18/SNV_E200K/PeakData/D02.ddpeakjson,/mnt/c/Projects/prnp-somatic/raw/ddpcr/archive_contents/2021-02-18/SNV_E200K/PeakMetaData/D02.ddmetajson,polygon_control_hull_gates,control-derived convex-hull polygon gates,14953,14906,1117,13782,0,7,47,0,7,13789,ok,NA,"{""gate_source"":""control_anchored_polygon"",""min_hull_points"":30,""polygon_expansion"":1.03}"
2021-02-18_SNV_E200K,E200K,D05,CJD-15-27-fr,biological_sample,15_27_fr,2021-02-18,/mnt/c/Projects/prnp-somatic/raw/ddpcr/archive_contents/2021-02-18/SNV_E200K/PeakData/D05.ddpeakjson,/mnt/c/Projects/prnp-somatic/raw/ddpcr/archive_contents/2021-02-18/SNV_E200K/PeakMetaData/D05.ddmetajson,polygon_control_hull_gates,control-derived convex-hull polygon gates,17440,17326,5413,11909,0,4,114,0,4,11913,ok,NA,"{""gate_source"":""control_anchored_polygon"",""min_hull_points"":30,""polygon_expansion"":1.03}"
2021-02-18_SNV_E200K,E200K,D08,CJD-238501-sn,biological_sample,238501_sn,2021-02-18,/mnt/c/Projects/prnp-somatic/raw/ddpcr/archive_contents/2021-02-18/SNV_E200K/PeakData/D08.ddpeakjson,/mnt/c/Projects/prnp-somatic/raw/ddpcr/archive_contents/2021-02-18/SNV_E200K/PeakMetaData/D08.ddmetajson,polygon_control_hull_gates,control-derived convex-hull polygon gates,15024,14916,7204,7706,0,6,108,0,6,7712,ok,NA,"{""gate_source"":""control_anchored_polygon"",""min_hull_points"":30,""polygon_expansion"":1.03}"
2021-02-18_SNV_E200K,E200K,E02,CJD-15-1-th,biological_sample,15_1_th,2021-02-18,/mnt/c/Projects/prnp-somatic/raw/ddpcr/archive_contents/2021-02-18/SNV_E200K/PeakData/E02.ddpeakjson,/mnt/c/Projects/prnp-somatic/raw/ddpcr/archive_contents/2021-02-18/SNV_E200K/PeakMetaData/E02.ddmetajson,polygon_control_hull_gates,control-derived convex-hull polygon gates,15753,15660,3270,12382,0,8,93,0,8,12390,ok,NA,"{""gate_source"":""control_anchored_polygon"",""min_hull_points"":30,""polygon_expansion"":1.03}"
2021-02-18_SNV_E200K,E200K,E05,CJD-929474-fr,biological_sample,929474_fr,2021-02-18,/mnt/c/Projects/prnp-somatic/raw/ddpcr/archive_contents/2021-02-18/SNV_E200K/PeakData/E05.ddpeakjson,/mnt/c/Projects/prnp-somatic/raw/ddpcr/archive_contents/2021-02-18/SNV_E200K/PeakMetaData/E05.ddmetajson,polygon_control_hull_gates,control-derived convex-hull polygon gates,16327,16297,1700,14590,0,7,30,0,7,14597,ok,NA,"{""gate_source"":""control_anchored_polygon"",""min_hull_points"":30,""polygon_expansion"":1.03}"
2021-02-18_SNV_E200K,E200K,E08,CJD-238501-th,biological_sample,238501_th,2021-02-18,/mnt/c/Projects/prnp-somatic/raw/ddpcr/archive_contents/2021-02-18/SNV_E200K/PeakData/E08.ddpeakjson,/mnt/c/Projects/prnp-somatic/raw/ddpcr/archive_contents/2021-02-18/SNV_E200K/PeakMetaData/E08.ddmetajson,polygon_control_hull_gates,control-derived convex-hull polygon gates,15368,15350,742,14599,1,8,18,0,9,14607,ok,NA,"{""gate_source"":""control_anchored_polygon"",""min_hull_points"":30,""polygon_expansion"":1.03}"
2021-02-18_SNV_E200K,E200K,F05,CJD-929474-hc,biological_sample,929474_hc,2021-02-18,/mnt/c/Projects/prnp-somatic/raw/ddpcr/archive_contents/2021-02-18/SNV_E200K/PeakData/F05.ddpeakjson,/mnt/c/Projects/prnp-somatic/raw/ddpcr/archive_contents/2021-02-18/SNV_E200K/PeakMetaData/F05.ddmetajson,polygon_control_hull_gates,control-derived convex-hull polygon gates,18542,18514,1305,17198,1,10,28,0,11,17208,ok,NA,"{""gate_source"":""control_anchored_polygon"",""min_hull_points"":30,""polygon_expansion"":1.03}"
2021-02-18_SNV_E200K,E200K,F08,CJD-943497-bg,biological_sample,943497_bg,2021-02-18,/mnt/c/Projects/prnp-somatic/raw/ddpcr/archive_contents/2021-02-18/SNV_E200K/PeakData/F08.ddpeakjson,/mnt/c/Projects/prnp-somatic/raw/ddpcr/archive_contents/2021-02-18/SNV_E200K/PeakMetaData/F08.ddmetajson,polygon_control_hull_gates,control-derived convex-hull polygon gates,12392,12373,1970,10394,0,9,19,0,9,10403,ok,NA,"{""gate_source"":""control_anchored_polygon"",""min_hull_points"":30,""polygon_expansion"":1.03}"
2021-02-18_SNV_E200K,E200K,G08,CJD-943497-cb,biological_sample,943497_cb,2021-02-18,/mnt/c/Projects/prnp-somatic/raw/ddpcr/archive_contents/2021-02-18/SNV_E200K/PeakData/G08.ddpeakjson,/mnt/c/Projects/prnp-somatic/raw/ddpcr/archive_contents/2021-02-18/SNV_E200K/PeakMetaData/G08.ddmetajson,polygon_control_hull_gates,control-derived convex-hull polygon gates,12225,12212,795,11410,0,7,13,0,7,11417,ok,NA,"{""gate_source"":""control_anchored_polygon"",""min_hull_points"":30,""polygon_expansion"":1.03}"
2021-02-18_SNV_E200K,E200K,H02,CJD-17-12-th,biological_sample,17_12_th,2021-02-18,/mnt/c/Projects/prnp-somatic/raw/ddpcr/archive_contents/2021-02-18/SNV_E200K/PeakData/H02.ddpeakjson,/mnt/c/Projects/prnp-somatic/raw/ddpcr/archive_contents/2021-02-18/SNV_E200K/PeakMetaData/H02.ddmetajson,polygon_control_hull_gates,control-derived convex-hull polygon gates,13815,13805,11,13791,0,3,10,0,3,13794,ok,NA,"{""gate_source"":""control_anchored_polygon"",""min_hull_points"":30,""polygon_expansion"":1.03}"
2021-02-18_SNV_E200K,E200K,H05,CJD-238501-bg,biological_sample,238501_bg,2021-02-18,/mnt/c/Projects/prnp-somatic/raw/ddpcr/archive_contents/2021-02-18/SNV_E200K/PeakData/H05.ddpeakjson,/mnt/c/Projects/prnp-somatic/raw/ddpcr/archive_contents/2021-02-18/SNV_E200K/PeakMetaData/H05.ddmetajson,polygon_control_hull_gates,control-derived convex-hull polygon gates,17375,17358,172,17174,0,12,17,0,12,17186,ok,NA,"{""gate_source"":""control_anchored_polygon"",""min_hull_points"":30,""polygon_expansion"":1.03}"
2021-02-18_SNV_E200K,E200K,H08,CJD-943497-fr,biological_sample,943497_fr,2021-02-18,/mnt/c/Projects/prnp-somatic/raw/ddpcr/archive_contents/2021-02-18/SNV_E200K/PeakData/H08.ddpeakjson,/mnt/c/Projects/prnp-somatic/raw/ddpcr/archive_contents/2021-02-18/SNV_E200K/PeakMetaData/H08.ddmetajson,polygon_control_hull_gates,control-derived convex-hull polygon gates,11904,11878,948,10922,0,8,26,0,8,10930,ok,NA,"{""gate_source"":""control_anchored_polygon"",""min_hull_points"":30,""polygon_expansion"":1.03}"
2021-03-29_SNV_E200K,E200K,A02,NTC,NTC,ntc,2021-03-29,/mnt/c/Projects/prnp-somatic/raw/ddpcr/archive_contents/2021-03-29/SNV_E200K/PeakData/A02.ddpeakjson,/mnt/c/Projects/prnp-somatic/raw/ddpcr/archive_contents/2021-03-29/SNV_E200K/PeakMetaData/A02.ddmetajson,polygon_control_hull_gates,control-derived convex-hull polygon gates,14666,14646,14644,1,0,1,20,0,1,2,ok,NA,"{""gate_source"":""control_anchored_polygon"",""min_hull_points"":30,""polygon_expansion"":1.03}"
2021-03-29_SNV_E200K,E200K,A05,17-11-sn,biological_sample,17_11_sn,2021-03-29,/mnt/c/Projects/prnp-somatic/raw/ddpcr/archive_contents/2021-03-29/SNV_E200K/PeakData/A05.ddpeakjson,/mnt/c/Projects/prnp-somatic/raw/ddpcr/archive_contents/2021-03-29/SNV_E200K/PeakMetaData/A05.ddmetajson,polygon_control_hull_gates,control-derived convex-hull polygon gates,14532,14530,49,14477,0,4,2,0,4,14481,ok,NA,"{""gate_source"":""control_anchored_polygon"",""min_hull_points"":30,""polygon_expansion"":1.03}"
2021-03-29_SNV_E200K,E200K,A08,17-8-sn,biological_sample,17_8_sn,2021-03-29,/mnt/c/Projects/prnp-somatic/raw/ddpcr/archive_contents/2021-03-29/SNV_E200K/PeakData/A08.ddpeakjson,/mnt/c/Projects/prnp-somatic/raw/ddpcr/archive_contents/2021-03-29/SNV_E200K/PeakMetaData/A08.ddmetajson,polygon_control_hull_gates,control-derived convex-hull polygon gates,16023,16004,296,15703,0,5,19,0,5,15708,ok,NA,"{""gate_source"":""control_anchored_polygon"",""min_hull_points"":30,""polygon_expansion"":1.03}"
2021-03-29_SNV_E200K,E200K,A11,14-2-hc,biological_sample,14_2_hc,2021-03-29,/mnt/c/Projects/prnp-somatic/raw/ddpcr/archive_contents/2021-03-29/SNV_E200K/PeakData/A11.ddpeakjson,/mnt/c/Projects/prnp-somatic/raw/ddpcr/archive_contents/2021-03-29/SNV_E200K/PeakMetaData/A11.ddmetajson,polygon_control_hull_gates,control-derived convex-hull polygon gates,16236,16204,138,1764,1287,13015,32,0,14302,14779,ok,NA,"{""gate_source"":""control_anchored_polygon"",""min_hull_points"":30,""polygon_expansion"":1.03}"
2021-03-29_SNV_E200K,E200K,B02,WT,WT_control,wt,2021-03-29,/mnt/c/Projects/prnp-somatic/raw/ddpcr/archive_contents/2021-03-29/SNV_E200K/PeakData/B02.ddpeakjson,/mnt/c/Projects/prnp-somatic/raw/ddpcr/archive_contents/2021-03-29/SNV_E200K/PeakMetaData/B02.ddmetajson,polygon_control_hull_gates,control-derived convex-hull polygon gates,14000,13978,3435,10540,1,2,22,0,3,10542,ok,NA,"{""gate_source"":""control_anchored_polygon"",""min_hull_points"":30,""polygon_expansion"":1.03}"
2021-03-29_SNV_E200K,E200K,B05,17-11-th,biological_sample,17_11_th,2021-03-29,/mnt/c/Projects/prnp-somatic/raw/ddpcr/archive_contents/2021-03-29/SNV_E200K/PeakData/B05.ddpeakjson,/mnt/c/Projects/prnp-somatic/raw/ddpcr/archive_contents/2021-03-29/SNV_E200K/PeakMetaData/B05.ddmetajson,polygon_control_hull_gates,control-derived convex-hull polygon gates,15874,15863,306,15551,0,6,11,0,6,15557,ok,NA,"{""gate_source"":""control_anchored_polygon"",""min_hull_points"":30,""polygon_expansion"":1.03}"
2021-03-29_SNV_E200K,E200K,B08,17-8-th,biological_sample,17_8_th,2021-03-29,/mnt/c/Projects/prnp-somatic/raw/ddpcr/archive_contents/2021-03-29/SNV_E200K/PeakData/B08.ddpeakjson,/mnt/c/Projects/prnp-somatic/raw/ddpcr/archive_contents/2021-03-29/SNV_E200K/PeakMetaData/B08.ddmetajson,polygon_control_hull_gates,control-derived convex-hull polygon gates,16899,16892,85,16800,0,7,7,0,7,16807,ok,NA,"{""gate_source"":""control_anchored_polygon"",""min_hull_points"":30,""polygon_expansion"":1.03}"
2021-03-29_SNV_E200K,E200K,B11,14-2-sn,biological_sample,14_2_sn,2021-03-29,/mnt/c/Projects/prnp-somatic/raw/ddpcr/archive_contents/2021-03-29/SNV_E200K/PeakData/B11.ddpeakjson,/mnt/c/Projects/prnp-somatic/raw/ddpcr/archive_contents/2021-03-29/SNV_E200K/PeakMetaData/B11.ddmetajson,polygon_control_hull_gates,control-derived convex-hull polygon gates,17660,17644,262,2336,1990,13056,16,0,15046,15392,ok,NA,"{""gate_source"":""control_anchored_polygon"",""min_hull_points"":30,""polygon_expansion"":1.03}"
2021-03-29_SNV_E200K,E200K,C02,E200K,positive_control,e200k,2021-03-29,/mnt/c/Projects/prnp-somatic/raw/ddpcr/archive_contents/2021-03-29/SNV_E200K/PeakData/C02.ddpeakjson,/mnt/c/Projects/prnp-somatic/raw/ddpcr/archive_contents/2021-03-29/SNV_E200K/PeakMetaData/C02.ddmetajson,polygon_control_hull_gates,control-derived convex-hull polygon gates,15900,15847,14098,885,828,36,53,0,864,921,ok,NA,"{""gate_source"":""control_anchored_polygon"",""min_hull_points"":30,""polygon_expansion"":1.03}"
2021-03-29_SNV_E200K,E200K,C05,17-12-cb,biological_sample,17_12_cb,2021-03-29,/mnt/c/Projects/prnp-somatic/raw/ddpcr/archive_contents/2021-03-29/SNV_E200K/PeakData/C05.ddpeakjson,/mnt/c/Projects/prnp-somatic/raw/ddpcr/archive_contents/2021-03-29/SNV_E200K/PeakMetaData/C05.ddmetajson,polygon_control_hull_gates,control-derived convex-hull polygon gates,16207,16204,144,16056,0,4,3,0,4,16060,ok,NA,"{""gate_source"":""control_anchored_polygon"",""min_hull_points"":30,""polygon_expansion"":1.03}"
2021-03-29_SNV_E200K,E200K,C08,17-34-bg,biological_sample,17_34_bg,2021-03-29,/mnt/c/Projects/prnp-somatic/raw/ddpcr/archive_contents/2021-03-29/SNV_E200K/PeakData/C08.ddpeakjson,/mnt/c/Projects/prnp-somatic/raw/ddpcr/archive_contents/2021-03-29/SNV_E200K/PeakMetaData/C08.ddmetajson,polygon_control_hull_gates,control-derived convex-hull polygon gates,15887,15874,394,15471,0,9,13,0,9,15480,ok,NA,"{""gate_source"":""control_anchored_polygon"",""min_hull_points"":30,""polygon_expansion"":1.03}"
2021-03-29_SNV_E200K,E200K,C11,14-2-th,biological_sample,14_2_th,2021-03-29,/mnt/c/Projects/prnp-somatic/raw/ddpcr/archive_contents/2021-03-29/SNV_E200K/PeakData/C11.ddpeakjson,/mnt/c/Projects/prnp-somatic/raw/ddpcr/archive_contents/2021-03-29/SNV_E200K/PeakMetaData/C11.ddmetajson,polygon_control_hull_gates,control-derived convex-hull polygon gates,18711,18701,64,1340,939,16358,10,0,17297,17698,ok,NA,"{""gate_source"":""control_anchored_polygon"",""min_hull_points"":30,""polygon_expansion"":1.03}"
2021-03-29_SNV_E200K,E200K,D02,17-31-fr,biological_sample,17_31_fr,2021-03-29,/mnt/c/Projects/prnp-somatic/raw/ddpcr/archive_contents/2021-03-29/SNV_E200K/PeakData/D02.ddpeakjson,/mnt/c/Projects/prnp-somatic/raw/ddpcr/archive_contents/2021-03-29/SNV_E200K/PeakMetaData/D02.ddmetajson,polygon_control_hull_gates,control-derived convex-hull polygon gates,15712,15699,1025,14661,1,12,13,0,13,14673,ok,NA,"{""gate_source"":""control_anchored_polygon"",""min_hull_points"":30,""polygon_expansion"":1.03}"
2021-03-29_SNV_E200K,E200K,D05,17-12-hc,biological_sample,17_12_hc,2021-03-29,/mnt/c/Projects/prnp-somatic/raw/ddpcr/archive_contents/2021-03-29/SNV_E200K/PeakData/D05.ddpeakjson,/mnt/c/Projects/prnp-somatic/raw/ddpcr/archive_contents/2021-03-29/SNV_E200K/PeakMetaData/D05.ddmetajson,polygon_control_hull_gates,control-derived convex-hull polygon gates,15756,15745,462,15276,0,7,11,0,7,15283,ok,NA,"{""gate_source"":""control_anchored_polygon"",""min_hull_points"":30,""polygon_expansion"":1.03}"
2021-03-29_SNV_E200K,E200K,D08,17-34-hc,biological_sample,17_34_hc,2021-03-29,/mnt/c/Projects/prnp-somatic/raw/ddpcr/archive_contents/2021-03-29/SNV_E200K/PeakData/D08.ddpeakjson,/mnt/c/Projects/prnp-somatic/raw/ddpcr/archive_contents/2021-03-29/SNV_E200K/PeakMetaData/D08.ddmetajson,polygon_control_hull_gates,control-derived convex-hull polygon gates,16484,16466,229,16224,0,13,18,0,13,16237,ok,NA,"{""gate_source"":""control_anchored_polygon"",""min_hull_points"":30,""polygon_expansion"":1.03}"
2021-03-29_SNV_E200K,E200K,D11,15-6-bg,biological_sample,15_6_bg,2021-03-29,/mnt/c/Projects/prnp-somatic/raw/ddpcr/archive_contents/2021-03-29/SNV_E200K/PeakData/D11.ddpeakjson,/mnt/c/Projects/prnp-somatic/raw/ddpcr/archive_contents/2021-03-29/SNV_E200K/PeakMetaData/D11.ddmetajson,polygon_control_hull_gates,control-derived convex-hull polygon gates,17330,17327,105,17204,0,18,3,0,18,17222,ok,NA,"{""gate_source"":""control_anchored_polygon"",""min_hull_points"":30,""polygon_expansion"":1.03}"
2021-03-29_SNV_E200K,E200K,E05,17-5-bg,biological_sample,17_5_bg,2021-03-29,/mnt/c/Projects/prnp-somatic/raw/ddpcr/archive_contents/2021-03-29/SNV_E200K/PeakData/E05.ddpeakjson,/mnt/c/Projects/prnp-somatic/raw/ddpcr/archive_contents/2021-03-29/SNV_E200K/PeakMetaData/E05.ddmetajson,polygon_control_hull_gates,control-derived convex-hull polygon gates,16882,16857,941,15910,0,6,25,0,6,15916,ok,NA,"{""gate_source"":""control_anchored_polygon"",""min_hull_points"":30,""polygon_expansion"":1.03}"
2021-03-29_SNV_E200K,E200K,E08,929474-th,biological_sample,929474_th,2021-03-29,/mnt/c/Projects/prnp-somatic/raw/ddpcr/archive_contents/2021-03-29/SNV_E200K/PeakData/E08.ddpeakjson,/mnt/c/Projects/prnp-somatic/raw/ddpcr/archive_contents/2021-03-29/SNV_E200K/PeakMetaData/E08.ddmetajson,polygon_control_hull_gates,control-derived convex-hull polygon gates,16694,16687,115,16558,0,14,7,0,14,16572,ok,NA,"{""gate_source"":""control_anchored_polygon"",""min_hull_points"":30,""polygon_expansion"":1.03}"
2021-03-29_SNV_E200K,E200K,E11,15-6-cb,biological_sample,15_6_cb,2021-03-29,/mnt/c/Projects/prnp-somatic/raw/ddpcr/archive_contents/2021-03-29/SNV_E200K/PeakData/E11.ddpeakjson,/mnt/c/Projects/prnp-somatic/raw/ddpcr/archive_contents/2021-03-29/SNV_E200K/PeakMetaData/E11.ddmetajson,polygon_control_hull_gates,control-derived convex-hull polygon gates,18391,18380,207,18159,0,14,11,0,14,18173,ok,NA,"{""gate_source"":""control_anchored_polygon"",""min_hull_points"":30,""polygon_expansion"":1.03}"
2021-03-29_SNV_E200K,E200K,F02,18-1-th,biological_sample,18_1_th,2021-03-29,/mnt/c/Projects/prnp-somatic/raw/ddpcr/archive_contents/2021-03-29/SNV_E200K/PeakData/F02.ddpeakjson,/mnt/c/Projects/prnp-somatic/raw/ddpcr/archive_contents/2021-03-29/SNV_E200K/PeakMetaData/F02.ddmetajson,polygon_control_hull_gates,control-derived convex-hull polygon gates,15818,15791,22,15760,0,9,27,0,9,15769,ok,NA,"{""gate_source"":""control_anchored_polygon"",""min_hull_points"":30,""polygon_expansion"":1.03}"
2021-03-29_SNV_E200K,E200K,F05,17-5-hc,biological_sample,17_5_hc,2021-03-29,/mnt/c/Projects/prnp-somatic/raw/ddpcr/archive_contents/2021-03-29/SNV_E200K/PeakData/F05.ddpeakjson,/mnt/c/Projects/prnp-somatic/raw/ddpcr/archive_contents/2021-03-29/SNV_E200K/PeakMetaData/F05.ddmetajson,polygon_control_hull_gates,control-derived convex-hull polygon gates,16309,16293,248,16036,0,9,16,0,9,16045,ok,NA,"{""gate_source"":""control_anchored_polygon"",""min_hull_points"":30,""polygon_expansion"":1.03}"
2021-03-29_SNV_E200K,E200K,F08,14-2-bg,biological_sample,14_2_bg,2021-03-29,/mnt/c/Projects/prnp-somatic/raw/ddpcr/archive_contents/2021-03-29/SNV_E200K/PeakData/F08.ddpeakjson,/mnt/c/Projects/prnp-somatic/raw/ddpcr/archive_contents/2021-03-29/SNV_E200K/PeakMetaData/F08.ddmetajson,polygon_control_hull_gates,control-derived convex-hull polygon gates,15547,15531,431,2201,2005,10894,16,0,12899,13095,ok,NA,"{""gate_source"":""control_anchored_polygon"",""min_hull_points"":30,""polygon_expansion"":1.03}"
2021-03-29_SNV_E200K,E200K,F11,15-6-fr,biological_sample,15_6_fr,2021-03-29,/mnt/c/Projects/prnp-somatic/raw/ddpcr/archive_contents/2021-03-29/SNV_E200K/PeakData/F11.ddpeakjson,/mnt/c/Projects/prnp-somatic/raw/ddpcr/archive_contents/2021-03-29/SNV_E200K/PeakMetaData/F11.ddmetajson,polygon_control_hull_gates,control-derived convex-hull polygon gates,15594,15586,695,14866,1,24,8,0,25,14890,ok,NA,"{""gate_source"":""control_anchored_polygon"",""min_hull_points"":30,""polygon_expansion"":1.03}"
2021-03-29_SNV_E200K,E200K,G02,17-13-fr,biological_sample,17_13_fr,2021-03-29,/mnt/c/Projects/prnp-somatic/raw/ddpcr/archive_contents/2021-03-29/SNV_E200K/PeakData/G02.ddpeakjson,/mnt/c/Projects/prnp-somatic/raw/ddpcr/archive_contents/2021-03-29/SNV_E200K/PeakMetaData/G02.ddmetajson,polygon_control_hull_gates,control-derived convex-hull polygon gates,15532,15521,241,15268,1,11,11,0,12,15279,ok,NA,"{""gate_source"":""control_anchored_polygon"",""min_hull_points"":30,""polygon_expansion"":1.03}"
2021-03-29_SNV_E200K,E200K,G05,17-5-sn,biological_sample,17_5_sn,2021-03-29,/mnt/c/Projects/prnp-somatic/raw/ddpcr/archive_contents/2021-03-29/SNV_E200K/PeakData/G05.ddpeakjson,/mnt/c/Projects/prnp-somatic/raw/ddpcr/archive_contents/2021-03-29/SNV_E200K/PeakMetaData/G05.ddmetajson,polygon_control_hull_gates,control-derived convex-hull polygon gates,17739,17713,808,16893,0,12,26,0,12,16905,ok,NA,"{""gate_source"":""control_anchored_polygon"",""min_hull_points"":30,""polygon_expansion"":1.03}"
2021-03-29_SNV_E200K,E200K,G08,14-2-cb,biological_sample,14_2_cb,2021-03-29,/mnt/c/Projects/prnp-somatic/raw/ddpcr/archive_contents/2021-03-29/SNV_E200K/PeakData/G08.ddpeakjson,/mnt/c/Projects/prnp-somatic/raw/ddpcr/archive_contents/2021-03-29/SNV_E200K/PeakMetaData/G08.ddmetajson,polygon_control_hull_gates,control-derived convex-hull polygon gates,15483,15461,892,2909,2752,8908,22,0,11660,11817,ok,NA,"{""gate_source"":""control_anchored_polygon"",""min_hull_points"":30,""polygon_expansion"":1.03}"
2021-03-29_SNV_E200K,E200K,G11,15-6-hc,biological_sample,15_6_hc,2021-03-29,/mnt/c/Projects/prnp-somatic/raw/ddpcr/archive_contents/2021-03-29/SNV_E200K/PeakData/G11.ddpeakjson,/mnt/c/Projects/prnp-somatic/raw/ddpcr/archive_contents/2021-03-29/SNV_E200K/PeakMetaData/G11.ddmetajson,polygon_control_hull_gates,control-derived convex-hull polygon gates,18387,18378,24,18337,0,17,9,0,17,18354,ok,NA,"{""gate_source"":""control_anchored_polygon"",""min_hull_points"":30,""polygon_expansion"":1.03}"
2021-03-29_SNV_E200K,E200K,H02,17-13-th,biological_sample,17_13_th,2021-03-29,/mnt/c/Projects/prnp-somatic/raw/ddpcr/archive_contents/2021-03-29/SNV_E200K/PeakData/H02.ddpeakjson,/mnt/c/Projects/prnp-somatic/raw/ddpcr/archive_contents/2021-03-29/SNV_E200K/PeakMetaData/H02.ddmetajson,polygon_control_hull_gates,control-derived convex-hull polygon gates,16185,16150,597,15539,1,13,35,0,14,15552,ok,NA,"{""gate_source"":""control_anchored_polygon"",""min_hull_points"":30,""polygon_expansion"":1.03}"
2021-03-29_SNV_E200K,E200K,H05,17-8-hc,biological_sample,17_8_hc,2021-03-29,/mnt/c/Projects/prnp-somatic/raw/ddpcr/archive_contents/2021-03-29/SNV_E200K/PeakData/H05.ddpeakjson,/mnt/c/Projects/prnp-somatic/raw/ddpcr/archive_contents/2021-03-29/SNV_E200K/PeakMetaData/H05.ddmetajson,polygon_control_hull_gates,control-derived convex-hull polygon gates,17333,17311,99,17204,0,8,22,0,8,17212,ok,NA,"{""gate_source"":""control_anchored_polygon"",""min_hull_points"":30,""polygon_expansion"":1.03}"
2021-03-29_SNV_E200K,E200K,H08,14-2-fr,biological_sample,14_2_fr,2021-03-29,/mnt/c/Projects/prnp-somatic/raw/ddpcr/archive_contents/2021-03-29/SNV_E200K/PeakData/H08.ddpeakjson,/mnt/c/Projects/prnp-somatic/raw/ddpcr/archive_contents/2021-03-29/SNV_E200K/PeakMetaData/H08.ddmetajson,polygon_control_hull_gates,control-derived convex-hull polygon gates,16039,16014,394,2264,2155,11201,25,0,13356,13465,ok,NA,"{""gate_source"":""control_anchored_polygon"",""min_hull_points"":30,""polygon_expansion"":1.03}"
2021-03-29_SNV_E200K,E200K,H11,15-6-sn,biological_sample,15_6_sn,2021-03-29,/mnt/c/Projects/prnp-somatic/raw/ddpcr/archive_contents/2021-03-29/SNV_E200K/PeakData/H11.ddpeakjson,/mnt/c/Projects/prnp-somatic/raw/ddpcr/archive_contents/2021-03-29/SNV_E200K/PeakMetaData/H11.ddmetajson,polygon_control_hull_gates,control-derived convex-hull polygon gates,18668,18612,8,18596,0,8,56,0,8,18604,ok,NA,"{""gate_source"":""control_anchored_polygon"",""min_hull_points"":30,""polygon_expansion"":1.03}"
2021-04-06_SNV_E200K,E200K,A02,NTC,NTC,ntc,2021-04-06,/mnt/c/Projects/prnp-somatic/raw/ddpcr/archive_contents/2021-04-06/SNV_E200K/PeakData/A02.ddpeakjson,/mnt/c/Projects/prnp-somatic/raw/ddpcr/archive_contents/2021-04-06/SNV_E200K/PeakMetaData/A02.ddmetajson,polygon_control_hull_gates,control-derived convex-hull polygon gates,15880,15770,15740,30,0,0,110,0,0,30,ok,NA,"{""gate_source"":""control_anchored_polygon"",""min_hull_points"":30,""polygon_expansion"":1.03}"
2021-04-06_SNV_E200K,E200K,A05,20-08-hc,biological_sample,20_08_hc,2021-04-06,/mnt/c/Projects/prnp-somatic/raw/ddpcr/archive_contents/2021-04-06/SNV_E200K/PeakData/A05.ddpeakjson,/mnt/c/Projects/prnp-somatic/raw/ddpcr/archive_contents/2021-04-06/SNV_E200K/PeakMetaData/A05.ddmetajson,polygon_control_hull_gates,control-derived convex-hull polygon gates,12664,12657,11,12637,0,9,7,0,9,12646,ok,NA,"{""gate_source"":""control_anchored_polygon"",""min_hull_points"":30,""polygon_expansion"":1.03}"
2021-04-06_SNV_E200K,E200K,B02,WT,WT_control,wt,2021-04-06,/mnt/c/Projects/prnp-somatic/raw/ddpcr/archive_contents/2021-04-06/SNV_E200K/PeakData/B02.ddpeakjson,/mnt/c/Projects/prnp-somatic/raw/ddpcr/archive_contents/2021-04-06/SNV_E200K/PeakMetaData/B02.ddmetajson,polygon_control_hull_gates,control-derived convex-hull polygon gates,14822,14785,4208,10568,0,9,37,0,9,10577,ok,NA,"{""gate_source"":""control_anchored_polygon"",""min_hull_points"":30,""polygon_expansion"":1.03}"
2021-04-06_SNV_E200K,E200K,B05,20-08-th,biological_sample,20_08_th,2021-04-06,/mnt/c/Projects/prnp-somatic/raw/ddpcr/archive_contents/2021-04-06/SNV_E200K/PeakData/B05.ddpeakjson,/mnt/c/Projects/prnp-somatic/raw/ddpcr/archive_contents/2021-04-06/SNV_E200K/PeakMetaData/B05.ddmetajson,polygon_control_hull_gates,control-derived convex-hull polygon gates,12346,12338,66,12266,0,6,8,0,6,12272,ok,NA,"{""gate_source"":""control_anchored_polygon"",""min_hull_points"":30,""polygon_expansion"":1.03}"
2021-04-06_SNV_E200K,E200K,C02,E200K,positive_control,e200k,2021-04-06,/mnt/c/Projects/prnp-somatic/raw/ddpcr/archive_contents/2021-04-06/SNV_E200K/PeakData/C02.ddpeakjson,/mnt/c/Projects/prnp-somatic/raw/ddpcr/archive_contents/2021-04-06/SNV_E200K/PeakMetaData/C02.ddmetajson,polygon_control_hull_gates,control-derived convex-hull polygon gates,14138,14100,5178,3377,3327,2218,38,0,5545,5595,ok,NA,"{""gate_source"":""control_anchored_polygon"",""min_hull_points"":30,""polygon_expansion"":1.03}"
2021-04-06_SNV_E200K,E200K,C05,15-27-bg,biological_sample,15_27_bg,2021-04-06,/mnt/c/Projects/prnp-somatic/raw/ddpcr/archive_contents/2021-04-06/SNV_E200K/PeakData/C05.ddpeakjson,/mnt/c/Projects/prnp-somatic/raw/ddpcr/archive_contents/2021-04-06/SNV_E200K/PeakMetaData/C05.ddmetajson,polygon_control_hull_gates,control-derived convex-hull polygon gates,14451,14446,661,13776,0,9,5,0,9,13785,ok,NA,"{""gate_source"":""control_anchored_polygon"",""min_hull_points"":30,""polygon_expansion"":1.03}"
2021-04-06_SNV_E200K,E200K,D02,17-20-hc,biological_sample,17_20_hc,2021-04-06,/mnt/c/Projects/prnp-somatic/raw/ddpcr/archive_contents/2021-04-06/SNV_E200K/PeakData/D02.ddpeakjson,/mnt/c/Projects/prnp-somatic/raw/ddpcr/archive_contents/2021-04-06/SNV_E200K/PeakMetaData/D02.ddmetajson,polygon_control_hull_gates,control-derived convex-hull polygon gates,13500,13493,22,13458,0,13,7,0,13,13471,ok,NA,"{""gate_source"":""control_anchored_polygon"",""min_hull_points"":30,""polygon_expansion"":1.03}"
2021-04-06_SNV_E200K,E200K,D05,15-27-cb,biological_sample,15_27_cb,2021-04-06,/mnt/c/Projects/prnp-somatic/raw/ddpcr/archive_contents/2021-04-06/SNV_E200K/PeakData/D05.ddpeakjson,/mnt/c/Projects/prnp-somatic/raw/ddpcr/archive_contents/2021-04-06/SNV_E200K/PeakMetaData/D05.ddmetajson,polygon_control_hull_gates,control-derived convex-hull polygon gates,15377,15372,581,14777,0,14,5,0,14,14791,ok,NA,"{""gate_source"":""control_anchored_polygon"",""min_hull_points"":30,""polygon_expansion"":1.03}"
2021-04-06_SNV_E200K,E200K,E02,15-6-th,biological_sample,15_6_th,2021-04-06,/mnt/c/Projects/prnp-somatic/raw/ddpcr/archive_contents/2021-04-06/SNV_E200K/PeakData/E02.ddpeakjson,/mnt/c/Projects/prnp-somatic/raw/ddpcr/archive_contents/2021-04-06/SNV_E200K/PeakMetaData/E02.ddmetajson,polygon_control_hull_gates,control-derived convex-hull polygon gates,12645,12638,14,12590,0,34,7,0,34,12624,ok,NA,"{""gate_source"":""control_anchored_polygon"",""min_hull_points"":30,""polygon_expansion"":1.03}"
2021-04-06_SNV_E200K,E200K,E05,15-27-pons,biological_sample,15_27_ps,2021-04-06,/mnt/c/Projects/prnp-somatic/raw/ddpcr/archive_contents/2021-04-06/SNV_E200K/PeakData/E05.ddpeakjson,/mnt/c/Projects/prnp-somatic/raw/ddpcr/archive_contents/2021-04-06/SNV_E200K/PeakMetaData/E05.ddmetajson,polygon_control_hull_gates,control-derived convex-hull polygon gates,16586,16458,197,15976,265,20,128,0,285,15996,ok,NA,"{""gate_source"":""control_anchored_polygon"",""min_hull_points"":30,""polygon_expansion"":1.03}"
2021-04-06_SNV_E200K,E200K,F02,18-1-sn,biological_sample,18_1_sn,2021-04-06,/mnt/c/Projects/prnp-somatic/raw/ddpcr/archive_contents/2021-04-06/SNV_E200K/PeakData/F02.ddpeakjson,/mnt/c/Projects/prnp-somatic/raw/ddpcr/archive_contents/2021-04-06/SNV_E200K/PeakMetaData/F02.ddmetajson,polygon_control_hull_gates,control-derived convex-hull polygon gates,14530,14525,66,14440,0,19,5,0,19,14459,ok,NA,"{""gate_source"":""control_anchored_polygon"",""min_hull_points"":30,""polygon_expansion"":1.03}"
2021-04-06_SNV_E200K,E200K,F05,15-27-th,biological_sample,15_27_th,2021-04-06,/mnt/c/Projects/prnp-somatic/raw/ddpcr/archive_contents/2021-04-06/SNV_E200K/PeakData/F05.ddpeakjson,/mnt/c/Projects/prnp-somatic/raw/ddpcr/archive_contents/2021-04-06/SNV_E200K/PeakMetaData/F05.ddmetajson,polygon_control_hull_gates,control-derived convex-hull polygon gates,15862,15856,258,15579,0,19,6,0,19,15598,ok,NA,"{""gate_source"":""control_anchored_polygon"",""min_hull_points"":30,""polygon_expansion"":1.03}"
2021-04-06_SNV_E200K,E200K,G02,943497-th,biological_sample,943497_th,2021-04-06,/mnt/c/Projects/prnp-somatic/raw/ddpcr/archive_contents/2021-04-06/SNV_E200K/PeakData/G02.ddpeakjson,/mnt/c/Projects/prnp-somatic/raw/ddpcr/archive_contents/2021-04-06/SNV_E200K/PeakMetaData/G02.ddmetajson,polygon_control_hull_gates,control-derived convex-hull polygon gates,14037,13962,1082,12815,46,19,75,0,65,12834,ok,NA,"{""gate_source"":""control_anchored_polygon"",""min_hull_points"":30,""polygon_expansion"":1.03}"
2021-04-06_SNV_E200K,E200K,G05,15-1-hc,biological_sample,15_1_hc,2021-04-06,/mnt/c/Projects/prnp-somatic/raw/ddpcr/archive_contents/2021-04-06/SNV_E200K/PeakData/G05.ddpeakjson,/mnt/c/Projects/prnp-somatic/raw/ddpcr/archive_contents/2021-04-06/SNV_E200K/PeakMetaData/G05.ddmetajson,polygon_control_hull_gates,control-derived convex-hull polygon gates,15910,15903,188,15706,0,9,7,0,9,15715,ok,NA,"{""gate_source"":""control_anchored_polygon"",""min_hull_points"":30,""polygon_expansion"":1.03}"
2021-04-06_SNV_E200K,E200K,H02,933892-bg,biological_sample,933892_bg,2021-04-06,/mnt/c/Projects/prnp-somatic/raw/ddpcr/archive_contents/2021-04-06/SNV_E200K/PeakData/H02.ddpeakjson,/mnt/c/Projects/prnp-somatic/raw/ddpcr/archive_contents/2021-04-06/SNV_E200K/PeakMetaData/H02.ddmetajson,polygon_control_hull_gates,control-derived convex-hull polygon gates,18617,18569,1431,17123,2,13,48,0,15,17136,ok,NA,"{""gate_source"":""control_anchored_polygon"",""min_hull_points"":30,""polygon_expansion"":1.03}"
2021-04-06_SNV_E200K,E200K,H05,15-1-sn,biological_sample,15_1_sn,2021-04-06,/mnt/c/Projects/prnp-somatic/raw/ddpcr/archive_contents/2021-04-06/SNV_E200K/PeakData/H05.ddpeakjson,/mnt/c/Projects/prnp-somatic/raw/ddpcr/archive_contents/2021-04-06/SNV_E200K/PeakMetaData/H05.ddmetajson,polygon_control_hull_gates,control-derived convex-hull polygon gates,17185,17138,153,16964,0,21,47,0,21,16985,ok,NA,"{""gate_source"":""control_anchored_polygon"",""min_hull_points"":30,""polygon_expansion"":1.03}"
2021-05-10_SNV_E200K,E200K,A02,NTC,NTC,ntc,2021-05-10,/mnt/c/Projects/prnp-somatic/raw/ddpcr/archive_contents/2021-05-10/SNV_E200K/PeakData/A02.ddpeakjson,/mnt/c/Projects/prnp-somatic/raw/ddpcr/archive_contents/2021-05-10/SNV_E200K/PeakMetaData/A02.ddmetajson,polygon_control_hull_gates,control-derived convex-hull polygon gates,14946,14930,14927,2,1,0,16,0,1,2,ok,NA,"{""gate_source"":""control_anchored_polygon"",""min_hull_points"":30,""polygon_expansion"":1.03}"
2021-05-10_SNV_E200K,E200K,A05,09-100-th,biological_sample,09_100_th,2021-05-10,/mnt/c/Projects/prnp-somatic/raw/ddpcr/archive_contents/2021-05-10/SNV_E200K/PeakData/A05.ddpeakjson,/mnt/c/Projects/prnp-somatic/raw/ddpcr/archive_contents/2021-05-10/SNV_E200K/PeakMetaData/A05.ddmetajson,polygon_control_hull_gates,control-derived convex-hull polygon gates,16040,16033,238,15780,0,15,7,0,15,15795,ok,NA,"{""gate_source"":""control_anchored_polygon"",""min_hull_points"":30,""polygon_expansion"":1.03}"
2021-05-10_SNV_E200K,E200K,A08,03-132-ce,biological_sample,03_132_ce,2021-05-10,/mnt/c/Projects/prnp-somatic/raw/ddpcr/archive_contents/2021-05-10/SNV_E200K/PeakData/A08.ddpeakjson,/mnt/c/Projects/prnp-somatic/raw/ddpcr/archive_contents/2021-05-10/SNV_E200K/PeakMetaData/A08.ddmetajson,polygon_control_hull_gates,control-derived convex-hull polygon gates,14178,14167,322,13837,0,8,11,0,8,13845,ok,NA,"{""gate_source"":""control_anchored_polygon"",""min_hull_points"":30,""polygon_expansion"":1.03}"
2021-05-10_SNV_E200K,E200K,A11,15-27-bg,biological_sample,15_27_bg,2021-05-10,/mnt/c/Projects/prnp-somatic/raw/ddpcr/archive_contents/2021-05-10/SNV_E200K/PeakData/A11.ddpeakjson,/mnt/c/Projects/prnp-somatic/raw/ddpcr/archive_contents/2021-05-10/SNV_E200K/PeakMetaData/A11.ddmetajson,polygon_control_hull_gates,control-derived convex-hull polygon gates,15986,15977,807,15154,1,15,9,0,16,15169,ok,NA,"{""gate_source"":""control_anchored_polygon"",""min_hull_points"":30,""polygon_expansion"":1.03}"
2021-05-10_SNV_E200K,E200K,A12,943497-bg,biological_sample,943497_bg,2021-05-10,/mnt/c/Projects/prnp-somatic/raw/ddpcr/archive_contents/2021-05-10/SNV_E200K/PeakData/A12.ddpeakjson,/mnt/c/Projects/prnp-somatic/raw/ddpcr/archive_contents/2021-05-10/SNV_E200K/PeakMetaData/A12.ddmetajson,polygon_control_hull_gates,control-derived convex-hull polygon gates,16304,16293,1528,14754,0,11,11,0,11,14765,ok,NA,"{""gate_source"":""control_anchored_polygon"",""min_hull_points"":30,""polygon_expansion"":1.03}"
2021-05-10_SNV_E200K,E200K,B02,WT,WT_control,wt,2021-05-10,/mnt/c/Projects/prnp-somatic/raw/ddpcr/archive_contents/2021-05-10/SNV_E200K/PeakData/B02.ddpeakjson,/mnt/c/Projects/prnp-somatic/raw/ddpcr/archive_contents/2021-05-10/SNV_E200K/PeakMetaData/B02.ddmetajson,polygon_control_hull_gates,control-derived convex-hull polygon gates,13744,13738,3751,9978,0,9,6,0,9,9987,ok,NA,"{""gate_source"":""control_anchored_polygon"",""min_hull_points"":30,""polygon_expansion"":1.03}"
2021-05-10_SNV_E200K,E200K,B05,03-112-cau,biological_sample,03_112_cau,2021-05-10,/mnt/c/Projects/prnp-somatic/raw/ddpcr/archive_contents/2021-05-10/SNV_E200K/PeakData/B05.ddpeakjson,/mnt/c/Projects/prnp-somatic/raw/ddpcr/archive_contents/2021-05-10/SNV_E200K/PeakMetaData/B05.ddmetajson,polygon_control_hull_gates,control-derived convex-hull polygon gates,15739,15736,312,15405,0,19,3,0,19,15424,ok,NA,"{""gate_source"":""control_anchored_polygon"",""min_hull_points"":30,""polygon_expansion"":1.03}"
2021-05-10_SNV_E200K,E200K,B08,03-132-fc,biological_sample,03_132_fc,2021-05-10,/mnt/c/Projects/prnp-somatic/raw/ddpcr/archive_contents/2021-05-10/SNV_E200K/PeakData/B08.ddpeakjson,/mnt/c/Projects/prnp-somatic/raw/ddpcr/archive_contents/2021-05-10/SNV_E200K/PeakMetaData/B08.ddmetajson,polygon_control_hull_gates,control-derived convex-hull polygon gates,15125,15117,9,15079,0,29,8,0,29,15108,ok,NA,"{""gate_source"":""control_anchored_polygon"",""min_hull_points"":30,""polygon_expansion"":1.03}"
2021-05-10_SNV_E200K,E200K,B11,15-27-cb,biological_sample,15_27_cb,2021-05-10,/mnt/c/Projects/prnp-somatic/raw/ddpcr/archive_contents/2021-05-10/SNV_E200K/PeakData/B11.ddpeakjson,/mnt/c/Projects/prnp-somatic/raw/ddpcr/archive_contents/2021-05-10/SNV_E200K/PeakMetaData/B11.ddmetajson,polygon_control_hull_gates,control-derived convex-hull polygon gates,18350,18347,371,17960,0,16,3,0,16,17976,ok,NA,"{""gate_source"":""control_anchored_polygon"",""min_hull_points"":30,""polygon_expansion"":1.03}"
2021-05-10_SNV_E200K,E200K,B12,943497-cb,biological_sample,943497_cb,2021-05-10,/mnt/c/Projects/prnp-somatic/raw/ddpcr/archive_contents/2021-05-10/SNV_E200K/PeakData/B12.ddpeakjson,/mnt/c/Projects/prnp-somatic/raw/ddpcr/archive_contents/2021-05-10/SNV_E200K/PeakMetaData/B12.ddmetajson,polygon_control_hull_gates,control-derived convex-hull polygon gates,17296,17281,977,16292,0,12,15,0,12,16304,ok,NA,"{""gate_source"":""control_anchored_polygon"",""min_hull_points"":30,""polygon_expansion"":1.03}"
2021-05-10_SNV_E200K,E200K,C02,E200K,positive_control,e200k,2021-05-10,/mnt/c/Projects/prnp-somatic/raw/ddpcr/archive_contents/2021-05-10/SNV_E200K/PeakData/C02.ddpeakjson,/mnt/c/Projects/prnp-somatic/raw/ddpcr/archive_contents/2021-05-10/SNV_E200K/PeakMetaData/C02.ddmetajson,polygon_control_hull_gates,control-derived convex-hull polygon gates,14938,14924,5735,3532,3514,2143,14,0,5657,5675,ok,NA,"{""gate_source"":""control_anchored_polygon"",""min_hull_points"":30,""polygon_expansion"":1.03}"
2021-05-10_SNV_E200K,E200K,C05,03-112-ce,biological_sample,03_112_ce,2021-05-10,/mnt/c/Projects/prnp-somatic/raw/ddpcr/archive_contents/2021-05-10/SNV_E200K/PeakData/C05.ddpeakjson,/mnt/c/Projects/prnp-somatic/raw/ddpcr/archive_contents/2021-05-10/SNV_E200K/PeakMetaData/C05.ddmetajson,polygon_control_hull_gates,control-derived convex-hull polygon gates,16587,16582,35,16529,0,18,5,0,18,16547,ok,NA,"{""gate_source"":""control_anchored_polygon"",""min_hull_points"":30,""polygon_expansion"":1.03}"
2021-05-10_SNV_E200K,E200K,C08,03-132-hip,biological_sample,03_132_hip,2021-05-10,/mnt/c/Projects/prnp-somatic/raw/ddpcr/archive_contents/2021-05-10/SNV_E200K/PeakData/C08.ddpeakjson,/mnt/c/Projects/prnp-somatic/raw/ddpcr/archive_contents/2021-05-10/SNV_E200K/PeakMetaData/C08.ddmetajson,polygon_control_hull_gates,control-derived convex-hull polygon gates,13571,13564,60,13489,0,15,7,0,15,13504,ok,NA,"{""gate_source"":""control_anchored_polygon"",""min_hull_points"":30,""polygon_expansion"":1.03}"
2021-05-10_SNV_E200K,E200K,C11,15-27-fr,biological_sample,15_27_fr,2021-05-10,/mnt/c/Projects/prnp-somatic/raw/ddpcr/archive_contents/2021-05-10/SNV_E200K/PeakData/C11.ddpeakjson,/mnt/c/Projects/prnp-somatic/raw/ddpcr/archive_contents/2021-05-10/SNV_E200K/PeakMetaData/C11.ddmetajson,polygon_control_hull_gates,control-derived convex-hull polygon gates,18360,18340,4433,13897,1,9,20,0,10,13906,ok,NA,"{""gate_source"":""control_anchored_polygon"",""min_hull_points"":30,""polygon_expansion"":1.03}"
2021-05-10_SNV_E200K,E200K,C12,943497-fr,biological_sample,943497_fr,2021-05-10,/mnt/c/Projects/prnp-somatic/raw/ddpcr/archive_contents/2021-05-10/SNV_E200K/PeakData/C12.ddpeakjson,/mnt/c/Projects/prnp-somatic/raw/ddpcr/archive_contents/2021-05-10/SNV_E200K/PeakMetaData/C12.ddmetajson,polygon_control_hull_gates,control-derived convex-hull polygon gates,17871,17842,4997,12835,1,9,29,0,10,12844,ok,NA,"{""gate_source"":""control_anchored_polygon"",""min_hull_points"":30,""polygon_expansion"":1.03}"
2021-05-10_SNV_E200K,E200K,D02,09-100-cau,biological_sample,09_100_cau,2021-05-10,/mnt/c/Projects/prnp-somatic/raw/ddpcr/archive_contents/2021-05-10/SNV_E200K/PeakData/D02.ddpeakjson,/mnt/c/Projects/prnp-somatic/raw/ddpcr/archive_contents/2021-05-10/SNV_E200K/PeakMetaData/D02.ddmetajson,polygon_control_hull_gates,control-derived convex-hull polygon gates,15632,15628,345,15266,1,16,4,0,17,15282,ok,NA,"{""gate_source"":""control_anchored_polygon"",""min_hull_points"":30,""polygon_expansion"":1.03}"
2021-05-10_SNV_E200K,E200K,D05,03-112-fc,biological_sample,03_112_fc,2021-05-10,/mnt/c/Projects/prnp-somatic/raw/ddpcr/archive_contents/2021-05-10/SNV_E200K/PeakData/D05.ddpeakjson,/mnt/c/Projects/prnp-somatic/raw/ddpcr/archive_contents/2021-05-10/SNV_E200K/PeakMetaData/D05.ddmetajson,polygon_control_hull_gates,control-derived convex-hull polygon gates,16681,16677,76,16580,0,21,4,0,21,16601,ok,NA,"{""gate_source"":""control_anchored_polygon"",""min_hull_points"":30,""polygon_expansion"":1.03}"
2021-05-10_SNV_E200K,E200K,D08,03-132-mdb,biological_sample,03_132_mdb,2021-05-10,/mnt/c/Projects/prnp-somatic/raw/ddpcr/archive_contents/2021-05-10/SNV_E200K/PeakData/D08.ddpeakjson,/mnt/c/Projects/prnp-somatic/raw/ddpcr/archive_contents/2021-05-10/SNV_E200K/PeakMetaData/D08.ddmetajson,polygon_control_hull_gates,control-derived convex-hull polygon gates,15965,15958,226,15716,0,16,7,0,16,15732,ok,NA,"{""gate_source"":""control_anchored_polygon"",""min_hull_points"":30,""polygon_expansion"":1.03}"
2021-05-10_SNV_E200K,E200K,D11,15-27-pons,biological_sample,15_27_ps,2021-05-10,/mnt/c/Projects/prnp-somatic/raw/ddpcr/archive_contents/2021-05-10/SNV_E200K/PeakData/D11.ddpeakjson,/mnt/c/Projects/prnp-somatic/raw/ddpcr/archive_contents/2021-05-10/SNV_E200K/PeakMetaData/D11.ddmetajson,polygon_control_hull_gates,control-derived convex-hull polygon gates,16406,16389,769,15601,2,17,17,0,19,15618,ok,NA,"{""gate_source"":""control_anchored_polygon"",""min_hull_points"":30,""polygon_expansion"":1.03}"
2021-05-10_SNV_E200K,E200K,D12,943497-hc,biological_sample,943497_hc,2021-05-10,/mnt/c/Projects/prnp-somatic/raw/ddpcr/archive_contents/2021-05-10/SNV_E200K/PeakData/D12.ddpeakjson,/mnt/c/Projects/prnp-somatic/raw/ddpcr/archive_contents/2021-05-10/SNV_E200K/PeakMetaData/D12.ddmetajson,polygon_control_hull_gates,control-derived convex-hull polygon gates,16346,16283,5575,10697,0,11,63,0,11,10708,ok,NA,"{""gate_source"":""control_anchored_polygon"",""min_hull_points"":30,""polygon_expansion"":1.03}"
2021-05-10_SNV_E200K,E200K,E02,09-100-ce,biological_sample,09_100_ce,2021-05-10,/mnt/c/Projects/prnp-somatic/raw/ddpcr/archive_contents/2021-05-10/SNV_E200K/PeakData/E02.ddpeakjson,/mnt/c/Projects/prnp-somatic/raw/ddpcr/archive_contents/2021-05-10/SNV_E200K/PeakMetaData/E02.ddmetajson,polygon_control_hull_gates,control-derived convex-hull polygon gates,14830,14807,1642,13140,0,25,23,0,25,13165,ok,NA,"{""gate_source"":""control_anchored_polygon"",""min_hull_points"":30,""polygon_expansion"":1.03}"
2021-05-10_SNV_E200K,E200K,E05,03-112-hip,biological_sample,03_112_hip,2021-05-10,/mnt/c/Projects/prnp-somatic/raw/ddpcr/archive_contents/2021-05-10/SNV_E200K/PeakData/E05.ddpeakjson,/mnt/c/Projects/prnp-somatic/raw/ddpcr/archive_contents/2021-05-10/SNV_E200K/PeakMetaData/E05.ddmetajson,polygon_control_hull_gates,control-derived convex-hull polygon gates,13845,13840,179,13642,0,19,5,0,19,13661,ok,NA,"{""gate_source"":""control_anchored_polygon"",""min_hull_points"":30,""polygon_expansion"":1.03}"
2021-05-10_SNV_E200K,E200K,E08,03-132-th,biological_sample,03_132_th,2021-05-10,/mnt/c/Projects/prnp-somatic/raw/ddpcr/archive_contents/2021-05-10/SNV_E200K/PeakData/E08.ddpeakjson,/mnt/c/Projects/prnp-somatic/raw/ddpcr/archive_contents/2021-05-10/SNV_E200K/PeakMetaData/E08.ddmetajson,polygon_control_hull_gates,control-derived convex-hull polygon gates,14319,14316,63,14231,0,22,3,0,22,14253,ok,NA,"{""gate_source"":""control_anchored_polygon"",""min_hull_points"":30,""polygon_expansion"":1.03}"
2021-05-10_SNV_E200K,E200K,E11,15-27-th,biological_sample,15_27_th,2021-05-10,/mnt/c/Projects/prnp-somatic/raw/ddpcr/archive_contents/2021-05-10/SNV_E200K/PeakData/E11.ddpeakjson,/mnt/c/Projects/prnp-somatic/raw/ddpcr/archive_contents/2021-05-10/SNV_E200K/PeakMetaData/E11.ddmetajson,polygon_control_hull_gates,control-derived convex-hull polygon gates,16603,16601,63,16518,0,20,2,0,20,16538,ok,NA,"{""gate_source"":""control_anchored_polygon"",""min_hull_points"":30,""polygon_expansion"":1.03}"
2021-05-10_SNV_E200K,E200K,E12,943497-sn,biological_sample,943497_sn,2021-05-10,/mnt/c/Projects/prnp-somatic/raw/ddpcr/archive_contents/2021-05-10/SNV_E200K/PeakData/E12.ddpeakjson,/mnt/c/Projects/prnp-somatic/raw/ddpcr/archive_contents/2021-05-10/SNV_E200K/PeakMetaData/E12.ddmetajson,polygon_control_hull_gates,control-derived convex-hull polygon gates,18403,18377,2042,16323,1,11,26,0,12,16334,ok,NA,"{""gate_source"":""control_anchored_polygon"",""min_hull_points"":30,""polygon_expansion"":1.03}"
2021-05-10_SNV_E200K,E200K,F02,09-100-fc,biological_sample,09_100_fc,2021-05-10,/mnt/c/Projects/prnp-somatic/raw/ddpcr/archive_contents/2021-05-10/SNV_E200K/PeakData/F02.ddpeakjson,/mnt/c/Projects/prnp-somatic/raw/ddpcr/archive_contents/2021-05-10/SNV_E200K/PeakMetaData/F02.ddmetajson,polygon_control_hull_gates,control-derived convex-hull polygon gates,15197,15192,263,14905,0,24,5,0,24,14929,ok,NA,"{""gate_source"":""control_anchored_polygon"",""min_hull_points"":30,""polygon_expansion"":1.03}"
2021-05-10_SNV_E200K,E200K,F05,03-112-mdb,biological_sample,03_112_mdb,2021-05-10,/mnt/c/Projects/prnp-somatic/raw/ddpcr/archive_contents/2021-05-10/SNV_E200K/PeakData/F05.ddpeakjson,/mnt/c/Projects/prnp-somatic/raw/ddpcr/archive_contents/2021-05-10/SNV_E200K/PeakMetaData/F05.ddmetajson,polygon_control_hull_gates,control-derived convex-hull polygon gates,16615,16607,24,16553,0,30,8,0,30,16583,ok,NA,"{""gate_source"":""control_anchored_polygon"",""min_hull_points"":30,""polygon_expansion"":1.03}"
2021-05-10_SNV_E200K,E200K,F08,04-045-cau,biological_sample,04_045_cau,2021-05-10,/mnt/c/Projects/prnp-somatic/raw/ddpcr/archive_contents/2021-05-10/SNV_E200K/PeakData/F08.ddpeakjson,/mnt/c/Projects/prnp-somatic/raw/ddpcr/archive_contents/2021-05-10/SNV_E200K/PeakMetaData/F08.ddmetajson,polygon_control_hull_gates,control-derived convex-hull polygon gates,14551,14546,15,14497,0,34,5,0,34,14531,ok,NA,"{""gate_source"":""control_anchored_polygon"",""min_hull_points"":30,""polygon_expansion"":1.03}"
2021-05-10_SNV_E200K,E200K,F12,943497-th,biological_sample,943497_th,2021-05-10,/mnt/c/Projects/prnp-somatic/raw/ddpcr/archive_contents/2021-05-10/SNV_E200K/PeakData/F12.ddpeakjson,/mnt/c/Projects/prnp-somatic/raw/ddpcr/archive_contents/2021-05-10/SNV_E200K/PeakMetaData/F12.ddmetajson,polygon_control_hull_gates,control-derived convex-hull polygon gates,18661,18640,2123,16502,1,14,21,0,15,16516,ok,NA,"{""gate_source"":""control_anchored_polygon"",""min_hull_points"":30,""polygon_expansion"":1.03}"
2021-05-10_SNV_E200K,E200K,G02,09-100-hip,biological_sample,09_100_hip,2021-05-10,/mnt/c/Projects/prnp-somatic/raw/ddpcr/archive_contents/2021-05-10/SNV_E200K/PeakData/G02.ddpeakjson,/mnt/c/Projects/prnp-somatic/raw/ddpcr/archive_contents/2021-05-10/SNV_E200K/PeakMetaData/G02.ddmetajson,polygon_control_hull_gates,control-derived convex-hull polygon gates,15397,15393,90,15279,0,24,4,0,24,15303,ok,NA,"{""gate_source"":""control_anchored_polygon"",""min_hull_points"":30,""polygon_expansion"":1.03}"
2021-05-10_SNV_E200K,E200K,G05,03-112-th,biological_sample,03_112_th,2021-05-10,/mnt/c/Projects/prnp-somatic/raw/ddpcr/archive_contents/2021-05-10/SNV_E200K/PeakData/G05.ddpeakjson,/mnt/c/Projects/prnp-somatic/raw/ddpcr/archive_contents/2021-05-10/SNV_E200K/PeakMetaData/G05.ddmetajson,polygon_control_hull_gates,control-derived convex-hull polygon gates,15419,15403,46,15325,0,32,16,0,32,15357,ok,NA,"{""gate_source"":""control_anchored_polygon"",""min_hull_points"":30,""polygon_expansion"":1.03}"
2021-05-10_SNV_E200K,E200K,G08,04-045-ce,biological_sample,04_045_ce,2021-05-10,/mnt/c/Projects/prnp-somatic/raw/ddpcr/archive_contents/2021-05-10/SNV_E200K/PeakData/G08.ddpeakjson,/mnt/c/Projects/prnp-somatic/raw/ddpcr/archive_contents/2021-05-10/SNV_E200K/PeakMetaData/G08.ddmetajson,polygon_control_hull_gates,control-derived convex-hull polygon gates,14008,13999,42,13926,0,31,9,0,31,13957,ok,NA,"{""gate_source"":""control_anchored_polygon"",""min_hull_points"":30,""polygon_expansion"":1.03}"
2021-05-10_SNV_E200K,E200K,H02,09-100-mdb,biological_sample,09_100_mdb,2021-05-10,/mnt/c/Projects/prnp-somatic/raw/ddpcr/archive_contents/2021-05-10/SNV_E200K/PeakData/H02.ddpeakjson,/mnt/c/Projects/prnp-somatic/raw/ddpcr/archive_contents/2021-05-10/SNV_E200K/PeakMetaData/H02.ddmetajson,polygon_control_hull_gates,control-derived convex-hull polygon gates,15604,15595,267,15313,0,15,9,0,15,15328,ok,NA,"{""gate_source"":""control_anchored_polygon"",""min_hull_points"":30,""polygon_expansion"":1.03}"
2021-05-10_SNV_E200K,E200K,H05,03-132-cau,biological_sample,03_132_cau,2021-05-10,/mnt/c/Projects/prnp-somatic/raw/ddpcr/archive_contents/2021-05-10/SNV_E200K/PeakData/H05.ddpeakjson,/mnt/c/Projects/prnp-somatic/raw/ddpcr/archive_contents/2021-05-10/SNV_E200K/PeakMetaData/H05.ddmetajson,polygon_control_hull_gates,control-derived convex-hull polygon gates,16937,16923,694,16203,0,26,14,0,26,16229,ok,NA,"{""gate_source"":""control_anchored_polygon"",""min_hull_points"":30,""polygon_expansion"":1.03}"
2021-05-10_SNV_E200K,E200K,H08,04-045-fc,biological_sample,04_045_fc,2021-05-10,/mnt/c/Projects/prnp-somatic/raw/ddpcr/archive_contents/2021-05-10/SNV_E200K/PeakData/H08.ddpeakjson,/mnt/c/Projects/prnp-somatic/raw/ddpcr/archive_contents/2021-05-10/SNV_E200K/PeakMetaData/H08.ddmetajson,polygon_control_hull_gates,control-derived convex-hull polygon gates,15124,15120,28,15056,0,36,4,0,36,15092,ok,NA,"{""gate_source"":""control_anchored_polygon"",""min_hull_points"":30,""polygon_expansion"":1.03}"
2021-05-20_SNV_E200K,E200K,A02,NTC,NTC,ntc,2021-05-20,/mnt/c/Projects/prnp-somatic/raw/ddpcr/archive_contents/2021-05-20/SNV_E200K/PeakData/A02.ddpeakjson,/mnt/c/Projects/prnp-somatic/raw/ddpcr/archive_contents/2021-05-20/SNV_E200K/PeakMetaData/A02.ddmetajson,polygon_control_hull_gates,control-derived convex-hull polygon gates,17071,17036,17023,12,0,1,35,0,1,13,ok,NA,"{""gate_source"":""control_anchored_polygon"",""min_hull_points"":30,""polygon_expansion"":1.03}"
2021-05-20_SNV_E200K,E200K,A05,04-045-hip,biological_sample,04_045_hip,2021-05-20,/mnt/c/Projects/prnp-somatic/raw/ddpcr/archive_contents/2021-05-20/SNV_E200K/PeakData/A05.ddpeakjson,/mnt/c/Projects/prnp-somatic/raw/ddpcr/archive_contents/2021-05-20/SNV_E200K/PeakMetaData/A05.ddmetajson,polygon_control_hull_gates,control-derived convex-hull polygon gates,17736,17722,9,17691,0,22,14,0,22,17713,ok,NA,"{""gate_source"":""control_anchored_polygon"",""min_hull_points"":30,""polygon_expansion"":1.03}"
2021-05-20_SNV_E200K,E200K,A08,20-357-th,biological_sample,20_357_th,2021-05-20,/mnt/c/Projects/prnp-somatic/raw/ddpcr/archive_contents/2021-05-20/SNV_E200K/PeakData/A08.ddpeakjson,/mnt/c/Projects/prnp-somatic/raw/ddpcr/archive_contents/2021-05-20/SNV_E200K/PeakMetaData/A08.ddmetajson,polygon_control_hull_gates,control-derived convex-hull polygon gates,17063,17049,210,16819,0,20,14,0,20,16839,ok,NA,"{""gate_source"":""control_anchored_polygon"",""min_hull_points"":30,""polygon_expansion"":1.03}"
2021-05-20_SNV_E200K,E200K,A11,929474-sn,biological_sample,929474_sn,2021-05-20,/mnt/c/Projects/prnp-somatic/raw/ddpcr/archive_contents/2021-05-20/SNV_E200K/PeakData/A11.ddpeakjson,/mnt/c/Projects/prnp-somatic/raw/ddpcr/archive_contents/2021-05-20/SNV_E200K/PeakMetaData/A11.ddmetajson,polygon_control_hull_gates,control-derived convex-hull polygon gates,16912,16882,543,16324,0,15,30,0,15,16339,ok,NA,"{""gate_source"":""control_anchored_polygon"",""min_hull_points"":30,""polygon_expansion"":1.03}"
2021-05-20_SNV_E200K,E200K,B02,WT,WT_control,wt,2021-05-20,/mnt/c/Projects/prnp-somatic/raw/ddpcr/archive_contents/2021-05-20/SNV_E200K/PeakData/B02.ddpeakjson,/mnt/c/Projects/prnp-somatic/raw/ddpcr/archive_contents/2021-05-20/SNV_E200K/PeakMetaData/B02.ddmetajson,polygon_control_hull_gates,control-derived convex-hull polygon gates,17085,17056,5392,11640,0,24,29,0,24,11664,ok,NA,"{""gate_source"":""control_anchored_polygon"",""min_hull_points"":30,""polygon_expansion"":1.03}"
2021-05-20_SNV_E200K,E200K,B05,04-045-mdb,biological_sample,04_045_mdb,2021-05-20,/mnt/c/Projects/prnp-somatic/raw/ddpcr/archive_contents/2021-05-20/SNV_E200K/PeakData/B05.ddpeakjson,/mnt/c/Projects/prnp-somatic/raw/ddpcr/archive_contents/2021-05-20/SNV_E200K/PeakMetaData/B05.ddmetajson,polygon_control_hull_gates,control-derived convex-hull polygon gates,17805,17793,4,17767,0,22,12,0,22,17789,ok,NA,"{""gate_source"":""control_anchored_polygon"",""min_hull_points"":30,""polygon_expansion"":1.03}"
2021-05-20_SNV_E200K,E200K,B08,20-169-cau,biological_sample,20_169_cau,2021-05-20,/mnt/c/Projects/prnp-somatic/raw/ddpcr/archive_contents/2021-05-20/SNV_E200K/PeakData/B08.ddpeakjson,/mnt/c/Projects/prnp-somatic/raw/ddpcr/archive_contents/2021-05-20/SNV_E200K/PeakMetaData/B08.ddmetajson,polygon_control_hull_gates,control-derived convex-hull polygon gates,15419,15413,258,15139,0,16,6,0,16,15155,ok,NA,"{""gate_source"":""control_anchored_polygon"",""min_hull_points"":30,""polygon_expansion"":1.03}"
2021-05-20_SNV_E200K,E200K,B11,17-13-bg,biological_sample,17_13_bg,2021-05-20,/mnt/c/Projects/prnp-somatic/raw/ddpcr/archive_contents/2021-05-20/SNV_E200K/PeakData/B11.ddpeakjson,/mnt/c/Projects/prnp-somatic/raw/ddpcr/archive_contents/2021-05-20/SNV_E200K/PeakMetaData/B11.ddmetajson,polygon_control_hull_gates,control-derived convex-hull polygon gates,16668,16641,509,16114,0,18,27,0,18,16132,ok,NA,"{""gate_source"":""control_anchored_polygon"",""min_hull_points"":30,""polygon_expansion"":1.03}"
2021-05-20_SNV_E200K,E200K,C02,E200K,positive_control,e200k,2021-05-20,/mnt/c/Projects/prnp-somatic/raw/ddpcr/archive_contents/2021-05-20/SNV_E200K/PeakData/C02.ddpeakjson,/mnt/c/Projects/prnp-somatic/raw/ddpcr/archive_contents/2021-05-20/SNV_E200K/PeakMetaData/C02.ddmetajson,polygon_control_hull_gates,control-derived convex-hull polygon gates,17997,17966,7556,4073,4042,2295,31,0,6337,6368,ok,NA,"{""gate_source"":""control_anchored_polygon"",""min_hull_points"":30,""polygon_expansion"":1.03}"
2021-05-20_SNV_E200K,E200K,C05,04-045-th,biological_sample,04_045_th,2021-05-20,/mnt/c/Projects/prnp-somatic/raw/ddpcr/archive_contents/2021-05-20/SNV_E200K/PeakData/C05.ddpeakjson,/mnt/c/Projects/prnp-somatic/raw/ddpcr/archive_contents/2021-05-20/SNV_E200K/PeakMetaData/C05.ddmetajson,polygon_control_hull_gates,control-derived convex-hull polygon gates,18316,18313,55,18230,0,28,3,0,28,18258,ok,NA,"{""gate_source"":""control_anchored_polygon"",""min_hull_points"":30,""polygon_expansion"":1.03}"
2021-05-20_SNV_E200K,E200K,C08,20-169-ce,biological_sample,20_169_ce,2021-05-20,/mnt/c/Projects/prnp-somatic/raw/ddpcr/archive_contents/2021-05-20/SNV_E200K/PeakData/C08.ddpeakjson,/mnt/c/Projects/prnp-somatic/raw/ddpcr/archive_contents/2021-05-20/SNV_E200K/PeakMetaData/C08.ddmetajson,polygon_control_hull_gates,control-derived convex-hull polygon gates,16058,16047,93,15937,0,17,11,0,17,15954,ok,NA,"{""gate_source"":""control_anchored_polygon"",""min_hull_points"":30,""polygon_expansion"":1.03}"
2021-05-20_SNV_E200K,E200K,C11,17-8-cb,biological_sample,17_8_cb,2021-05-20,/mnt/c/Projects/prnp-somatic/raw/ddpcr/archive_contents/2021-05-20/SNV_E200K/PeakData/C11.ddpeakjson,/mnt/c/Projects/prnp-somatic/raw/ddpcr/archive_contents/2021-05-20/SNV_E200K/PeakMetaData/C11.ddmetajson,polygon_control_hull_gates,control-derived convex-hull polygon gates,15369,15338,3,15327,0,8,31,0,8,15335,ok,NA,"{""gate_source"":""control_anchored_polygon"",""min_hull_points"":30,""polygon_expansion"":1.03}"
2021-05-20_SNV_E200K,E200K,D02,19-082-ce,biological_sample,19_082_ce,2021-05-20,/mnt/c/Projects/prnp-somatic/raw/ddpcr/archive_contents/2021-05-20/SNV_E200K/PeakData/D02.ddpeakjson,/mnt/c/Projects/prnp-somatic/raw/ddpcr/archive_contents/2021-05-20/SNV_E200K/PeakMetaData/D02.ddmetajson,polygon_control_hull_gates,control-derived convex-hull polygon gates,17232,17222,10,17194,0,18,10,0,18,17212,ok,NA,"{""gate_source"":""control_anchored_polygon"",""min_hull_points"":30,""polygon_expansion"":1.03}"
2021-05-20_SNV_E200K,E200K,D05,20-357-cau,biological_sample,20_357_cau,2021-05-20,/mnt/c/Projects/prnp-somatic/raw/ddpcr/archive_contents/2021-05-20/SNV_E200K/PeakData/D05.ddpeakjson,/mnt/c/Projects/prnp-somatic/raw/ddpcr/archive_contents/2021-05-20/SNV_E200K/PeakMetaData/D05.ddmetajson,polygon_control_hull_gates,control-derived convex-hull polygon gates,17828,17809,3195,14604,0,10,19,0,10,14614,ok,NA,"{""gate_source"":""control_anchored_polygon"",""min_hull_points"":30,""polygon_expansion"":1.03}"
2021-05-20_SNV_E200K,E200K,D08,20-169-fc,biological_sample,20_169_fc,2021-05-20,/mnt/c/Projects/prnp-somatic/raw/ddpcr/archive_contents/2021-05-20/SNV_E200K/PeakData/D08.ddpeakjson,/mnt/c/Projects/prnp-somatic/raw/ddpcr/archive_contents/2021-05-20/SNV_E200K/PeakMetaData/D08.ddmetajson,polygon_control_hull_gates,control-derived convex-hull polygon gates,13562,13548,250,13276,1,21,14,0,22,13297,ok,NA,"{""gate_source"":""control_anchored_polygon"",""min_hull_points"":30,""polygon_expansion"":1.03}"
2021-05-20_SNV_E200K,E200K,D11,17-8-fr,biological_sample,17_8_fr,2021-05-20,/mnt/c/Projects/prnp-somatic/raw/ddpcr/archive_contents/2021-05-20/SNV_E200K/PeakData/D11.ddpeakjson,/mnt/c/Projects/prnp-somatic/raw/ddpcr/archive_contents/2021-05-20/SNV_E200K/PeakMetaData/D11.ddmetajson,polygon_control_hull_gates,control-derived convex-hull polygon gates,16828,16800,133,16642,0,25,28,0,25,16667,ok,NA,"{""gate_source"":""control_anchored_polygon"",""min_hull_points"":30,""polygon_expansion"":1.03}"
2021-05-20_SNV_E200K,E200K,E02,19-082-fc,biological_sample,19_082_fc,2021-05-20,/mnt/c/Projects/prnp-somatic/raw/ddpcr/archive_contents/2021-05-20/SNV_E200K/PeakData/E02.ddpeakjson,/mnt/c/Projects/prnp-somatic/raw/ddpcr/archive_contents/2021-05-20/SNV_E200K/PeakMetaData/E02.ddmetajson,polygon_control_hull_gates,control-derived convex-hull polygon gates,17438,17428,237,17176,0,15,10,0,15,17191,ok,NA,"{""gate_source"":""control_anchored_polygon"",""min_hull_points"":30,""polygon_expansion"":1.03}"
2021-05-20_SNV_E200K,E200K,E05,20-357-ce,biological_sample,20_357_ce,2021-05-20,/mnt/c/Projects/prnp-somatic/raw/ddpcr/archive_contents/2021-05-20/SNV_E200K/PeakData/E05.ddpeakjson,/mnt/c/Projects/prnp-somatic/raw/ddpcr/archive_contents/2021-05-20/SNV_E200K/PeakMetaData/E05.ddmetajson,polygon_control_hull_gates,control-derived convex-hull polygon gates,17924,17923,919,16989,0,15,1,0,15,17004,ok,NA,"{""gate_source"":""control_anchored_polygon"",""min_hull_points"":30,""polygon_expansion"":1.03}"
2021-05-20_SNV_E200K,E200K,E08,20-169-hip,biological_sample,20_169_hip,2021-05-20,/mnt/c/Projects/prnp-somatic/raw/ddpcr/archive_contents/2021-05-20/SNV_E200K/PeakData/E08.ddpeakjson,/mnt/c/Projects/prnp-somatic/raw/ddpcr/archive_contents/2021-05-20/SNV_E200K/PeakMetaData/E08.ddmetajson,polygon_control_hull_gates,control-derived convex-hull polygon gates,14123,14116,105,13996,0,15,7,0,15,14011,ok,NA,"{""gate_source"":""control_anchored_polygon"",""min_hull_points"":30,""polygon_expansion"":1.03}"
2021-05-20_SNV_E200K,E200K,F02,19-082-hip,biological_sample,19_082_hip,2021-05-20,/mnt/c/Projects/prnp-somatic/raw/ddpcr/archive_contents/2021-05-20/SNV_E200K/PeakData/F02.ddpeakjson,/mnt/c/Projects/prnp-somatic/raw/ddpcr/archive_contents/2021-05-20/SNV_E200K/PeakMetaData/F02.ddmetajson,polygon_control_hull_gates,control-derived convex-hull polygon gates,16763,16749,1631,15108,0,10,14,0,10,15118,ok,NA,"{""gate_source"":""control_anchored_polygon"",""min_hull_points"":30,""polygon_expansion"":1.03}"
2021-05-20_SNV_E200K,E200K,F05,20-357-fc,biological_sample,20_357_fc,2021-05-20,/mnt/c/Projects/prnp-somatic/raw/ddpcr/archive_contents/2021-05-20/SNV_E200K/PeakData/F05.ddpeakjson,/mnt/c/Projects/prnp-somatic/raw/ddpcr/archive_contents/2021-05-20/SNV_E200K/PeakMetaData/F05.ddmetajson,polygon_control_hull_gates,control-derived convex-hull polygon gates,18561,18535,224,18289,0,22,26,0,22,18311,ok,NA,"{""gate_source"":""control_anchored_polygon"",""min_hull_points"":30,""polygon_expansion"":1.03}"
2021-05-20_SNV_E200K,E200K,F08,20-169-mdb,biological_sample,20_169_mdb,2021-05-20,/mnt/c/Projects/prnp-somatic/raw/ddpcr/archive_contents/2021-05-20/SNV_E200K/PeakData/F08.ddpeakjson,/mnt/c/Projects/prnp-somatic/raw/ddpcr/archive_contents/2021-05-20/SNV_E200K/PeakMetaData/F08.ddmetajson,polygon_control_hull_gates,control-derived convex-hull polygon gates,13496,13446,270,13158,0,18,50,0,18,13176,ok,NA,"{""gate_source"":""control_anchored_polygon"",""min_hull_points"":30,""polygon_expansion"":1.03}"
2021-05-20_SNV_E200K,E200K,F11,17-34-th,biological_sample,17_34_th,2021-05-20,/mnt/c/Projects/prnp-somatic/raw/ddpcr/archive_contents/2021-05-20/SNV_E200K/PeakData/F11.ddpeakjson,/mnt/c/Projects/prnp-somatic/raw/ddpcr/archive_contents/2021-05-20/SNV_E200K/PeakMetaData/F11.ddmetajson,polygon_control_hull_gates,control-derived convex-hull polygon gates,16668,16631,100,16500,1,30,37,0,31,16530,ok,NA,"{""gate_source"":""control_anchored_polygon"",""min_hull_points"":30,""polygon_expansion"":1.03}"
2021-05-20_SNV_E200K,E200K,G02,19-082-mdb,biological_sample,19_082_mdb,2021-05-20,/mnt/c/Projects/prnp-somatic/raw/ddpcr/archive_contents/2021-05-20/SNV_E200K/PeakData/G02.ddpeakjson,/mnt/c/Projects/prnp-somatic/raw/ddpcr/archive_contents/2021-05-20/SNV_E200K/PeakMetaData/G02.ddmetajson,polygon_control_hull_gates,control-derived convex-hull polygon gates,17839,17820,86,17713,1,20,19,0,21,17733,ok,NA,"{""gate_source"":""control_anchored_polygon"",""min_hull_points"":30,""polygon_expansion"":1.03}"
2021-05-20_SNV_E200K,E200K,G05,20-357-hip,biological_sample,20_357_hip,2021-05-20,/mnt/c/Projects/prnp-somatic/raw/ddpcr/archive_contents/2021-05-20/SNV_E200K/PeakData/G05.ddpeakjson,/mnt/c/Projects/prnp-somatic/raw/ddpcr/archive_contents/2021-05-20/SNV_E200K/PeakMetaData/G05.ddmetajson,polygon_control_hull_gates,control-derived convex-hull polygon gates,18374,18362,381,17956,0,25,12,0,25,17981,ok,NA,"{""gate_source"":""control_anchored_polygon"",""min_hull_points"":30,""polygon_expansion"":1.03}"
2021-05-20_SNV_E200K,E200K,G08,20-169-th,biological_sample,20_169_th,2021-05-20,/mnt/c/Projects/prnp-somatic/raw/ddpcr/archive_contents/2021-05-20/SNV_E200K/PeakData/G08.ddpeakjson,/mnt/c/Projects/prnp-somatic/raw/ddpcr/archive_contents/2021-05-20/SNV_E200K/PeakMetaData/G08.ddmetajson,polygon_control_hull_gates,control-derived convex-hull polygon gates,14409,14359,1054,13293,0,12,50,0,12,13305,ok,NA,"{""gate_source"":""control_anchored_polygon"",""min_hull_points"":30,""polygon_expansion"":1.03}"
2021-05-20_SNV_E200K,E200K,G11,17-31-hc,biological_sample,17_31_hc,2021-05-20,/mnt/c/Projects/prnp-somatic/raw/ddpcr/archive_contents/2021-05-20/SNV_E200K/PeakData/G11.ddpeakjson,/mnt/c/Projects/prnp-somatic/raw/ddpcr/archive_contents/2021-05-20/SNV_E200K/PeakMetaData/G11.ddmetajson,polygon_control_hull_gates,control-derived convex-hull polygon gates,16258,16229,2791,13420,1,17,29,0,18,13437,ok,NA,"{""gate_source"":""control_anchored_polygon"",""min_hull_points"":30,""polygon_expansion"":1.03}"
2021-05-20_SNV_E200K,E200K,H02,19-082-th,biological_sample,19_082_th,2021-05-20,/mnt/c/Projects/prnp-somatic/raw/ddpcr/archive_contents/2021-05-20/SNV_E200K/PeakData/H02.ddpeakjson,/mnt/c/Projects/prnp-somatic/raw/ddpcr/archive_contents/2021-05-20/SNV_E200K/PeakMetaData/H02.ddmetajson,polygon_control_hull_gates,control-derived convex-hull polygon gates,17671,17650,41,17580,0,29,21,0,29,17609,ok,NA,"{""gate_source"":""control_anchored_polygon"",""min_hull_points"":30,""polygon_expansion"":1.03}"
2021-05-20_SNV_E200K,E200K,H05,20-357-mdb,biological_sample,20_357_mdb,2021-05-20,/mnt/c/Projects/prnp-somatic/raw/ddpcr/archive_contents/2021-05-20/SNV_E200K/PeakData/H05.ddpeakjson,/mnt/c/Projects/prnp-somatic/raw/ddpcr/archive_contents/2021-05-20/SNV_E200K/PeakMetaData/H05.ddmetajson,polygon_control_hull_gates,control-derived convex-hull polygon gates,19535,19519,20,19463,0,36,16,0,36,19499,ok,NA,"{""gate_source"":""control_anchored_polygon"",""min_hull_points"":30,""polygon_expansion"":1.03}"
2021-05-20_SNV_E200K,E200K,H08,19-082-cau,biological_sample,19_082_cau,2021-05-20,/mnt/c/Projects/prnp-somatic/raw/ddpcr/archive_contents/2021-05-20/SNV_E200K/PeakData/H08.ddpeakjson,/mnt/c/Projects/prnp-somatic/raw/ddpcr/archive_contents/2021-05-20/SNV_E200K/PeakMetaData/H08.ddmetajson,polygon_control_hull_gates,control-derived convex-hull polygon gates,14276,14207,101,14094,0,12,69,0,12,14106,ok,NA,"{""gate_source"":""control_anchored_polygon"",""min_hull_points"":30,""polygon_expansion"":1.03}"
2021-05-20_SNV_E200K,E200K,H11,17-32-cb,biological_sample,17_32_cb,2021-05-20,/mnt/c/Projects/prnp-somatic/raw/ddpcr/archive_contents/2021-05-20/SNV_E200K/PeakData/H11.ddpeakjson,/mnt/c/Projects/prnp-somatic/raw/ddpcr/archive_contents/2021-05-20/SNV_E200K/PeakMetaData/H11.ddmetajson,polygon_control_hull_gates,control-derived convex-hull polygon gates,16661,16615,3514,13086,0,15,46,0,15,13101,ok,NA,"{""gate_source"":""control_anchored_polygon"",""min_hull_points"":30,""polygon_expansion"":1.03}"
2021-05-20_SNV_E200K,E200K,H12,17-11-cb,biological_sample,17_11_cb,2021-05-20,/mnt/c/Projects/prnp-somatic/raw/ddpcr/archive_contents/2021-05-20/SNV_E200K/PeakData/H12.ddpeakjson,/mnt/c/Projects/prnp-somatic/raw/ddpcr/archive_contents/2021-05-20/SNV_E200K/PeakMetaData/H12.ddmetajson,polygon_control_hull_gates,control-derived convex-hull polygon gates,17828,17650,4466,13169,0,15,178,0,15,13184,ok,NA,"{""gate_source"":""control_anchored_polygon"",""min_hull_points"":30,""polygon_expansion"":1.03}"
2021-10-25_SNV_E200K,E200K,A01,NTC,NTC,ntc,2021-10-25,/mnt/c/Projects/prnp-somatic/raw/ddpcr/archive_contents/2021-10-25/SNV_E200K/PeakData/A01.ddpeakjson,/mnt/c/Projects/prnp-somatic/raw/ddpcr/archive_contents/2021-10-25/SNV_E200K/PeakMetaData/A01.ddmetajson,polygon_control_hull_gates,control-derived convex-hull polygon gates,11328,11297,11295,1,0,1,31,0,1,2,ok,NA,"{""gate_source"":""control_anchored_polygon"",""min_hull_points"":30,""polygon_expansion"":1.03}"
2021-10-25_SNV_E200K,E200K,B01,WT,WT_control,wt,2021-10-25,/mnt/c/Projects/prnp-somatic/raw/ddpcr/archive_contents/2021-10-25/SNV_E200K/PeakData/B01.ddpeakjson,/mnt/c/Projects/prnp-somatic/raw/ddpcr/archive_contents/2021-10-25/SNV_E200K/PeakMetaData/B01.ddmetajson,polygon_control_hull_gates,control-derived convex-hull polygon gates,6306,6284,2005,4272,0,7,22,0,7,4279,ok,NA,"{""gate_source"":""control_anchored_polygon"",""min_hull_points"":30,""polygon_expansion"":1.03}"
2021-10-25_SNV_E200K,E200K,C01,E200K-mut,positive_control,,2021-10-25,/mnt/c/Projects/prnp-somatic/raw/ddpcr/archive_contents/2021-10-25/SNV_E200K/PeakData/C01.ddpeakjson,/mnt/c/Projects/prnp-somatic/raw/ddpcr/archive_contents/2021-10-25/SNV_E200K/PeakMetaData/C01.ddmetajson,polygon_control_hull_gates,control-derived convex-hull polygon gates,7050,7005,3313,1602,1443,647,45,0,2090,2249,ok,NA,"{""gate_source"":""control_anchored_polygon"",""min_hull_points"":30,""polygon_expansion"":1.03}"
2021-10-25_SNV_E200K,E200K,D01,17-34-cb,biological_sample,17_34_cb,2021-10-25,/mnt/c/Projects/prnp-somatic/raw/ddpcr/archive_contents/2021-10-25/SNV_E200K/PeakData/D01.ddpeakjson,/mnt/c/Projects/prnp-somatic/raw/ddpcr/archive_contents/2021-10-25/SNV_E200K/PeakMetaData/D01.ddmetajson,polygon_control_hull_gates,control-derived convex-hull polygon gates,13950,13905,4417,9485,0,3,45,0,3,9488,ok,NA,"{""gate_source"":""control_anchored_polygon"",""min_hull_points"":30,""polygon_expansion"":1.03}"
2020-12-01_SNV_P102L,P102L,A01,17-34_bg,biological_sample,17_34_bg,2020-12-01,/mnt/c/Projects/prnp-somatic/raw/ddpcr/archive_contents/2020-12-01/SNV_P102L/PeakData/A01.ddpeakjson,/mnt/c/Projects/prnp-somatic/raw/ddpcr/archive_contents/2020-12-01/SNV_P102L/PeakMetaData/A01.ddmetajson,polygon_control_hull_gates,control-derived convex-hull polygon gates,14870,14088,756,13331,0,1,782,0,1,13332,ok,NA,"{""gate_source"":""control_anchored_polygon"",""min_hull_points"":30,""polygon_expansion"":1.03}"
2020-12-01_SNV_P102L,P102L,A04,17-13_bg,biological_sample,17_13_bg,2020-12-01,/mnt/c/Projects/prnp-somatic/raw/ddpcr/archive_contents/2020-12-01/SNV_P102L/PeakData/A04.ddpeakjson,/mnt/c/Projects/prnp-somatic/raw/ddpcr/archive_contents/2020-12-01/SNV_P102L/PeakMetaData/A04.ddmetajson,polygon_control_hull_gates,control-derived convex-hull polygon gates,13725,13246,18,13226,0,2,479,0,2,13228,ok,NA,"{""gate_source"":""control_anchored_polygon"",""min_hull_points"":30,""polygon_expansion"":1.03}"
2020-12-01_SNV_P102L,P102L,A05,18-5_bg,biological_sample,18_5_bg,2020-12-01,/mnt/c/Projects/prnp-somatic/raw/ddpcr/archive_contents/2020-12-01/SNV_P102L/PeakData/A05.ddpeakjson,/mnt/c/Projects/prnp-somatic/raw/ddpcr/archive_contents/2020-12-01/SNV_P102L/PeakMetaData/A05.ddmetajson,polygon_control_hull_gates,control-derived convex-hull polygon gates,12989,12905,5210,7692,0,3,84,0,3,7695,ok,NA,"{""gate_source"":""control_anchored_polygon"",""min_hull_points"":30,""polygon_expansion"":1.03}"
2020-12-01_SNV_P102L,P102L,A06,18-1_bg,biological_sample,18_1_bg,2020-12-01,/mnt/c/Projects/prnp-somatic/raw/ddpcr/archive_contents/2020-12-01/SNV_P102L/PeakData/A06.ddpeakjson,/mnt/c/Projects/prnp-somatic/raw/ddpcr/archive_contents/2020-12-01/SNV_P102L/PeakMetaData/A06.ddmetajson,polygon_control_hull_gates,control-derived convex-hull polygon gates,15577,15427,316,15104,0,7,150,0,7,15111,ok,NA,"{""gate_source"":""control_anchored_polygon"",""min_hull_points"":30,""polygon_expansion"":1.03}"
2020-12-01_SNV_P102L,P102L,A08,17-30_bg,biological_sample,17_30_bg,2020-12-01,/mnt/c/Projects/prnp-somatic/raw/ddpcr/archive_contents/2020-12-01/SNV_P102L/PeakData/A08.ddpeakjson,/mnt/c/Projects/prnp-somatic/raw/ddpcr/archive_contents/2020-12-01/SNV_P102L/PeakMetaData/A08.ddmetajson,polygon_control_hull_gates,control-derived convex-hull polygon gates,15805,15649,169,15479,0,1,156,0,1,15480,ok,NA,"{""gate_source"":""control_anchored_polygon"",""min_hull_points"":30,""polygon_expansion"":1.03}"
2020-12-01_SNV_P102L,P102L,A09,17-20_bg,biological_sample,17_20_bg,2020-12-01,/mnt/c/Projects/prnp-somatic/raw/ddpcr/archive_contents/2020-12-01/SNV_P102L/PeakData/A09.ddpeakjson,/mnt/c/Projects/prnp-somatic/raw/ddpcr/archive_contents/2020-12-01/SNV_P102L/PeakMetaData/A09.ddmetajson,polygon_control_hull_gates,control-derived convex-hull polygon gates,18805,18735,72,18659,0,4,70,0,4,18663,ok,NA,"{""gate_source"":""control_anchored_polygon"",""min_hull_points"":30,""polygon_expansion"":1.03}"
2020-12-01_SNV_P102L,P102L,A10,18-31_sn,biological_sample,18_31_sn,2020-12-01,/mnt/c/Projects/prnp-somatic/raw/ddpcr/archive_contents/2020-12-01/SNV_P102L/PeakData/A10.ddpeakjson,/mnt/c/Projects/prnp-somatic/raw/ddpcr/archive_contents/2020-12-01/SNV_P102L/PeakMetaData/A10.ddmetajson,polygon_control_hull_gates,control-derived convex-hull polygon gates,16991,16954,112,16833,0,9,37,0,9,16842,ok,NA,"{""gate_source"":""control_anchored_polygon"",""min_hull_points"":30,""polygon_expansion"":1.03}"
2020-12-01_SNV_P102L,P102L,A11,17-8_bg,biological_sample,17_8_bg,2020-12-01,/mnt/c/Projects/prnp-somatic/raw/ddpcr/archive_contents/2020-12-01/SNV_P102L/PeakData/A11.ddpeakjson,/mnt/c/Projects/prnp-somatic/raw/ddpcr/archive_contents/2020-12-01/SNV_P102L/PeakMetaData/A11.ddmetajson,polygon_control_hull_gates,control-derived convex-hull polygon gates,17974,17911,13,17898,0,0,63,0,0,17898,ok,NA,"{""gate_source"":""control_anchored_polygon"",""min_hull_points"":30,""polygon_expansion"":1.03}"
2020-12-01_SNV_P102L,P102L,A12,NTC,NTC,ntc,2020-12-01,/mnt/c/Projects/prnp-somatic/raw/ddpcr/archive_contents/2020-12-01/SNV_P102L/PeakData/A12.ddpeakjson,/mnt/c/Projects/prnp-somatic/raw/ddpcr/archive_contents/2020-12-01/SNV_P102L/PeakMetaData/A12.ddmetajson,polygon_control_hull_gates,control-derived convex-hull polygon gates,17860,17858,17856,2,0,0,2,0,0,2,ok,NA,"{""gate_source"":""control_anchored_polygon"",""min_hull_points"":30,""polygon_expansion"":1.03}"
2020-12-01_SNV_P102L,P102L,B04,17-13_cb,biological_sample,17_13_cb,2020-12-01,/mnt/c/Projects/prnp-somatic/raw/ddpcr/archive_contents/2020-12-01/SNV_P102L/PeakData/B04.ddpeakjson,/mnt/c/Projects/prnp-somatic/raw/ddpcr/archive_contents/2020-12-01/SNV_P102L/PeakMetaData/B04.ddmetajson,polygon_control_hull_gates,control-derived convex-hull polygon gates,14841,14706,17,14687,0,2,135,0,2,14689,ok,NA,"{""gate_source"":""control_anchored_polygon"",""min_hull_points"":30,""polygon_expansion"":1.03}"
2020-12-01_SNV_P102L,P102L,B05,18-5_cb,biological_sample,18_5_cb,2020-12-01,/mnt/c/Projects/prnp-somatic/raw/ddpcr/archive_contents/2020-12-01/SNV_P102L/PeakData/B05.ddpeakjson,/mnt/c/Projects/prnp-somatic/raw/ddpcr/archive_contents/2020-12-01/SNV_P102L/PeakMetaData/B05.ddmetajson,polygon_control_hull_gates,control-derived convex-hull polygon gates,15262,15194,115,15077,0,2,68,0,2,15079,ok,NA,"{""gate_source"":""control_anchored_polygon"",""min_hull_points"":30,""polygon_expansion"":1.03}"
2020-12-01_SNV_P102L,P102L,B06,18-1_cb,biological_sample,18_1_cb,2020-12-01,/mnt/c/Projects/prnp-somatic/raw/ddpcr/archive_contents/2020-12-01/SNV_P102L/PeakData/B06.ddpeakjson,/mnt/c/Projects/prnp-somatic/raw/ddpcr/archive_contents/2020-12-01/SNV_P102L/PeakMetaData/B06.ddmetajson,polygon_control_hull_gates,control-derived convex-hull polygon gates,15497,15316,1686,13627,0,3,181,0,3,13630,ok,NA,"{""gate_source"":""control_anchored_polygon"",""min_hull_points"":30,""polygon_expansion"":1.03}"
2020-12-01_SNV_P102L,P102L,B08,17-30_fr,biological_sample,17_30_fr,2020-12-01,/mnt/c/Projects/prnp-somatic/raw/ddpcr/archive_contents/2020-12-01/SNV_P102L/PeakData/B08.ddpeakjson,/mnt/c/Projects/prnp-somatic/raw/ddpcr/archive_contents/2020-12-01/SNV_P102L/PeakMetaData/B08.ddmetajson,polygon_control_hull_gates,control-derived convex-hull polygon gates,15228,14884,735,14149,0,0,344,0,0,14149,ok,NA,"{""gate_source"":""control_anchored_polygon"",""min_hull_points"":30,""polygon_expansion"":1.03}"
2020-12-01_SNV_P102L,P102L,B09,17-20_cb,biological_sample,17_20_cb,2020-12-01,/mnt/c/Projects/prnp-somatic/raw/ddpcr/archive_contents/2020-12-01/SNV_P102L/PeakData/B09.ddpeakjson,/mnt/c/Projects/prnp-somatic/raw/ddpcr/archive_contents/2020-12-01/SNV_P102L/PeakMetaData/B09.ddmetajson,polygon_control_hull_gates,control-derived convex-hull polygon gates,17728,17698,58,17639,0,1,30,0,1,17640,ok,NA,"{""gate_source"":""control_anchored_polygon"",""min_hull_points"":30,""polygon_expansion"":1.03}"
2020-12-01_SNV_P102L,P102L,B10,18-31_th,biological_sample,18_31_th,2020-12-01,/mnt/c/Projects/prnp-somatic/raw/ddpcr/archive_contents/2020-12-01/SNV_P102L/PeakData/B10.ddpeakjson,/mnt/c/Projects/prnp-somatic/raw/ddpcr/archive_contents/2020-12-01/SNV_P102L/PeakMetaData/B10.ddmetajson,polygon_control_hull_gates,control-derived convex-hull polygon gates,15685,15662,292,15362,0,8,23,0,8,15370,ok,NA,"{""gate_source"":""control_anchored_polygon"",""min_hull_points"":30,""polygon_expansion"":1.03}"
2020-12-01_SNV_P102L,P102L,B11,17-8_cb,biological_sample,17_8_cb,2020-12-01,/mnt/c/Projects/prnp-somatic/raw/ddpcr/archive_contents/2020-12-01/SNV_P102L/PeakData/B11.ddpeakjson,/mnt/c/Projects/prnp-somatic/raw/ddpcr/archive_contents/2020-12-01/SNV_P102L/PeakMetaData/B11.ddmetajson,polygon_control_hull_gates,control-derived convex-hull polygon gates,16154,16124,3,16121,0,0,30,0,0,16121,ok,NA,"{""gate_source"":""control_anchored_polygon"",""min_hull_points"":30,""polygon_expansion"":1.03}"
2020-12-01_SNV_P102L,P102L,B12,WT,WT_control,wt,2020-12-01,/mnt/c/Projects/prnp-somatic/raw/ddpcr/archive_contents/2020-12-01/SNV_P102L/PeakData/B12.ddpeakjson,/mnt/c/Projects/prnp-somatic/raw/ddpcr/archive_contents/2020-12-01/SNV_P102L/PeakMetaData/B12.ddmetajson,polygon_control_hull_gates,control-derived convex-hull polygon gates,15419,15228,3081,12147,0,0,191,0,0,12147,ok,NA,"{""gate_source"":""control_anchored_polygon"",""min_hull_points"":30,""polygon_expansion"":1.03}"
2020-12-01_SNV_P102L,P102L,C01,17-34_fr,biological_sample,17_34_fr,2020-12-01,/mnt/c/Projects/prnp-somatic/raw/ddpcr/archive_contents/2020-12-01/SNV_P102L/PeakData/C01.ddpeakjson,/mnt/c/Projects/prnp-somatic/raw/ddpcr/archive_contents/2020-12-01/SNV_P102L/PeakMetaData/C01.ddmetajson,polygon_control_hull_gates,control-derived convex-hull polygon gates,13361,12914,332,12581,0,1,447,0,1,12582,ok,NA,"{""gate_source"":""control_anchored_polygon"",""min_hull_points"":30,""polygon_expansion"":1.03}"
2020-12-01_SNV_P102L,P102L,C04,17-13_hc,biological_sample,17_13_hc,2020-12-01,/mnt/c/Projects/prnp-somatic/raw/ddpcr/archive_contents/2020-12-01/SNV_P102L/PeakData/C04.ddpeakjson,/mnt/c/Projects/prnp-somatic/raw/ddpcr/archive_contents/2020-12-01/SNV_P102L/PeakMetaData/C04.ddmetajson,polygon_control_hull_gates,control-derived convex-hull polygon gates,15052,14628,221,14407,0,0,424,0,0,14407,ok,NA,"{""gate_source"":""control_anchored_polygon"",""min_hull_points"":30,""polygon_expansion"":1.03}"
2020-12-01_SNV_P102L,P102L,C05,18-5_fr,biological_sample,18_5_fr,2020-12-01,/mnt/c/Projects/prnp-somatic/raw/ddpcr/archive_contents/2020-12-01/SNV_P102L/PeakData/C05.ddpeakjson,/mnt/c/Projects/prnp-somatic/raw/ddpcr/archive_contents/2020-12-01/SNV_P102L/PeakMetaData/C05.ddmetajson,polygon_control_hull_gates,control-derived convex-hull polygon gates,16432,16225,1209,15015,0,1,207,0,1,15016,ok,NA,"{""gate_source"":""control_anchored_polygon"",""min_hull_points"":30,""polygon_expansion"":1.03}"
2020-12-01_SNV_P102L,P102L,C06,18-1_fr,biological_sample,18_1_fr,2020-12-01,/mnt/c/Projects/prnp-somatic/raw/ddpcr/archive_contents/2020-12-01/SNV_P102L/PeakData/C06.ddpeakjson,/mnt/c/Projects/prnp-somatic/raw/ddpcr/archive_contents/2020-12-01/SNV_P102L/PeakMetaData/C06.ddmetajson,polygon_control_hull_gates,control-derived convex-hull polygon gates,15141,14927,474,14447,0,6,214,0,6,14453,ok,NA,"{""gate_source"":""control_anchored_polygon"",""min_hull_points"":30,""polygon_expansion"":1.03}"
2020-12-01_SNV_P102L,P102L,C08,17-30_hc,biological_sample,17_30_hc,2020-12-01,/mnt/c/Projects/prnp-somatic/raw/ddpcr/archive_contents/2020-12-01/SNV_P102L/PeakData/C08.ddpeakjson,/mnt/c/Projects/prnp-somatic/raw/ddpcr/archive_contents/2020-12-01/SNV_P102L/PeakMetaData/C08.ddmetajson,polygon_control_hull_gates,control-derived convex-hull polygon gates,15425,15321,2210,13105,0,6,104,0,6,13111,ok,NA,"{""gate_source"":""control_anchored_polygon"",""min_hull_points"":30,""polygon_expansion"":1.03}"
2020-12-01_SNV_P102L,P102L,C09,17-20_fr,biological_sample,17_20_fr,2020-12-01,/mnt/c/Projects/prnp-somatic/raw/ddpcr/archive_contents/2020-12-01/SNV_P102L/PeakData/C09.ddpeakjson,/mnt/c/Projects/prnp-somatic/raw/ddpcr/archive_contents/2020-12-01/SNV_P102L/PeakMetaData/C09.ddmetajson,polygon_control_hull_gates,control-derived convex-hull polygon gates,17124,17079,60,17016,0,3,45,0,3,17019,ok,NA,"{""gate_source"":""control_anchored_polygon"",""min_hull_points"":30,""polygon_expansion"":1.03}"
2020-12-01_SNV_P102L,P102L,C12,P102L-mut,positive_control,,2020-12-01,/mnt/c/Projects/prnp-somatic/raw/ddpcr/archive_contents/2020-12-01/SNV_P102L/PeakData/C12.ddpeakjson,/mnt/c/Projects/prnp-somatic/raw/ddpcr/archive_contents/2020-12-01/SNV_P102L/PeakMetaData/C12.ddmetajson,polygon_control_hull_gates,control-derived convex-hull polygon gates,17693,17619,13666,1849,1863,241,74,0,2104,2090,ok,NA,"{""gate_source"":""control_anchored_polygon"",""min_hull_points"":30,""polygon_expansion"":1.03}"
2020-12-01_SNV_P102L,P102L,D01,17-34_sn,biological_sample,17_34_sn,2020-12-01,/mnt/c/Projects/prnp-somatic/raw/ddpcr/archive_contents/2020-12-01/SNV_P102L/PeakData/D01.ddpeakjson,/mnt/c/Projects/prnp-somatic/raw/ddpcr/archive_contents/2020-12-01/SNV_P102L/PeakMetaData/D01.ddmetajson,polygon_control_hull_gates,control-derived convex-hull polygon gates,14349,14053,174,13879,0,0,296,0,0,13879,ok,NA,"{""gate_source"":""control_anchored_polygon"",""min_hull_points"":30,""polygon_expansion"":1.03}"
2020-12-01_SNV_P102L,P102L,D02,17-5_cb,biological_sample,17_5_cb,2020-12-01,/mnt/c/Projects/prnp-somatic/raw/ddpcr/archive_contents/2020-12-01/SNV_P102L/PeakData/D02.ddpeakjson,/mnt/c/Projects/prnp-somatic/raw/ddpcr/archive_contents/2020-12-01/SNV_P102L/PeakMetaData/D02.ddmetajson,polygon_control_hull_gates,control-derived convex-hull polygon gates,14783,14500,188,14312,0,0,283,0,0,14312,ok,NA,"{""gate_source"":""control_anchored_polygon"",""min_hull_points"":30,""polygon_expansion"":1.03}"
2020-12-01_SNV_P102L,P102L,D04,17-13_sn,biological_sample,17_13_sn,2020-12-01,/mnt/c/Projects/prnp-somatic/raw/ddpcr/archive_contents/2020-12-01/SNV_P102L/PeakData/D04.ddpeakjson,/mnt/c/Projects/prnp-somatic/raw/ddpcr/archive_contents/2020-12-01/SNV_P102L/PeakMetaData/D04.ddmetajson,polygon_control_hull_gates,control-derived convex-hull polygon gates,11897,11506,475,11031,0,0,391,0,0,11031,ok,NA,"{""gate_source"":""control_anchored_polygon"",""min_hull_points"":30,""polygon_expansion"":1.03}"
2020-12-01_SNV_P102L,P102L,D05,18-5_hc,biological_sample,18_5_hc,2020-12-01,/mnt/c/Projects/prnp-somatic/raw/ddpcr/archive_contents/2020-12-01/SNV_P102L/PeakData/D05.ddpeakjson,/mnt/c/Projects/prnp-somatic/raw/ddpcr/archive_contents/2020-12-01/SNV_P102L/PeakMetaData/D05.ddmetajson,polygon_control_hull_gates,control-derived convex-hull polygon gates,14883,14725,367,14354,0,4,158,0,4,14358,ok,NA,"{""gate_source"":""control_anchored_polygon"",""min_hull_points"":30,""polygon_expansion"":1.03}"
2020-12-01_SNV_P102L,P102L,D06,18-1_hc,biological_sample,18_1_hc,2020-12-01,/mnt/c/Projects/prnp-somatic/raw/ddpcr/archive_contents/2020-12-01/SNV_P102L/PeakData/D06.ddpeakjson,/mnt/c/Projects/prnp-somatic/raw/ddpcr/archive_contents/2020-12-01/SNV_P102L/PeakMetaData/D06.ddmetajson,polygon_control_hull_gates,control-derived convex-hull polygon gates,13932,13804,88,13716,0,0,128,0,0,13716,ok,NA,"{""gate_source"":""control_anchored_polygon"",""min_hull_points"":30,""polygon_expansion"":1.03}"
2020-12-01_SNV_P102L,P102L,D07,17-32_hc,biological_sample,17_32_hc,2020-12-01,/mnt/c/Projects/prnp-somatic/raw/ddpcr/archive_contents/2020-12-01/SNV_P102L/PeakData/D07.ddpeakjson,/mnt/c/Projects/prnp-somatic/raw/ddpcr/archive_contents/2020-12-01/SNV_P102L/PeakMetaData/D07.ddmetajson,polygon_control_hull_gates,control-derived convex-hull polygon gates,15321,15142,112,15029,0,1,179,0,1,15030,ok,NA,"{""gate_source"":""control_anchored_polygon"",""min_hull_points"":30,""polygon_expansion"":1.03}"
2020-12-01_SNV_P102L,P102L,D08,17-30_sn,biological_sample,17_30_sn,2020-12-01,/mnt/c/Projects/prnp-somatic/raw/ddpcr/archive_contents/2020-12-01/SNV_P102L/PeakData/D08.ddpeakjson,/mnt/c/Projects/prnp-somatic/raw/ddpcr/archive_contents/2020-12-01/SNV_P102L/PeakMetaData/D08.ddmetajson,polygon_control_hull_gates,control-derived convex-hull polygon gates,14775,14680,142,14527,0,11,95,0,11,14538,ok,NA,"{""gate_source"":""control_anchored_polygon"",""min_hull_points"":30,""polygon_expansion"":1.03}"
2020-12-01_SNV_P102L,P102L,D09,17-20_sn,biological_sample,17_20_sn,2020-12-01,/mnt/c/Projects/prnp-somatic/raw/ddpcr/archive_contents/2020-12-01/SNV_P102L/PeakData/D09.ddpeakjson,/mnt/c/Projects/prnp-somatic/raw/ddpcr/archive_contents/2020-12-01/SNV_P102L/PeakMetaData/D09.ddmetajson,polygon_control_hull_gates,control-derived convex-hull polygon gates,17541,17522,370,17143,0,9,19,0,9,17152,ok,NA,"{""gate_source"":""control_anchored_polygon"",""min_hull_points"":30,""polygon_expansion"":1.03}"
2020-12-01_SNV_P102L,P102L,E01,17-34-th,biological_sample,17_34_th,2020-12-01,/mnt/c/Projects/prnp-somatic/raw/ddpcr/archive_contents/2020-12-01/SNV_P102L/PeakData/E01.ddpeakjson,/mnt/c/Projects/prnp-somatic/raw/ddpcr/archive_contents/2020-12-01/SNV_P102L/PeakMetaData/E01.ddmetajson,polygon_control_hull_gates,control-derived convex-hull polygon gates,12533,12390,138,12250,0,2,143,0,2,12252,ok,NA,"{""gate_source"":""control_anchored_polygon"",""min_hull_points"":30,""polygon_expansion"":1.03}"
2020-12-01_SNV_P102L,P102L,E02,17-5_fr,biological_sample,17_5_fr,2020-12-01,/mnt/c/Projects/prnp-somatic/raw/ddpcr/archive_contents/2020-12-01/SNV_P102L/PeakData/E02.ddpeakjson,/mnt/c/Projects/prnp-somatic/raw/ddpcr/archive_contents/2020-12-01/SNV_P102L/PeakMetaData/E02.ddmetajson,polygon_control_hull_gates,control-derived convex-hull polygon gates,14639,14052,141,13911,0,0,587,0,0,13911,ok,NA,"{""gate_source"":""control_anchored_polygon"",""min_hull_points"":30,""polygon_expansion"":1.03}"
2020-12-01_SNV_P102L,P102L,E04,17-13_th,biological_sample,17_13_th,2020-12-01,/mnt/c/Projects/prnp-somatic/raw/ddpcr/archive_contents/2020-12-01/SNV_P102L/PeakData/E04.ddpeakjson,/mnt/c/Projects/prnp-somatic/raw/ddpcr/archive_contents/2020-12-01/SNV_P102L/PeakMetaData/E04.ddmetajson,polygon_control_hull_gates,control-derived convex-hull polygon gates,13930,13344,932,12409,0,3,586,0,3,12412,ok,NA,"{""gate_source"":""control_anchored_polygon"",""min_hull_points"":30,""polygon_expansion"":1.03}"
2020-12-01_SNV_P102L,P102L,E05,18-5_sn,biological_sample,18_5_sn,2020-12-01,/mnt/c/Projects/prnp-somatic/raw/ddpcr/archive_contents/2020-12-01/SNV_P102L/PeakData/E05.ddpeakjson,/mnt/c/Projects/prnp-somatic/raw/ddpcr/archive_contents/2020-12-01/SNV_P102L/PeakMetaData/E05.ddmetajson,polygon_control_hull_gates,control-derived convex-hull polygon gates,15400,15138,499,14639,0,0,262,0,0,14639,ok,NA,"{""gate_source"":""control_anchored_polygon"",""min_hull_points"":30,""polygon_expansion"":1.03}"
2020-12-01_SNV_P102L,P102L,E06,17-31_bg,biological_sample,17_31_bg,2020-12-01,/mnt/c/Projects/prnp-somatic/raw/ddpcr/archive_contents/2020-12-01/SNV_P102L/PeakData/E06.ddpeakjson,/mnt/c/Projects/prnp-somatic/raw/ddpcr/archive_contents/2020-12-01/SNV_P102L/PeakMetaData/E06.ddmetajson,polygon_control_hull_gates,control-derived convex-hull polygon gates,13222,12805,629,12172,0,4,417,0,4,12176,ok,NA,"{""gate_source"":""control_anchored_polygon"",""min_hull_points"":30,""polygon_expansion"":1.03}"
2020-12-01_SNV_P102L,P102L,E07,17-32_sn,biological_sample,17_32_sn,2020-12-01,/mnt/c/Projects/prnp-somatic/raw/ddpcr/archive_contents/2020-12-01/SNV_P102L/PeakData/E07.ddpeakjson,/mnt/c/Projects/prnp-somatic/raw/ddpcr/archive_contents/2020-12-01/SNV_P102L/PeakMetaData/E07.ddmetajson,polygon_control_hull_gates,control-derived convex-hull polygon gates,14049,13852,349,13503,0,0,197,0,0,13503,ok,NA,"{""gate_source"":""control_anchored_polygon"",""min_hull_points"":30,""polygon_expansion"":1.03}"
2020-12-01_SNV_P102L,P102L,E08,17-30_th,biological_sample,17_30_th,2020-12-01,/mnt/c/Projects/prnp-somatic/raw/ddpcr/archive_contents/2020-12-01/SNV_P102L/PeakData/E08.ddpeakjson,/mnt/c/Projects/prnp-somatic/raw/ddpcr/archive_contents/2020-12-01/SNV_P102L/PeakMetaData/E08.ddmetajson,polygon_control_hull_gates,control-derived convex-hull polygon gates,16216,15998,1239,14754,1,4,218,0,5,14758,ok,NA,"{""gate_source"":""control_anchored_polygon"",""min_hull_points"":30,""polygon_expansion"":1.03}"
2020-12-01_SNV_P102L,P102L,E09,17-20_th,biological_sample,17_20_th,2020-12-01,/mnt/c/Projects/prnp-somatic/raw/ddpcr/archive_contents/2020-12-01/SNV_P102L/PeakData/E09.ddpeakjson,/mnt/c/Projects/prnp-somatic/raw/ddpcr/archive_contents/2020-12-01/SNV_P102L/PeakMetaData/E09.ddmetajson,polygon_control_hull_gates,control-derived convex-hull polygon gates,17907,17859,1098,16747,0,14,48,0,14,16761,ok,NA,"{""gate_source"":""control_anchored_polygon"",""min_hull_points"":30,""polygon_expansion"":1.03}"
2020-12-01_SNV_P102L,P102L,F02,17-5_th,biological_sample,17_5_th,2020-12-01,/mnt/c/Projects/prnp-somatic/raw/ddpcr/archive_contents/2020-12-01/SNV_P102L/PeakData/F02.ddpeakjson,/mnt/c/Projects/prnp-somatic/raw/ddpcr/archive_contents/2020-12-01/SNV_P102L/PeakMetaData/F02.ddmetajson,polygon_control_hull_gates,control-derived convex-hull polygon gates,14197,13838,270,13565,0,3,359,0,3,13568,ok,NA,"{""gate_source"":""control_anchored_polygon"",""min_hull_points"":30,""polygon_expansion"":1.03}"
2020-12-01_SNV_P102L,P102L,F04,17-15_cb,biological_sample,17_15_cb,2020-12-01,/mnt/c/Projects/prnp-somatic/raw/ddpcr/archive_contents/2020-12-01/SNV_P102L/PeakData/F04.ddpeakjson,/mnt/c/Projects/prnp-somatic/raw/ddpcr/archive_contents/2020-12-01/SNV_P102L/PeakMetaData/F04.ddmetajson,polygon_control_hull_gates,control-derived convex-hull polygon gates,14154,13615,598,13017,0,0,539,0,0,13017,ok,NA,"{""gate_source"":""control_anchored_polygon"",""min_hull_points"":30,""polygon_expansion"":1.03}"
2020-12-01_SNV_P102L,P102L,F05,18-5_th,biological_sample,18_5_th,2020-12-01,/mnt/c/Projects/prnp-somatic/raw/ddpcr/archive_contents/2020-12-01/SNV_P102L/PeakData/F05.ddpeakjson,/mnt/c/Projects/prnp-somatic/raw/ddpcr/archive_contents/2020-12-01/SNV_P102L/PeakMetaData/F05.ddmetajson,polygon_control_hull_gates,control-derived convex-hull polygon gates,16408,16257,502,15751,0,4,151,0,4,15755,ok,NA,"{""gate_source"":""control_anchored_polygon"",""min_hull_points"":30,""polygon_expansion"":1.03}"
2020-12-01_SNV_P102L,P102L,F06,17-31_hc,biological_sample,17_31_hc,2020-12-01,/mnt/c/Projects/prnp-somatic/raw/ddpcr/archive_contents/2020-12-01/SNV_P102L/PeakData/F06.ddpeakjson,/mnt/c/Projects/prnp-somatic/raw/ddpcr/archive_contents/2020-12-01/SNV_P102L/PeakMetaData/F06.ddmetajson,polygon_control_hull_gates,control-derived convex-hull polygon gates,15459,15340,175,15159,0,6,119,0,6,15165,ok,NA,"{""gate_source"":""control_anchored_polygon"",""min_hull_points"":30,""polygon_expansion"":1.03}"
2020-12-01_SNV_P102L,P102L,F07,17-32_th,biological_sample,17_32_th,2020-12-01,/mnt/c/Projects/prnp-somatic/raw/ddpcr/archive_contents/2020-12-01/SNV_P102L/PeakData/F07.ddpeakjson,/mnt/c/Projects/prnp-somatic/raw/ddpcr/archive_contents/2020-12-01/SNV_P102L/PeakMetaData/F07.ddmetajson,polygon_control_hull_gates,control-derived convex-hull polygon gates,14516,14393,216,14169,0,8,123,0,8,14177,ok,NA,"{""gate_source"":""control_anchored_polygon"",""min_hull_points"":30,""polygon_expansion"":1.03}"
2020-12-01_SNV_P102L,P102L,G06,17-31_sn,biological_sample,17_31_sn,2020-12-01,/mnt/c/Projects/prnp-somatic/raw/ddpcr/archive_contents/2020-12-01/SNV_P102L/PeakData/G06.ddpeakjson,/mnt/c/Projects/prnp-somatic/raw/ddpcr/archive_contents/2020-12-01/SNV_P102L/PeakMetaData/G06.ddmetajson,polygon_control_hull_gates,control-derived convex-hull polygon gates,12096,11512,1048,10464,0,0,584,0,0,10464,ok,NA,"{""gate_source"":""control_anchored_polygon"",""min_hull_points"":30,""polygon_expansion"":1.03}"
2020-12-01_SNV_P102L,P102L,H06,17-31_th,biological_sample,17_31_th,2020-12-01,/mnt/c/Projects/prnp-somatic/raw/ddpcr/archive_contents/2020-12-01/SNV_P102L/PeakData/H06.ddpeakjson,/mnt/c/Projects/prnp-somatic/raw/ddpcr/archive_contents/2020-12-01/SNV_P102L/PeakMetaData/H06.ddmetajson,polygon_control_hull_gates,control-derived convex-hull polygon gates,14646,14449,429,14014,0,6,197,0,6,14020,ok,NA,"{""gate_source"":""control_anchored_polygon"",""min_hull_points"":30,""polygon_expansion"":1.03}"
2021-01-26_SNV_P102L,P102L,A03,NTC,NTC,ntc,2021-01-26,/mnt/c/Projects/prnp-somatic/raw/ddpcr/archive_contents/2021-01-26/SNV_P102L/PeakData/A03.ddpeakjson,/mnt/c/Projects/prnp-somatic/raw/ddpcr/archive_contents/2021-01-26/SNV_P102L/PeakMetaData/A03.ddmetajson,polygon_control_hull_gates,control-derived convex-hull polygon gates,14644,14395,14395,0,0,0,249,0,0,0,ok,NA,"{""gate_source"":""control_anchored_polygon"",""min_hull_points"":30,""polygon_expansion"":1.03}"
2021-01-26_SNV_P102L,P102L,A06,924486-th,biological_sample,924486_th,2021-01-26,/mnt/c/Projects/prnp-somatic/raw/ddpcr/archive_contents/2021-01-26/SNV_P102L/PeakData/A06.ddpeakjson,/mnt/c/Projects/prnp-somatic/raw/ddpcr/archive_contents/2021-01-26/SNV_P102L/PeakMetaData/A06.ddmetajson,polygon_control_hull_gates,control-derived convex-hull polygon gates,14840,14502,1750,12749,0,3,338,0,3,12752,ok,NA,"{""gate_source"":""control_anchored_polygon"",""min_hull_points"":30,""polygon_expansion"":1.03}"
2021-01-26_SNV_P102L,P102L,A09,955427-bg,biological_sample,955427_bg,2021-01-26,/mnt/c/Projects/prnp-somatic/raw/ddpcr/archive_contents/2021-01-26/SNV_P102L/PeakData/A09.ddpeakjson,/mnt/c/Projects/prnp-somatic/raw/ddpcr/archive_contents/2021-01-26/SNV_P102L/PeakMetaData/A09.ddmetajson,polygon_control_hull_gates,control-derived convex-hull polygon gates,14767,14585,740,13843,1,1,182,0,2,13844,ok,NA,"{""gate_source"":""control_anchored_polygon"",""min_hull_points"":30,""polygon_expansion"":1.03}"
2021-01-26_SNV_P102L,P102L,B03,P102L-mut,positive_control,,2021-01-26,/mnt/c/Projects/prnp-somatic/raw/ddpcr/archive_contents/2021-01-26/SNV_P102L/PeakData/B03.ddpeakjson,/mnt/c/Projects/prnp-somatic/raw/ddpcr/archive_contents/2021-01-26/SNV_P102L/PeakMetaData/B03.ddmetajson,polygon_control_hull_gates,control-derived convex-hull polygon gates,15329,14967,10776,2014,1764,413,362,0,2177,2427,ok,NA,"{""gate_source"":""control_anchored_polygon"",""min_hull_points"":30,""polygon_expansion"":1.03}"
2021-01-26_SNV_P102L,P102L,B06,953891-bg,biological_sample,953891_bg,2021-01-26,/mnt/c/Projects/prnp-somatic/raw/ddpcr/archive_contents/2021-01-26/SNV_P102L/PeakData/B06.ddpeakjson,/mnt/c/Projects/prnp-somatic/raw/ddpcr/archive_contents/2021-01-26/SNV_P102L/PeakMetaData/B06.ddmetajson,polygon_control_hull_gates,control-derived convex-hull polygon gates,15841,15503,786,14715,0,2,338,0,2,14717,ok,NA,"{""gate_source"":""control_anchored_polygon"",""min_hull_points"":30,""polygon_expansion"":1.03}"
2021-01-26_SNV_P102L,P102L,B09,955427-cb,biological_sample,955427_cb,2021-01-26,/mnt/c/Projects/prnp-somatic/raw/ddpcr/archive_contents/2021-01-26/SNV_P102L/PeakData/B09.ddpeakjson,/mnt/c/Projects/prnp-somatic/raw/ddpcr/archive_contents/2021-01-26/SNV_P102L/PeakMetaData/B09.ddmetajson,polygon_control_hull_gates,control-derived convex-hull polygon gates,13644,13516,517,12999,0,0,128,0,0,12999,ok,NA,"{""gate_source"":""control_anchored_polygon"",""min_hull_points"":30,""polygon_expansion"":1.03}"
2021-01-26_SNV_P102L,P102L,C03,WT,WT_control,wt,2021-01-26,/mnt/c/Projects/prnp-somatic/raw/ddpcr/archive_contents/2021-01-26/SNV_P102L/PeakData/C03.ddpeakjson,/mnt/c/Projects/prnp-somatic/raw/ddpcr/archive_contents/2021-01-26/SNV_P102L/PeakMetaData/C03.ddmetajson,polygon_control_hull_gates,control-derived convex-hull polygon gates,16381,15276,2686,12589,0,1,1105,0,1,12590,ok,NA,"{""gate_source"":""control_anchored_polygon"",""min_hull_points"":30,""polygon_expansion"":1.03}"
2021-01-26_SNV_P102L,P102L,C06,953891-cb,biological_sample,953891_cb,2021-01-26,/mnt/c/Projects/prnp-somatic/raw/ddpcr/archive_contents/2021-01-26/SNV_P102L/PeakData/C06.ddpeakjson,/mnt/c/Projects/prnp-somatic/raw/ddpcr/archive_contents/2021-01-26/SNV_P102L/PeakMetaData/C06.ddmetajson,polygon_control_hull_gates,control-derived convex-hull polygon gates,15460,15135,694,14441,0,0,325,0,0,14441,ok,NA,"{""gate_source"":""control_anchored_polygon"",""min_hull_points"":30,""polygon_expansion"":1.03}"
2021-01-26_SNV_P102L,P102L,C09,955427-fr,biological_sample,955427_fr,2021-01-26,/mnt/c/Projects/prnp-somatic/raw/ddpcr/archive_contents/2021-01-26/SNV_P102L/PeakData/C09.ddpeakjson,/mnt/c/Projects/prnp-somatic/raw/ddpcr/archive_contents/2021-01-26/SNV_P102L/PeakMetaData/C09.ddmetajson,polygon_control_hull_gates,control-derived convex-hull polygon gates,14977,14777,755,14019,1,2,200,0,3,14021,ok,NA,"{""gate_source"":""control_anchored_polygon"",""min_hull_points"":30,""polygon_expansion"":1.03}"
2021-01-26_SNV_P102L,P102L,D03,924486-bg,biological_sample,924486_bg,2021-01-26,/mnt/c/Projects/prnp-somatic/raw/ddpcr/archive_contents/2021-01-26/SNV_P102L/PeakData/D03.ddpeakjson,/mnt/c/Projects/prnp-somatic/raw/ddpcr/archive_contents/2021-01-26/SNV_P102L/PeakMetaData/D03.ddmetajson,polygon_control_hull_gates,control-derived convex-hull polygon gates,15299,14198,673,13524,0,1,1101,0,1,13525,ok,NA,"{""gate_source"":""control_anchored_polygon"",""min_hull_points"":30,""polygon_expansion"":1.03}"
2021-01-26_SNV_P102L,P102L,D06,953891-fr,biological_sample,953891_fr,2021-01-26,/mnt/c/Projects/prnp-somatic/raw/ddpcr/archive_contents/2021-01-26/SNV_P102L/PeakData/D06.ddpeakjson,/mnt/c/Projects/prnp-somatic/raw/ddpcr/archive_contents/2021-01-26/SNV_P102L/PeakMetaData/D06.ddmetajson,polygon_control_hull_gates,control-derived convex-hull polygon gates,14901,14543,707,13836,0,0,358,0,0,13836,ok,NA,"{""gate_source"":""control_anchored_polygon"",""min_hull_points"":30,""polygon_expansion"":1.03}"
2021-01-26_SNV_P102L,P102L,D09,955427-hc,biological_sample,955427_hc,2021-01-26,/mnt/c/Projects/prnp-somatic/raw/ddpcr/archive_contents/2021-01-26/SNV_P102L/PeakData/D09.ddpeakjson,/mnt/c/Projects/prnp-somatic/raw/ddpcr/archive_contents/2021-01-26/SNV_P102L/PeakMetaData/D09.ddmetajson,polygon_control_hull_gates,control-derived convex-hull polygon gates,15001,14834,162,14672,0,0,167,0,0,14672,ok,NA,"{""gate_source"":""control_anchored_polygon"",""min_hull_points"":30,""polygon_expansion"":1.03}"
2021-01-26_SNV_P102L,P102L,E03,924486-cb,biological_sample,924486_cb,2021-01-26,/mnt/c/Projects/prnp-somatic/raw/ddpcr/archive_contents/2021-01-26/SNV_P102L/PeakData/E03.ddpeakjson,/mnt/c/Projects/prnp-somatic/raw/ddpcr/archive_contents/2021-01-26/SNV_P102L/PeakMetaData/E03.ddmetajson,polygon_control_hull_gates,control-derived convex-hull polygon gates,15575,13859,1512,12346,0,1,1716,0,1,12347,ok,NA,"{""gate_source"":""control_anchored_polygon"",""min_hull_points"":30,""polygon_expansion"":1.03}"
2021-01-26_SNV_P102L,P102L,E06,953891-hc,biological_sample,953891_hc,2021-01-26,/mnt/c/Projects/prnp-somatic/raw/ddpcr/archive_contents/2021-01-26/SNV_P102L/PeakData/E06.ddpeakjson,/mnt/c/Projects/prnp-somatic/raw/ddpcr/archive_contents/2021-01-26/SNV_P102L/PeakMetaData/E06.ddmetajson,polygon_control_hull_gates,control-derived convex-hull polygon gates,16176,15641,3303,12334,0,4,535,0,4,12338,ok,NA,"{""gate_source"":""control_anchored_polygon"",""min_hull_points"":30,""polygon_expansion"":1.03}"
2021-01-26_SNV_P102L,P102L,E09,955427-sn,biological_sample,955427_sn,2021-01-26,/mnt/c/Projects/prnp-somatic/raw/ddpcr/archive_contents/2021-01-26/SNV_P102L/PeakData/E09.ddpeakjson,/mnt/c/Projects/prnp-somatic/raw/ddpcr/archive_contents/2021-01-26/SNV_P102L/PeakMetaData/E09.ddmetajson,polygon_control_hull_gates,control-derived convex-hull polygon gates,14144,14046,188,13855,0,3,98,0,3,13858,ok,NA,"{""gate_source"":""control_anchored_polygon"",""min_hull_points"":30,""polygon_expansion"":1.03}"
2021-01-26_SNV_P102L,P102L,F03,924486-fr,biological_sample,924486_fr,2021-01-26,/mnt/c/Projects/prnp-somatic/raw/ddpcr/archive_contents/2021-01-26/SNV_P102L/PeakData/F03.ddpeakjson,/mnt/c/Projects/prnp-somatic/raw/ddpcr/archive_contents/2021-01-26/SNV_P102L/PeakMetaData/F03.ddmetajson,polygon_control_hull_gates,control-derived convex-hull polygon gates,15841,14818,1050,13768,0,0,1023,0,0,13768,ok,NA,"{""gate_source"":""control_anchored_polygon"",""min_hull_points"":30,""polygon_expansion"":1.03}"
2021-01-26_SNV_P102L,P102L,F06,953891-sn,biological_sample,953891_sn,2021-01-26,/mnt/c/Projects/prnp-somatic/raw/ddpcr/archive_contents/2021-01-26/SNV_P102L/PeakData/F06.ddpeakjson,/mnt/c/Projects/prnp-somatic/raw/ddpcr/archive_contents/2021-01-26/SNV_P102L/PeakMetaData/F06.ddmetajson,polygon_control_hull_gates,control-derived convex-hull polygon gates,15006,14605,640,13965,0,0,401,0,0,13965,ok,NA,"{""gate_source"":""control_anchored_polygon"",""min_hull_points"":30,""polygon_expansion"":1.03}"
2021-01-26_SNV_P102L,P102L,F09,955427-th,biological_sample,955427_th,2021-01-26,/mnt/c/Projects/prnp-somatic/raw/ddpcr/archive_contents/2021-01-26/SNV_P102L/PeakData/F09.ddpeakjson,/mnt/c/Projects/prnp-somatic/raw/ddpcr/archive_contents/2021-01-26/SNV_P102L/PeakMetaData/F09.ddmetajson,polygon_control_hull_gates,control-derived convex-hull polygon gates,15257,15082,404,14678,0,0,175,0,0,14678,ok,NA,"{""gate_source"":""control_anchored_polygon"",""min_hull_points"":30,""polygon_expansion"":1.03}"
2021-01-26_SNV_P102L,P102L,G03,924486-hc,biological_sample,924486_hc,2021-01-26,/mnt/c/Projects/prnp-somatic/raw/ddpcr/archive_contents/2021-01-26/SNV_P102L/PeakData/G03.ddpeakjson,/mnt/c/Projects/prnp-somatic/raw/ddpcr/archive_contents/2021-01-26/SNV_P102L/PeakMetaData/G03.ddmetajson,polygon_control_hull_gates,control-derived convex-hull polygon gates,15934,14521,1533,12988,0,0,1413,0,0,12988,ok,NA,"{""gate_source"":""control_anchored_polygon"",""min_hull_points"":30,""polygon_expansion"":1.03}"
2021-01-26_SNV_P102L,P102L,G06,953891-th,biological_sample,953891_th,2021-01-26,/mnt/c/Projects/prnp-somatic/raw/ddpcr/archive_contents/2021-01-26/SNV_P102L/PeakData/G06.ddpeakjson,/mnt/c/Projects/prnp-somatic/raw/ddpcr/archive_contents/2021-01-26/SNV_P102L/PeakMetaData/G06.ddmetajson,polygon_control_hull_gates,control-derived convex-hull polygon gates,14025,12854,891,11962,0,1,1171,0,1,11963,ok,NA,"{""gate_source"":""control_anchored_polygon"",""min_hull_points"":30,""polygon_expansion"":1.03}"
2021-01-26_SNV_P102L,P102L,G09,929474-bg,biological_sample,929474_bg,2021-01-26,/mnt/c/Projects/prnp-somatic/raw/ddpcr/archive_contents/2021-01-26/SNV_P102L/PeakData/G09.ddpeakjson,/mnt/c/Projects/prnp-somatic/raw/ddpcr/archive_contents/2021-01-26/SNV_P102L/PeakMetaData/G09.ddmetajson,polygon_control_hull_gates,control-derived convex-hull polygon gates,14194,14030,302,13728,0,0,164,0,0,13728,ok,NA,"{""gate_source"":""control_anchored_polygon"",""min_hull_points"":30,""polygon_expansion"":1.03}"
2021-01-26_SNV_P102L,P102L,H03,924486-sn,biological_sample,924486_sn,2021-01-26,/mnt/c/Projects/prnp-somatic/raw/ddpcr/archive_contents/2021-01-26/SNV_P102L/PeakData/H03.ddpeakjson,/mnt/c/Projects/prnp-somatic/raw/ddpcr/archive_contents/2021-01-26/SNV_P102L/PeakMetaData/H03.ddmetajson,polygon_control_hull_gates,control-derived convex-hull polygon gates,15177,13908,901,13005,0,2,1269,0,2,13007,ok,NA,"{""gate_source"":""control_anchored_polygon"",""min_hull_points"":30,""polygon_expansion"":1.03}"
2021-01-26_SNV_P102L,P102L,H06,18-5-th,biological_sample,18_5_th,2021-01-26,/mnt/c/Projects/prnp-somatic/raw/ddpcr/archive_contents/2021-01-26/SNV_P102L/PeakData/H06.ddpeakjson,/mnt/c/Projects/prnp-somatic/raw/ddpcr/archive_contents/2021-01-26/SNV_P102L/PeakMetaData/H06.ddmetajson,polygon_control_hull_gates,control-derived convex-hull polygon gates,14887,13901,1090,12809,0,2,986,0,2,12811,ok,NA,"{""gate_source"":""control_anchored_polygon"",""min_hull_points"":30,""polygon_expansion"":1.03}"
2021-01-26_SNV_P102L,P102L,H09,929474-cb,biological_sample,929474_cb,2021-01-26,/mnt/c/Projects/prnp-somatic/raw/ddpcr/archive_contents/2021-01-26/SNV_P102L/PeakData/H09.ddpeakjson,/mnt/c/Projects/prnp-somatic/raw/ddpcr/archive_contents/2021-01-26/SNV_P102L/PeakMetaData/H09.ddmetajson,polygon_control_hull_gates,control-derived convex-hull polygon gates,14779,14611,216,14395,0,0,168,0,0,14395,ok,NA,"{""gate_source"":""control_anchored_polygon"",""min_hull_points"":30,""polygon_expansion"":1.03}"
2021-01-28_SNV_P102L,P102L,A03,NTC,NTC,ntc,2021-01-28,/mnt/c/Projects/prnp-somatic/raw/ddpcr/archive_contents/2021-01-28/SNV_P102L/PeakData/A03.ddpeakjson,/mnt/c/Projects/prnp-somatic/raw/ddpcr/archive_contents/2021-01-28/SNV_P102L/PeakMetaData/A03.ddmetajson,polygon_control_hull_gates,control-derived convex-hull polygon gates,15113,15113,15109,4,0,0,0,0,0,4,ok,NA,"{""gate_source"":""control_anchored_polygon"",""min_hull_points"":30,""polygon_expansion"":1.03}"
2021-01-28_SNV_P102L,P102L,A06,933892-th,biological_sample,933892_th,2021-01-28,/mnt/c/Projects/prnp-somatic/raw/ddpcr/archive_contents/2021-01-28/SNV_P102L/PeakData/A06.ddpeakjson,/mnt/c/Projects/prnp-somatic/raw/ddpcr/archive_contents/2021-01-28/SNV_P102L/PeakMetaData/A06.ddmetajson,polygon_control_hull_gates,control-derived convex-hull polygon gates,14741,14719,307,14386,0,26,22,0,26,14412,ok,NA,"{""gate_source"":""control_anchored_polygon"",""min_hull_points"":30,""polygon_expansion"":1.03}"
2021-01-28_SNV_P102L,P102L,A09,238501-cb,biological_sample,238501_cb,2021-01-28,/mnt/c/Projects/prnp-somatic/raw/ddpcr/archive_contents/2021-01-28/SNV_P102L/PeakData/A09.ddpeakjson,/mnt/c/Projects/prnp-somatic/raw/ddpcr/archive_contents/2021-01-28/SNV_P102L/PeakMetaData/A09.ddmetajson,polygon_control_hull_gates,control-derived convex-hull polygon gates,15297,15277,4644,10623,0,10,20,0,10,10633,ok,NA,"{""gate_source"":""control_anchored_polygon"",""min_hull_points"":30,""polygon_expansion"":1.03}"
2021-01-28_SNV_P102L,P102L,B03,WT,WT_control,wt,2021-01-28,/mnt/c/Projects/prnp-somatic/raw/ddpcr/archive_contents/2021-01-28/SNV_P102L/PeakData/B03.ddpeakjson,/mnt/c/Projects/prnp-somatic/raw/ddpcr/archive_contents/2021-01-28/SNV_P102L/PeakMetaData/B03.ddmetajson,polygon_control_hull_gates,control-derived convex-hull polygon gates,13200,13172,2239,10919,1,13,28,0,14,10932,ok,NA,"{""gate_source"":""control_anchored_polygon"",""min_hull_points"":30,""polygon_expansion"":1.03}"
2021-01-28_SNV_P102L,P102L,B06,943497-bg,biological_sample,943497_bg,2021-01-28,/mnt/c/Projects/prnp-somatic/raw/ddpcr/archive_contents/2021-01-28/SNV_P102L/PeakData/B06.ddpeakjson,/mnt/c/Projects/prnp-somatic/raw/ddpcr/archive_contents/2021-01-28/SNV_P102L/PeakMetaData/B06.ddmetajson,polygon_control_hull_gates,control-derived convex-hull polygon gates,14908,14882,2065,12800,0,17,26,0,17,12817,ok,NA,"{""gate_source"":""control_anchored_polygon"",""min_hull_points"":30,""polygon_expansion"":1.03}"
2021-01-28_SNV_P102L,P102L,B09,238501-fr,biological_sample,238501_fr,2021-01-28,/mnt/c/Projects/prnp-somatic/raw/ddpcr/archive_contents/2021-01-28/SNV_P102L/PeakData/B09.ddpeakjson,/mnt/c/Projects/prnp-somatic/raw/ddpcr/archive_contents/2021-01-28/SNV_P102L/PeakMetaData/B09.ddmetajson,polygon_control_hull_gates,control-derived convex-hull polygon gates,15310,15285,776,14496,0,13,25,0,13,14509,ok,NA,"{""gate_source"":""control_anchored_polygon"",""min_hull_points"":30,""polygon_expansion"":1.03}"
2021-01-28_SNV_P102L,P102L,C03,P102L-mut,positive_control,,2021-01-28,/mnt/c/Projects/prnp-somatic/raw/ddpcr/archive_contents/2021-01-28/SNV_P102L/PeakData/C03.ddpeakjson,/mnt/c/Projects/prnp-somatic/raw/ddpcr/archive_contents/2021-01-28/SNV_P102L/PeakMetaData/C03.ddmetajson,polygon_control_hull_gates,control-derived convex-hull polygon gates,15678,15665,8642,2990,2979,1054,13,0,4033,4044,ok,NA,"{""gate_source"":""control_anchored_polygon"",""min_hull_points"":30,""polygon_expansion"":1.03}"
2021-01-28_SNV_P102L,P102L,C06,943497-cb,biological_sample,943497_cb,2021-01-28,/mnt/c/Projects/prnp-somatic/raw/ddpcr/archive_contents/2021-01-28/SNV_P102L/PeakData/C06.ddpeakjson,/mnt/c/Projects/prnp-somatic/raw/ddpcr/archive_contents/2021-01-28/SNV_P102L/PeakMetaData/C06.ddmetajson,polygon_control_hull_gates,control-derived convex-hull polygon gates,14937,14916,569,14334,0,13,21,0,13,14347,ok,NA,"{""gate_source"":""control_anchored_polygon"",""min_hull_points"":30,""polygon_expansion"":1.03}"
2021-01-28_SNV_P102L,P102L,C09,238501-hc,biological_sample,238501_hc,2021-01-28,/mnt/c/Projects/prnp-somatic/raw/ddpcr/archive_contents/2021-01-28/SNV_P102L/PeakData/C09.ddpeakjson,/mnt/c/Projects/prnp-somatic/raw/ddpcr/archive_contents/2021-01-28/SNV_P102L/PeakMetaData/C09.ddmetajson,polygon_control_hull_gates,control-derived convex-hull polygon gates,15589,15561,1126,14414,0,21,28,0,21,14435,ok,NA,"{""gate_source"":""control_anchored_polygon"",""min_hull_points"":30,""polygon_expansion"":1.03}"
2021-01-28_SNV_P102L,P102L,D03,933892-bg,biological_sample,933892_bg,2021-01-28,/mnt/c/Projects/prnp-somatic/raw/ddpcr/archive_contents/2021-01-28/SNV_P102L/PeakData/D03.ddpeakjson,/mnt/c/Projects/prnp-somatic/raw/ddpcr/archive_contents/2021-01-28/SNV_P102L/PeakMetaData/D03.ddmetajson,polygon_control_hull_gates,control-derived convex-hull polygon gates,16172,16150,2157,13976,0,17,22,0,17,13993,ok,NA,"{""gate_source"":""control_anchored_polygon"",""min_hull_points"":30,""polygon_expansion"":1.03}"
2021-01-28_SNV_P102L,P102L,D06,943497-fr,biological_sample,943497_fr,2021-01-28,/mnt/c/Projects/prnp-somatic/raw/ddpcr/archive_contents/2021-01-28/SNV_P102L/PeakData/D06.ddpeakjson,/mnt/c/Projects/prnp-somatic/raw/ddpcr/archive_contents/2021-01-28/SNV_P102L/PeakMetaData/D06.ddmetajson,polygon_control_hull_gates,control-derived convex-hull polygon gates,15556,15537,2339,13189,0,9,19,0,9,13198,ok,NA,"{""gate_source"":""control_anchored_polygon"",""min_hull_points"":30,""polygon_expansion"":1.03}"
2021-01-28_SNV_P102L,P102L,E03,933892-cb,biological_sample,933892_cb,2021-01-28,/mnt/c/Projects/prnp-somatic/raw/ddpcr/archive_contents/2021-01-28/SNV_P102L/PeakData/E03.ddpeakjson,/mnt/c/Projects/prnp-somatic/raw/ddpcr/archive_contents/2021-01-28/SNV_P102L/PeakMetaData/E03.ddmetajson,polygon_control_hull_gates,control-derived convex-hull polygon gates,16125,16102,691,15399,0,12,23,0,12,15411,ok,NA,"{""gate_source"":""control_anchored_polygon"",""min_hull_points"":30,""polygon_expansion"":1.03}"
2021-01-28_SNV_P102L,P102L,E06,943497-hc,biological_sample,943497_hc,2021-01-28,/mnt/c/Projects/prnp-somatic/raw/ddpcr/archive_contents/2021-01-28/SNV_P102L/PeakData/E06.ddpeakjson,/mnt/c/Projects/prnp-somatic/raw/ddpcr/archive_contents/2021-01-28/SNV_P102L/PeakMetaData/E06.ddmetajson,polygon_control_hull_gates,control-derived convex-hull polygon gates,15816,15787,1061,14712,0,14,29,0,14,14726,ok,NA,"{""gate_source"":""control_anchored_polygon"",""min_hull_points"":30,""polygon_expansion"":1.03}"
2021-01-28_SNV_P102L,P102L,E09,238501-th,biological_sample,238501_th,2021-01-28,/mnt/c/Projects/prnp-somatic/raw/ddpcr/archive_contents/2021-01-28/SNV_P102L/PeakData/E09.ddpeakjson,/mnt/c/Projects/prnp-somatic/raw/ddpcr/archive_contents/2021-01-28/SNV_P102L/PeakMetaData/E09.ddmetajson,polygon_control_hull_gates,control-derived convex-hull polygon gates,14016,13995,840,13141,0,14,21,0,14,13155,ok,NA,"{""gate_source"":""control_anchored_polygon"",""min_hull_points"":30,""polygon_expansion"":1.03}"
2021-01-28_SNV_P102L,P102L,F03,933892-fr,biological_sample,933892_fr,2021-01-28,/mnt/c/Projects/prnp-somatic/raw/ddpcr/archive_contents/2021-01-28/SNV_P102L/PeakData/F03.ddpeakjson,/mnt/c/Projects/prnp-somatic/raw/ddpcr/archive_contents/2021-01-28/SNV_P102L/PeakMetaData/F03.ddmetajson,polygon_control_hull_gates,control-derived convex-hull polygon gates,15816,15794,219,15558,0,17,22,0,17,15575,ok,NA,"{""gate_source"":""control_anchored_polygon"",""min_hull_points"":30,""polygon_expansion"":1.03}"
2021-01-28_SNV_P102L,P102L,F06,943497-sn,biological_sample,943497_sn,2021-01-28,/mnt/c/Projects/prnp-somatic/raw/ddpcr/archive_contents/2021-01-28/SNV_P102L/PeakData/F06.ddpeakjson,/mnt/c/Projects/prnp-somatic/raw/ddpcr/archive_contents/2021-01-28/SNV_P102L/PeakMetaData/F06.ddmetajson,polygon_control_hull_gates,control-derived convex-hull polygon gates,15568,15549,121,15406,0,22,19,0,22,15428,ok,NA,"{""gate_source"":""control_anchored_polygon"",""min_hull_points"":30,""polygon_expansion"":1.03}"
2021-01-28_SNV_P102L,P102L,F09,929474-fr,biological_sample,929474_fr,2021-01-28,/mnt/c/Projects/prnp-somatic/raw/ddpcr/archive_contents/2021-01-28/SNV_P102L/PeakData/F09.ddpeakjson,/mnt/c/Projects/prnp-somatic/raw/ddpcr/archive_contents/2021-01-28/SNV_P102L/PeakMetaData/F09.ddmetajson,polygon_control_hull_gates,control-derived convex-hull polygon gates,14976,14954,903,14028,0,23,22,0,23,14051,ok,NA,"{""gate_source"":""control_anchored_polygon"",""min_hull_points"":30,""polygon_expansion"":1.03}"
2021-01-28_SNV_P102L,P102L,G03,933892-hc,biological_sample,933892_hc,2021-01-28,/mnt/c/Projects/prnp-somatic/raw/ddpcr/archive_contents/2021-01-28/SNV_P102L/PeakData/G03.ddpeakjson,/mnt/c/Projects/prnp-somatic/raw/ddpcr/archive_contents/2021-01-28/SNV_P102L/PeakMetaData/G03.ddmetajson,polygon_control_hull_gates,control-derived convex-hull polygon gates,14650,14633,852,13763,0,18,17,0,18,13781,ok,NA,"{""gate_source"":""control_anchored_polygon"",""min_hull_points"":30,""polygon_expansion"":1.03}"
2021-01-28_SNV_P102L,P102L,G06,943497-th,biological_sample,943497_th,2021-01-28,/mnt/c/Projects/prnp-somatic/raw/ddpcr/archive_contents/2021-01-28/SNV_P102L/PeakData/G06.ddpeakjson,/mnt/c/Projects/prnp-somatic/raw/ddpcr/archive_contents/2021-01-28/SNV_P102L/PeakMetaData/G06.ddmetajson,polygon_control_hull_gates,control-derived convex-hull polygon gates,15538,15512,2091,13409,0,12,26,0,12,13421,ok,NA,"{""gate_source"":""control_anchored_polygon"",""min_hull_points"":30,""polygon_expansion"":1.03}"
2021-01-28_SNV_P102L,P102L,G09,929474-hc,biological_sample,929474_hc,2021-01-28,/mnt/c/Projects/prnp-somatic/raw/ddpcr/archive_contents/2021-01-28/SNV_P102L/PeakData/G09.ddpeakjson,/mnt/c/Projects/prnp-somatic/raw/ddpcr/archive_contents/2021-01-28/SNV_P102L/PeakMetaData/G09.ddmetajson,polygon_control_hull_gates,control-derived convex-hull polygon gates,15549,15524,861,14649,0,14,25,0,14,14663,ok,NA,"{""gate_source"":""control_anchored_polygon"",""min_hull_points"":30,""polygon_expansion"":1.03}"
2021-01-28_SNV_P102L,P102L,H03,933892-sn,biological_sample,933892_sn,2021-01-28,/mnt/c/Projects/prnp-somatic/raw/ddpcr/archive_contents/2021-01-28/SNV_P102L/PeakData/H03.ddpeakjson,/mnt/c/Projects/prnp-somatic/raw/ddpcr/archive_contents/2021-01-28/SNV_P102L/PeakMetaData/H03.ddmetajson,polygon_control_hull_gates,control-derived convex-hull polygon gates,14972,14939,3125,11808,0,6,33,0,6,11814,ok,NA,"{""gate_source"":""control_anchored_polygon"",""min_hull_points"":30,""polygon_expansion"":1.03}"
2021-01-28_SNV_P102L,P102L,H06,238501-bg,biological_sample,238501_bg,2021-01-28,/mnt/c/Projects/prnp-somatic/raw/ddpcr/archive_contents/2021-01-28/SNV_P102L/PeakData/H06.ddpeakjson,/mnt/c/Projects/prnp-somatic/raw/ddpcr/archive_contents/2021-01-28/SNV_P102L/PeakMetaData/H06.ddmetajson,polygon_control_hull_gates,control-derived convex-hull polygon gates,15503,15472,39,15422,0,11,31,0,11,15433,ok,NA,"{""gate_source"":""control_anchored_polygon"",""min_hull_points"":30,""polygon_expansion"":1.03}"
2021-02-02_SNV_P102L,P102L,A01,NTC,NTC,ntc,2021-02-02,/mnt/c/Projects/prnp-somatic/raw/ddpcr/archive_contents/2021-02-02/SNV_P102L/PeakData/A01.ddpeakjson,/mnt/c/Projects/prnp-somatic/raw/ddpcr/archive_contents/2021-02-02/SNV_P102L/PeakMetaData/A01.ddmetajson,polygon_control_hull_gates,control-derived convex-hull polygon gates,16027,16023,16022,0,0,1,4,0,1,1,ok,NA,"{""gate_source"":""control_anchored_polygon"",""min_hull_points"":30,""polygon_expansion"":1.03}"
2021-02-02_SNV_P102L,P102L,A02,18-17-cb,biological_sample,18_17_cb,2021-02-02,/mnt/c/Projects/prnp-somatic/raw/ddpcr/archive_contents/2021-02-02/SNV_P102L/PeakData/A02.ddpeakjson,/mnt/c/Projects/prnp-somatic/raw/ddpcr/archive_contents/2021-02-02/SNV_P102L/PeakMetaData/A02.ddmetajson,polygon_control_hull_gates,control-derived convex-hull polygon gates,14222,14198,1350,12831,0,17,24,0,17,12848,ok,NA,"{""gate_source"":""control_anchored_polygon"",""min_hull_points"":30,""polygon_expansion"":1.03}"
2021-02-02_SNV_P102L,P102L,A03,18-24-sn,biological_sample,18_24_sn,2021-02-02,/mnt/c/Projects/prnp-somatic/raw/ddpcr/archive_contents/2021-02-02/SNV_P102L/PeakData/A03.ddpeakjson,/mnt/c/Projects/prnp-somatic/raw/ddpcr/archive_contents/2021-02-02/SNV_P102L/PeakMetaData/A03.ddmetajson,polygon_control_hull_gates,control-derived convex-hull polygon gates,14580,14557,1134,13405,1,17,23,0,18,13422,ok,NA,"{""gate_source"":""control_anchored_polygon"",""min_hull_points"":30,""polygon_expansion"":1.03}"
2021-02-02_SNV_P102L,P102L,A04,17-20-fr,biological_sample,17_20_fr,2021-02-02,/mnt/c/Projects/prnp-somatic/raw/ddpcr/archive_contents/2021-02-02/SNV_P102L/PeakData/A04.ddpeakjson,/mnt/c/Projects/prnp-somatic/raw/ddpcr/archive_contents/2021-02-02/SNV_P102L/PeakMetaData/A04.ddmetajson,polygon_control_hull_gates,control-derived convex-hull polygon gates,15787,15760,1645,14089,0,26,27,0,26,14115,ok,NA,"{""gate_source"":""control_anchored_polygon"",""min_hull_points"":30,""polygon_expansion"":1.03}"
2021-02-02_SNV_P102L,P102L,A05,18-1-bg,biological_sample,18_1_bg,2021-02-02,/mnt/c/Projects/prnp-somatic/raw/ddpcr/archive_contents/2021-02-02/SNV_P102L/PeakData/A05.ddpeakjson,/mnt/c/Projects/prnp-somatic/raw/ddpcr/archive_contents/2021-02-02/SNV_P102L/PeakMetaData/A05.ddmetajson,polygon_control_hull_gates,control-derived convex-hull polygon gates,15714,15657,2262,13384,0,11,57,0,11,13395,ok,NA,"{""gate_source"":""control_anchored_polygon"",""min_hull_points"":30,""polygon_expansion"":1.03}"
2021-02-02_SNV_P102L,P102L,A06,18-6-bg,biological_sample,18_6_bg,2021-02-02,/mnt/c/Projects/prnp-somatic/raw/ddpcr/archive_contents/2021-02-02/SNV_P102L/PeakData/A06.ddpeakjson,/mnt/c/Projects/prnp-somatic/raw/ddpcr/archive_contents/2021-02-02/SNV_P102L/PeakMetaData/A06.ddmetajson,polygon_control_hull_gates,control-derived convex-hull polygon gates,15037,15020,815,14183,0,22,17,0,22,14205,ok,NA,"{""gate_source"":""control_anchored_polygon"",""min_hull_points"":30,""polygon_expansion"":1.03}"
2021-02-02_SNV_P102L,P102L,A08,14-24-sn,biological_sample,14_24_sn,2021-02-02,/mnt/c/Projects/prnp-somatic/raw/ddpcr/archive_contents/2021-02-02/SNV_P102L/PeakData/A08.ddpeakjson,/mnt/c/Projects/prnp-somatic/raw/ddpcr/archive_contents/2021-02-02/SNV_P102L/PeakMetaData/A08.ddmetajson,polygon_control_hull_gates,control-derived convex-hull polygon gates,16803,16713,3587,13121,3,2,90,0,5,13123,ok,NA,"{""gate_source"":""control_anchored_polygon"",""min_hull_points"":30,""polygon_expansion"":1.03}"
2021-02-02_SNV_P102L,P102L,B01,WT,WT_control,wt,2021-02-02,/mnt/c/Projects/prnp-somatic/raw/ddpcr/archive_contents/2021-02-02/SNV_P102L/PeakData/B01.ddpeakjson,/mnt/c/Projects/prnp-somatic/raw/ddpcr/archive_contents/2021-02-02/SNV_P102L/PeakMetaData/B01.ddmetajson,polygon_control_hull_gates,control-derived convex-hull polygon gates,15341,15312,2499,12801,0,12,29,0,12,12813,ok,NA,"{""gate_source"":""control_anchored_polygon"",""min_hull_points"":30,""polygon_expansion"":1.03}"
2021-02-02_SNV_P102L,P102L,B02,18-17-fr,biological_sample,18_17_fr,2021-02-02,/mnt/c/Projects/prnp-somatic/raw/ddpcr/archive_contents/2021-02-02/SNV_P102L/PeakData/B02.ddpeakjson,/mnt/c/Projects/prnp-somatic/raw/ddpcr/archive_contents/2021-02-02/SNV_P102L/PeakMetaData/B02.ddmetajson,polygon_control_hull_gates,control-derived convex-hull polygon gates,15220,15200,915,14273,0,12,20,0,12,14285,ok,NA,"{""gate_source"":""control_anchored_polygon"",""min_hull_points"":30,""polygon_expansion"":1.03}"
2021-02-02_SNV_P102L,P102L,B03,18-24-th,biological_sample,18_24_th,2021-02-02,/mnt/c/Projects/prnp-somatic/raw/ddpcr/archive_contents/2021-02-02/SNV_P102L/PeakData/B03.ddpeakjson,/mnt/c/Projects/prnp-somatic/raw/ddpcr/archive_contents/2021-02-02/SNV_P102L/PeakMetaData/B03.ddmetajson,polygon_control_hull_gates,control-derived convex-hull polygon gates,15463,15446,514,14918,0,14,17,0,14,14932,ok,NA,"{""gate_source"":""control_anchored_polygon"",""min_hull_points"":30,""polygon_expansion"":1.03}"
2021-02-02_SNV_P102L,P102L,B04,17-20-sn,biological_sample,17_20_sn,2021-02-02,/mnt/c/Projects/prnp-somatic/raw/ddpcr/archive_contents/2021-02-02/SNV_P102L/PeakData/B04.ddpeakjson,/mnt/c/Projects/prnp-somatic/raw/ddpcr/archive_contents/2021-02-02/SNV_P102L/PeakMetaData/B04.ddmetajson,polygon_control_hull_gates,control-derived convex-hull polygon gates,14899,14872,2330,12523,0,19,27,0,19,12542,ok,NA,"{""gate_source"":""control_anchored_polygon"",""min_hull_points"":30,""polygon_expansion"":1.03}"
2021-02-02_SNV_P102L,P102L,B05,18-1-cb,biological_sample,18_1_cb,2021-02-02,/mnt/c/Projects/prnp-somatic/raw/ddpcr/archive_contents/2021-02-02/SNV_P102L/PeakData/B05.ddpeakjson,/mnt/c/Projects/prnp-somatic/raw/ddpcr/archive_contents/2021-02-02/SNV_P102L/PeakMetaData/B05.ddmetajson,polygon_control_hull_gates,control-derived convex-hull polygon gates,16696,16662,5112,11532,1,17,34,0,18,11549,ok,NA,"{""gate_source"":""control_anchored_polygon"",""min_hull_points"":30,""polygon_expansion"":1.03}"
2021-02-02_SNV_P102L,P102L,B06,18-6-cb,biological_sample,18_6_cb,2021-02-02,/mnt/c/Projects/prnp-somatic/raw/ddpcr/archive_contents/2021-02-02/SNV_P102L/PeakData/B06.ddpeakjson,/mnt/c/Projects/prnp-somatic/raw/ddpcr/archive_contents/2021-02-02/SNV_P102L/PeakMetaData/B06.ddmetajson,polygon_control_hull_gates,control-derived convex-hull polygon gates,15887,15876,791,15078,0,7,11,0,7,15085,ok,NA,"{""gate_source"":""control_anchored_polygon"",""min_hull_points"":30,""polygon_expansion"":1.03}"
2021-02-02_SNV_P102L,P102L,B08,14-24-th,biological_sample,14_24_th,2021-02-02,/mnt/c/Projects/prnp-somatic/raw/ddpcr/archive_contents/2021-02-02/SNV_P102L/PeakData/B08.ddpeakjson,/mnt/c/Projects/prnp-somatic/raw/ddpcr/archive_contents/2021-02-02/SNV_P102L/PeakMetaData/B08.ddmetajson,polygon_control_hull_gates,control-derived convex-hull polygon gates,15970,15930,2,15927,0,1,40,0,1,15928,ok,NA,"{""gate_source"":""control_anchored_polygon"",""min_hull_points"":30,""polygon_expansion"":1.03}"
2021-02-02_SNV_P102L,P102L,C01,P102L-mut,positive_control,,2021-02-02,/mnt/c/Projects/prnp-somatic/raw/ddpcr/archive_contents/2021-02-02/SNV_P102L/PeakData/C01.ddpeakjson,/mnt/c/Projects/prnp-somatic/raw/ddpcr/archive_contents/2021-02-02/SNV_P102L/PeakMetaData/C01.ddmetajson,polygon_control_hull_gates,control-derived convex-hull polygon gates,14350,14342,6740,3045,3117,1440,8,0,4557,4485,ok,NA,"{""gate_source"":""control_anchored_polygon"",""min_hull_points"":30,""polygon_expansion"":1.03}"
2021-02-02_SNV_P102L,P102L,C02,18-17-sn,biological_sample,18_17_sn,2021-02-02,/mnt/c/Projects/prnp-somatic/raw/ddpcr/archive_contents/2021-02-02/SNV_P102L/PeakData/C02.ddpeakjson,/mnt/c/Projects/prnp-somatic/raw/ddpcr/archive_contents/2021-02-02/SNV_P102L/PeakMetaData/C02.ddmetajson,polygon_control_hull_gates,control-derived convex-hull polygon gates,14965,14948,1242,13693,0,13,17,0,13,13706,ok,NA,"{""gate_source"":""control_anchored_polygon"",""min_hull_points"":30,""polygon_expansion"":1.03}"
2021-02-02_SNV_P102L,P102L,C03,18-31-bg,biological_sample,18_31_bg,2021-02-02,/mnt/c/Projects/prnp-somatic/raw/ddpcr/archive_contents/2021-02-02/SNV_P102L/PeakData/C03.ddpeakjson,/mnt/c/Projects/prnp-somatic/raw/ddpcr/archive_contents/2021-02-02/SNV_P102L/PeakMetaData/C03.ddmetajson,polygon_control_hull_gates,control-derived convex-hull polygon gates,15911,15890,886,14990,1,13,21,0,14,15003,ok,NA,"{""gate_source"":""control_anchored_polygon"",""min_hull_points"":30,""polygon_expansion"":1.03}"
2021-02-02_SNV_P102L,P102L,C04,17-20-th,biological_sample,17_20_th,2021-02-02,/mnt/c/Projects/prnp-somatic/raw/ddpcr/archive_contents/2021-02-02/SNV_P102L/PeakData/C04.ddpeakjson,/mnt/c/Projects/prnp-somatic/raw/ddpcr/archive_contents/2021-02-02/SNV_P102L/PeakMetaData/C04.ddmetajson,polygon_control_hull_gates,control-derived convex-hull polygon gates,15491,15472,5211,10252,1,8,19,0,9,10260,ok,NA,"{""gate_source"":""control_anchored_polygon"",""min_hull_points"":30,""polygon_expansion"":1.03}"
2021-02-02_SNV_P102L,P102L,C05,18-1-fr,biological_sample,18_1_fr,2021-02-02,/mnt/c/Projects/prnp-somatic/raw/ddpcr/archive_contents/2021-02-02/SNV_P102L/PeakData/C05.ddpeakjson,/mnt/c/Projects/prnp-somatic/raw/ddpcr/archive_contents/2021-02-02/SNV_P102L/PeakMetaData/C05.ddmetajson,polygon_control_hull_gates,control-derived convex-hull polygon gates,16711,16677,1177,15482,0,18,34,0,18,15500,ok,NA,"{""gate_source"":""control_anchored_polygon"",""min_hull_points"":30,""polygon_expansion"":1.03}"
2021-02-02_SNV_P102L,P102L,C06,18-6-fr,biological_sample,18_6_fr,2021-02-02,/mnt/c/Projects/prnp-somatic/raw/ddpcr/archive_contents/2021-02-02/SNV_P102L/PeakData/C06.ddpeakjson,/mnt/c/Projects/prnp-somatic/raw/ddpcr/archive_contents/2021-02-02/SNV_P102L/PeakMetaData/C06.ddmetajson,polygon_control_hull_gates,control-derived convex-hull polygon gates,15883,15861,2089,13756,2,14,22,0,16,13770,ok,NA,"{""gate_source"":""control_anchored_polygon"",""min_hull_points"":30,""polygon_expansion"":1.03}"
2021-02-02_SNV_P102L,P102L,C08,18-31-cb,biological_sample,18_31_cb,2021-02-02,/mnt/c/Projects/prnp-somatic/raw/ddpcr/archive_contents/2021-02-02/SNV_P102L/PeakData/C08.ddpeakjson,/mnt/c/Projects/prnp-somatic/raw/ddpcr/archive_contents/2021-02-02/SNV_P102L/PeakMetaData/C08.ddmetajson,polygon_control_hull_gates,control-derived convex-hull polygon gates,14797,14535,644,13891,0,0,262,0,0,13891,ok,NA,"{""gate_source"":""control_anchored_polygon"",""min_hull_points"":30,""polygon_expansion"":1.03}"
2021-02-02_SNV_P102L,P102L,D01,14-24-bg,biological_sample,14_24_bg,2021-02-02,/mnt/c/Projects/prnp-somatic/raw/ddpcr/archive_contents/2021-02-02/SNV_P102L/PeakData/D01.ddpeakjson,/mnt/c/Projects/prnp-somatic/raw/ddpcr/archive_contents/2021-02-02/SNV_P102L/PeakMetaData/D01.ddmetajson,polygon_control_hull_gates,control-derived convex-hull polygon gates,22950,22929,9484,13437,1,7,21,0,8,13444,ok,NA,"{""gate_source"":""control_anchored_polygon"",""min_hull_points"":30,""polygon_expansion"":1.03}"
2021-02-02_SNV_P102L,P102L,D02,18-17-th,biological_sample,18_17_th,2021-02-02,/mnt/c/Projects/prnp-somatic/raw/ddpcr/archive_contents/2021-02-02/SNV_P102L/PeakData/D02.ddpeakjson,/mnt/c/Projects/prnp-somatic/raw/ddpcr/archive_contents/2021-02-02/SNV_P102L/PeakMetaData/D02.ddmetajson,polygon_control_hull_gates,control-derived convex-hull polygon gates,16170,16144,1315,14810,0,19,26,0,19,14829,ok,NA,"{""gate_source"":""control_anchored_polygon"",""min_hull_points"":30,""polygon_expansion"":1.03}"
2021-02-02_SNV_P102L,P102L,D03,18-31-hc,biological_sample,18_31_hc,2021-02-02,/mnt/c/Projects/prnp-somatic/raw/ddpcr/archive_contents/2021-02-02/SNV_P102L/PeakData/D03.ddpeakjson,/mnt/c/Projects/prnp-somatic/raw/ddpcr/archive_contents/2021-02-02/SNV_P102L/PeakMetaData/D03.ddmetajson,polygon_control_hull_gates,control-derived convex-hull polygon gates,17010,16991,1579,15396,1,15,19,0,16,15411,ok,NA,"{""gate_source"":""control_anchored_polygon"",""min_hull_points"":30,""polygon_expansion"":1.03}"
2021-02-02_SNV_P102L,P102L,D04,17-32-bg,biological_sample,17_32_bg,2021-02-02,/mnt/c/Projects/prnp-somatic/raw/ddpcr/archive_contents/2021-02-02/SNV_P102L/PeakData/D04.ddpeakjson,/mnt/c/Projects/prnp-somatic/raw/ddpcr/archive_contents/2021-02-02/SNV_P102L/PeakMetaData/D04.ddmetajson,polygon_control_hull_gates,control-derived convex-hull polygon gates,15122,15106,1671,13413,0,22,16,0,22,13435,ok,NA,"{""gate_source"":""control_anchored_polygon"",""min_hull_points"":30,""polygon_expansion"":1.03}"
2021-02-02_SNV_P102L,P102L,D05,18-1-hc,biological_sample,18_1_hc,2021-02-02,/mnt/c/Projects/prnp-somatic/raw/ddpcr/archive_contents/2021-02-02/SNV_P102L/PeakData/D05.ddpeakjson,/mnt/c/Projects/prnp-somatic/raw/ddpcr/archive_contents/2021-02-02/SNV_P102L/PeakMetaData/D05.ddmetajson,polygon_control_hull_gates,control-derived convex-hull polygon gates,15246,15210,1419,13776,0,15,36,0,15,13791,ok,NA,"{""gate_source"":""control_anchored_polygon"",""min_hull_points"":30,""polygon_expansion"":1.03}"
2021-02-02_SNV_P102L,P102L,D06,18-6-hc,biological_sample,18_6_hc,2021-02-02,/mnt/c/Projects/prnp-somatic/raw/ddpcr/archive_contents/2021-02-02/SNV_P102L/PeakData/D06.ddpeakjson,/mnt/c/Projects/prnp-somatic/raw/ddpcr/archive_contents/2021-02-02/SNV_P102L/PeakMetaData/D06.ddmetajson,polygon_control_hull_gates,control-derived convex-hull polygon gates,17174,17146,743,16386,0,17,28,0,17,16403,ok,NA,"{""gate_source"":""control_anchored_polygon"",""min_hull_points"":30,""polygon_expansion"":1.03}"
2021-02-02_SNV_P102L,P102L,D08,18-31-fr,biological_sample,18_31_fr,2021-02-02,/mnt/c/Projects/prnp-somatic/raw/ddpcr/archive_contents/2021-02-02/SNV_P102L/PeakData/D08.ddpeakjson,/mnt/c/Projects/prnp-somatic/raw/ddpcr/archive_contents/2021-02-02/SNV_P102L/PeakMetaData/D08.ddmetajson,polygon_control_hull_gates,control-derived convex-hull polygon gates,16218,16186,2329,13852,1,4,32,0,5,13856,ok,NA,"{""gate_source"":""control_anchored_polygon"",""min_hull_points"":30,""polygon_expansion"":1.03}"
2021-02-02_SNV_P102L,P102L,E02,18-24-bg,biological_sample,18_24_bg,2021-02-02,/mnt/c/Projects/prnp-somatic/raw/ddpcr/archive_contents/2021-02-02/SNV_P102L/PeakData/E02.ddpeakjson,/mnt/c/Projects/prnp-somatic/raw/ddpcr/archive_contents/2021-02-02/SNV_P102L/PeakMetaData/E02.ddmetajson,polygon_control_hull_gates,control-derived convex-hull polygon gates,15514,15485,934,14531,1,19,29,0,20,14550,ok,NA,"{""gate_source"":""control_anchored_polygon"",""min_hull_points"":30,""polygon_expansion"":1.03}"
2021-02-02_SNV_P102L,P102L,E03,18-31-sn,biological_sample,18_31_sn,2021-02-02,/mnt/c/Projects/prnp-somatic/raw/ddpcr/archive_contents/2021-02-02/SNV_P102L/PeakData/E03.ddpeakjson,/mnt/c/Projects/prnp-somatic/raw/ddpcr/archive_contents/2021-02-02/SNV_P102L/PeakMetaData/E03.ddmetajson,polygon_control_hull_gates,control-derived convex-hull polygon gates,16547,16530,646,15864,0,20,17,0,20,15884,ok,NA,"{""gate_source"":""control_anchored_polygon"",""min_hull_points"":30,""polygon_expansion"":1.03}"
2021-02-02_SNV_P102L,P102L,E04,17-32-cb,biological_sample,17_32_cb,2021-02-02,/mnt/c/Projects/prnp-somatic/raw/ddpcr/archive_contents/2021-02-02/SNV_P102L/PeakData/E04.ddpeakjson,/mnt/c/Projects/prnp-somatic/raw/ddpcr/archive_contents/2021-02-02/SNV_P102L/PeakMetaData/E04.ddmetajson,polygon_control_hull_gates,control-derived convex-hull polygon gates,15597,15577,3874,11696,0,7,20,0,7,11703,ok,NA,"{""gate_source"":""control_anchored_polygon"",""min_hull_points"":30,""polygon_expansion"":1.03}"
2021-02-02_SNV_P102L,P102L,E05,18-5-cb,biological_sample,18_5_cb,2021-02-02,/mnt/c/Projects/prnp-somatic/raw/ddpcr/archive_contents/2021-02-02/SNV_P102L/PeakData/E05.ddpeakjson,/mnt/c/Projects/prnp-somatic/raw/ddpcr/archive_contents/2021-02-02/SNV_P102L/PeakMetaData/E05.ddmetajson,polygon_control_hull_gates,control-derived convex-hull polygon gates,15599,15578,754,14813,0,11,21,0,11,14824,ok,NA,"{""gate_source"":""control_anchored_polygon"",""min_hull_points"":30,""polygon_expansion"":1.03}"
2021-02-02_SNV_P102L,P102L,E06,18-17-hc,biological_sample,18_17_hc,2021-02-02,/mnt/c/Projects/prnp-somatic/raw/ddpcr/archive_contents/2021-02-02/SNV_P102L/PeakData/E06.ddpeakjson,/mnt/c/Projects/prnp-somatic/raw/ddpcr/archive_contents/2021-02-02/SNV_P102L/PeakMetaData/E06.ddmetajson,polygon_control_hull_gates,control-derived convex-hull polygon gates,14642,14628,1973,12645,0,10,14,0,10,12655,ok,NA,"{""gate_source"":""control_anchored_polygon"",""min_hull_points"":30,""polygon_expansion"":1.03}"
2021-02-02_SNV_P102L,P102L,E08,17-32-sn,biological_sample,17_32_sn,2021-02-02,/mnt/c/Projects/prnp-somatic/raw/ddpcr/archive_contents/2021-02-02/SNV_P102L/PeakData/E08.ddpeakjson,/mnt/c/Projects/prnp-somatic/raw/ddpcr/archive_contents/2021-02-02/SNV_P102L/PeakMetaData/E08.ddmetajson,polygon_control_hull_gates,control-derived convex-hull polygon gates,16272,16115,1060,15048,0,7,157,0,7,15055,ok,NA,"{""gate_source"":""control_anchored_polygon"",""min_hull_points"":30,""polygon_expansion"":1.03}"
2021-02-02_SNV_P102L,P102L,F01,14-24-fr,biological_sample,14_24_fr,2021-02-02,/mnt/c/Projects/prnp-somatic/raw/ddpcr/archive_contents/2021-02-02/SNV_P102L/PeakData/F01.ddpeakjson,/mnt/c/Projects/prnp-somatic/raw/ddpcr/archive_contents/2021-02-02/SNV_P102L/PeakMetaData/F01.ddmetajson,polygon_control_hull_gates,control-derived convex-hull polygon gates,18091,18068,5064,12994,1,9,23,0,10,13003,ok,NA,"{""gate_source"":""control_anchored_polygon"",""min_hull_points"":30,""polygon_expansion"":1.03}"
2021-02-02_SNV_P102L,P102L,F02,18-24-cb,biological_sample,18_24_cb,2021-02-02,/mnt/c/Projects/prnp-somatic/raw/ddpcr/archive_contents/2021-02-02/SNV_P102L/PeakData/F02.ddpeakjson,/mnt/c/Projects/prnp-somatic/raw/ddpcr/archive_contents/2021-02-02/SNV_P102L/PeakMetaData/F02.ddmetajson,polygon_control_hull_gates,control-derived convex-hull polygon gates,15537,15518,2002,13507,0,9,19,0,9,13516,ok,NA,"{""gate_source"":""control_anchored_polygon"",""min_hull_points"":30,""polygon_expansion"":1.03}"
2021-02-02_SNV_P102L,P102L,F03,18-31-th,biological_sample,18_31_th,2021-02-02,/mnt/c/Projects/prnp-somatic/raw/ddpcr/archive_contents/2021-02-02/SNV_P102L/PeakData/F03.ddpeakjson,/mnt/c/Projects/prnp-somatic/raw/ddpcr/archive_contents/2021-02-02/SNV_P102L/PeakMetaData/F03.ddmetajson,polygon_control_hull_gates,control-derived convex-hull polygon gates,16097,16083,2780,13295,0,8,14,0,8,13303,ok,NA,"{""gate_source"":""control_anchored_polygon"",""min_hull_points"":30,""polygon_expansion"":1.03}"
2021-02-02_SNV_P102L,P102L,F04,17-32-fr,biological_sample,17_32_fr,2021-02-02,/mnt/c/Projects/prnp-somatic/raw/ddpcr/archive_contents/2021-02-02/SNV_P102L/PeakData/F04.ddpeakjson,/mnt/c/Projects/prnp-somatic/raw/ddpcr/archive_contents/2021-02-02/SNV_P102L/PeakMetaData/F04.ddmetajson,polygon_control_hull_gates,control-derived convex-hull polygon gates,16990,16968,1660,15294,0,14,22,0,14,15308,ok,NA,"{""gate_source"":""control_anchored_polygon"",""min_hull_points"":30,""polygon_expansion"":1.03}"
2021-02-02_SNV_P102L,P102L,F05,18-5-fr,biological_sample,18_5_fr,2021-02-02,/mnt/c/Projects/prnp-somatic/raw/ddpcr/archive_contents/2021-02-02/SNV_P102L/PeakData/F05.ddpeakjson,/mnt/c/Projects/prnp-somatic/raw/ddpcr/archive_contents/2021-02-02/SNV_P102L/PeakMetaData/F05.ddmetajson,polygon_control_hull_gates,control-derived convex-hull polygon gates,16128,16098,3505,12588,1,4,30,0,5,12592,ok,NA,"{""gate_source"":""control_anchored_polygon"",""min_hull_points"":30,""polygon_expansion"":1.03}"
2021-02-02_SNV_P102L,P102L,F08,18-5-bg,biological_sample,18_5_bg,2021-02-02,/mnt/c/Projects/prnp-somatic/raw/ddpcr/archive_contents/2021-02-02/SNV_P102L/PeakData/F08.ddpeakjson,/mnt/c/Projects/prnp-somatic/raw/ddpcr/archive_contents/2021-02-02/SNV_P102L/PeakMetaData/F08.ddmetajson,polygon_control_hull_gates,control-derived convex-hull polygon gates,16768,16722,607,16110,0,5,46,0,5,16115,ok,NA,"{""gate_source"":""control_anchored_polygon"",""min_hull_points"":30,""polygon_expansion"":1.03}"
2021-02-02_SNV_P102L,P102L,G01,14-24-hc,biological_sample,14_24_hc,2021-02-02,/mnt/c/Projects/prnp-somatic/raw/ddpcr/archive_contents/2021-02-02/SNV_P102L/PeakData/G01.ddpeakjson,/mnt/c/Projects/prnp-somatic/raw/ddpcr/archive_contents/2021-02-02/SNV_P102L/PeakMetaData/G01.ddmetajson,polygon_control_hull_gates,control-derived convex-hull polygon gates,17009,16971,6616,10351,0,4,38,0,4,10355,ok,NA,"{""gate_source"":""control_anchored_polygon"",""min_hull_points"":30,""polygon_expansion"":1.03}"
2021-02-02_SNV_P102L,P102L,G02,18-24-fr,biological_sample,18_24_fr,2021-02-02,/mnt/c/Projects/prnp-somatic/raw/ddpcr/archive_contents/2021-02-02/SNV_P102L/PeakData/G02.ddpeakjson,/mnt/c/Projects/prnp-somatic/raw/ddpcr/archive_contents/2021-02-02/SNV_P102L/PeakMetaData/G02.ddmetajson,polygon_control_hull_gates,control-derived convex-hull polygon gates,15514,15489,920,14559,0,10,25,0,10,14569,ok,NA,"{""gate_source"":""control_anchored_polygon"",""min_hull_points"":30,""polygon_expansion"":1.03}"
2021-02-02_SNV_P102L,P102L,G03,17-20-bg,biological_sample,17_20_bg,2021-02-02,/mnt/c/Projects/prnp-somatic/raw/ddpcr/archive_contents/2021-02-02/SNV_P102L/PeakData/G03.ddpeakjson,/mnt/c/Projects/prnp-somatic/raw/ddpcr/archive_contents/2021-02-02/SNV_P102L/PeakMetaData/G03.ddmetajson,polygon_control_hull_gates,control-derived convex-hull polygon gates,15799,15781,2924,12847,0,10,18,0,10,12857,ok,NA,"{""gate_source"":""control_anchored_polygon"",""min_hull_points"":30,""polygon_expansion"":1.03}"
2021-02-02_SNV_P102L,P102L,G04,17-32-hc,biological_sample,17_32_hc,2021-02-02,/mnt/c/Projects/prnp-somatic/raw/ddpcr/archive_contents/2021-02-02/SNV_P102L/PeakData/G04.ddpeakjson,/mnt/c/Projects/prnp-somatic/raw/ddpcr/archive_contents/2021-02-02/SNV_P102L/PeakMetaData/G04.ddmetajson,polygon_control_hull_gates,control-derived convex-hull polygon gates,15217,15194,874,14305,1,14,23,0,15,14319,ok,NA,"{""gate_source"":""control_anchored_polygon"",""min_hull_points"":30,""polygon_expansion"":1.03}"
2021-02-02_SNV_P102L,P102L,G05,18-5-hc,biological_sample,18_5_hc,2021-02-02,/mnt/c/Projects/prnp-somatic/raw/ddpcr/archive_contents/2021-02-02/SNV_P102L/PeakData/G05.ddpeakjson,/mnt/c/Projects/prnp-somatic/raw/ddpcr/archive_contents/2021-02-02/SNV_P102L/PeakMetaData/G05.ddmetajson,polygon_control_hull_gates,control-derived convex-hull polygon gates,15820,15793,691,15089,0,13,27,0,13,15102,ok,NA,"{""gate_source"":""control_anchored_polygon"",""min_hull_points"":30,""polygon_expansion"":1.03}"
2021-02-02_SNV_P102L,P102L,G08,18-5-sn,biological_sample,18_5_sn,2021-02-02,/mnt/c/Projects/prnp-somatic/raw/ddpcr/archive_contents/2021-02-02/SNV_P102L/PeakData/G08.ddpeakjson,/mnt/c/Projects/prnp-somatic/raw/ddpcr/archive_contents/2021-02-02/SNV_P102L/PeakMetaData/G08.ddmetajson,polygon_control_hull_gates,control-derived convex-hull polygon gates,17741,17727,287,17431,0,9,14,0,9,17440,ok,NA,"{""gate_source"":""control_anchored_polygon"",""min_hull_points"":30,""polygon_expansion"":1.03}"
2021-02-02_SNV_P102L,P102L,H01,18-17-bg,biological_sample,18_17_bg,2021-02-02,/mnt/c/Projects/prnp-somatic/raw/ddpcr/archive_contents/2021-02-02/SNV_P102L/PeakData/H01.ddpeakjson,/mnt/c/Projects/prnp-somatic/raw/ddpcr/archive_contents/2021-02-02/SNV_P102L/PeakMetaData/H01.ddmetajson,polygon_control_hull_gates,control-derived convex-hull polygon gates,17706,17675,2846,14813,0,16,31,0,16,14829,ok,NA,"{""gate_source"":""control_anchored_polygon"",""min_hull_points"":30,""polygon_expansion"":1.03}"
2021-02-02_SNV_P102L,P102L,H02,18-24-hc,biological_sample,18_24_hc,2021-02-02,/mnt/c/Projects/prnp-somatic/raw/ddpcr/archive_contents/2021-02-02/SNV_P102L/PeakData/H02.ddpeakjson,/mnt/c/Projects/prnp-somatic/raw/ddpcr/archive_contents/2021-02-02/SNV_P102L/PeakMetaData/H02.ddmetajson,polygon_control_hull_gates,control-derived convex-hull polygon gates,14191,14167,754,13402,0,11,24,0,11,13413,ok,NA,"{""gate_source"":""control_anchored_polygon"",""min_hull_points"":30,""polygon_expansion"":1.03}"
2021-02-02_SNV_P102L,P102L,H03,17-20-cb,biological_sample,17_20_cb,2021-02-02,/mnt/c/Projects/prnp-somatic/raw/ddpcr/archive_contents/2021-02-02/SNV_P102L/PeakData/H03.ddpeakjson,/mnt/c/Projects/prnp-somatic/raw/ddpcr/archive_contents/2021-02-02/SNV_P102L/PeakMetaData/H03.ddmetajson,polygon_control_hull_gates,control-derived convex-hull polygon gates,14189,14172,1015,13152,0,5,17,0,5,13157,ok,NA,"{""gate_source"":""control_anchored_polygon"",""min_hull_points"":30,""polygon_expansion"":1.03}"
2021-02-02_SNV_P102L,P102L,H04,17-32-th,biological_sample,17_32_th,2021-02-02,/mnt/c/Projects/prnp-somatic/raw/ddpcr/archive_contents/2021-02-02/SNV_P102L/PeakData/H04.ddpeakjson,/mnt/c/Projects/prnp-somatic/raw/ddpcr/archive_contents/2021-02-02/SNV_P102L/PeakMetaData/H04.ddmetajson,polygon_control_hull_gates,control-derived convex-hull polygon gates,17425,17394,2105,15276,0,13,31,0,13,15289,ok,NA,"{""gate_source"":""control_anchored_polygon"",""min_hull_points"":30,""polygon_expansion"":1.03}"
2021-02-02_SNV_P102L,P102L,H05,18-5-th,biological_sample,18_5_th,2021-02-02,/mnt/c/Projects/prnp-somatic/raw/ddpcr/archive_contents/2021-02-02/SNV_P102L/PeakData/H05.ddpeakjson,/mnt/c/Projects/prnp-somatic/raw/ddpcr/archive_contents/2021-02-02/SNV_P102L/PeakMetaData/H05.ddmetajson,polygon_control_hull_gates,control-derived convex-hull polygon gates,15093,15061,854,14193,0,14,32,0,14,14207,ok,NA,"{""gate_source"":""control_anchored_polygon"",""min_hull_points"":30,""polygon_expansion"":1.03}"
2021-02-17_SNV_P102L,P102L,A03,NTC,NTC,ntc,2021-02-17,/mnt/c/Projects/prnp-somatic/raw/ddpcr/archive_contents/2021-02-17/SNV_P102L/PeakData/A03.ddpeakjson,/mnt/c/Projects/prnp-somatic/raw/ddpcr/archive_contents/2021-02-17/SNV_P102L/PeakMetaData/A03.ddmetajson,polygon_control_hull_gates,control-derived convex-hull polygon gates,15602,15595,15595,0,0,0,7,0,0,0,ok,NA,"{""gate_source"":""control_anchored_polygon"",""min_hull_points"":30,""polygon_expansion"":1.03}"
2021-02-17_SNV_P102L,P102L,A06,CJD-20-08-bg,biological_sample,20_08_bg,2021-02-17,/mnt/c/Projects/prnp-somatic/raw/ddpcr/archive_contents/2021-02-17/SNV_P102L/PeakData/A06.ddpeakjson,/mnt/c/Projects/prnp-somatic/raw/ddpcr/archive_contents/2021-02-17/SNV_P102L/PeakMetaData/A06.ddmetajson,polygon_control_hull_gates,control-derived convex-hull polygon gates,16577,16562,1173,15377,1,11,15,0,12,15388,ok,NA,"{""gate_source"":""control_anchored_polygon"",""min_hull_points"":30,""polygon_expansion"":1.03}"
2021-02-17_SNV_P102L,P102L,A09,P102L-mut,positive_control,,2021-02-17,/mnt/c/Projects/prnp-somatic/raw/ddpcr/archive_contents/2021-02-17/SNV_P102L/PeakData/A09.ddpeakjson,/mnt/c/Projects/prnp-somatic/raw/ddpcr/archive_contents/2021-02-17/SNV_P102L/PeakMetaData/A09.ddmetajson,polygon_control_hull_gates,control-derived convex-hull polygon gates,18386,18371,9540,3567,3686,1578,15,0,5264,5145,ok,NA,"{""gate_source"":""control_anchored_polygon"",""min_hull_points"":30,""polygon_expansion"":1.03}"
2021-02-17_SNV_P102L,P102L,B03,WT,WT_control,wt,2021-02-17,/mnt/c/Projects/prnp-somatic/raw/ddpcr/archive_contents/2021-02-17/SNV_P102L/PeakData/B03.ddpeakjson,/mnt/c/Projects/prnp-somatic/raw/ddpcr/archive_contents/2021-02-17/SNV_P102L/PeakMetaData/B03.ddmetajson,polygon_control_hull_gates,control-derived convex-hull polygon gates,16164,16139,254,15871,1,13,25,0,14,15884,ok,NA,"{""gate_source"":""control_anchored_polygon"",""min_hull_points"":30,""polygon_expansion"":1.03}"
2021-02-17_SNV_P102L,P102L,B06,CJD-20-08-cb,biological_sample,20_08_cb,2021-02-17,/mnt/c/Projects/prnp-somatic/raw/ddpcr/archive_contents/2021-02-17/SNV_P102L/PeakData/B06.ddpeakjson,/mnt/c/Projects/prnp-somatic/raw/ddpcr/archive_contents/2021-02-17/SNV_P102L/PeakMetaData/B06.ddmetajson,polygon_control_hull_gates,control-derived convex-hull polygon gates,15168,15147,2585,12549,0,13,21,0,13,12562,ok,NA,"{""gate_source"":""control_anchored_polygon"",""min_hull_points"":30,""polygon_expansion"":1.03}"
2021-02-17_SNV_P102L,P102L,C03,CJD-13-21-bg,biological_sample,13_21_bg,2021-02-17,/mnt/c/Projects/prnp-somatic/raw/ddpcr/archive_contents/2021-02-17/SNV_P102L/PeakData/C03.ddpeakjson,/mnt/c/Projects/prnp-somatic/raw/ddpcr/archive_contents/2021-02-17/SNV_P102L/PeakMetaData/C03.ddmetajson,polygon_control_hull_gates,control-derived convex-hull polygon gates,14552,14532,1330,13192,0,10,20,0,10,13202,ok,NA,"{""gate_source"":""control_anchored_polygon"",""min_hull_points"":30,""polygon_expansion"":1.03}"
2021-02-17_SNV_P102L,P102L,C06,CJD-20-08-fr,biological_sample,20_08_fr,2021-02-17,/mnt/c/Projects/prnp-somatic/raw/ddpcr/archive_contents/2021-02-17/SNV_P102L/PeakData/C06.ddpeakjson,/mnt/c/Projects/prnp-somatic/raw/ddpcr/archive_contents/2021-02-17/SNV_P102L/PeakMetaData/C06.ddmetajson,polygon_control_hull_gates,control-derived convex-hull polygon gates,14946,14928,1920,12990,0,18,18,0,18,13008,ok,NA,"{""gate_source"":""control_anchored_polygon"",""min_hull_points"":30,""polygon_expansion"":1.03}"
2021-02-17_SNV_P102L,P102L,C09,CJD-14-24-cb,biological_sample,14_24_cb,2021-02-17,/mnt/c/Projects/prnp-somatic/raw/ddpcr/archive_contents/2021-02-17/SNV_P102L/PeakData/C09.ddpeakjson,/mnt/c/Projects/prnp-somatic/raw/ddpcr/archive_contents/2021-02-17/SNV_P102L/PeakMetaData/C09.ddmetajson,polygon_control_hull_gates,control-derived convex-hull polygon gates,16344,14335,3690,10643,0,2,2009,0,2,10645,ok,NA,"{""gate_source"":""control_anchored_polygon"",""min_hull_points"":30,""polygon_expansion"":1.03}"
2021-02-17_SNV_P102L,P102L,D03,CJD-17-12-sn,biological_sample,17_12_sn,2021-02-17,/mnt/c/Projects/prnp-somatic/raw/ddpcr/archive_contents/2021-02-17/SNV_P102L/PeakData/D03.ddpeakjson,/mnt/c/Projects/prnp-somatic/raw/ddpcr/archive_contents/2021-02-17/SNV_P102L/PeakMetaData/D03.ddmetajson,polygon_control_hull_gates,control-derived convex-hull polygon gates,16297,16259,4,16248,0,7,38,0,7,16255,ok,NA,"{""gate_source"":""control_anchored_polygon"",""min_hull_points"":30,""polygon_expansion"":1.03}"
2021-02-17_SNV_P102L,P102L,D06,CJD-20-08-sn,biological_sample,20_08_sn,2021-02-17,/mnt/c/Projects/prnp-somatic/raw/ddpcr/archive_contents/2021-02-17/SNV_P102L/PeakData/D06.ddpeakjson,/mnt/c/Projects/prnp-somatic/raw/ddpcr/archive_contents/2021-02-17/SNV_P102L/PeakMetaData/D06.ddmetajson,polygon_control_hull_gates,control-derived convex-hull polygon gates,16266,16250,5772,10466,1,11,16,0,12,10477,ok,NA,"{""gate_source"":""control_anchored_polygon"",""min_hull_points"":30,""polygon_expansion"":1.03}"
2021-02-17_SNV_P102L,P102L,E03,CJD-13-21-fr,biological_sample,13_21_fr,2021-02-17,/mnt/c/Projects/prnp-somatic/raw/ddpcr/archive_contents/2021-02-17/SNV_P102L/PeakData/E03.ddpeakjson,/mnt/c/Projects/prnp-somatic/raw/ddpcr/archive_contents/2021-02-17/SNV_P102L/PeakMetaData/E03.ddmetajson,polygon_control_hull_gates,control-derived convex-hull polygon gates,16093,16070,2763,13295,0,12,23,0,12,13307,ok,NA,"{""gate_source"":""control_anchored_polygon"",""min_hull_points"":30,""polygon_expansion"":1.03}"
2021-02-17_SNV_P102L,P102L,E06,CJD-15-1-fr,biological_sample,15_1_fr,2021-02-17,/mnt/c/Projects/prnp-somatic/raw/ddpcr/archive_contents/2021-02-17/SNV_P102L/PeakData/E06.ddpeakjson,/mnt/c/Projects/prnp-somatic/raw/ddpcr/archive_contents/2021-02-17/SNV_P102L/PeakMetaData/E06.ddmetajson,polygon_control_hull_gates,control-derived convex-hull polygon gates,15356,15342,6461,8869,2,10,14,0,12,8879,ok,NA,"{""gate_source"":""control_anchored_polygon"",""min_hull_points"":30,""polygon_expansion"":1.03}"
2021-02-17_SNV_P102L,P102L,F03,CJD-13-21-sn,biological_sample,13_21_sn,2021-02-17,/mnt/c/Projects/prnp-somatic/raw/ddpcr/archive_contents/2021-02-17/SNV_P102L/PeakData/F03.ddpeakjson,/mnt/c/Projects/prnp-somatic/raw/ddpcr/archive_contents/2021-02-17/SNV_P102L/PeakMetaData/F03.ddmetajson,polygon_control_hull_gates,control-derived convex-hull polygon gates,15639,15628,1508,14108,0,12,11,0,12,14120,ok,NA,"{""gate_source"":""control_anchored_polygon"",""min_hull_points"":30,""polygon_expansion"":1.03}"
2021-02-17_SNV_P102L,P102L,G06,CJD-17-30-cb,biological_sample,17_30_cb,2021-02-17,/mnt/c/Projects/prnp-somatic/raw/ddpcr/archive_contents/2021-02-17/SNV_P102L/PeakData/G06.ddpeakjson,/mnt/c/Projects/prnp-somatic/raw/ddpcr/archive_contents/2021-02-17/SNV_P102L/PeakMetaData/G06.ddmetajson,polygon_control_hull_gates,control-derived convex-hull polygon gates,15659,15634,3529,12095,0,10,25,0,10,12105,ok,NA,"{""gate_source"":""control_anchored_polygon"",""min_hull_points"":30,""polygon_expansion"":1.03}"
2021-02-17_SNV_P102L,P102L,H03,CJD-15-27-fr,biological_sample,15_27_fr,2021-02-17,/mnt/c/Projects/prnp-somatic/raw/ddpcr/archive_contents/2021-02-17/SNV_P102L/PeakData/H03.ddpeakjson,/mnt/c/Projects/prnp-somatic/raw/ddpcr/archive_contents/2021-02-17/SNV_P102L/PeakMetaData/H03.ddmetajson,polygon_control_hull_gates,control-derived convex-hull polygon gates,16340,16322,4975,11339,1,7,18,0,8,11346,ok,NA,"{""gate_source"":""control_anchored_polygon"",""min_hull_points"":30,""polygon_expansion"":1.03}"
2021-02-17_SNV_P102L,P102L,H06,CJD-17-31-cb,biological_sample,17_31_cb,2021-02-17,/mnt/c/Projects/prnp-somatic/raw/ddpcr/archive_contents/2021-02-17/SNV_P102L/PeakData/H06.ddpeakjson,/mnt/c/Projects/prnp-somatic/raw/ddpcr/archive_contents/2021-02-17/SNV_P102L/PeakMetaData/H06.ddmetajson,polygon_control_hull_gates,control-derived convex-hull polygon gates,17283,17234,3368,13854,0,12,49,0,12,13866,ok,NA,"{""gate_source"":""control_anchored_polygon"",""min_hull_points"":30,""polygon_expansion"":1.03}"
2021-02-18_SNV_P102L,P102L,A03,NTC,NTC,ntc,2021-02-18,/mnt/c/Projects/prnp-somatic/raw/ddpcr/archive_contents/2021-02-18/SNV_P102L/PeakData/A03.ddpeakjson,/mnt/c/Projects/prnp-somatic/raw/ddpcr/archive_contents/2021-02-18/SNV_P102L/PeakMetaData/A03.ddmetajson,polygon_control_hull_gates,control-derived convex-hull polygon gates,14312,14310,14310,0,0,0,2,0,0,0,ok,NA,"{""gate_source"":""control_anchored_polygon"",""min_hull_points"":30,""polygon_expansion"":1.03}"
2021-02-18_SNV_P102L,P102L,A06,P102L-mut,positive_control,,2021-02-18,/mnt/c/Projects/prnp-somatic/raw/ddpcr/archive_contents/2021-02-18/SNV_P102L/PeakData/A06.ddpeakjson,/mnt/c/Projects/prnp-somatic/raw/ddpcr/archive_contents/2021-02-18/SNV_P102L/PeakMetaData/A06.ddmetajson,polygon_control_hull_gates,control-derived convex-hull polygon gates,17455,17276,9977,3116,3206,977,179,0,4183,4093,ok,NA,"{""gate_source"":""control_anchored_polygon"",""min_hull_points"":30,""polygon_expansion"":1.03}"
2021-02-18_SNV_P102L,P102L,A09,CJD-17-8-bg,biological_sample,17_8_bg,2021-02-18,/mnt/c/Projects/prnp-somatic/raw/ddpcr/archive_contents/2021-02-18/SNV_P102L/PeakData/A09.ddpeakjson,/mnt/c/Projects/prnp-somatic/raw/ddpcr/archive_contents/2021-02-18/SNV_P102L/PeakMetaData/A09.ddmetajson,polygon_control_hull_gates,control-derived convex-hull polygon gates,15968,15938,440,15486,1,11,30,0,12,15497,ok,NA,"{""gate_source"":""control_anchored_polygon"",""min_hull_points"":30,""polygon_expansion"":1.03}"
2021-02-18_SNV_P102L,P102L,B03,WT,WT_control,wt,2021-02-18,/mnt/c/Projects/prnp-somatic/raw/ddpcr/archive_contents/2021-02-18/SNV_P102L/PeakData/B03.ddpeakjson,/mnt/c/Projects/prnp-somatic/raw/ddpcr/archive_contents/2021-02-18/SNV_P102L/PeakMetaData/B03.ddmetajson,polygon_control_hull_gates,control-derived convex-hull polygon gates,18248,18226,5919,12293,1,13,22,0,14,12306,ok,NA,"{""gate_source"":""control_anchored_polygon"",""min_hull_points"":30,""polygon_expansion"":1.03}"
2021-02-18_SNV_P102L,P102L,B06,CJD-17-11-bg,biological_sample,17_11_bg,2021-02-18,/mnt/c/Projects/prnp-somatic/raw/ddpcr/archive_contents/2021-02-18/SNV_P102L/PeakData/B06.ddpeakjson,/mnt/c/Projects/prnp-somatic/raw/ddpcr/archive_contents/2021-02-18/SNV_P102L/PeakMetaData/B06.ddmetajson,polygon_control_hull_gates,control-derived convex-hull polygon gates,14152,14136,613,13500,0,23,16,0,23,13523,ok,NA,"{""gate_source"":""control_anchored_polygon"",""min_hull_points"":30,""polygon_expansion"":1.03}"
2021-02-18_SNV_P102L,P102L,B09,CJD-17-8-cb,biological_sample,17_8_cb,2021-02-18,/mnt/c/Projects/prnp-somatic/raw/ddpcr/archive_contents/2021-02-18/SNV_P102L/PeakData/B09.ddpeakjson,/mnt/c/Projects/prnp-somatic/raw/ddpcr/archive_contents/2021-02-18/SNV_P102L/PeakMetaData/B09.ddmetajson,polygon_control_hull_gates,control-derived convex-hull polygon gates,17467,17449,2,17440,0,7,18,0,7,17447,ok,NA,"{""gate_source"":""control_anchored_polygon"",""min_hull_points"":30,""polygon_expansion"":1.03}"
2021-02-18_SNV_P102L,P102L,C03,CJD-15-1-bg,biological_sample,15_1_bg,2021-02-18,/mnt/c/Projects/prnp-somatic/raw/ddpcr/archive_contents/2021-02-18/SNV_P102L/PeakData/C03.ddpeakjson,/mnt/c/Projects/prnp-somatic/raw/ddpcr/archive_contents/2021-02-18/SNV_P102L/PeakMetaData/C03.ddmetajson,polygon_control_hull_gates,control-derived convex-hull polygon gates,17066,17044,1373,15658,0,13,22,0,13,15671,ok,NA,"{""gate_source"":""control_anchored_polygon"",""min_hull_points"":30,""polygon_expansion"":1.03}"
2021-02-18_SNV_P102L,P102L,C06,CJD-17-11-fr,biological_sample,17_11_fr,2021-02-18,/mnt/c/Projects/prnp-somatic/raw/ddpcr/archive_contents/2021-02-18/SNV_P102L/PeakData/C06.ddpeakjson,/mnt/c/Projects/prnp-somatic/raw/ddpcr/archive_contents/2021-02-18/SNV_P102L/PeakMetaData/C06.ddmetajson,polygon_control_hull_gates,control-derived convex-hull polygon gates,14457,14436,172,14254,0,10,21,0,10,14264,ok,NA,"{""gate_source"":""control_anchored_polygon"",""min_hull_points"":30,""polygon_expansion"":1.03}"
2021-02-18_SNV_P102L,P102L,C09,CJD-17-8-fr,biological_sample,17_8_fr,2021-02-18,/mnt/c/Projects/prnp-somatic/raw/ddpcr/archive_contents/2021-02-18/SNV_P102L/PeakData/C09.ddpeakjson,/mnt/c/Projects/prnp-somatic/raw/ddpcr/archive_contents/2021-02-18/SNV_P102L/PeakMetaData/C09.ddmetajson,polygon_control_hull_gates,control-derived convex-hull polygon gates,14629,14606,12,14578,0,16,23,0,16,14594,ok,NA,"{""gate_source"":""control_anchored_polygon"",""min_hull_points"":30,""polygon_expansion"":1.03}"
2021-02-18_SNV_P102L,P102L,D03,CJD-15-1-cb,biological_sample,15_1_cb,2021-02-18,/mnt/c/Projects/prnp-somatic/raw/ddpcr/archive_contents/2021-02-18/SNV_P102L/PeakData/D03.ddpeakjson,/mnt/c/Projects/prnp-somatic/raw/ddpcr/archive_contents/2021-02-18/SNV_P102L/PeakMetaData/D03.ddmetajson,polygon_control_hull_gates,control-derived convex-hull polygon gates,16934,16916,1668,15238,1,9,18,0,10,15247,ok,NA,"{""gate_source"":""control_anchored_polygon"",""min_hull_points"":30,""polygon_expansion"":1.03}"
2021-02-18_SNV_P102L,P102L,D06,CJD-17-11-hc,biological_sample,17_11_hc,2021-02-18,/mnt/c/Projects/prnp-somatic/raw/ddpcr/archive_contents/2021-02-18/SNV_P102L/PeakData/D06.ddpeakjson,/mnt/c/Projects/prnp-somatic/raw/ddpcr/archive_contents/2021-02-18/SNV_P102L/PeakMetaData/D06.ddmetajson,polygon_control_hull_gates,control-derived convex-hull polygon gates,15536,15520,300,15209,0,11,16,0,11,15220,ok,NA,"{""gate_source"":""control_anchored_polygon"",""min_hull_points"":30,""polygon_expansion"":1.03}"
2021-02-18_SNV_P102L,P102L,E03,CJD-15-1-th,biological_sample,15_1_th,2021-02-18,/mnt/c/Projects/prnp-somatic/raw/ddpcr/archive_contents/2021-02-18/SNV_P102L/PeakData/E03.ddpeakjson,/mnt/c/Projects/prnp-somatic/raw/ddpcr/archive_contents/2021-02-18/SNV_P102L/PeakMetaData/E03.ddmetajson,polygon_control_hull_gates,control-derived convex-hull polygon gates,16049,16038,3819,12207,0,12,11,0,12,12219,ok,NA,"{""gate_source"":""control_anchored_polygon"",""min_hull_points"":30,""polygon_expansion"":1.03}"
2021-02-18_SNV_P102L,P102L,E06,CJD-17-12-bg,biological_sample,17_12_bg,2021-02-18,/mnt/c/Projects/prnp-somatic/raw/ddpcr/archive_contents/2021-02-18/SNV_P102L/PeakData/E06.ddpeakjson,/mnt/c/Projects/prnp-somatic/raw/ddpcr/archive_contents/2021-02-18/SNV_P102L/PeakMetaData/E06.ddmetajson,polygon_control_hull_gates,control-derived convex-hull polygon gates,16129,16109,189,15906,0,14,20,0,14,15920,ok,NA,"{""gate_source"":""control_anchored_polygon"",""min_hull_points"":30,""polygon_expansion"":1.03}"
2021-02-18_SNV_P102L,P102L,F06,CJD-17-12-fr,biological_sample,17_12_fr,2021-02-18,/mnt/c/Projects/prnp-somatic/raw/ddpcr/archive_contents/2021-02-18/SNV_P102L/PeakData/F06.ddpeakjson,/mnt/c/Projects/prnp-somatic/raw/ddpcr/archive_contents/2021-02-18/SNV_P102L/PeakMetaData/F06.ddmetajson,polygon_control_hull_gates,control-derived convex-hull polygon gates,15096,15078,59,15011,0,8,18,0,8,15019,ok,NA,"{""gate_source"":""control_anchored_polygon"",""min_hull_points"":30,""polygon_expansion"":1.03}"
2021-02-18_SNV_P102L,P102L,G03,CJD-17-11-cb,biological_sample,17_11_cb,2021-02-18,/mnt/c/Projects/prnp-somatic/raw/ddpcr/archive_contents/2021-02-18/SNV_P102L/PeakData/G03.ddpeakjson,/mnt/c/Projects/prnp-somatic/raw/ddpcr/archive_contents/2021-02-18/SNV_P102L/PeakMetaData/G03.ddmetajson,polygon_control_hull_gates,control-derived convex-hull polygon gates,17004,16989,8555,8426,0,8,15,0,8,8434,ok,NA,"{""gate_source"":""control_anchored_polygon"",""min_hull_points"":30,""polygon_expansion"":1.03}"
2021-02-18_SNV_P102L,P102L,H03,CJD-17-12-th,biological_sample,17_12_th,2021-02-18,/mnt/c/Projects/prnp-somatic/raw/ddpcr/archive_contents/2021-02-18/SNV_P102L/PeakData/H03.ddpeakjson,/mnt/c/Projects/prnp-somatic/raw/ddpcr/archive_contents/2021-02-18/SNV_P102L/PeakMetaData/H03.ddmetajson,polygon_control_hull_gates,control-derived convex-hull polygon gates,16726,16701,140,16540,0,21,25,0,21,16561,ok,NA,"{""gate_source"":""control_anchored_polygon"",""min_hull_points"":30,""polygon_expansion"":1.03}"
2021-03-05_SNV_P102L,P102L,A03,NTC,NTC,ntc,2021-03-05,/mnt/c/Projects/prnp-somatic/raw/ddpcr/archive_contents/2021-03-05/SNV_P102L/PeakData/A03.ddpeakjson,/mnt/c/Projects/prnp-somatic/raw/ddpcr/archive_contents/2021-03-05/SNV_P102L/PeakMetaData/A03.ddmetajson,polygon_control_hull_gates,control-derived convex-hull polygon gates,13706,13704,13704,0,0,0,2,0,0,0,ok,NA,"{""gate_source"":""control_anchored_polygon"",""min_hull_points"":30,""polygon_expansion"":1.03}"
2021-03-05_SNV_P102L,P102L,A07,19-29-fr,biological_sample,19_29_fr,2021-03-05,/mnt/c/Projects/prnp-somatic/raw/ddpcr/archive_contents/2021-03-05/SNV_P102L/PeakData/A07.ddpeakjson,/mnt/c/Projects/prnp-somatic/raw/ddpcr/archive_contents/2021-03-05/SNV_P102L/PeakMetaData/A07.ddmetajson,polygon_control_hull_gates,control-derived convex-hull polygon gates,15084,15071,7214,7845,0,12,13,0,12,7857,ok,NA,"{""gate_source"":""control_anchored_polygon"",""min_hull_points"":30,""polygon_expansion"":1.03}"
2021-03-05_SNV_P102L,P102L,B03,WT,WT_control,wt,2021-03-05,/mnt/c/Projects/prnp-somatic/raw/ddpcr/archive_contents/2021-03-05/SNV_P102L/PeakData/B03.ddpeakjson,/mnt/c/Projects/prnp-somatic/raw/ddpcr/archive_contents/2021-03-05/SNV_P102L/PeakMetaData/B03.ddmetajson,polygon_control_hull_gates,control-derived convex-hull polygon gates,13119,13099,4323,8767,1,8,20,0,9,8775,ok,NA,"{""gate_source"":""control_anchored_polygon"",""min_hull_points"":30,""polygon_expansion"":1.03}"
2021-03-05_SNV_P102L,P102L,B07,15-27-fr,biological_sample,15_27_fr,2021-03-05,/mnt/c/Projects/prnp-somatic/raw/ddpcr/archive_contents/2021-03-05/SNV_P102L/PeakData/B07.ddpeakjson,/mnt/c/Projects/prnp-somatic/raw/ddpcr/archive_contents/2021-03-05/SNV_P102L/PeakMetaData/B07.ddmetajson,polygon_control_hull_gates,control-derived convex-hull polygon gates,13217,13201,3994,9195,0,12,16,0,12,9207,ok,NA,"{""gate_source"":""control_anchored_polygon"",""min_hull_points"":30,""polygon_expansion"":1.03}"
2021-03-05_SNV_P102L,P102L,C03,P102L-mut,positive_control,,2021-03-05,/mnt/c/Projects/prnp-somatic/raw/ddpcr/archive_contents/2021-03-05/SNV_P102L/PeakData/C03.ddpeakjson,/mnt/c/Projects/prnp-somatic/raw/ddpcr/archive_contents/2021-03-05/SNV_P102L/PeakMetaData/C03.ddmetajson,polygon_control_hull_gates,control-derived convex-hull polygon gates,13612,13605,6826,2845,2745,1189,7,0,3934,4034,ok,NA,"{""gate_source"":""control_anchored_polygon"",""min_hull_points"":30,""polygon_expansion"":1.03}"
2021-03-05_SNV_P102L,P102L,C07,17-34-cb,biological_sample,17_34_cb,2021-03-05,/mnt/c/Projects/prnp-somatic/raw/ddpcr/archive_contents/2021-03-05/SNV_P102L/PeakData/C07.ddpeakjson,/mnt/c/Projects/prnp-somatic/raw/ddpcr/archive_contents/2021-03-05/SNV_P102L/PeakMetaData/C07.ddmetajson,polygon_control_hull_gates,control-derived convex-hull polygon gates,14576,14563,7461,7092,0,10,13,0,10,7102,ok,NA,"{""gate_source"":""control_anchored_polygon"",""min_hull_points"":30,""polygon_expansion"":1.03}"
2021-03-05_SNV_P102L,P102L,D03,14-24-th,biological_sample,14_24_th,2021-03-05,/mnt/c/Projects/prnp-somatic/raw/ddpcr/archive_contents/2021-03-05/SNV_P102L/PeakData/D03.ddpeakjson,/mnt/c/Projects/prnp-somatic/raw/ddpcr/archive_contents/2021-03-05/SNV_P102L/PeakMetaData/D03.ddmetajson,polygon_control_hull_gates,control-derived convex-hull polygon gates,13771,13745,6161,7570,2,12,26,0,14,7582,ok,NA,"{""gate_source"":""control_anchored_polygon"",""min_hull_points"":30,""polygon_expansion"":1.03}"
2021-03-05_SNV_P102L,P102L,E03,17-12-sn,biological_sample,17_12_sn,2021-03-05,/mnt/c/Projects/prnp-somatic/raw/ddpcr/archive_contents/2021-03-05/SNV_P102L/PeakData/E03.ddpeakjson,/mnt/c/Projects/prnp-somatic/raw/ddpcr/archive_contents/2021-03-05/SNV_P102L/PeakMetaData/E03.ddmetajson,polygon_control_hull_gates,control-derived convex-hull polygon gates,11656,11627,2,11612,0,13,29,0,13,11625,ok,NA,"{""gate_source"":""control_anchored_polygon"",""min_hull_points"":30,""polygon_expansion"":1.03}"
2021-03-29_SNV_P102L,P102L,A03,NTC,NTC,ntc,2021-03-29,/mnt/c/Projects/prnp-somatic/raw/ddpcr/archive_contents/2021-03-29/SNV_P102L/PeakData/A03.ddpeakjson,/mnt/c/Projects/prnp-somatic/raw/ddpcr/archive_contents/2021-03-29/SNV_P102L/PeakMetaData/A03.ddmetajson,polygon_control_hull_gates,control-derived convex-hull polygon gates,15224,15215,15215,0,0,0,9,0,0,0,ok,NA,"{""gate_source"":""control_anchored_polygon"",""min_hull_points"":30,""polygon_expansion"":1.03}"
2021-03-29_SNV_P102L,P102L,A06,17-11-sn,biological_sample,17_11_sn,2021-03-29,/mnt/c/Projects/prnp-somatic/raw/ddpcr/archive_contents/2021-03-29/SNV_P102L/PeakData/A06.ddpeakjson,/mnt/c/Projects/prnp-somatic/raw/ddpcr/archive_contents/2021-03-29/SNV_P102L/PeakMetaData/A06.ddmetajson,polygon_control_hull_gates,control-derived convex-hull polygon gates,15553,15504,39,15441,0,24,49,0,24,15465,ok,NA,"{""gate_source"":""control_anchored_polygon"",""min_hull_points"":30,""polygon_expansion"":1.03}"
2021-03-29_SNV_P102L,P102L,A12,14-2-hc,biological_sample,14_2_hc,2021-03-29,/mnt/c/Projects/prnp-somatic/raw/ddpcr/archive_contents/2021-03-29/SNV_P102L/PeakData/A12.ddpeakjson,/mnt/c/Projects/prnp-somatic/raw/ddpcr/archive_contents/2021-03-29/SNV_P102L/PeakMetaData/A12.ddmetajson,polygon_control_hull_gates,control-derived convex-hull polygon gates,16097,16076,203,15849,0,24,21,0,24,15873,ok,NA,"{""gate_source"":""control_anchored_polygon"",""min_hull_points"":30,""polygon_expansion"":1.03}"
2021-03-29_SNV_P102L,P102L,B03,WT,WT_control,wt,2021-03-29,/mnt/c/Projects/prnp-somatic/raw/ddpcr/archive_contents/2021-03-29/SNV_P102L/PeakData/B03.ddpeakjson,/mnt/c/Projects/prnp-somatic/raw/ddpcr/archive_contents/2021-03-29/SNV_P102L/PeakMetaData/B03.ddmetajson,polygon_control_hull_gates,control-derived convex-hull polygon gates,15947,15932,4625,11293,0,14,15,0,14,11307,ok,NA,"{""gate_source"":""control_anchored_polygon"",""min_hull_points"":30,""polygon_expansion"":1.03}"
2021-03-29_SNV_P102L,P102L,B06,17-11-th,biological_sample,17_11_th,2021-03-29,/mnt/c/Projects/prnp-somatic/raw/ddpcr/archive_contents/2021-03-29/SNV_P102L/PeakData/B06.ddpeakjson,/mnt/c/Projects/prnp-somatic/raw/ddpcr/archive_contents/2021-03-29/SNV_P102L/PeakMetaData/B06.ddmetajson,polygon_control_hull_gates,control-derived convex-hull polygon gates,14797,14762,297,14439,0,26,35,0,26,14465,ok,NA,"{""gate_source"":""control_anchored_polygon"",""min_hull_points"":30,""polygon_expansion"":1.03}"
2021-03-29_SNV_P102L,P102L,B12,14-2-sn,biological_sample,14_2_sn,2021-03-29,/mnt/c/Projects/prnp-somatic/raw/ddpcr/archive_contents/2021-03-29/SNV_P102L/PeakData/B12.ddpeakjson,/mnt/c/Projects/prnp-somatic/raw/ddpcr/archive_contents/2021-03-29/SNV_P102L/PeakMetaData/B12.ddmetajson,polygon_control_hull_gates,control-derived convex-hull polygon gates,16702,16680,259,16393,0,28,22,0,28,16421,ok,NA,"{""gate_source"":""control_anchored_polygon"",""min_hull_points"":30,""polygon_expansion"":1.03}"
2021-03-29_SNV_P102L,P102L,C03,P102L,positive_control,p102l,2021-03-29,/mnt/c/Projects/prnp-somatic/raw/ddpcr/archive_contents/2021-03-29/SNV_P102L/PeakData/C03.ddpeakjson,/mnt/c/Projects/prnp-somatic/raw/ddpcr/archive_contents/2021-03-29/SNV_P102L/PeakMetaData/C03.ddmetajson,polygon_control_hull_gates,control-derived convex-hull polygon gates,15155,15147,5143,3679,3695,2630,8,0,6325,6309,ok,NA,"{""gate_source"":""control_anchored_polygon"",""min_hull_points"":30,""polygon_expansion"":1.03}"
2021-03-29_SNV_P102L,P102L,C06,17-12-cb,biological_sample,17_12_cb,2021-03-29,/mnt/c/Projects/prnp-somatic/raw/ddpcr/archive_contents/2021-03-29/SNV_P102L/PeakData/C06.ddpeakjson,/mnt/c/Projects/prnp-somatic/raw/ddpcr/archive_contents/2021-03-29/SNV_P102L/PeakMetaData/C06.ddmetajson,polygon_control_hull_gates,control-derived convex-hull polygon gates,14846,14827,186,14615,0,26,19,0,26,14641,ok,NA,"{""gate_source"":""control_anchored_polygon"",""min_hull_points"":30,""polygon_expansion"":1.03}"
2021-03-29_SNV_P102L,P102L,C12,14-2-th,biological_sample,14_2_th,2021-03-29,/mnt/c/Projects/prnp-somatic/raw/ddpcr/archive_contents/2021-03-29/SNV_P102L/PeakData/C12.ddpeakjson,/mnt/c/Projects/prnp-somatic/raw/ddpcr/archive_contents/2021-03-29/SNV_P102L/PeakMetaData/C12.ddmetajson,polygon_control_hull_gates,control-derived convex-hull polygon gates,17937,17922,138,17751,0,33,15,0,33,17784,ok,NA,"{""gate_source"":""control_anchored_polygon"",""min_hull_points"":30,""polygon_expansion"":1.03}"
2021-03-29_SNV_P102L,P102L,D03,17-31-fr,biological_sample,17_31_fr,2021-03-29,/mnt/c/Projects/prnp-somatic/raw/ddpcr/archive_contents/2021-03-29/SNV_P102L/PeakData/D03.ddpeakjson,/mnt/c/Projects/prnp-somatic/raw/ddpcr/archive_contents/2021-03-29/SNV_P102L/PeakMetaData/D03.ddmetajson,polygon_control_hull_gates,control-derived convex-hull polygon gates,16633,16605,1431,15149,1,24,28,0,25,15173,ok,NA,"{""gate_source"":""control_anchored_polygon"",""min_hull_points"":30,""polygon_expansion"":1.03}"
2021-03-29_SNV_P102L,P102L,D06,17-12-hc,biological_sample,17_12_hc,2021-03-29,/mnt/c/Projects/prnp-somatic/raw/ddpcr/archive_contents/2021-03-29/SNV_P102L/PeakData/D06.ddpeakjson,/mnt/c/Projects/prnp-somatic/raw/ddpcr/archive_contents/2021-03-29/SNV_P102L/PeakMetaData/D06.ddmetajson,polygon_control_hull_gates,control-derived convex-hull polygon gates,15134,15105,635,14451,1,18,29,0,19,14469,ok,NA,"{""gate_source"":""control_anchored_polygon"",""min_hull_points"":30,""polygon_expansion"":1.03}"
2021-03-29_SNV_P102L,P102L,D12,15-6-bg,biological_sample,15_6_bg,2021-03-29,/mnt/c/Projects/prnp-somatic/raw/ddpcr/archive_contents/2021-03-29/SNV_P102L/PeakData/D12.ddpeakjson,/mnt/c/Projects/prnp-somatic/raw/ddpcr/archive_contents/2021-03-29/SNV_P102L/PeakMetaData/D12.ddmetajson,polygon_control_hull_gates,control-derived convex-hull polygon gates,16887,16874,259,16586,0,29,13,0,29,16615,ok,NA,"{""gate_source"":""control_anchored_polygon"",""min_hull_points"":30,""polygon_expansion"":1.03}"
2021-03-29_SNV_P102L,P102L,E03,18-1-sn,biological_sample,18_1_sn,2021-03-29,/mnt/c/Projects/prnp-somatic/raw/ddpcr/archive_contents/2021-03-29/SNV_P102L/PeakData/E03.ddpeakjson,/mnt/c/Projects/prnp-somatic/raw/ddpcr/archive_contents/2021-03-29/SNV_P102L/PeakMetaData/E03.ddmetajson,polygon_control_hull_gates,control-derived convex-hull polygon gates,15207,15156,140,14991,0,25,51,0,25,15016,ok,NA,"{""gate_source"":""control_anchored_polygon"",""min_hull_points"":30,""polygon_expansion"":1.03}"
2021-03-29_SNV_P102L,P102L,E06,17-5-bg,biological_sample,17_5_bg,2021-03-29,/mnt/c/Projects/prnp-somatic/raw/ddpcr/archive_contents/2021-03-29/SNV_P102L/PeakData/E06.ddpeakjson,/mnt/c/Projects/prnp-somatic/raw/ddpcr/archive_contents/2021-03-29/SNV_P102L/PeakMetaData/E06.ddmetajson,polygon_control_hull_gates,control-derived convex-hull polygon gates,16438,16398,959,15426,1,12,40,0,13,15438,ok,NA,"{""gate_source"":""control_anchored_polygon"",""min_hull_points"":30,""polygon_expansion"":1.03}"
2021-03-29_SNV_P102L,P102L,E12,15-6-cb,biological_sample,15_6_cb,2021-03-29,/mnt/c/Projects/prnp-somatic/raw/ddpcr/archive_contents/2021-03-29/SNV_P102L/PeakData/E12.ddpeakjson,/mnt/c/Projects/prnp-somatic/raw/ddpcr/archive_contents/2021-03-29/SNV_P102L/PeakMetaData/E12.ddmetajson,polygon_control_hull_gates,control-derived convex-hull polygon gates,16143,16126,498,15611,0,17,17,0,17,15628,ok,NA,"{""gate_source"":""control_anchored_polygon"",""min_hull_points"":30,""polygon_expansion"":1.03}"
2021-03-29_SNV_P102L,P102L,F03,18-1-th,biological_sample,18_1_th,2021-03-29,/mnt/c/Projects/prnp-somatic/raw/ddpcr/archive_contents/2021-03-29/SNV_P102L/PeakData/F03.ddpeakjson,/mnt/c/Projects/prnp-somatic/raw/ddpcr/archive_contents/2021-03-29/SNV_P102L/PeakMetaData/F03.ddmetajson,polygon_control_hull_gates,control-derived convex-hull polygon gates,16853,16837,22,16780,0,35,16,0,35,16815,ok,NA,"{""gate_source"":""control_anchored_polygon"",""min_hull_points"":30,""polygon_expansion"":1.03}"
2021-03-29_SNV_P102L,P102L,F06,17-5-hc,biological_sample,17_5_hc,2021-03-29,/mnt/c/Projects/prnp-somatic/raw/ddpcr/archive_contents/2021-03-29/SNV_P102L/PeakData/F06.ddpeakjson,/mnt/c/Projects/prnp-somatic/raw/ddpcr/archive_contents/2021-03-29/SNV_P102L/PeakMetaData/F06.ddmetajson,polygon_control_hull_gates,control-derived convex-hull polygon gates,16450,16422,276,16123,0,23,28,0,23,16146,ok,NA,"{""gate_source"":""control_anchored_polygon"",""min_hull_points"":30,""polygon_expansion"":1.03}"
2021-03-29_SNV_P102L,P102L,F12,15-6-fr,biological_sample,15_6_fr,2021-03-29,/mnt/c/Projects/prnp-somatic/raw/ddpcr/archive_contents/2021-03-29/SNV_P102L/PeakData/F12.ddpeakjson,/mnt/c/Projects/prnp-somatic/raw/ddpcr/archive_contents/2021-03-29/SNV_P102L/PeakMetaData/F12.ddmetajson,polygon_control_hull_gates,control-derived convex-hull polygon gates,16536,16516,916,15576,0,24,20,0,24,15600,ok,NA,"{""gate_source"":""control_anchored_polygon"",""min_hull_points"":30,""polygon_expansion"":1.03}"
2021-03-29_SNV_P102L,P102L,G03,17-13-fr,biological_sample,17_13_fr,2021-03-29,/mnt/c/Projects/prnp-somatic/raw/ddpcr/archive_contents/2021-03-29/SNV_P102L/PeakData/G03.ddpeakjson,/mnt/c/Projects/prnp-somatic/raw/ddpcr/archive_contents/2021-03-29/SNV_P102L/PeakMetaData/G03.ddmetajson,polygon_control_hull_gates,control-derived convex-hull polygon gates,14407,14386,414,13950,1,21,21,0,22,13971,ok,NA,"{""gate_source"":""control_anchored_polygon"",""min_hull_points"":30,""polygon_expansion"":1.03}"
2021-03-29_SNV_P102L,P102L,G06,17-5-sn,biological_sample,17_5_sn,2021-03-29,/mnt/c/Projects/prnp-somatic/raw/ddpcr/archive_contents/2021-03-29/SNV_P102L/PeakData/G06.ddpeakjson,/mnt/c/Projects/prnp-somatic/raw/ddpcr/archive_contents/2021-03-29/SNV_P102L/PeakMetaData/G06.ddmetajson,polygon_control_hull_gates,control-derived convex-hull polygon gates,15710,15679,872,14788,0,19,31,0,19,14807,ok,NA,"{""gate_source"":""control_anchored_polygon"",""min_hull_points"":30,""polygon_expansion"":1.03}"
2021-03-29_SNV_P102L,P102L,G12,15-6-hc,biological_sample,15_6_hc,2021-03-29,/mnt/c/Projects/prnp-somatic/raw/ddpcr/archive_contents/2021-03-29/SNV_P102L/PeakData/G12.ddpeakjson,/mnt/c/Projects/prnp-somatic/raw/ddpcr/archive_contents/2021-03-29/SNV_P102L/PeakMetaData/G12.ddmetajson,polygon_control_hull_gates,control-derived convex-hull polygon gates,15867,15849,34,15789,0,26,18,0,26,15815,ok,NA,"{""gate_source"":""control_anchored_polygon"",""min_hull_points"":30,""polygon_expansion"":1.03}"
2021-03-29_SNV_P102L,P102L,H03,17-13-th,biological_sample,17_13_th,2021-03-29,/mnt/c/Projects/prnp-somatic/raw/ddpcr/archive_contents/2021-03-29/SNV_P102L/PeakData/H03.ddpeakjson,/mnt/c/Projects/prnp-somatic/raw/ddpcr/archive_contents/2021-03-29/SNV_P102L/PeakMetaData/H03.ddmetajson,polygon_control_hull_gates,control-derived convex-hull polygon gates,15092,15062,667,14374,0,21,30,0,21,14395,ok,NA,"{""gate_source"":""control_anchored_polygon"",""min_hull_points"":30,""polygon_expansion"":1.03}"
2021-03-29_SNV_P102L,P102L,H06,17-8-hc,biological_sample,17_8_hc,2021-03-29,/mnt/c/Projects/prnp-somatic/raw/ddpcr/archive_contents/2021-03-29/SNV_P102L/PeakData/H06.ddpeakjson,/mnt/c/Projects/prnp-somatic/raw/ddpcr/archive_contents/2021-03-29/SNV_P102L/PeakMetaData/H06.ddmetajson,polygon_control_hull_gates,control-derived convex-hull polygon gates,16207,16140,170,15949,0,21,67,0,21,15970,ok,NA,"{""gate_source"":""control_anchored_polygon"",""min_hull_points"":30,""polygon_expansion"":1.03}"
2021-03-29_SNV_P102L,P102L,H12,15-6-sn,biological_sample,15_6_sn,2021-03-29,/mnt/c/Projects/prnp-somatic/raw/ddpcr/archive_contents/2021-03-29/SNV_P102L/PeakData/H12.ddpeakjson,/mnt/c/Projects/prnp-somatic/raw/ddpcr/archive_contents/2021-03-29/SNV_P102L/PeakMetaData/H12.ddmetajson,polygon_control_hull_gates,control-derived convex-hull polygon gates,15535,15485,14,15437,0,34,50,0,34,15471,ok,NA,"{""gate_source"":""control_anchored_polygon"",""min_hull_points"":30,""polygon_expansion"":1.03}"
2021-04-06_SNV_P102L,P102L,A03,NTC,NTC,ntc,2021-04-06,/mnt/c/Projects/prnp-somatic/raw/ddpcr/archive_contents/2021-04-06/SNV_P102L/PeakData/A03.ddpeakjson,/mnt/c/Projects/prnp-somatic/raw/ddpcr/archive_contents/2021-04-06/SNV_P102L/PeakMetaData/A03.ddmetajson,polygon_control_hull_gates,control-derived convex-hull polygon gates,14977,14970,14970,0,0,0,7,0,0,0,ok,NA,"{""gate_source"":""control_anchored_polygon"",""min_hull_points"":30,""polygon_expansion"":1.03}"
2021-04-06_SNV_P102L,P102L,A06,20-08-hc,biological_sample,20_08_hc,2021-04-06,/mnt/c/Projects/prnp-somatic/raw/ddpcr/archive_contents/2021-04-06/SNV_P102L/PeakData/A06.ddpeakjson,/mnt/c/Projects/prnp-somatic/raw/ddpcr/archive_contents/2021-04-06/SNV_P102L/PeakMetaData/A06.ddmetajson,polygon_control_hull_gates,control-derived convex-hull polygon gates,11655,11637,48,11575,0,14,18,0,14,11589,ok,NA,"{""gate_source"":""control_anchored_polygon"",""min_hull_points"":30,""polygon_expansion"":1.03}"
2021-04-06_SNV_P102L,P102L,A09,17-8-sn,biological_sample,17_8_sn,2021-04-06,/mnt/c/Projects/prnp-somatic/raw/ddpcr/archive_contents/2021-04-06/SNV_P102L/PeakData/A09.ddpeakjson,/mnt/c/Projects/prnp-somatic/raw/ddpcr/archive_contents/2021-04-06/SNV_P102L/PeakMetaData/A09.ddmetajson,polygon_control_hull_gates,control-derived convex-hull polygon gates,15078,15059,507,14522,1,29,19,0,30,14551,ok,NA,"{""gate_source"":""control_anchored_polygon"",""min_hull_points"":30,""polygon_expansion"":1.03}"
2021-04-06_SNV_P102L,P102L,B03,WT,WT_control,wt,2021-04-06,/mnt/c/Projects/prnp-somatic/raw/ddpcr/archive_contents/2021-04-06/SNV_P102L/PeakData/B03.ddpeakjson,/mnt/c/Projects/prnp-somatic/raw/ddpcr/archive_contents/2021-04-06/SNV_P102L/PeakMetaData/B03.ddmetajson,polygon_control_hull_gates,control-derived convex-hull polygon gates,14186,14163,3608,10542,0,13,23,0,13,10555,ok,NA,"{""gate_source"":""control_anchored_polygon"",""min_hull_points"":30,""polygon_expansion"":1.03}"
2021-04-06_SNV_P102L,P102L,B06,20-08-th,biological_sample,20_08_th,2021-04-06,/mnt/c/Projects/prnp-somatic/raw/ddpcr/archive_contents/2021-04-06/SNV_P102L/PeakData/B06.ddpeakjson,/mnt/c/Projects/prnp-somatic/raw/ddpcr/archive_contents/2021-04-06/SNV_P102L/PeakMetaData/B06.ddmetajson,polygon_control_hull_gates,control-derived convex-hull polygon gates,11463,11448,131,11292,0,25,15,0,25,11317,ok,NA,"{""gate_source"":""control_anchored_polygon"",""min_hull_points"":30,""polygon_expansion"":1.03}"
2021-04-06_SNV_P102L,P102L,B09,17-8-th,biological_sample,17_8_th,2021-04-06,/mnt/c/Projects/prnp-somatic/raw/ddpcr/archive_contents/2021-04-06/SNV_P102L/PeakData/B09.ddpeakjson,/mnt/c/Projects/prnp-somatic/raw/ddpcr/archive_contents/2021-04-06/SNV_P102L/PeakMetaData/B09.ddmetajson,polygon_control_hull_gates,control-derived convex-hull polygon gates,14594,14572,269,14281,0,22,22,0,22,14303,ok,NA,"{""gate_source"":""control_anchored_polygon"",""min_hull_points"":30,""polygon_expansion"":1.03}"
2021-04-06_SNV_P102L,P102L,C03,P102L,positive_control,p102l,2021-04-06,/mnt/c/Projects/prnp-somatic/raw/ddpcr/archive_contents/2021-04-06/SNV_P102L/PeakData/C03.ddpeakjson,/mnt/c/Projects/prnp-somatic/raw/ddpcr/archive_contents/2021-04-06/SNV_P102L/PeakMetaData/C03.ddmetajson,polygon_control_hull_gates,control-derived convex-hull polygon gates,12002,11994,1964,2524,2542,4964,8,0,7506,7488,ok,NA,"{""gate_source"":""control_anchored_polygon"",""min_hull_points"":30,""polygon_expansion"":1.03}"
2021-04-06_SNV_P102L,P102L,C06,15-27-bg,biological_sample,15_27_bg,2021-04-06,/mnt/c/Projects/prnp-somatic/raw/ddpcr/archive_contents/2021-04-06/SNV_P102L/PeakData/C06.ddpeakjson,/mnt/c/Projects/prnp-somatic/raw/ddpcr/archive_contents/2021-04-06/SNV_P102L/PeakMetaData/C06.ddmetajson,polygon_control_hull_gates,control-derived convex-hull polygon gates,12103,12090,505,11572,0,13,13,0,13,11585,ok,NA,"{""gate_source"":""control_anchored_polygon"",""min_hull_points"":30,""polygon_expansion"":1.03}"
2021-04-06_SNV_P102L,P102L,C09,17-34-bg,biological_sample,17_34_bg,2021-04-06,/mnt/c/Projects/prnp-somatic/raw/ddpcr/archive_contents/2021-04-06/SNV_P102L/PeakData/C09.ddpeakjson,/mnt/c/Projects/prnp-somatic/raw/ddpcr/archive_contents/2021-04-06/SNV_P102L/PeakMetaData/C09.ddmetajson,polygon_control_hull_gates,control-derived convex-hull polygon gates,14083,14071,642,13413,0,16,12,0,16,13429,ok,NA,"{""gate_source"":""control_anchored_polygon"",""min_hull_points"":30,""polygon_expansion"":1.03}"
2021-04-06_SNV_P102L,P102L,D03,17-20-hc,biological_sample,17_20_hc,2021-04-06,/mnt/c/Projects/prnp-somatic/raw/ddpcr/archive_contents/2021-04-06/SNV_P102L/PeakData/D03.ddpeakjson,/mnt/c/Projects/prnp-somatic/raw/ddpcr/archive_contents/2021-04-06/SNV_P102L/PeakMetaData/D03.ddmetajson,polygon_control_hull_gates,control-derived convex-hull polygon gates,11987,11971,11,11946,0,14,16,0,14,11960,ok,NA,"{""gate_source"":""control_anchored_polygon"",""min_hull_points"":30,""polygon_expansion"":1.03}"
2021-04-06_SNV_P102L,P102L,D06,15-27-cb,biological_sample,15_27_cb,2021-04-06,/mnt/c/Projects/prnp-somatic/raw/ddpcr/archive_contents/2021-04-06/SNV_P102L/PeakData/D06.ddpeakjson,/mnt/c/Projects/prnp-somatic/raw/ddpcr/archive_contents/2021-04-06/SNV_P102L/PeakMetaData/D06.ddmetajson,polygon_control_hull_gates,control-derived convex-hull polygon gates,14126,14096,625,13460,0,11,30,0,11,13471,ok,NA,"{""gate_source"":""control_anchored_polygon"",""min_hull_points"":30,""polygon_expansion"":1.03}"
2021-04-06_SNV_P102L,P102L,D09,17-34-hc,biological_sample,17_34_hc,2021-04-06,/mnt/c/Projects/prnp-somatic/raw/ddpcr/archive_contents/2021-04-06/SNV_P102L/PeakData/D09.ddpeakjson,/mnt/c/Projects/prnp-somatic/raw/ddpcr/archive_contents/2021-04-06/SNV_P102L/PeakMetaData/D09.ddmetajson,polygon_control_hull_gates,control-derived convex-hull polygon gates,10589,10578,310,10258,0,10,11,0,10,10268,ok,NA,"{""gate_source"":""control_anchored_polygon"",""min_hull_points"":30,""polygon_expansion"":1.03}"
2021-04-06_SNV_P102L,P102L,E03,15-6-th,biological_sample,15_6_th,2021-04-06,/mnt/c/Projects/prnp-somatic/raw/ddpcr/archive_contents/2021-04-06/SNV_P102L/PeakData/E03.ddpeakjson,/mnt/c/Projects/prnp-somatic/raw/ddpcr/archive_contents/2021-04-06/SNV_P102L/PeakMetaData/E03.ddmetajson,polygon_control_hull_gates,control-derived convex-hull polygon gates,14310,14291,210,14060,0,21,19,0,21,14081,ok,NA,"{""gate_source"":""control_anchored_polygon"",""min_hull_points"":30,""polygon_expansion"":1.03}"
2021-04-06_SNV_P102L,P102L,E06,15-27-pons,biological_sample,15_27_ps,2021-04-06,/mnt/c/Projects/prnp-somatic/raw/ddpcr/archive_contents/2021-04-06/SNV_P102L/PeakData/E06.ddpeakjson,/mnt/c/Projects/prnp-somatic/raw/ddpcr/archive_contents/2021-04-06/SNV_P102L/PeakMetaData/E06.ddmetajson,polygon_control_hull_gates,control-derived convex-hull polygon gates,12522,12425,16,12391,0,18,97,0,18,12409,ok,NA,"{""gate_source"":""control_anchored_polygon"",""min_hull_points"":30,""polygon_expansion"":1.03}"
2021-04-06_SNV_P102L,P102L,E09,929474-th,biological_sample,929474_th,2021-04-06,/mnt/c/Projects/prnp-somatic/raw/ddpcr/archive_contents/2021-04-06/SNV_P102L/PeakData/E09.ddpeakjson,/mnt/c/Projects/prnp-somatic/raw/ddpcr/archive_contents/2021-04-06/SNV_P102L/PeakMetaData/E09.ddmetajson,polygon_control_hull_gates,control-derived convex-hull polygon gates,15419,15387,243,15123,0,21,32,0,21,15144,ok,NA,"{""gate_source"":""control_anchored_polygon"",""min_hull_points"":30,""polygon_expansion"":1.03}"
2021-04-06_SNV_P102L,P102L,F03,18-6-sn,biological_sample,18_6_sn,2021-04-06,/mnt/c/Projects/prnp-somatic/raw/ddpcr/archive_contents/2021-04-06/SNV_P102L/PeakData/F03.ddpeakjson,/mnt/c/Projects/prnp-somatic/raw/ddpcr/archive_contents/2021-04-06/SNV_P102L/PeakMetaData/F03.ddmetajson,polygon_control_hull_gates,control-derived convex-hull polygon gates,12665,12655,6293,6356,0,6,10,0,6,6362,ok,NA,"{""gate_source"":""control_anchored_polygon"",""min_hull_points"":30,""polygon_expansion"":1.03}"
2021-04-06_SNV_P102L,P102L,F06,15-27-th,biological_sample,15_27_th,2021-04-06,/mnt/c/Projects/prnp-somatic/raw/ddpcr/archive_contents/2021-04-06/SNV_P102L/PeakData/F06.ddpeakjson,/mnt/c/Projects/prnp-somatic/raw/ddpcr/archive_contents/2021-04-06/SNV_P102L/PeakMetaData/F06.ddmetajson,polygon_control_hull_gates,control-derived convex-hull polygon gates,13258,13179,201,12961,0,17,79,0,17,12978,ok,NA,"{""gate_source"":""control_anchored_polygon"",""min_hull_points"":30,""polygon_expansion"":1.03}"
2021-04-06_SNV_P102L,P102L,F09,14-2-bg,biological_sample,14_2_bg,2021-04-06,/mnt/c/Projects/prnp-somatic/raw/ddpcr/archive_contents/2021-04-06/SNV_P102L/PeakData/F09.ddpeakjson,/mnt/c/Projects/prnp-somatic/raw/ddpcr/archive_contents/2021-04-06/SNV_P102L/PeakMetaData/F09.ddmetajson,polygon_control_hull_gates,control-derived convex-hull polygon gates,16337,16292,596,15674,0,22,45,0,22,15696,ok,NA,"{""gate_source"":""control_anchored_polygon"",""min_hull_points"":30,""polygon_expansion"":1.03}"
2021-04-06_SNV_P102L,P102L,G06,15-1-hc,biological_sample,15_1_hc,2021-04-06,/mnt/c/Projects/prnp-somatic/raw/ddpcr/archive_contents/2021-04-06/SNV_P102L/PeakData/G06.ddpeakjson,/mnt/c/Projects/prnp-somatic/raw/ddpcr/archive_contents/2021-04-06/SNV_P102L/PeakMetaData/G06.ddmetajson,polygon_control_hull_gates,control-derived convex-hull polygon gates,12604,12544,219,12311,0,14,60,0,14,12325,ok,NA,"{""gate_source"":""control_anchored_polygon"",""min_hull_points"":30,""polygon_expansion"":1.03}"
2021-04-06_SNV_P102L,P102L,G09,14-2-cb,biological_sample,14_2_cb,2021-04-06,/mnt/c/Projects/prnp-somatic/raw/ddpcr/archive_contents/2021-04-06/SNV_P102L/PeakData/G09.ddpeakjson,/mnt/c/Projects/prnp-somatic/raw/ddpcr/archive_contents/2021-04-06/SNV_P102L/PeakMetaData/G09.ddmetajson,polygon_control_hull_gates,control-derived convex-hull polygon gates,14213,14185,1124,13049,0,12,28,0,12,13061,ok,NA,"{""gate_source"":""control_anchored_polygon"",""min_hull_points"":30,""polygon_expansion"":1.03}"
2021-04-06_SNV_P102L,P102L,H06,15-1-sn,biological_sample,15_1_sn,2021-04-06,/mnt/c/Projects/prnp-somatic/raw/ddpcr/archive_contents/2021-04-06/SNV_P102L/PeakData/H06.ddpeakjson,/mnt/c/Projects/prnp-somatic/raw/ddpcr/archive_contents/2021-04-06/SNV_P102L/PeakMetaData/H06.ddmetajson,polygon_control_hull_gates,control-derived convex-hull polygon gates,13189,13076,90,12960,0,26,113,0,26,12986,ok,NA,"{""gate_source"":""control_anchored_polygon"",""min_hull_points"":30,""polygon_expansion"":1.03}"
2021-04-06_SNV_P102L,P102L,H09,14-2-fr,biological_sample,14_2_fr,2021-04-06,/mnt/c/Projects/prnp-somatic/raw/ddpcr/archive_contents/2021-04-06/SNV_P102L/PeakData/H09.ddpeakjson,/mnt/c/Projects/prnp-somatic/raw/ddpcr/archive_contents/2021-04-06/SNV_P102L/PeakMetaData/H09.ddmetajson,polygon_control_hull_gates,control-derived convex-hull polygon gates,15379,15367,633,14720,0,14,12,0,14,14734,ok,NA,"{""gate_source"":""control_anchored_polygon"",""min_hull_points"":30,""polygon_expansion"":1.03}"
2021-05-10_SNV_P102L,P102L,A03,NTC,NTC,ntc,2021-05-10,/mnt/c/Projects/prnp-somatic/raw/ddpcr/archive_contents/2021-05-10/SNV_P102L/PeakData/A03.ddpeakjson,/mnt/c/Projects/prnp-somatic/raw/ddpcr/archive_contents/2021-05-10/SNV_P102L/PeakMetaData/A03.ddmetajson,polygon_control_hull_gates,control-derived convex-hull polygon gates,15040,15032,15024,8,0,0,8,0,0,8,ok,NA,"{""gate_source"":""control_anchored_polygon"",""min_hull_points"":30,""polygon_expansion"":1.03}"
2021-05-10_SNV_P102L,P102L,A06,09-100-th,biological_sample,09_100_th,2021-05-10,/mnt/c/Projects/prnp-somatic/raw/ddpcr/archive_contents/2021-05-10/SNV_P102L/PeakData/A06.ddpeakjson,/mnt/c/Projects/prnp-somatic/raw/ddpcr/archive_contents/2021-05-10/SNV_P102L/PeakMetaData/A06.ddmetajson,polygon_control_hull_gates,control-derived convex-hull polygon gates,9975,9954,428,9515,0,11,21,0,11,9526,ok,NA,"{""gate_source"":""control_anchored_polygon"",""min_hull_points"":30,""polygon_expansion"":1.03}"
2021-05-10_SNV_P102L,P102L,A09,03-132-ce,biological_sample,03_132_ce,2021-05-10,/mnt/c/Projects/prnp-somatic/raw/ddpcr/archive_contents/2021-05-10/SNV_P102L/PeakData/A09.ddpeakjson,/mnt/c/Projects/prnp-somatic/raw/ddpcr/archive_contents/2021-05-10/SNV_P102L/PeakMetaData/A09.ddmetajson,polygon_control_hull_gates,control-derived convex-hull polygon gates,15333,15313,652,14641,0,20,20,0,20,14661,ok,NA,"{""gate_source"":""control_anchored_polygon"",""min_hull_points"":30,""polygon_expansion"":1.03}"
2021-05-10_SNV_P102L,P102L,B03,WT,WT_control,wt,2021-05-10,/mnt/c/Projects/prnp-somatic/raw/ddpcr/archive_contents/2021-05-10/SNV_P102L/PeakData/B03.ddpeakjson,/mnt/c/Projects/prnp-somatic/raw/ddpcr/archive_contents/2021-05-10/SNV_P102L/PeakMetaData/B03.ddmetajson,polygon_control_hull_gates,control-derived convex-hull polygon gates,14581,14570,4011,10541,0,18,11,0,18,10559,ok,NA,"{""gate_source"":""control_anchored_polygon"",""min_hull_points"":30,""polygon_expansion"":1.03}"
2021-05-10_SNV_P102L,P102L,B06,03-112-cau,biological_sample,03_112_cau,2021-05-10,/mnt/c/Projects/prnp-somatic/raw/ddpcr/archive_contents/2021-05-10/SNV_P102L/PeakData/B06.ddpeakjson,/mnt/c/Projects/prnp-somatic/raw/ddpcr/archive_contents/2021-05-10/SNV_P102L/PeakMetaData/B06.ddmetajson,polygon_control_hull_gates,control-derived convex-hull polygon gates,11677,11656,583,11057,0,16,21,0,16,11073,ok,NA,"{""gate_source"":""control_anchored_polygon"",""min_hull_points"":30,""polygon_expansion"":1.03}"
2021-05-10_SNV_P102L,P102L,B09,03-132-fc,biological_sample,03_132_fc,2021-05-10,/mnt/c/Projects/prnp-somatic/raw/ddpcr/archive_contents/2021-05-10/SNV_P102L/PeakData/B09.ddpeakjson,/mnt/c/Projects/prnp-somatic/raw/ddpcr/archive_contents/2021-05-10/SNV_P102L/PeakMetaData/B09.ddmetajson,polygon_control_hull_gates,control-derived convex-hull polygon gates,16014,15984,83,15871,0,30,30,0,30,15901,ok,NA,"{""gate_source"":""control_anchored_polygon"",""min_hull_points"":30,""polygon_expansion"":1.03}"
2021-05-10_SNV_P102L,P102L,C03,P102L,positive_control,p102l,2021-05-10,/mnt/c/Projects/prnp-somatic/raw/ddpcr/archive_contents/2021-05-10/SNV_P102L/PeakData/C03.ddpeakjson,/mnt/c/Projects/prnp-somatic/raw/ddpcr/archive_contents/2021-05-10/SNV_P102L/PeakMetaData/C03.ddmetajson,polygon_control_hull_gates,control-derived convex-hull polygon gates,15471,15465,1893,3575,3553,6444,6,0,9997,10019,ok,NA,"{""gate_source"":""control_anchored_polygon"",""min_hull_points"":30,""polygon_expansion"":1.03}"
2021-05-10_SNV_P102L,P102L,C06,03-112-ce,biological_sample,03_112_ce,2021-05-10,/mnt/c/Projects/prnp-somatic/raw/ddpcr/archive_contents/2021-05-10/SNV_P102L/PeakData/C06.ddpeakjson,/mnt/c/Projects/prnp-somatic/raw/ddpcr/archive_contents/2021-05-10/SNV_P102L/PeakMetaData/C06.ddmetajson,polygon_control_hull_gates,control-derived convex-hull polygon gates,14558,14527,82,14429,1,15,31,0,16,14444,ok,NA,"{""gate_source"":""control_anchored_polygon"",""min_hull_points"":30,""polygon_expansion"":1.03}"
2021-05-10_SNV_P102L,P102L,C09,03-132-hip,biological_sample,03_132_hip,2021-05-10,/mnt/c/Projects/prnp-somatic/raw/ddpcr/archive_contents/2021-05-10/SNV_P102L/PeakData/C09.ddpeakjson,/mnt/c/Projects/prnp-somatic/raw/ddpcr/archive_contents/2021-05-10/SNV_P102L/PeakMetaData/C09.ddmetajson,polygon_control_hull_gates,control-derived convex-hull polygon gates,15608,15581,277,15278,0,26,27,0,26,15304,ok,NA,"{""gate_source"":""control_anchored_polygon"",""min_hull_points"":30,""polygon_expansion"":1.03}"
2021-05-10_SNV_P102L,P102L,D03,09-100-cau,biological_sample,09_100_cau,2021-05-10,/mnt/c/Projects/prnp-somatic/raw/ddpcr/archive_contents/2021-05-10/SNV_P102L/PeakData/D03.ddpeakjson,/mnt/c/Projects/prnp-somatic/raw/ddpcr/archive_contents/2021-05-10/SNV_P102L/PeakMetaData/D03.ddmetajson,polygon_control_hull_gates,control-derived convex-hull polygon gates,17215,17184,1099,16059,0,26,31,0,26,16085,ok,NA,"{""gate_source"":""control_anchored_polygon"",""min_hull_points"":30,""polygon_expansion"":1.03}"
2021-05-10_SNV_P102L,P102L,D06,03-112-fc,biological_sample,03_112_fc,2021-05-10,/mnt/c/Projects/prnp-somatic/raw/ddpcr/archive_contents/2021-05-10/SNV_P102L/PeakData/D06.ddpeakjson,/mnt/c/Projects/prnp-somatic/raw/ddpcr/archive_contents/2021-05-10/SNV_P102L/PeakMetaData/D06.ddmetajson,polygon_control_hull_gates,control-derived convex-hull polygon gates,15313,15292,328,14936,0,28,21,0,28,14964,ok,NA,"{""gate_source"":""control_anchored_polygon"",""min_hull_points"":30,""polygon_expansion"":1.03}"
2021-05-10_SNV_P102L,P102L,D09,03-132-mdb,biological_sample,03_132_mdb,2021-05-10,/mnt/c/Projects/prnp-somatic/raw/ddpcr/archive_contents/2021-05-10/SNV_P102L/PeakData/D09.ddpeakjson,/mnt/c/Projects/prnp-somatic/raw/ddpcr/archive_contents/2021-05-10/SNV_P102L/PeakMetaData/D09.ddmetajson,polygon_control_hull_gates,control-derived convex-hull polygon gates,16813,16780,311,16443,0,26,33,0,26,16469,ok,NA,"{""gate_source"":""control_anchored_polygon"",""min_hull_points"":30,""polygon_expansion"":1.03}"
2021-05-10_SNV_P102L,P102L,E03,09-100-ce,biological_sample,09_100_ce,2021-05-10,/mnt/c/Projects/prnp-somatic/raw/ddpcr/archive_contents/2021-05-10/SNV_P102L/PeakData/E03.ddpeakjson,/mnt/c/Projects/prnp-somatic/raw/ddpcr/archive_contents/2021-05-10/SNV_P102L/PeakMetaData/E03.ddmetajson,polygon_control_hull_gates,control-derived convex-hull polygon gates,15893,15870,2615,13243,0,12,23,0,12,13255,ok,NA,"{""gate_source"":""control_anchored_polygon"",""min_hull_points"":30,""polygon_expansion"":1.03}"
2021-05-10_SNV_P102L,P102L,E06,03-112-hip,biological_sample,03_112_hip,2021-05-10,/mnt/c/Projects/prnp-somatic/raw/ddpcr/archive_contents/2021-05-10/SNV_P102L/PeakData/E06.ddpeakjson,/mnt/c/Projects/prnp-somatic/raw/ddpcr/archive_contents/2021-05-10/SNV_P102L/PeakMetaData/E06.ddmetajson,polygon_control_hull_gates,control-derived convex-hull polygon gates,12349,12326,271,12035,0,20,23,0,20,12055,ok,NA,"{""gate_source"":""control_anchored_polygon"",""min_hull_points"":30,""polygon_expansion"":1.03}"
2021-05-10_SNV_P102L,P102L,E09,03-132-th,biological_sample,03_132_th,2021-05-10,/mnt/c/Projects/prnp-somatic/raw/ddpcr/archive_contents/2021-05-10/SNV_P102L/PeakData/E09.ddpeakjson,/mnt/c/Projects/prnp-somatic/raw/ddpcr/archive_contents/2021-05-10/SNV_P102L/PeakMetaData/E09.ddmetajson,polygon_control_hull_gates,control-derived convex-hull polygon gates,16520,16495,153,16314,1,27,25,0,28,16341,ok,NA,"{""gate_source"":""control_anchored_polygon"",""min_hull_points"":30,""polygon_expansion"":1.03}"
2021-05-10_SNV_P102L,P102L,F03,09-100-fc,biological_sample,09_100_fc,2021-05-10,/mnt/c/Projects/prnp-somatic/raw/ddpcr/archive_contents/2021-05-10/SNV_P102L/PeakData/F03.ddpeakjson,/mnt/c/Projects/prnp-somatic/raw/ddpcr/archive_contents/2021-05-10/SNV_P102L/PeakMetaData/F03.ddmetajson,polygon_control_hull_gates,control-derived convex-hull polygon gates,16569,16549,277,16256,0,16,20,0,16,16272,ok,NA,"{""gate_source"":""control_anchored_polygon"",""min_hull_points"":30,""polygon_expansion"":1.03}"
2021-05-10_SNV_P102L,P102L,F06,03-112-mdb,biological_sample,03_112_mdb,2021-05-10,/mnt/c/Projects/prnp-somatic/raw/ddpcr/archive_contents/2021-05-10/SNV_P102L/PeakData/F06.ddpeakjson,/mnt/c/Projects/prnp-somatic/raw/ddpcr/archive_contents/2021-05-10/SNV_P102L/PeakMetaData/F06.ddmetajson,polygon_control_hull_gates,control-derived convex-hull polygon gates,14923,14904,81,14791,0,32,19,0,32,14823,ok,NA,"{""gate_source"":""control_anchored_polygon"",""min_hull_points"":30,""polygon_expansion"":1.03}"
2021-05-10_SNV_P102L,P102L,F09,04-045-cau,biological_sample,04_045_cau,2021-05-10,/mnt/c/Projects/prnp-somatic/raw/ddpcr/archive_contents/2021-05-10/SNV_P102L/PeakData/F09.ddpeakjson,/mnt/c/Projects/prnp-somatic/raw/ddpcr/archive_contents/2021-05-10/SNV_P102L/PeakMetaData/F09.ddmetajson,polygon_control_hull_gates,control-derived convex-hull polygon gates,16702,16665,61,16574,0,30,37,0,30,16604,ok,NA,"{""gate_source"":""control_anchored_polygon"",""min_hull_points"":30,""polygon_expansion"":1.03}"
2021-05-10_SNV_P102L,P102L,G03,09-100-hip,biological_sample,09_100_hip,2021-05-10,/mnt/c/Projects/prnp-somatic/raw/ddpcr/archive_contents/2021-05-10/SNV_P102L/PeakData/G03.ddpeakjson,/mnt/c/Projects/prnp-somatic/raw/ddpcr/archive_contents/2021-05-10/SNV_P102L/PeakMetaData/G03.ddmetajson,polygon_control_hull_gates,control-derived convex-hull polygon gates,15396,15381,321,15031,0,29,15,0,29,15060,ok,NA,"{""gate_source"":""control_anchored_polygon"",""min_hull_points"":30,""polygon_expansion"":1.03}"
2021-05-10_SNV_P102L,P102L,G06,03-112-th,biological_sample,03_112_th,2021-05-10,/mnt/c/Projects/prnp-somatic/raw/ddpcr/archive_contents/2021-05-10/SNV_P102L/PeakData/G06.ddpeakjson,/mnt/c/Projects/prnp-somatic/raw/ddpcr/archive_contents/2021-05-10/SNV_P102L/PeakMetaData/G06.ddmetajson,polygon_control_hull_gates,control-derived convex-hull polygon gates,15629,15610,136,15450,0,24,19,0,24,15474,ok,NA,"{""gate_source"":""control_anchored_polygon"",""min_hull_points"":30,""polygon_expansion"":1.03}"
2021-05-10_SNV_P102L,P102L,G09,04-045-ce,biological_sample,04_045_ce,2021-05-10,/mnt/c/Projects/prnp-somatic/raw/ddpcr/archive_contents/2021-05-10/SNV_P102L/PeakData/G09.ddpeakjson,/mnt/c/Projects/prnp-somatic/raw/ddpcr/archive_contents/2021-05-10/SNV_P102L/PeakMetaData/G09.ddmetajson,polygon_control_hull_gates,control-derived convex-hull polygon gates,16278,16252,48,16191,0,13,26,0,13,16204,ok,NA,"{""gate_source"":""control_anchored_polygon"",""min_hull_points"":30,""polygon_expansion"":1.03}"
2021-05-10_SNV_P102L,P102L,H03,09-100-mdb,biological_sample,09_100_mdb,2021-05-10,/mnt/c/Projects/prnp-somatic/raw/ddpcr/archive_contents/2021-05-10/SNV_P102L/PeakData/H03.ddpeakjson,/mnt/c/Projects/prnp-somatic/raw/ddpcr/archive_contents/2021-05-10/SNV_P102L/PeakMetaData/H03.ddmetajson,polygon_control_hull_gates,control-derived convex-hull polygon gates,16886,16863,378,16455,0,30,23,0,30,16485,ok,NA,"{""gate_source"":""control_anchored_polygon"",""min_hull_points"":30,""polygon_expansion"":1.03}"
2021-05-10_SNV_P102L,P102L,H06,03-132-cau,biological_sample,03_132_cau,2021-05-10,/mnt/c/Projects/prnp-somatic/raw/ddpcr/archive_contents/2021-05-10/SNV_P102L/PeakData/H06.ddpeakjson,/mnt/c/Projects/prnp-somatic/raw/ddpcr/archive_contents/2021-05-10/SNV_P102L/PeakMetaData/H06.ddmetajson,polygon_control_hull_gates,control-derived convex-hull polygon gates,12784,12743,1719,11010,1,13,41,0,14,11023,ok,NA,"{""gate_source"":""control_anchored_polygon"",""min_hull_points"":30,""polygon_expansion"":1.03}"
2021-05-10_SNV_P102L,P102L,H09,04-045-fc,biological_sample,04_045_fc,2021-05-10,/mnt/c/Projects/prnp-somatic/raw/ddpcr/archive_contents/2021-05-10/SNV_P102L/PeakData/H09.ddpeakjson,/mnt/c/Projects/prnp-somatic/raw/ddpcr/archive_contents/2021-05-10/SNV_P102L/PeakMetaData/H09.ddmetajson,polygon_control_hull_gates,control-derived convex-hull polygon gates,18259,18216,77,18115,0,24,43,0,24,18139,ok,NA,"{""gate_source"":""control_anchored_polygon"",""min_hull_points"":30,""polygon_expansion"":1.03}"
2021-05-20_SNV_P102L,P102L,A03,NTC,NTC,ntc,2021-05-20,/mnt/c/Projects/prnp-somatic/raw/ddpcr/archive_contents/2021-05-20/SNV_P102L/PeakData/A03.ddpeakjson,/mnt/c/Projects/prnp-somatic/raw/ddpcr/archive_contents/2021-05-20/SNV_P102L/PeakMetaData/A03.ddmetajson,polygon_control_hull_gates,control-derived convex-hull polygon gates,17375,17375,17375,0,0,0,0,0,0,0,ok,NA,"{""gate_source"":""control_anchored_polygon"",""min_hull_points"":30,""polygon_expansion"":1.03}"
2021-05-20_SNV_P102L,P102L,A06,04-045-hip,biological_sample,04_045_hip,2021-05-20,/mnt/c/Projects/prnp-somatic/raw/ddpcr/archive_contents/2021-05-20/SNV_P102L/PeakData/A06.ddpeakjson,/mnt/c/Projects/prnp-somatic/raw/ddpcr/archive_contents/2021-05-20/SNV_P102L/PeakMetaData/A06.ddmetajson,polygon_control_hull_gates,control-derived convex-hull polygon gates,17556,17524,43,17460,0,21,32,0,21,17481,ok,NA,"{""gate_source"":""control_anchored_polygon"",""min_hull_points"":30,""polygon_expansion"":1.03}"
2021-05-20_SNV_P102L,P102L,A09,20-357-th,biological_sample,20_357_th,2021-05-20,/mnt/c/Projects/prnp-somatic/raw/ddpcr/archive_contents/2021-05-20/SNV_P102L/PeakData/A09.ddpeakjson,/mnt/c/Projects/prnp-somatic/raw/ddpcr/archive_contents/2021-05-20/SNV_P102L/PeakMetaData/A09.ddmetajson,polygon_control_hull_gates,control-derived convex-hull polygon gates,16248,16176,307,15855,0,14,72,0,14,15869,ok,NA,"{""gate_source"":""control_anchored_polygon"",""min_hull_points"":30,""polygon_expansion"":1.03}"
2021-05-20_SNV_P102L,P102L,A12,929474-sn,biological_sample,929474_sn,2021-05-20,/mnt/c/Projects/prnp-somatic/raw/ddpcr/archive_contents/2021-05-20/SNV_P102L/PeakData/A12.ddpeakjson,/mnt/c/Projects/prnp-somatic/raw/ddpcr/archive_contents/2021-05-20/SNV_P102L/PeakMetaData/A12.ddmetajson,polygon_control_hull_gates,control-derived convex-hull polygon gates,16877,16859,991,15852,0,16,18,0,16,15868,ok,NA,"{""gate_source"":""control_anchored_polygon"",""min_hull_points"":30,""polygon_expansion"":1.03}"
2021-05-20_SNV_P102L,P102L,B03,WT,WT_control,wt,2021-05-20,/mnt/c/Projects/prnp-somatic/raw/ddpcr/archive_contents/2021-05-20/SNV_P102L/PeakData/B03.ddpeakjson,/mnt/c/Projects/prnp-somatic/raw/ddpcr/archive_contents/2021-05-20/SNV_P102L/PeakMetaData/B03.ddmetajson,polygon_control_hull_gates,control-derived convex-hull polygon gates,14707,14685,6502,8175,0,8,22,0,8,8183,ok,NA,"{""gate_source"":""control_anchored_polygon"",""min_hull_points"":30,""polygon_expansion"":1.03}"
2021-05-20_SNV_P102L,P102L,B06,04-045-mdb,biological_sample,04_045_mdb,2021-05-20,/mnt/c/Projects/prnp-somatic/raw/ddpcr/archive_contents/2021-05-20/SNV_P102L/PeakData/B06.ddpeakjson,/mnt/c/Projects/prnp-somatic/raw/ddpcr/archive_contents/2021-05-20/SNV_P102L/PeakMetaData/B06.ddmetajson,polygon_control_hull_gates,control-derived convex-hull polygon gates,17007,16965,37,16907,0,21,42,0,21,16928,ok,NA,"{""gate_source"":""control_anchored_polygon"",""min_hull_points"":30,""polygon_expansion"":1.03}"
2021-05-20_SNV_P102L,P102L,B09,20-169-cau,biological_sample,20_169_cau,2021-05-20,/mnt/c/Projects/prnp-somatic/raw/ddpcr/archive_contents/2021-05-20/SNV_P102L/PeakData/B09.ddpeakjson,/mnt/c/Projects/prnp-somatic/raw/ddpcr/archive_contents/2021-05-20/SNV_P102L/PeakMetaData/B09.ddmetajson,polygon_control_hull_gates,control-derived convex-hull polygon gates,16225,16171,401,15742,0,28,54,0,28,15770,ok,NA,"{""gate_source"":""control_anchored_polygon"",""min_hull_points"":30,""polygon_expansion"":1.03}"
2021-05-20_SNV_P102L,P102L,C03,P102L,positive_control,p102l,2021-05-20,/mnt/c/Projects/prnp-somatic/raw/ddpcr/archive_contents/2021-05-20/SNV_P102L/PeakData/C03.ddpeakjson,/mnt/c/Projects/prnp-somatic/raw/ddpcr/archive_contents/2021-05-20/SNV_P102L/PeakMetaData/C03.ddmetajson,polygon_control_hull_gates,control-derived convex-hull polygon gates,16823,16804,2594,3951,3872,6387,19,0,10259,10338,ok,NA,"{""gate_source"":""control_anchored_polygon"",""min_hull_points"":30,""polygon_expansion"":1.03}"
2021-05-20_SNV_P102L,P102L,C06,04-045-th,biological_sample,04_045_th,2021-05-20,/mnt/c/Projects/prnp-somatic/raw/ddpcr/archive_contents/2021-05-20/SNV_P102L/PeakData/C06.ddpeakjson,/mnt/c/Projects/prnp-somatic/raw/ddpcr/archive_contents/2021-05-20/SNV_P102L/PeakMetaData/C06.ddmetajson,polygon_control_hull_gates,control-derived convex-hull polygon gates,17339,17309,107,17186,0,16,30,0,16,17202,ok,NA,"{""gate_source"":""control_anchored_polygon"",""min_hull_points"":30,""polygon_expansion"":1.03}"
2021-05-20_SNV_P102L,P102L,C09,20-169-ce,biological_sample,20_169_ce,2021-05-20,/mnt/c/Projects/prnp-somatic/raw/ddpcr/archive_contents/2021-05-20/SNV_P102L/PeakData/C09.ddpeakjson,/mnt/c/Projects/prnp-somatic/raw/ddpcr/archive_contents/2021-05-20/SNV_P102L/PeakMetaData/C09.ddmetajson,polygon_control_hull_gates,control-derived convex-hull polygon gates,16406,16342,238,16085,0,19,64,0,19,16104,ok,NA,"{""gate_source"":""control_anchored_polygon"",""min_hull_points"":30,""polygon_expansion"":1.03}"
2021-05-20_SNV_P102L,P102L,C12,13-21-th,biological_sample,13_21_th,2021-05-20,/mnt/c/Projects/prnp-somatic/raw/ddpcr/archive_contents/2021-05-20/SNV_P102L/PeakData/C12.ddpeakjson,/mnt/c/Projects/prnp-somatic/raw/ddpcr/archive_contents/2021-05-20/SNV_P102L/PeakMetaData/C12.ddmetajson,polygon_control_hull_gates,control-derived convex-hull polygon gates,18322,18294,1832,16447,0,15,28,0,15,16462,ok,NA,"{""gate_source"":""control_anchored_polygon"",""min_hull_points"":30,""polygon_expansion"":1.03}"
2021-05-20_SNV_P102L,P102L,D03,19-082-ce,biological_sample,19_082_ce,2021-05-20,/mnt/c/Projects/prnp-somatic/raw/ddpcr/archive_contents/2021-05-20/SNV_P102L/PeakData/D03.ddpeakjson,/mnt/c/Projects/prnp-somatic/raw/ddpcr/archive_contents/2021-05-20/SNV_P102L/PeakMetaData/D03.ddmetajson,polygon_control_hull_gates,control-derived convex-hull polygon gates,16025,15986,25,15949,0,12,39,0,12,15961,ok,NA,"{""gate_source"":""control_anchored_polygon"",""min_hull_points"":30,""polygon_expansion"":1.03}"
2021-05-20_SNV_P102L,P102L,D06,20-357-cau,biological_sample,20_357_cau,2021-05-20,/mnt/c/Projects/prnp-somatic/raw/ddpcr/archive_contents/2021-05-20/SNV_P102L/PeakData/D06.ddpeakjson,/mnt/c/Projects/prnp-somatic/raw/ddpcr/archive_contents/2021-05-20/SNV_P102L/PeakMetaData/D06.ddmetajson,polygon_control_hull_gates,control-derived convex-hull polygon gates,17636,17617,3322,14283,0,12,19,0,12,14295,ok,NA,"{""gate_source"":""control_anchored_polygon"",""min_hull_points"":30,""polygon_expansion"":1.03}"
2021-05-20_SNV_P102L,P102L,D09,20-169-fc,biological_sample,20_169_fc,2021-05-20,/mnt/c/Projects/prnp-somatic/raw/ddpcr/archive_contents/2021-05-20/SNV_P102L/PeakData/D09.ddpeakjson,/mnt/c/Projects/prnp-somatic/raw/ddpcr/archive_contents/2021-05-20/SNV_P102L/PeakMetaData/D09.ddmetajson,polygon_control_hull_gates,control-derived convex-hull polygon gates,15753,15729,288,15416,0,25,24,0,25,15441,ok,NA,"{""gate_source"":""control_anchored_polygon"",""min_hull_points"":30,""polygon_expansion"":1.03}"
2021-05-20_SNV_P102L,P102L,D12,18-6-th,biological_sample,18_6_th,2021-05-20,/mnt/c/Projects/prnp-somatic/raw/ddpcr/archive_contents/2021-05-20/SNV_P102L/PeakData/D12.ddpeakjson,/mnt/c/Projects/prnp-somatic/raw/ddpcr/archive_contents/2021-05-20/SNV_P102L/PeakMetaData/D12.ddmetajson,polygon_control_hull_gates,control-derived convex-hull polygon gates,18089,18058,5240,12799,0,19,31,0,19,12818,ok,NA,"{""gate_source"":""control_anchored_polygon"",""min_hull_points"":30,""polygon_expansion"":1.03}"
2021-05-20_SNV_P102L,P102L,E03,19-082-fc,biological_sample,19_082_fc,2021-05-20,/mnt/c/Projects/prnp-somatic/raw/ddpcr/archive_contents/2021-05-20/SNV_P102L/PeakData/E03.ddpeakjson,/mnt/c/Projects/prnp-somatic/raw/ddpcr/archive_contents/2021-05-20/SNV_P102L/PeakMetaData/E03.ddmetajson,polygon_control_hull_gates,control-derived convex-hull polygon gates,16671,16650,357,16277,0,16,21,0,16,16293,ok,NA,"{""gate_source"":""control_anchored_polygon"",""min_hull_points"":30,""polygon_expansion"":1.03}"
2021-05-20_SNV_P102L,P102L,E06,20-357-ce,biological_sample,20_357_ce,2021-05-20,/mnt/c/Projects/prnp-somatic/raw/ddpcr/archive_contents/2021-05-20/SNV_P102L/PeakData/E06.ddpeakjson,/mnt/c/Projects/prnp-somatic/raw/ddpcr/archive_contents/2021-05-20/SNV_P102L/PeakMetaData/E06.ddmetajson,polygon_control_hull_gates,control-derived convex-hull polygon gates,16733,16712,800,15899,0,13,21,0,13,15912,ok,NA,"{""gate_source"":""control_anchored_polygon"",""min_hull_points"":30,""polygon_expansion"":1.03}"
2021-05-20_SNV_P102L,P102L,E09,20-169-hip,biological_sample,20_169_hip,2021-05-20,/mnt/c/Projects/prnp-somatic/raw/ddpcr/archive_contents/2021-05-20/SNV_P102L/PeakData/E09.ddpeakjson,/mnt/c/Projects/prnp-somatic/raw/ddpcr/archive_contents/2021-05-20/SNV_P102L/PeakMetaData/E09.ddmetajson,polygon_control_hull_gates,control-derived convex-hull polygon gates,16199,16154,206,15927,0,21,45,0,21,15948,ok,NA,"{""gate_source"":""control_anchored_polygon"",""min_hull_points"":30,""polygon_expansion"":1.03}"
2021-05-20_SNV_P102L,P102L,E12,238501-sn,biological_sample,238501_sn,2021-05-20,/mnt/c/Projects/prnp-somatic/raw/ddpcr/archive_contents/2021-05-20/SNV_P102L/PeakData/E12.ddpeakjson,/mnt/c/Projects/prnp-somatic/raw/ddpcr/archive_contents/2021-05-20/SNV_P102L/PeakMetaData/E12.ddmetajson,polygon_control_hull_gates,control-derived convex-hull polygon gates,17671,17630,680,16929,0,21,41,0,21,16950,ok,NA,"{""gate_source"":""control_anchored_polygon"",""min_hull_points"":30,""polygon_expansion"":1.03}"
2021-05-20_SNV_P102L,P102L,F03,19-082-hip,biological_sample,19_082_hip,2021-05-20,/mnt/c/Projects/prnp-somatic/raw/ddpcr/archive_contents/2021-05-20/SNV_P102L/PeakData/F03.ddpeakjson,/mnt/c/Projects/prnp-somatic/raw/ddpcr/archive_contents/2021-05-20/SNV_P102L/PeakMetaData/F03.ddmetajson,polygon_control_hull_gates,control-derived convex-hull polygon gates,17186,17162,2375,14769,0,18,24,0,18,14787,ok,NA,"{""gate_source"":""control_anchored_polygon"",""min_hull_points"":30,""polygon_expansion"":1.03}"
2021-05-20_SNV_P102L,P102L,F06,20-357-fc,biological_sample,20_357_fc,2021-05-20,/mnt/c/Projects/prnp-somatic/raw/ddpcr/archive_contents/2021-05-20/SNV_P102L/PeakData/F06.ddpeakjson,/mnt/c/Projects/prnp-somatic/raw/ddpcr/archive_contents/2021-05-20/SNV_P102L/PeakMetaData/F06.ddmetajson,polygon_control_hull_gates,control-derived convex-hull polygon gates,16885,16857,70,16767,0,20,28,0,20,16787,ok,NA,"{""gate_source"":""control_anchored_polygon"",""min_hull_points"":30,""polygon_expansion"":1.03}"
2021-05-20_SNV_P102L,P102L,F09,20-169-mdb,biological_sample,20_169_mdb,2021-05-20,/mnt/c/Projects/prnp-somatic/raw/ddpcr/archive_contents/2021-05-20/SNV_P102L/PeakData/F09.ddpeakjson,/mnt/c/Projects/prnp-somatic/raw/ddpcr/archive_contents/2021-05-20/SNV_P102L/PeakMetaData/F09.ddmetajson,polygon_control_hull_gates,control-derived convex-hull polygon gates,16473,16423,301,16095,0,27,50,0,27,16122,ok,NA,"{""gate_source"":""control_anchored_polygon"",""min_hull_points"":30,""polygon_expansion"":1.03}"
2021-05-20_SNV_P102L,P102L,G03,19-082-mdb,biological_sample,19_082_mdb,2021-05-20,/mnt/c/Projects/prnp-somatic/raw/ddpcr/archive_contents/2021-05-20/SNV_P102L/PeakData/G03.ddpeakjson,/mnt/c/Projects/prnp-somatic/raw/ddpcr/archive_contents/2021-05-20/SNV_P102L/PeakMetaData/G03.ddmetajson,polygon_control_hull_gates,control-derived convex-hull polygon gates,16756,16735,174,16543,0,18,21,0,18,16561,ok,NA,"{""gate_source"":""control_anchored_polygon"",""min_hull_points"":30,""polygon_expansion"":1.03}"
2021-05-20_SNV_P102L,P102L,G06,20-357-hip,biological_sample,20_357_hip,2021-05-20,/mnt/c/Projects/prnp-somatic/raw/ddpcr/archive_contents/2021-05-20/SNV_P102L/PeakData/G06.ddpeakjson,/mnt/c/Projects/prnp-somatic/raw/ddpcr/archive_contents/2021-05-20/SNV_P102L/PeakMetaData/G06.ddmetajson,polygon_control_hull_gates,control-derived convex-hull polygon gates,16517,16492,306,16168,0,18,25,0,18,16186,ok,NA,"{""gate_source"":""control_anchored_polygon"",""min_hull_points"":30,""polygon_expansion"":1.03}"
2021-05-20_SNV_P102L,P102L,G09,20-169-th,biological_sample,20_169_th,2021-05-20,/mnt/c/Projects/prnp-somatic/raw/ddpcr/archive_contents/2021-05-20/SNV_P102L/PeakData/G09.ddpeakjson,/mnt/c/Projects/prnp-somatic/raw/ddpcr/archive_contents/2021-05-20/SNV_P102L/PeakMetaData/G09.ddmetajson,polygon_control_hull_gates,control-derived convex-hull polygon gates,16320,16290,1458,14816,0,16,30,0,16,14832,ok,NA,"{""gate_source"":""control_anchored_polygon"",""min_hull_points"":30,""polygon_expansion"":1.03}"
2021-05-20_SNV_P102L,P102L,H03,19-082-th,biological_sample,19_082_th,2021-05-20,/mnt/c/Projects/prnp-somatic/raw/ddpcr/archive_contents/2021-05-20/SNV_P102L/PeakData/H03.ddpeakjson,/mnt/c/Projects/prnp-somatic/raw/ddpcr/archive_contents/2021-05-20/SNV_P102L/PeakMetaData/H03.ddmetajson,polygon_control_hull_gates,control-derived convex-hull polygon gates,15473,15441,103,15319,1,18,32,0,19,15337,ok,NA,"{""gate_source"":""control_anchored_polygon"",""min_hull_points"":30,""polygon_expansion"":1.03}"
2021-05-20_SNV_P102L,P102L,H06,20-357-mdb,biological_sample,20_357_mdb,2021-05-20,/mnt/c/Projects/prnp-somatic/raw/ddpcr/archive_contents/2021-05-20/SNV_P102L/PeakData/H06.ddpeakjson,/mnt/c/Projects/prnp-somatic/raw/ddpcr/archive_contents/2021-05-20/SNV_P102L/PeakMetaData/H06.ddmetajson,polygon_control_hull_gates,control-derived convex-hull polygon gates,16393,16360,17,16322,0,21,33,0,21,16343,ok,NA,"{""gate_source"":""control_anchored_polygon"",""min_hull_points"":30,""polygon_expansion"":1.03}"
2021-05-20_SNV_P102L,P102L,H09,19-082-cau,biological_sample,19_082_cau,2021-05-20,/mnt/c/Projects/prnp-somatic/raw/ddpcr/archive_contents/2021-05-20/SNV_P102L/PeakData/H09.ddpeakjson,/mnt/c/Projects/prnp-somatic/raw/ddpcr/archive_contents/2021-05-20/SNV_P102L/PeakMetaData/H09.ddmetajson,polygon_control_hull_gates,control-derived convex-hull polygon gates,16927,16861,268,16567,0,26,66,0,26,16593,ok,NA,"{""gate_source"":""control_anchored_polygon"",""min_hull_points"":30,""polygon_expansion"":1.03}"
2021-10-14_SNV_P102L,P102L,A03,NTC,NTC,ntc,2021-10-14,/mnt/c/Projects/prnp-somatic/raw/ddpcr/archive_contents/2021-10-14/SNV_P102L/PeakData/A03.ddpeakjson,/mnt/c/Projects/prnp-somatic/raw/ddpcr/archive_contents/2021-10-14/SNV_P102L/PeakMetaData/A03.ddmetajson,polygon_control_hull_gates,control-derived convex-hull polygon gates,14134,14121,14121,0,0,0,13,0,0,0,ok,NA,"{""gate_source"":""control_anchored_polygon"",""min_hull_points"":30,""polygon_expansion"":1.03}"
2021-10-14_SNV_P102L,P102L,B03,WT,WT_control,wt,2021-10-14,/mnt/c/Projects/prnp-somatic/raw/ddpcr/archive_contents/2021-10-14/SNV_P102L/PeakData/B03.ddpeakjson,/mnt/c/Projects/prnp-somatic/raw/ddpcr/archive_contents/2021-10-14/SNV_P102L/PeakMetaData/B03.ddmetajson,polygon_control_hull_gates,control-derived convex-hull polygon gates,14475,14428,3679,10742,0,7,47,0,7,10749,ok,NA,"{""gate_source"":""control_anchored_polygon"",""min_hull_points"":30,""polygon_expansion"":1.03}"
2021-10-14_SNV_P102L,P102L,C03,P102L-mut,positive_control,,2021-10-14,/mnt/c/Projects/prnp-somatic/raw/ddpcr/archive_contents/2021-10-14/SNV_P102L/PeakData/C03.ddpeakjson,/mnt/c/Projects/prnp-somatic/raw/ddpcr/archive_contents/2021-10-14/SNV_P102L/PeakMetaData/C03.ddmetajson,polygon_control_hull_gates,control-derived convex-hull polygon gates,14214,14199,1863,3252,3149,5935,15,0,9084,9187,ok,NA,"{""gate_source"":""control_anchored_polygon"",""min_hull_points"":30,""polygon_expansion"":1.03}"
2021-10-14_SNV_P102L,P102L,D03,13-21-cb,biological_sample,13_21_cb,2021-10-14,/mnt/c/Projects/prnp-somatic/raw/ddpcr/archive_contents/2021-10-14/SNV_P102L/PeakData/D03.ddpeakjson,/mnt/c/Projects/prnp-somatic/raw/ddpcr/archive_contents/2021-10-14/SNV_P102L/PeakMetaData/D03.ddmetajson,polygon_control_hull_gates,control-derived convex-hull polygon gates,14823,14806,785,14012,1,8,17,0,9,14020,ok,NA,"{""gate_source"":""control_anchored_polygon"",""min_hull_points"":30,""polygon_expansion"":1.03}"
