method_id,method_variant,assay,run_id,status,message,elapsed_seconds,method_parameters_json
twoddpcr_kmeans_control_centres,k-means initialised from control geometry,D178N,2020-10-12_SNV_D178N,ok,NA,0.20199999999999818,"{""centres"":""control_geometry""}"
twoddpcr_kmeans_control_centres,k-means initialised from control geometry,D178N,2020-10-15_SNV_D178N,ok,NA,0.340999999999994,"{""centres"":""control_geometry""}"
twoddpcr_kmeans_control_centres,k-means initialised from control geometry,D178N,2020-10-22_SNV_D178N,ok,NA,0.3359999999999843,"{""centres"":""control_geometry""}"
twoddpcr_kmeans_control_centres,k-means initialised from control geometry,D178N,2020-10-29_SNV_D178N,ok,NA,0.38299999999998136,"{""centres"":""control_geometry""}"
twoddpcr_kmeans_control_centres,k-means initialised from control geometry,D178N,2020-11-05_SNV_D178N,ok,NA,0.3400000000000034,"{""centres"":""control_geometry""}"
twoddpcr_kmeans_control_centres,k-means initialised from control geometry,D178N,2020-11-24_SNV_D178N,ok,NA,0.2600000000000193,"{""centres"":""control_geometry""}"
twoddpcr_kmeans_control_centres,k-means initialised from control geometry,D178N,2021-01-26_SNV_D178N,ok,NA,0.3689999999999998,"{""centres"":""control_geometry""}"
twoddpcr_kmeans_control_centres,k-means initialised from control geometry,D178N,2021-02-17_SNV_D178N,ok,NA,0.41500000000002046,"{""centres"":""control_geometry""}"
twoddpcr_kmeans_control_centres,k-means initialised from control geometry,D178N,2021-03-29_SNV_D178N,ok,NA,0.41900000000003956,"{""centres"":""control_geometry""}"
twoddpcr_kmeans_control_centres,k-means initialised from control geometry,D178N,2021-04-06_SNV_D178N,ok,NA,0.3120000000000118,"{""centres"":""control_geometry""}"
twoddpcr_kmeans_control_centres,k-means initialised from control geometry,D178N,2021-05-10_SNV_D178N,ok,NA,0.36000000000001364,"{""centres"":""control_geometry""}"
twoddpcr_kmeans_control_centres,k-means initialised from control geometry,D178N,2021-05-20_SNV_D178N,ok,NA,0.4140000000000441,"{""centres"":""control_geometry""}"
twoddpcr_kmeans_control_centres,k-means initialised from control geometry,D178N,2021-10-14_SNV_D178N,ok,NA,0.1169999999999618,"{""centres"":""control_geometry""}"
twoddpcr_kmeans_control_centres,k-means initialised from control geometry,E200K,2020-10-12_SNV_E200K,ok,NA,0.13599999999996726,"{""centres"":""control_geometry""}"
twoddpcr_kmeans_control_centres,k-means initialised from control geometry,E200K,2020-10-15_SNV_E200K,ok,NA,0.30000000000001137,"{""centres"":""control_geometry""}"
twoddpcr_kmeans_control_centres,k-means initialised from control geometry,E200K,2020-10-22_SNV_E200K,ok,NA,0.32200000000000273,"{""centres"":""control_geometry""}"
twoddpcr_kmeans_control_centres,k-means initialised from control geometry,E200K,2020-10-29_SNV_E200K,ok,NA,0.36299999999999955,"{""centres"":""control_geometry""}"
twoddpcr_kmeans_control_centres,k-means initialised from control geometry,E200K,2020-11-05_SNV_E200K,ok,NA,0.3790000000000191,"{""centres"":""control_geometry""}"
twoddpcr_kmeans_control_centres,k-means initialised from control geometry,E200K,2020-11-24_SNV_E200K,ok,NA,0.2459999999999809,"{""centres"":""control_geometry""}"
twoddpcr_kmeans_control_centres,k-means initialised from control geometry,E200K,2021-01-26_SNV_E200K,ok,NA,0.4219999999999118,"{""centres"":""control_geometry""}"
twoddpcr_kmeans_control_centres,k-means initialised from control geometry,E200K,2021-02-17_SNV_E200K,ok,NA,0.2480000000000473,"{""centres"":""control_geometry""}"
twoddpcr_kmeans_control_centres,k-means initialised from control geometry,E200K,2021-02-18_SNV_E200K,ok,NA,0.3089999999999691,"{""centres"":""control_geometry""}"
twoddpcr_kmeans_control_centres,k-means initialised from control geometry,E200K,2021-03-29_SNV_E200K,ok,NA,0.42799999999999727,"{""centres"":""control_geometry""}"
twoddpcr_kmeans_control_centres,k-means initialised from control geometry,E200K,2021-04-06_SNV_E200K,ok,NA,0.3550000000000182,"{""centres"":""control_geometry""}"
twoddpcr_kmeans_control_centres,k-means initialised from control geometry,E200K,2021-05-10_SNV_E200K,ok,NA,0.6059999999999945,"{""centres"":""control_geometry""}"
twoddpcr_kmeans_control_centres,k-means initialised from control geometry,E200K,2021-05-20_SNV_E200K,ok,NA,0.4679999999999609,"{""centres"":""control_geometry""}"
twoddpcr_kmeans_control_centres,k-means initialised from control geometry,E200K,2021-10-25_SNV_E200K,ok,NA,0.05700000000001637,"{""centres"":""control_geometry""}"
twoddpcr_kmeans_control_centres,k-means initialised from control geometry,P102L,2020-12-01_SNV_P102L,ok,NA,0.6419999999999391,"{""centres"":""control_geometry""}"
twoddpcr_kmeans_control_centres,k-means initialised from control geometry,P102L,2021-01-26_SNV_P102L,ok,NA,0.3069999999999027,"{""centres"":""control_geometry""}"
twoddpcr_kmeans_control_centres,k-means initialised from control geometry,P102L,2021-01-28_SNV_P102L,ok,NA,0.2699999999999818,"{""centres"":""control_geometry""}"
twoddpcr_kmeans_control_centres,k-means initialised from control geometry,P102L,2021-02-02_SNV_P102L,ok,NA,0.7069999999999936,"{""centres"":""control_geometry""}"
twoddpcr_kmeans_control_centres,k-means initialised from control geometry,P102L,2021-02-17_SNV_P102L,ok,NA,0.39999999999997726,"{""centres"":""control_geometry""}"
twoddpcr_kmeans_control_centres,k-means initialised from control geometry,P102L,2021-02-18_SNV_P102L,ok,NA,0.39800000000002456,"{""centres"":""control_geometry""}"
twoddpcr_kmeans_control_centres,k-means initialised from control geometry,P102L,2021-03-05_SNV_P102L,ok,NA,0.2059999999999036,"{""centres"":""control_geometry""}"
twoddpcr_kmeans_control_centres,k-means initialised from control geometry,P102L,2021-03-29_SNV_P102L,ok,NA,0.30299999999999727,"{""centres"":""control_geometry""}"
twoddpcr_kmeans_control_centres,k-means initialised from control geometry,P102L,2021-04-06_SNV_P102L,ok,NA,0.26500000000010004,"{""centres"":""control_geometry""}"
twoddpcr_kmeans_control_centres,k-means initialised from control geometry,P102L,2021-05-10_SNV_P102L,ok,NA,0.3020000000001346,"{""centres"":""control_geometry""}"
twoddpcr_kmeans_control_centres,k-means initialised from control geometry,P102L,2021-05-20_SNV_P102L,ok,NA,0.38400000000001455,"{""centres"":""control_geometry""}"
twoddpcr_kmeans_control_centres,k-means initialised from control geometry,P102L,2021-10-14_SNV_P102L,ok,NA,0.08399999999983265,"{""centres"":""control_geometry""}"
twoddpcr_kmeans_control_mah_rain,control-centred k-means plus control-derived Mahalanobis rain distances,D178N,2020-10-12_SNV_D178N,ok,NA,0.2749999999999915,"{""base_classifier"":""twoddpcr_kmeans_control_centres"",""max_distances"":{""NN"":33.4199,""NP"":52.7392,""PN"":13.3672,""PP"":13.1186}}"
twoddpcr_kmeans_control_mah_rain,control-centred k-means plus control-derived Mahalanobis rain distances,D178N,2020-10-15_SNV_D178N,ok,NA,0.6710000000000065,"{""base_classifier"":""twoddpcr_kmeans_control_centres"",""max_distances"":{""NN"":33.4199,""NP"":52.7392,""PN"":13.3672,""PP"":13.1186}}"
twoddpcr_kmeans_control_mah_rain,control-centred k-means plus control-derived Mahalanobis rain distances,D178N,2020-10-22_SNV_D178N,ok,NA,0.6160000000000139,"{""base_classifier"":""twoddpcr_kmeans_control_centres"",""max_distances"":{""NN"":33.4199,""NP"":52.7392,""PN"":13.3672,""PP"":13.1186}}"
twoddpcr_kmeans_control_mah_rain,control-centred k-means plus control-derived Mahalanobis rain distances,D178N,2020-10-29_SNV_D178N,ok,NA,0.7669999999999959,"{""base_classifier"":""twoddpcr_kmeans_control_centres"",""max_distances"":{""NN"":33.4199,""NP"":52.7392,""PN"":13.3672,""PP"":13.1186}}"
twoddpcr_kmeans_control_mah_rain,control-centred k-means plus control-derived Mahalanobis rain distances,D178N,2020-11-05_SNV_D178N,ok,NA,0.61099999999999,"{""base_classifier"":""twoddpcr_kmeans_control_centres"",""max_distances"":{""NN"":33.4199,""NP"":52.7392,""PN"":13.3672,""PP"":13.1186}}"
twoddpcr_kmeans_control_mah_rain,control-centred k-means plus control-derived Mahalanobis rain distances,D178N,2020-11-24_SNV_D178N,ok,NA,0.5380000000000109,"{""base_classifier"":""twoddpcr_kmeans_control_centres"",""max_distances"":{""NN"":33.4199,""NP"":52.7392,""PN"":13.3672,""PP"":13.1186}}"
twoddpcr_kmeans_control_mah_rain,control-centred k-means plus control-derived Mahalanobis rain distances,D178N,2021-01-26_SNV_D178N,ok,NA,0.6270000000000095,"{""base_classifier"":""twoddpcr_kmeans_control_centres"",""max_distances"":{""NN"":33.4199,""NP"":52.7392,""PN"":13.3672,""PP"":13.1186}}"
twoddpcr_kmeans_control_mah_rain,control-centred k-means plus control-derived Mahalanobis rain distances,D178N,2021-02-17_SNV_D178N,ok,NA,0.8160000000000309,"{""base_classifier"":""twoddpcr_kmeans_control_centres"",""max_distances"":{""NN"":33.4199,""NP"":52.7392,""PN"":13.3672,""PP"":13.1186}}"
twoddpcr_kmeans_control_mah_rain,control-centred k-means plus control-derived Mahalanobis rain distances,D178N,2021-03-29_SNV_D178N,ok,NA,0.6299999999999955,"{""base_classifier"":""twoddpcr_kmeans_control_centres"",""max_distances"":{""NN"":33.4199,""NP"":52.7392,""PN"":13.3672,""PP"":13.1186}}"
twoddpcr_kmeans_control_mah_rain,control-centred k-means plus control-derived Mahalanobis rain distances,D178N,2021-04-06_SNV_D178N,ok,NA,0.5690000000000168,"{""base_classifier"":""twoddpcr_kmeans_control_centres"",""max_distances"":{""NN"":33.4199,""NP"":52.7392,""PN"":13.3672,""PP"":13.1186}}"
twoddpcr_kmeans_control_mah_rain,control-centred k-means plus control-derived Mahalanobis rain distances,D178N,2021-05-10_SNV_D178N,ok,NA,0.5760000000000218,"{""base_classifier"":""twoddpcr_kmeans_control_centres"",""max_distances"":{""NN"":33.4199,""NP"":52.7392,""PN"":13.3672,""PP"":13.1186}}"
twoddpcr_kmeans_control_mah_rain,control-centred k-means plus control-derived Mahalanobis rain distances,D178N,2021-05-20_SNV_D178N,ok,NA,0.8090000000000259,"{""base_classifier"":""twoddpcr_kmeans_control_centres"",""max_distances"":{""NN"":33.4199,""NP"":52.7392,""PN"":13.3672,""PP"":13.1186}}"
twoddpcr_kmeans_control_mah_rain,control-centred k-means plus control-derived Mahalanobis rain distances,D178N,2021-10-14_SNV_D178N,ok,NA,0.18199999999995953,"{""base_classifier"":""twoddpcr_kmeans_control_centres"",""max_distances"":{""NN"":33.4199,""NP"":52.7392,""PN"":13.3672,""PP"":13.1186}}"
twoddpcr_kmeans_control_mah_rain,control-centred k-means plus control-derived Mahalanobis rain distances,E200K,2020-10-12_SNV_E200K,ok,NA,0.27199999999999136,"{""base_classifier"":""twoddpcr_kmeans_control_centres"",""max_distances"":{""NN"":17.3618,""NP"":10.7847,""PN"":15.3778,""PP"":14.0331}}"
twoddpcr_kmeans_control_mah_rain,control-centred k-means plus control-derived Mahalanobis rain distances,E200K,2020-10-15_SNV_E200K,ok,NA,0.5769999999999982,"{""base_classifier"":""twoddpcr_kmeans_control_centres"",""max_distances"":{""NN"":17.3618,""NP"":10.7847,""PN"":15.3778,""PP"":14.0331}}"
twoddpcr_kmeans_control_mah_rain,control-centred k-means plus control-derived Mahalanobis rain distances,E200K,2020-10-22_SNV_E200K,ok,NA,0.5900000000000318,"{""base_classifier"":""twoddpcr_kmeans_control_centres"",""max_distances"":{""NN"":17.3618,""NP"":10.7847,""PN"":15.3778,""PP"":14.0331}}"
twoddpcr_kmeans_control_mah_rain,control-centred k-means plus control-derived Mahalanobis rain distances,E200K,2020-10-29_SNV_E200K,ok,NA,0.65300000000002,"{""base_classifier"":""twoddpcr_kmeans_control_centres"",""max_distances"":{""NN"":17.3618,""NP"":10.7847,""PN"":15.3778,""PP"":14.0331}}"
twoddpcr_kmeans_control_mah_rain,control-centred k-means plus control-derived Mahalanobis rain distances,E200K,2020-11-05_SNV_E200K,ok,NA,0.76400000000001,"{""base_classifier"":""twoddpcr_kmeans_control_centres"",""max_distances"":{""NN"":17.3618,""NP"":10.7847,""PN"":15.3778,""PP"":14.0331}}"
twoddpcr_kmeans_control_mah_rain,control-centred k-means plus control-derived Mahalanobis rain distances,E200K,2020-11-24_SNV_E200K,ok,NA,0.4940000000000282,"{""base_classifier"":""twoddpcr_kmeans_control_centres"",""max_distances"":{""NN"":17.3618,""NP"":10.7847,""PN"":15.3778,""PP"":14.0331}}"
twoddpcr_kmeans_control_mah_rain,control-centred k-means plus control-derived Mahalanobis rain distances,E200K,2021-01-26_SNV_E200K,ok,NA,0.5529999999999973,"{""base_classifier"":""twoddpcr_kmeans_control_centres"",""max_distances"":{""NN"":17.3618,""NP"":10.7847,""PN"":15.3778,""PP"":14.0331}}"
twoddpcr_kmeans_control_mah_rain,control-centred k-means plus control-derived Mahalanobis rain distances,E200K,2021-02-17_SNV_E200K,ok,NA,0.5119999999999436,"{""base_classifier"":""twoddpcr_kmeans_control_centres"",""max_distances"":{""NN"":17.3618,""NP"":10.7847,""PN"":15.3778,""PP"":14.0331}}"
twoddpcr_kmeans_control_mah_rain,control-centred k-means plus control-derived Mahalanobis rain distances,E200K,2021-02-18_SNV_E200K,ok,NA,0.6089999999999236,"{""base_classifier"":""twoddpcr_kmeans_control_centres"",""max_distances"":{""NN"":17.3618,""NP"":10.7847,""PN"":15.3778,""PP"":14.0331}}"
twoddpcr_kmeans_control_mah_rain,control-centred k-means plus control-derived Mahalanobis rain distances,E200K,2021-03-29_SNV_E200K,ok,NA,0.83400000000006,"{""base_classifier"":""twoddpcr_kmeans_control_centres"",""max_distances"":{""NN"":17.3618,""NP"":10.7847,""PN"":15.3778,""PP"":14.0331}}"
twoddpcr_kmeans_control_mah_rain,control-centred k-means plus control-derived Mahalanobis rain distances,E200K,2021-04-06_SNV_E200K,ok,NA,0.7319999999999709,"{""base_classifier"":""twoddpcr_kmeans_control_centres"",""max_distances"":{""NN"":17.3618,""NP"":10.7847,""PN"":15.3778,""PP"":14.0331}}"
twoddpcr_kmeans_control_mah_rain,control-centred k-means plus control-derived Mahalanobis rain distances,E200K,2021-05-10_SNV_E200K,ok,NA,0.9779999999999518,"{""base_classifier"":""twoddpcr_kmeans_control_centres"",""max_distances"":{""NN"":17.3618,""NP"":10.7847,""PN"":15.3778,""PP"":14.0331}}"
twoddpcr_kmeans_control_mah_rain,control-centred k-means plus control-derived Mahalanobis rain distances,E200K,2021-05-20_SNV_E200K,ok,NA,0.9099999999999682,"{""base_classifier"":""twoddpcr_kmeans_control_centres"",""max_distances"":{""NN"":17.3618,""NP"":10.7847,""PN"":15.3778,""PP"":14.0331}}"
twoddpcr_kmeans_control_mah_rain,control-centred k-means plus control-derived Mahalanobis rain distances,E200K,2021-10-25_SNV_E200K,ok,NA,0.09600000000000364,"{""base_classifier"":""twoddpcr_kmeans_control_centres"",""max_distances"":{""NN"":17.3618,""NP"":10.7847,""PN"":15.3778,""PP"":14.0331}}"
twoddpcr_kmeans_control_mah_rain,control-centred k-means plus control-derived Mahalanobis rain distances,P102L,2020-12-01_SNV_P102L,ok,NA,1.2789999999999964,"{""base_classifier"":""twoddpcr_kmeans_control_centres"",""max_distances"":{""NN"":21.5632,""NP"":23.6878,""PN"":18.2528,""PP"":14.4042}}"
twoddpcr_kmeans_control_mah_rain,control-centred k-means plus control-derived Mahalanobis rain distances,P102L,2021-01-26_SNV_P102L,ok,NA,0.6420000000000528,"{""base_classifier"":""twoddpcr_kmeans_control_centres"",""max_distances"":{""NN"":21.5632,""NP"":23.6878,""PN"":18.2528,""PP"":14.4042}}"
twoddpcr_kmeans_control_mah_rain,control-centred k-means plus control-derived Mahalanobis rain distances,P102L,2021-01-28_SNV_P102L,ok,NA,0.6069999999999709,"{""base_classifier"":""twoddpcr_kmeans_control_centres"",""max_distances"":{""NN"":21.5632,""NP"":23.6878,""PN"":18.2528,""PP"":14.4042}}"
twoddpcr_kmeans_control_mah_rain,control-centred k-means plus control-derived Mahalanobis rain distances,P102L,2021-02-02_SNV_P102L,ok,NA,1.4039999999999964,"{""base_classifier"":""twoddpcr_kmeans_control_centres"",""max_distances"":{""NN"":21.5632,""NP"":23.6878,""PN"":18.2528,""PP"":14.4042}}"
twoddpcr_kmeans_control_mah_rain,control-centred k-means plus control-derived Mahalanobis rain distances,P102L,2021-02-17_SNV_P102L,ok,NA,0.6990000000000691,"{""base_classifier"":""twoddpcr_kmeans_control_centres"",""max_distances"":{""NN"":21.5632,""NP"":23.6878,""PN"":18.2528,""PP"":14.4042}}"
twoddpcr_kmeans_control_mah_rain,control-centred k-means plus control-derived Mahalanobis rain distances,P102L,2021-02-18_SNV_P102L,ok,NA,0.7480000000000473,"{""base_classifier"":""twoddpcr_kmeans_control_centres"",""max_distances"":{""NN"":21.5632,""NP"":23.6878,""PN"":18.2528,""PP"":14.4042}}"
twoddpcr_kmeans_control_mah_rain,control-centred k-means plus control-derived Mahalanobis rain distances,P102L,2021-03-05_SNV_P102L,ok,NA,0.3650000000000091,"{""base_classifier"":""twoddpcr_kmeans_control_centres"",""max_distances"":{""NN"":21.5632,""NP"":23.6878,""PN"":18.2528,""PP"":14.4042}}"
twoddpcr_kmeans_control_mah_rain,control-centred k-means plus control-derived Mahalanobis rain distances,P102L,2021-03-29_SNV_P102L,ok,NA,0,"{""base_classifier"":""twoddpcr_kmeans_control_centres"",""max_distances"":{""NN"":21.5632,""NP"":23.6878,""PN"":18.2528,""PP"":14.4042}}"
twoddpcr_kmeans_control_mah_rain,control-centred k-means plus control-derived Mahalanobis rain distances,P102L,2021-04-06_SNV_P102L,ok,NA,0.6079999999999472,"{""base_classifier"":""twoddpcr_kmeans_control_centres"",""max_distances"":{""NN"":21.5632,""NP"":23.6878,""PN"":18.2528,""PP"":14.4042}}"
twoddpcr_kmeans_control_mah_rain,control-centred k-means plus control-derived Mahalanobis rain distances,P102L,2021-05-10_SNV_P102L,ok,NA,0.6230000000000473,"{""base_classifier"":""twoddpcr_kmeans_control_centres"",""max_distances"":{""NN"":21.5632,""NP"":23.6878,""PN"":18.2528,""PP"":14.4042}}"
twoddpcr_kmeans_control_mah_rain,control-centred k-means plus control-derived Mahalanobis rain distances,P102L,2021-05-20_SNV_P102L,ok,NA,0.7470000000000709,"{""base_classifier"":""twoddpcr_kmeans_control_centres"",""max_distances"":{""NN"":21.5632,""NP"":23.6878,""PN"":18.2528,""PP"":14.4042}}"
twoddpcr_kmeans_control_mah_rain,control-centred k-means plus control-derived Mahalanobis rain distances,P102L,2021-10-14_SNV_P102L,ok,NA,0.17399999999997817,"{""base_classifier"":""twoddpcr_kmeans_control_centres"",""max_distances"":{""NN"":21.5632,""NP"":23.6878,""PN"":18.2528,""PP"":14.4042}}"
twoddpcr_kmeans_native,native k-means with package default centres,D178N,2020-10-12_SNV_D178N,ok,NA,0.19400000000000261,"{""centres"":""package_default""}"
twoddpcr_kmeans_native,native k-means with package default centres,D178N,2020-10-15_SNV_D178N,ok,NA,0.3119999999999976,"{""centres"":""package_default""}"
twoddpcr_kmeans_native,native k-means with package default centres,D178N,2020-10-22_SNV_D178N,ok,NA,0.29000000000002046,"{""centres"":""package_default""}"
twoddpcr_kmeans_native,native k-means with package default centres,D178N,2020-10-29_SNV_D178N,ok,NA,0.5640000000000214,"{""centres"":""package_default""}"
twoddpcr_kmeans_native,native k-means with package default centres,D178N,2020-11-05_SNV_D178N,ok,NA,0.3830000000000098,"{""centres"":""package_default""}"
twoddpcr_kmeans_native,native k-means with package default centres,D178N,2020-11-24_SNV_D178N,ok,NA,0.24699999999998568,"{""centres"":""package_default""}"
twoddpcr_kmeans_native,native k-means with package default centres,D178N,2021-01-26_SNV_D178N,ok,NA,0.6440000000000055,"{""centres"":""package_default""}"
twoddpcr_kmeans_native,native k-means with package default centres,D178N,2021-02-17_SNV_D178N,ok,NA,0.4449999999999932,"{""centres"":""package_default""}"
twoddpcr_kmeans_native,native k-means with package default centres,D178N,2021-03-29_SNV_D178N,ok,NA,0.3480000000000132,"{""centres"":""package_default""}"
twoddpcr_kmeans_native,native k-means with package default centres,D178N,2021-04-06_SNV_D178N,ok,NA,0.32499999999998863,"{""centres"":""package_default""}"
twoddpcr_kmeans_native,native k-means with package default centres,D178N,2021-05-10_SNV_D178N,ok,NA,0.36700000000001864,"{""centres"":""package_default""}"
twoddpcr_kmeans_native,native k-means with package default centres,D178N,2021-05-20_SNV_D178N,ok,NA,0.42500000000001137,"{""centres"":""package_default""}"
twoddpcr_kmeans_native,native k-means with package default centres,D178N,2021-10-14_SNV_D178N,failed,empty cluster: try a better set of initial centers,0.0030000000000427463,"{""centres"":""package_default""}"
twoddpcr_kmeans_native,native k-means with package default centres,E200K,2020-10-12_SNV_E200K,failed,empty cluster: try a better set of initial centers,0.004000000000019099,"{""centres"":""package_default""}"
twoddpcr_kmeans_native,native k-means with package default centres,E200K,2020-10-15_SNV_E200K,ok,NA,0.3299999999999841,"{""centres"":""package_default""}"
twoddpcr_kmeans_native,native k-means with package default centres,E200K,2020-10-22_SNV_E200K,ok,NA,0.33499999999997954,"{""centres"":""package_default""}"
twoddpcr_kmeans_native,native k-means with package default centres,E200K,2020-10-29_SNV_E200K,ok,NA,0.4230000000000018,"{""centres"":""package_default""}"
twoddpcr_kmeans_native,native k-means with package default centres,E200K,2020-11-05_SNV_E200K,ok,NA,0.3990000000000009,"{""centres"":""package_default""}"
twoddpcr_kmeans_native,native k-means with package default centres,E200K,2020-11-24_SNV_E200K,ok,NA,0.2899999999999636,"{""centres"":""package_default""}"
twoddpcr_kmeans_native,native k-means with package default centres,E200K,2021-01-26_SNV_E200K,ok,NA,0.3529999999999518,"{""centres"":""package_default""}"
twoddpcr_kmeans_native,native k-means with package default centres,E200K,2021-02-17_SNV_E200K,failed,empty cluster: try a better set of initial centers,0.009000000000014552,"{""centres"":""package_default""}"
twoddpcr_kmeans_native,native k-means with package default centres,E200K,2021-02-18_SNV_E200K,ok,NA,0.34799999999995634,"{""centres"":""package_default""}"
twoddpcr_kmeans_native,native k-means with package default centres,E200K,2021-03-29_SNV_E200K,ok,NA,0.52800000000002,"{""centres"":""package_default""}"
twoddpcr_kmeans_native,native k-means with package default centres,E200K,2021-04-06_SNV_E200K,ok,NA,0.34799999999995634,"{""centres"":""package_default""}"
twoddpcr_kmeans_native,native k-means with package default centres,E200K,2021-05-10_SNV_E200K,failed,empty cluster: try a better set of initial centers,0.013999999999896318,"{""centres"":""package_default""}"
twoddpcr_kmeans_native,native k-means with package default centres,E200K,2021-05-20_SNV_E200K,ok,NA,0.4819999999999709,"{""centres"":""package_default""}"
twoddpcr_kmeans_native,native k-means with package default centres,E200K,2021-10-25_SNV_E200K,ok,NA,0.053999999999973625,"{""centres"":""package_default""}"
twoddpcr_kmeans_native,native k-means with package default centres,P102L,2020-12-01_SNV_P102L,ok,NA,0.9499999999999318,"{""centres"":""package_default""}"
twoddpcr_kmeans_native,native k-means with package default centres,P102L,2021-01-26_SNV_P102L,ok,NA,0.30900000000008276,"{""centres"":""package_default""}"
twoddpcr_kmeans_native,native k-means with package default centres,P102L,2021-01-28_SNV_P102L,ok,NA,0.25100000000009004,"{""centres"":""package_default""}"
twoddpcr_kmeans_native,native k-means with package default centres,P102L,2021-02-02_SNV_P102L,ok,NA,0.6970000000000027,"{""centres"":""package_default""}"
twoddpcr_kmeans_native,native k-means with package default centres,P102L,2021-02-17_SNV_P102L,ok,NA,0.40999999999996817,"{""centres"":""package_default""}"
twoddpcr_kmeans_native,native k-means with package default centres,P102L,2021-02-18_SNV_P102L,ok,NA,0.40200000000004366,"{""centres"":""package_default""}"
twoddpcr_kmeans_native,native k-means with package default centres,P102L,2021-03-05_SNV_P102L,ok,NA,0.19200000000000728,"{""centres"":""package_default""}"
twoddpcr_kmeans_native,native k-means with package default centres,P102L,2021-03-29_SNV_P102L,ok,NA,0.3039999999999736,"{""centres"":""package_default""}"
twoddpcr_kmeans_native,native k-means with package default centres,P102L,2021-04-06_SNV_P102L,ok,NA,0.24900000000002365,"{""centres"":""package_default""}"
twoddpcr_kmeans_native,native k-means with package default centres,P102L,2021-05-10_SNV_P102L,ok,NA,0.29500000000007276,"{""centres"":""package_default""}"
twoddpcr_kmeans_native,native k-means with package default centres,P102L,2021-05-20_SNV_P102L,ok,NA,0.40800000000012915,"{""centres"":""package_default""}"
twoddpcr_kmeans_native,native k-means with package default centres,P102L,2021-10-14_SNV_P102L,ok,NA,0.08899999999994179,"{""centres"":""package_default""}"
twoddpcr_kmeans_native_mah_rain,native k-means plus control-derived Mahalanobis rain distances,D178N,2020-10-12_SNV_D178N,ok,NA,0.2750000000000057,"{""base_classifier"":""twoddpcr_kmeans_native"",""max_distances"":{""NN"":33.4199,""NP"":52.7392,""PN"":13.3672,""PP"":13.1186}}"
twoddpcr_kmeans_native_mah_rain,native k-means plus control-derived Mahalanobis rain distances,D178N,2020-10-15_SNV_D178N,ok,NA,0.5699999999999932,"{""base_classifier"":""twoddpcr_kmeans_native"",""max_distances"":{""NN"":33.4199,""NP"":52.7392,""PN"":13.3672,""PP"":13.1186}}"
twoddpcr_kmeans_native_mah_rain,native k-means plus control-derived Mahalanobis rain distances,D178N,2020-10-22_SNV_D178N,ok,NA,0.5870000000000175,"{""base_classifier"":""twoddpcr_kmeans_native"",""max_distances"":{""NN"":33.4199,""NP"":52.7392,""PN"":13.3672,""PP"":13.1186}}"
twoddpcr_kmeans_native_mah_rain,native k-means plus control-derived Mahalanobis rain distances,D178N,2020-10-29_SNV_D178N,ok,NA,0.6710000000000207,"{""base_classifier"":""twoddpcr_kmeans_native"",""max_distances"":{""NN"":33.4199,""NP"":52.7392,""PN"":13.3672,""PP"":13.1186}}"
twoddpcr_kmeans_native_mah_rain,native k-means plus control-derived Mahalanobis rain distances,D178N,2020-11-05_SNV_D178N,ok,NA,0.6899999999999977,"{""base_classifier"":""twoddpcr_kmeans_native"",""max_distances"":{""NN"":33.4199,""NP"":52.7392,""PN"":13.3672,""PP"":13.1186}}"
twoddpcr_kmeans_native_mah_rain,native k-means plus control-derived Mahalanobis rain distances,D178N,2020-11-24_SNV_D178N,ok,NA,0.5050000000000239,"{""base_classifier"":""twoddpcr_kmeans_native"",""max_distances"":{""NN"":33.4199,""NP"":52.7392,""PN"":13.3672,""PP"":13.1186}}"
twoddpcr_kmeans_native_mah_rain,native k-means plus control-derived Mahalanobis rain distances,D178N,2021-01-26_SNV_D178N,ok,NA,0.6590000000000202,"{""base_classifier"":""twoddpcr_kmeans_native"",""max_distances"":{""NN"":33.4199,""NP"":52.7392,""PN"":13.3672,""PP"":13.1186}}"
twoddpcr_kmeans_native_mah_rain,native k-means plus control-derived Mahalanobis rain distances,D178N,2021-02-17_SNV_D178N,ok,NA,0.8569999999999709,"{""base_classifier"":""twoddpcr_kmeans_native"",""max_distances"":{""NN"":33.4199,""NP"":52.7392,""PN"":13.3672,""PP"":13.1186}}"
twoddpcr_kmeans_native_mah_rain,native k-means plus control-derived Mahalanobis rain distances,D178N,2021-03-29_SNV_D178N,ok,NA,0.6560000000000059,"{""base_classifier"":""twoddpcr_kmeans_native"",""max_distances"":{""NN"":33.4199,""NP"":52.7392,""PN"":13.3672,""PP"":13.1186}}"
twoddpcr_kmeans_native_mah_rain,native k-means plus control-derived Mahalanobis rain distances,D178N,2021-04-06_SNV_D178N,ok,NA,0.5939999999999941,"{""base_classifier"":""twoddpcr_kmeans_native"",""max_distances"":{""NN"":33.4199,""NP"":52.7392,""PN"":13.3672,""PP"":13.1186}}"
twoddpcr_kmeans_native_mah_rain,native k-means plus control-derived Mahalanobis rain distances,D178N,2021-05-10_SNV_D178N,ok,NA,0.6940000000000168,"{""base_classifier"":""twoddpcr_kmeans_native"",""max_distances"":{""NN"":33.4199,""NP"":52.7392,""PN"":13.3672,""PP"":13.1186}}"
twoddpcr_kmeans_native_mah_rain,native k-means plus control-derived Mahalanobis rain distances,D178N,2021-05-20_SNV_D178N,ok,NA,0.8799999999999955,"{""base_classifier"":""twoddpcr_kmeans_native"",""max_distances"":{""NN"":33.4199,""NP"":52.7392,""PN"":13.3672,""PP"":13.1186}}"
twoddpcr_kmeans_native_mah_rain,native k-means plus control-derived Mahalanobis rain distances,D178N,2021-10-14_SNV_D178N,failed,Base classifier failed: empty cluster: try a better set of initial centers,0,"{""base_classifier"":""twoddpcr_kmeans_native"",""max_distances"":{""NN"":33.4199,""NP"":52.7392,""PN"":13.3672,""PP"":13.1186}}"
twoddpcr_kmeans_native_mah_rain,native k-means plus control-derived Mahalanobis rain distances,E200K,2020-10-12_SNV_E200K,failed,Base classifier failed: empty cluster: try a better set of initial centers,0,"{""base_classifier"":""twoddpcr_kmeans_native"",""max_distances"":{""NN"":17.3618,""NP"":10.7847,""PN"":15.3778,""PP"":14.0331}}"
twoddpcr_kmeans_native_mah_rain,native k-means plus control-derived Mahalanobis rain distances,E200K,2020-10-15_SNV_E200K,ok,NA,0.5690000000000168,"{""base_classifier"":""twoddpcr_kmeans_native"",""max_distances"":{""NN"":17.3618,""NP"":10.7847,""PN"":15.3778,""PP"":14.0331}}"
twoddpcr_kmeans_native_mah_rain,native k-means plus control-derived Mahalanobis rain distances,E200K,2020-10-22_SNV_E200K,ok,NA,0.6170000000000186,"{""base_classifier"":""twoddpcr_kmeans_native"",""max_distances"":{""NN"":17.3618,""NP"":10.7847,""PN"":15.3778,""PP"":14.0331}}"
twoddpcr_kmeans_native_mah_rain,native k-means plus control-derived Mahalanobis rain distances,E200K,2020-10-29_SNV_E200K,ok,NA,0.6370000000000005,"{""base_classifier"":""twoddpcr_kmeans_native"",""max_distances"":{""NN"":17.3618,""NP"":10.7847,""PN"":15.3778,""PP"":14.0331}}"
twoddpcr_kmeans_native_mah_rain,native k-means plus control-derived Mahalanobis rain distances,E200K,2020-11-05_SNV_E200K,ok,NA,0.7409999999999854,"{""base_classifier"":""twoddpcr_kmeans_native"",""max_distances"":{""NN"":17.3618,""NP"":10.7847,""PN"":15.3778,""PP"":14.0331}}"
twoddpcr_kmeans_native_mah_rain,native k-means plus control-derived Mahalanobis rain distances,E200K,2020-11-24_SNV_E200K,ok,NA,0.4700000000000273,"{""base_classifier"":""twoddpcr_kmeans_native"",""max_distances"":{""NN"":17.3618,""NP"":10.7847,""PN"":15.3778,""PP"":14.0331}}"
twoddpcr_kmeans_native_mah_rain,native k-means plus control-derived Mahalanobis rain distances,E200K,2021-01-26_SNV_E200K,ok,NA,0.5870000000001028,"{""base_classifier"":""twoddpcr_kmeans_native"",""max_distances"":{""NN"":17.3618,""NP"":10.7847,""PN"":15.3778,""PP"":14.0331}}"
twoddpcr_kmeans_native_mah_rain,native k-means plus control-derived Mahalanobis rain distances,E200K,2021-02-17_SNV_E200K,failed,Base classifier failed: empty cluster: try a better set of initial centers,0,"{""base_classifier"":""twoddpcr_kmeans_native"",""max_distances"":{""NN"":17.3618,""NP"":10.7847,""PN"":15.3778,""PP"":14.0331}}"
twoddpcr_kmeans_native_mah_rain,native k-means plus control-derived Mahalanobis rain distances,E200K,2021-02-18_SNV_E200K,ok,NA,0.5539999999999736,"{""base_classifier"":""twoddpcr_kmeans_native"",""max_distances"":{""NN"":17.3618,""NP"":10.7847,""PN"":15.3778,""PP"":14.0331}}"
twoddpcr_kmeans_native_mah_rain,native k-means plus control-derived Mahalanobis rain distances,E200K,2021-03-29_SNV_E200K,ok,NA,0.9039999999999964,"{""base_classifier"":""twoddpcr_kmeans_native"",""max_distances"":{""NN"":17.3618,""NP"":10.7847,""PN"":15.3778,""PP"":14.0331}}"
twoddpcr_kmeans_native_mah_rain,native k-means plus control-derived Mahalanobis rain distances,E200K,2021-04-06_SNV_E200K,ok,NA,0.6929999999999836,"{""base_classifier"":""twoddpcr_kmeans_native"",""max_distances"":{""NN"":17.3618,""NP"":10.7847,""PN"":15.3778,""PP"":14.0331}}"
twoddpcr_kmeans_native_mah_rain,native k-means plus control-derived Mahalanobis rain distances,E200K,2021-05-10_SNV_E200K,failed,Base classifier failed: empty cluster: try a better set of initial centers,0,"{""base_classifier"":""twoddpcr_kmeans_native"",""max_distances"":{""NN"":17.3618,""NP"":10.7847,""PN"":15.3778,""PP"":14.0331}}"
twoddpcr_kmeans_native_mah_rain,native k-means plus control-derived Mahalanobis rain distances,E200K,2021-05-20_SNV_E200K,ok,NA,0.9289999999999736,"{""base_classifier"":""twoddpcr_kmeans_native"",""max_distances"":{""NN"":17.3618,""NP"":10.7847,""PN"":15.3778,""PP"":14.0331}}"
twoddpcr_kmeans_native_mah_rain,native k-means plus control-derived Mahalanobis rain distances,E200K,2021-10-25_SNV_E200K,ok,NA,0.10000000000002274,"{""base_classifier"":""twoddpcr_kmeans_native"",""max_distances"":{""NN"":17.3618,""NP"":10.7847,""PN"":15.3778,""PP"":14.0331}}"
twoddpcr_kmeans_native_mah_rain,native k-means plus control-derived Mahalanobis rain distances,P102L,2020-12-01_SNV_P102L,ok,NA,1.2360000000001037,"{""base_classifier"":""twoddpcr_kmeans_native"",""max_distances"":{""NN"":21.5632,""NP"":23.6878,""PN"":18.2528,""PP"":14.4042}}"
twoddpcr_kmeans_native_mah_rain,native k-means plus control-derived Mahalanobis rain distances,P102L,2021-01-26_SNV_P102L,ok,NA,0.6150000000000091,"{""base_classifier"":""twoddpcr_kmeans_native"",""max_distances"":{""NN"":21.5632,""NP"":23.6878,""PN"":18.2528,""PP"":14.4042}}"
twoddpcr_kmeans_native_mah_rain,native k-means plus control-derived Mahalanobis rain distances,P102L,2021-01-28_SNV_P102L,ok,NA,0.5720000000000027,"{""base_classifier"":""twoddpcr_kmeans_native"",""max_distances"":{""NN"":21.5632,""NP"":23.6878,""PN"":18.2528,""PP"":14.4042}}"
twoddpcr_kmeans_native_mah_rain,native k-means plus control-derived Mahalanobis rain distances,P102L,2021-02-02_SNV_P102L,ok,NA,1.4529999999999745,"{""base_classifier"":""twoddpcr_kmeans_native"",""max_distances"":{""NN"":21.5632,""NP"":23.6878,""PN"":18.2528,""PP"":14.4042}}"
twoddpcr_kmeans_native_mah_rain,native k-means plus control-derived Mahalanobis rain distances,P102L,2021-02-17_SNV_P102L,ok,NA,0.6900000000000546,"{""base_classifier"":""twoddpcr_kmeans_native"",""max_distances"":{""NN"":21.5632,""NP"":23.6878,""PN"":18.2528,""PP"":14.4042}}"
twoddpcr_kmeans_native_mah_rain,native k-means plus control-derived Mahalanobis rain distances,P102L,2021-02-18_SNV_P102L,ok,NA,0.76400000000001,"{""base_classifier"":""twoddpcr_kmeans_native"",""max_distances"":{""NN"":21.5632,""NP"":23.6878,""PN"":18.2528,""PP"":14.4042}}"
twoddpcr_kmeans_native_mah_rain,native k-means plus control-derived Mahalanobis rain distances,P102L,2021-03-05_SNV_P102L,ok,NA,0.3689999999999145,"{""base_classifier"":""twoddpcr_kmeans_native"",""max_distances"":{""NN"":21.5632,""NP"":23.6878,""PN"":18.2528,""PP"":14.4042}}"
twoddpcr_kmeans_native_mah_rain,native k-means plus control-derived Mahalanobis rain distances,P102L,2021-03-29_SNV_P102L,ok,NA,0.613999999999919,"{""base_classifier"":""twoddpcr_kmeans_native"",""max_distances"":{""NN"":21.5632,""NP"":23.6878,""PN"":18.2528,""PP"":14.4042}}"
twoddpcr_kmeans_native_mah_rain,native k-means plus control-derived Mahalanobis rain distances,P102L,2021-04-06_SNV_P102L,ok,NA,0.6069999999999709,"{""base_classifier"":""twoddpcr_kmeans_native"",""max_distances"":{""NN"":21.5632,""NP"":23.6878,""PN"":18.2528,""PP"":14.4042}}"
twoddpcr_kmeans_native_mah_rain,native k-means plus control-derived Mahalanobis rain distances,P102L,2021-05-10_SNV_P102L,ok,NA,0.6289999999999054,"{""base_classifier"":""twoddpcr_kmeans_native"",""max_distances"":{""NN"":21.5632,""NP"":23.6878,""PN"":18.2528,""PP"":14.4042}}"
twoddpcr_kmeans_native_mah_rain,native k-means plus control-derived Mahalanobis rain distances,P102L,2021-05-20_SNV_P102L,ok,NA,0.7770000000000437,"{""base_classifier"":""twoddpcr_kmeans_native"",""max_distances"":{""NN"":21.5632,""NP"":23.6878,""PN"":18.2528,""PP"":14.4042}}"
twoddpcr_kmeans_native_mah_rain,native k-means plus control-derived Mahalanobis rain distances,P102L,2021-10-14_SNV_P102L,ok,NA,0.18200000000001637,"{""base_classifier"":""twoddpcr_kmeans_native"",""max_distances"":{""NN"":21.5632,""NP"":23.6878,""PN"":18.2528,""PP"":14.4042}}"
twoddpcr_knn_k11,"control-geometry-cleaned kNN, k=11",D178N,2020-10-12_SNV_D178N,ok,NA,0.277000000000001,"{""k"":11,""training_source"":""control_geometry_cleaned_controls"",""max_training_per_class"":100,""random_seed"":20260606}"
twoddpcr_knn_k11,"control-geometry-cleaned kNN, k=11",D178N,2020-10-15_SNV_D178N,ok,NA,0.8910000000000053,"{""k"":11,""training_source"":""control_geometry_cleaned_controls"",""max_training_per_class"":100,""random_seed"":20260606}"
twoddpcr_knn_k11,"control-geometry-cleaned kNN, k=11",D178N,2020-10-22_SNV_D178N,ok,NA,0.8790000000000191,"{""k"":11,""training_source"":""control_geometry_cleaned_controls"",""max_training_per_class"":100,""random_seed"":20260606}"
twoddpcr_knn_k11,"control-geometry-cleaned kNN, k=11",D178N,2020-10-29_SNV_D178N,ok,NA,1.0249999999999773,"{""k"":11,""training_source"":""control_geometry_cleaned_controls"",""max_training_per_class"":100,""random_seed"":20260606}"
twoddpcr_knn_k11,"control-geometry-cleaned kNN, k=11",D178N,2020-11-05_SNV_D178N,ok,NA,1.0219999999999914,"{""k"":11,""training_source"":""control_geometry_cleaned_controls"",""max_training_per_class"":100,""random_seed"":20260606}"
twoddpcr_knn_k11,"control-geometry-cleaned kNN, k=11",D178N,2020-11-24_SNV_D178N,ok,NA,0.570999999999998,"{""k"":11,""training_source"":""control_geometry_cleaned_controls"",""max_training_per_class"":100,""random_seed"":20260606}"
twoddpcr_knn_k11,"control-geometry-cleaned kNN, k=11",D178N,2021-01-26_SNV_D178N,ok,NA,0.9879999999999995,"{""k"":11,""training_source"":""control_geometry_cleaned_controls"",""max_training_per_class"":100,""random_seed"":20260606}"
twoddpcr_knn_k11,"control-geometry-cleaned kNN, k=11",D178N,2021-02-17_SNV_D178N,ok,NA,0.7370000000000232,"{""k"":11,""training_source"":""control_geometry_cleaned_controls"",""max_training_per_class"":100,""random_seed"":20260606}"
twoddpcr_knn_k11,"control-geometry-cleaned kNN, k=11",D178N,2021-03-29_SNV_D178N,ok,NA,1.052000000000021,"{""k"":11,""training_source"":""control_geometry_cleaned_controls"",""max_training_per_class"":100,""random_seed"":20260606}"
twoddpcr_knn_k11,"control-geometry-cleaned kNN, k=11",D178N,2021-04-06_SNV_D178N,ok,NA,0.9829999999999472,"{""k"":11,""training_source"":""control_geometry_cleaned_controls"",""max_training_per_class"":100,""random_seed"":20260606}"
twoddpcr_knn_k11,"control-geometry-cleaned kNN, k=11",D178N,2021-05-10_SNV_D178N,ok,NA,1.0979999999999563,"{""k"":11,""training_source"":""control_geometry_cleaned_controls"",""max_training_per_class"":100,""random_seed"":20260606}"
twoddpcr_knn_k11,"control-geometry-cleaned kNN, k=11",D178N,2021-05-20_SNV_D178N,ok,NA,1.295000000000016,"{""k"":11,""training_source"":""control_geometry_cleaned_controls"",""max_training_per_class"":100,""random_seed"":20260606}"
twoddpcr_knn_k11,"control-geometry-cleaned kNN, k=11",D178N,2021-10-14_SNV_D178N,ok,NA,0.20800000000002683,"{""k"":11,""training_source"":""control_geometry_cleaned_controls"",""max_training_per_class"":100,""random_seed"":20260606}"
twoddpcr_knn_k11,"control-geometry-cleaned kNN, k=11",E200K,2020-10-12_SNV_E200K,ok,NA,0.25099999999997635,"{""k"":11,""training_source"":""control_geometry_cleaned_controls"",""max_training_per_class"":100,""random_seed"":20260606}"
twoddpcr_knn_k11,"control-geometry-cleaned kNN, k=11",E200K,2020-10-15_SNV_E200K,ok,NA,0.9529999999999745,"{""k"":11,""training_source"":""control_geometry_cleaned_controls"",""max_training_per_class"":100,""random_seed"":20260606}"
twoddpcr_knn_k11,"control-geometry-cleaned kNN, k=11",E200K,2020-10-22_SNV_E200K,ok,NA,0.8860000000000241,"{""k"":11,""training_source"":""control_geometry_cleaned_controls"",""max_training_per_class"":100,""random_seed"":20260606}"
twoddpcr_knn_k11,"control-geometry-cleaned kNN, k=11",E200K,2020-10-29_SNV_E200K,ok,NA,1.09699999999998,"{""k"":11,""training_source"":""control_geometry_cleaned_controls"",""max_training_per_class"":100,""random_seed"":20260606}"
twoddpcr_knn_k11,"control-geometry-cleaned kNN, k=11",E200K,2020-11-05_SNV_E200K,ok,NA,1.1339999999999009,"{""k"":11,""training_source"":""control_geometry_cleaned_controls"",""max_training_per_class"":100,""random_seed"":20260606}"
twoddpcr_knn_k11,"control-geometry-cleaned kNN, k=11",E200K,2020-11-24_SNV_E200K,ok,NA,0.5080000000000382,"{""k"":11,""training_source"":""control_geometry_cleaned_controls"",""max_training_per_class"":100,""random_seed"":20260606}"
twoddpcr_knn_k11,"control-geometry-cleaned kNN, k=11",E200K,2021-01-26_SNV_E200K,ok,NA,0.8640000000000327,"{""k"":11,""training_source"":""control_geometry_cleaned_controls"",""max_training_per_class"":100,""random_seed"":20260606}"
twoddpcr_knn_k11,"control-geometry-cleaned kNN, k=11",E200K,2021-02-17_SNV_E200K,ok,NA,0.7799999999999727,"{""k"":11,""training_source"":""control_geometry_cleaned_controls"",""max_training_per_class"":100,""random_seed"":20260606}"
twoddpcr_knn_k11,"control-geometry-cleaned kNN, k=11",E200K,2021-02-18_SNV_E200K,ok,NA,0.8769999999999527,"{""k"":11,""training_source"":""control_geometry_cleaned_controls"",""max_training_per_class"":100,""random_seed"":20260606}"
twoddpcr_knn_k11,"control-geometry-cleaned kNN, k=11",E200K,2021-03-29_SNV_E200K,ok,NA,1.58299999999997,"{""k"":11,""training_source"":""control_geometry_cleaned_controls"",""max_training_per_class"":100,""random_seed"":20260606}"
twoddpcr_knn_k11,"control-geometry-cleaned kNN, k=11",E200K,2021-04-06_SNV_E200K,ok,NA,0.6840000000000828,"{""k"":11,""training_source"":""control_geometry_cleaned_controls"",""max_training_per_class"":100,""random_seed"":20260606}"
twoddpcr_knn_k11,"control-geometry-cleaned kNN, k=11",E200K,2021-05-10_SNV_E200K,ok,NA,1.4650000000000318,"{""k"":11,""training_source"":""control_geometry_cleaned_controls"",""max_training_per_class"":100,""random_seed"":20260606}"
twoddpcr_knn_k11,"control-geometry-cleaned kNN, k=11",E200K,2021-05-20_SNV_E200K,ok,NA,1.5870000000001028,"{""k"":11,""training_source"":""control_geometry_cleaned_controls"",""max_training_per_class"":100,""random_seed"":20260606}"
twoddpcr_knn_k11,"control-geometry-cleaned kNN, k=11",E200K,2021-10-25_SNV_E200K,ok,NA,0.11099999999999,"{""k"":11,""training_source"":""control_geometry_cleaned_controls"",""max_training_per_class"":100,""random_seed"":20260606}"
twoddpcr_knn_k11,"control-geometry-cleaned kNN, k=11",P102L,2020-12-01_SNV_P102L,ok,NA,1.344000000000051,"{""k"":11,""training_source"":""control_geometry_cleaned_controls"",""max_training_per_class"":100,""random_seed"":20260606}"
twoddpcr_knn_k11,"control-geometry-cleaned kNN, k=11",P102L,2021-01-26_SNV_P102L,ok,NA,0.2759999999999536,"{""k"":11,""training_source"":""control_geometry_cleaned_controls"",""max_training_per_class"":100,""random_seed"":20260606}"
twoddpcr_knn_k11,"control-geometry-cleaned kNN, k=11",P102L,2021-01-28_SNV_P102L,ok,NA,0.9589999999999463,"{""k"":11,""training_source"":""control_geometry_cleaned_controls"",""max_training_per_class"":100,""random_seed"":20260606}"
twoddpcr_knn_k11,"control-geometry-cleaned kNN, k=11",P102L,2021-02-02_SNV_P102L,ok,NA,2.3079999999999927,"{""k"":11,""training_source"":""control_geometry_cleaned_controls"",""max_training_per_class"":100,""random_seed"":20260606}"
twoddpcr_knn_k11,"control-geometry-cleaned kNN, k=11",P102L,2021-02-17_SNV_P102L,ok,NA,0.7380000000000564,"{""k"":11,""training_source"":""control_geometry_cleaned_controls"",""max_training_per_class"":100,""random_seed"":20260606}"
twoddpcr_knn_k11,"control-geometry-cleaned kNN, k=11",P102L,2021-02-18_SNV_P102L,ok,NA,0.7169999999999845,"{""k"":11,""training_source"":""control_geometry_cleaned_controls"",""max_training_per_class"":100,""random_seed"":20260606}"
twoddpcr_knn_k11,"control-geometry-cleaned kNN, k=11",P102L,2021-03-05_SNV_P102L,ok,NA,0.2759999999999536,"{""k"":11,""training_source"":""control_geometry_cleaned_controls"",""max_training_per_class"":100,""random_seed"":20260606}"
twoddpcr_knn_k11,"control-geometry-cleaned kNN, k=11",P102L,2021-03-29_SNV_P102L,ok,NA,1.05600000000004,"{""k"":11,""training_source"":""control_geometry_cleaned_controls"",""max_training_per_class"":100,""random_seed"":20260606}"
twoddpcr_knn_k11,"control-geometry-cleaned kNN, k=11",P102L,2021-04-06_SNV_P102L,ok,NA,0.8509999999998854,"{""k"":11,""training_source"":""control_geometry_cleaned_controls"",""max_training_per_class"":100,""random_seed"":20260606}"
twoddpcr_knn_k11,"control-geometry-cleaned kNN, k=11",P102L,2021-05-10_SNV_P102L,ok,NA,0.3999999999998636,"{""k"":11,""training_source"":""control_geometry_cleaned_controls"",""max_training_per_class"":100,""random_seed"":20260606}"
twoddpcr_knn_k11,"control-geometry-cleaned kNN, k=11",P102L,2021-05-20_SNV_P102L,ok,NA,1.3630000000000564,"{""k"":11,""training_source"":""control_geometry_cleaned_controls"",""max_training_per_class"":100,""random_seed"":20260606}"
twoddpcr_knn_k11,"control-geometry-cleaned kNN, k=11",P102L,2021-10-14_SNV_P102L,ok,NA,0.15799999999990177,"{""k"":11,""training_source"":""control_geometry_cleaned_controls"",""max_training_per_class"":100,""random_seed"":20260606}"
twoddpcr_knn_k11_mah_rain,"control-geometry-cleaned kNN plus Mahalanobis rain, k=11",D178N,2020-10-12_SNV_D178N,ok,NA,0.29000000000000625,"{""k"":11,""training_source"":""control_geometry_cleaned_controls"",""max_training_per_class"":100,""random_seed"":20260606,""max_distances"":{""NN"":33.4199,""NP"":52.7392,""PN"":13.3672,""PP"":13.1186}}"
twoddpcr_knn_k11_mah_rain,"control-geometry-cleaned kNN plus Mahalanobis rain, k=11",D178N,2020-10-15_SNV_D178N,ok,NA,0.5249999999999915,"{""k"":11,""training_source"":""control_geometry_cleaned_controls"",""max_training_per_class"":100,""random_seed"":20260606,""max_distances"":{""NN"":33.4199,""NP"":52.7392,""PN"":13.3672,""PP"":13.1186}}"
twoddpcr_knn_k11_mah_rain,"control-geometry-cleaned kNN plus Mahalanobis rain, k=11",D178N,2020-10-22_SNV_D178N,ok,NA,0.507000000000005,"{""k"":11,""training_source"":""control_geometry_cleaned_controls"",""max_training_per_class"":100,""random_seed"":20260606,""max_distances"":{""NN"":33.4199,""NP"":52.7392,""PN"":13.3672,""PP"":13.1186}}"
twoddpcr_knn_k11_mah_rain,"control-geometry-cleaned kNN plus Mahalanobis rain, k=11",D178N,2020-10-29_SNV_D178N,ok,NA,0.710000000000008,"{""k"":11,""training_source"":""control_geometry_cleaned_controls"",""max_training_per_class"":100,""random_seed"":20260606,""max_distances"":{""NN"":33.4199,""NP"":52.7392,""PN"":13.3672,""PP"":13.1186}}"
twoddpcr_knn_k11_mah_rain,"control-geometry-cleaned kNN plus Mahalanobis rain, k=11",D178N,2020-11-05_SNV_D178N,ok,NA,0.73599999999999,"{""k"":11,""training_source"":""control_geometry_cleaned_controls"",""max_training_per_class"":100,""random_seed"":20260606,""max_distances"":{""NN"":33.4199,""NP"":52.7392,""PN"":13.3672,""PP"":13.1186}}"
twoddpcr_knn_k11_mah_rain,"control-geometry-cleaned kNN plus Mahalanobis rain, k=11",D178N,2020-11-24_SNV_D178N,ok,NA,0.4749999999999943,"{""k"":11,""training_source"":""control_geometry_cleaned_controls"",""max_training_per_class"":100,""random_seed"":20260606,""max_distances"":{""NN"":33.4199,""NP"":52.7392,""PN"":13.3672,""PP"":13.1186}}"
twoddpcr_knn_k11_mah_rain,"control-geometry-cleaned kNN plus Mahalanobis rain, k=11",D178N,2021-01-26_SNV_D178N,ok,NA,0.6469999999999914,"{""k"":11,""training_source"":""control_geometry_cleaned_controls"",""max_training_per_class"":100,""random_seed"":20260606,""max_distances"":{""NN"":33.4199,""NP"":52.7392,""PN"":13.3672,""PP"":13.1186}}"
twoddpcr_knn_k11_mah_rain,"control-geometry-cleaned kNN plus Mahalanobis rain, k=11",D178N,2021-02-17_SNV_D178N,ok,NA,0.827000000000055,"{""k"":11,""training_source"":""control_geometry_cleaned_controls"",""max_training_per_class"":100,""random_seed"":20260606,""max_distances"":{""NN"":33.4199,""NP"":52.7392,""PN"":13.3672,""PP"":13.1186}}"
twoddpcr_knn_k11_mah_rain,"control-geometry-cleaned kNN plus Mahalanobis rain, k=11",D178N,2021-03-29_SNV_D178N,ok,NA,0.6120000000000232,"{""k"":11,""training_source"":""control_geometry_cleaned_controls"",""max_training_per_class"":100,""random_seed"":20260606,""max_distances"":{""NN"":33.4199,""NP"":52.7392,""PN"":13.3672,""PP"":13.1186}}"
twoddpcr_knn_k11_mah_rain,"control-geometry-cleaned kNN plus Mahalanobis rain, k=11",D178N,2021-04-06_SNV_D178N,ok,NA,0,"{""k"":11,""training_source"":""control_geometry_cleaned_controls"",""max_training_per_class"":100,""random_seed"":20260606,""max_distances"":{""NN"":33.4199,""NP"":52.7392,""PN"":13.3672,""PP"":13.1186}}"
twoddpcr_knn_k11_mah_rain,"control-geometry-cleaned kNN plus Mahalanobis rain, k=11",D178N,2021-05-10_SNV_D178N,ok,NA,0.6870000000000118,"{""k"":11,""training_source"":""control_geometry_cleaned_controls"",""max_training_per_class"":100,""random_seed"":20260606,""max_distances"":{""NN"":33.4199,""NP"":52.7392,""PN"":13.3672,""PP"":13.1186}}"
twoddpcr_knn_k11_mah_rain,"control-geometry-cleaned kNN plus Mahalanobis rain, k=11",D178N,2021-05-20_SNV_D178N,ok,NA,0.8230000000000359,"{""k"":11,""training_source"":""control_geometry_cleaned_controls"",""max_training_per_class"":100,""random_seed"":20260606,""max_distances"":{""NN"":33.4199,""NP"":52.7392,""PN"":13.3672,""PP"":13.1186}}"
twoddpcr_knn_k11_mah_rain,"control-geometry-cleaned kNN plus Mahalanobis rain, k=11",D178N,2021-10-14_SNV_D178N,ok,NA,0.18099999999998317,"{""k"":11,""training_source"":""control_geometry_cleaned_controls"",""max_training_per_class"":100,""random_seed"":20260606,""max_distances"":{""NN"":33.4199,""NP"":52.7392,""PN"":13.3672,""PP"":13.1186}}"
twoddpcr_knn_k11_mah_rain,"control-geometry-cleaned kNN plus Mahalanobis rain, k=11",E200K,2020-10-12_SNV_E200K,ok,NA,0,"{""k"":11,""training_source"":""control_geometry_cleaned_controls"",""max_training_per_class"":100,""random_seed"":20260606,""max_distances"":{""NN"":17.3618,""NP"":10.7847,""PN"":15.3778,""PP"":14.0331}}"
twoddpcr_knn_k11_mah_rain,"control-geometry-cleaned kNN plus Mahalanobis rain, k=11",E200K,2020-10-15_SNV_E200K,ok,NA,0.5190000000000055,"{""k"":11,""training_source"":""control_geometry_cleaned_controls"",""max_training_per_class"":100,""random_seed"":20260606,""max_distances"":{""NN"":17.3618,""NP"":10.7847,""PN"":15.3778,""PP"":14.0331}}"
twoddpcr_knn_k11_mah_rain,"control-geometry-cleaned kNN plus Mahalanobis rain, k=11",E200K,2020-10-22_SNV_E200K,ok,NA,0.5960000000000036,"{""k"":11,""training_source"":""control_geometry_cleaned_controls"",""max_training_per_class"":100,""random_seed"":20260606,""max_distances"":{""NN"":17.3618,""NP"":10.7847,""PN"":15.3778,""PP"":14.0331}}"
twoddpcr_knn_k11_mah_rain,"control-geometry-cleaned kNN plus Mahalanobis rain, k=11",E200K,2020-10-29_SNV_E200K,ok,NA,0.6000000000000227,"{""k"":11,""training_source"":""control_geometry_cleaned_controls"",""max_training_per_class"":100,""random_seed"":20260606,""max_distances"":{""NN"":17.3618,""NP"":10.7847,""PN"":15.3778,""PP"":14.0331}}"
twoddpcr_knn_k11_mah_rain,"control-geometry-cleaned kNN plus Mahalanobis rain, k=11",E200K,2020-11-05_SNV_E200K,ok,NA,0.6059999999999945,"{""k"":11,""training_source"":""control_geometry_cleaned_controls"",""max_training_per_class"":100,""random_seed"":20260606,""max_distances"":{""NN"":17.3618,""NP"":10.7847,""PN"":15.3778,""PP"":14.0331}}"
twoddpcr_knn_k11_mah_rain,"control-geometry-cleaned kNN plus Mahalanobis rain, k=11",E200K,2020-11-24_SNV_E200K,ok,NA,0.4920000000000755,"{""k"":11,""training_source"":""control_geometry_cleaned_controls"",""max_training_per_class"":100,""random_seed"":20260606,""max_distances"":{""NN"":17.3618,""NP"":10.7847,""PN"":15.3778,""PP"":14.0331}}"
twoddpcr_knn_k11_mah_rain,"control-geometry-cleaned kNN plus Mahalanobis rain, k=11",E200K,2021-01-26_SNV_E200K,ok,NA,0.67999999999995,"{""k"":11,""training_source"":""control_geometry_cleaned_controls"",""max_training_per_class"":100,""random_seed"":20260606,""max_distances"":{""NN"":17.3618,""NP"":10.7847,""PN"":15.3778,""PP"":14.0331}}"
twoddpcr_knn_k11_mah_rain,"control-geometry-cleaned kNN plus Mahalanobis rain, k=11",E200K,2021-02-17_SNV_E200K,ok,NA,0.5279999999999063,"{""k"":11,""training_source"":""control_geometry_cleaned_controls"",""max_training_per_class"":100,""random_seed"":20260606,""max_distances"":{""NN"":17.3618,""NP"":10.7847,""PN"":15.3778,""PP"":14.0331}}"
twoddpcr_knn_k11_mah_rain,"control-geometry-cleaned kNN plus Mahalanobis rain, k=11",E200K,2021-02-18_SNV_E200K,ok,NA,0.5860000000000127,"{""k"":11,""training_source"":""control_geometry_cleaned_controls"",""max_training_per_class"":100,""random_seed"":20260606,""max_distances"":{""NN"":17.3618,""NP"":10.7847,""PN"":15.3778,""PP"":14.0331}}"
twoddpcr_knn_k11_mah_rain,"control-geometry-cleaned kNN plus Mahalanobis rain, k=11",E200K,2021-03-29_SNV_E200K,ok,NA,0.81899999999996,"{""k"":11,""training_source"":""control_geometry_cleaned_controls"",""max_training_per_class"":100,""random_seed"":20260606,""max_distances"":{""NN"":17.3618,""NP"":10.7847,""PN"":15.3778,""PP"":14.0331}}"
twoddpcr_knn_k11_mah_rain,"control-geometry-cleaned kNN plus Mahalanobis rain, k=11",E200K,2021-04-06_SNV_E200K,ok,NA,0.6829999999999927,"{""k"":11,""training_source"":""control_geometry_cleaned_controls"",""max_training_per_class"":100,""random_seed"":20260606,""max_distances"":{""NN"":17.3618,""NP"":10.7847,""PN"":15.3778,""PP"":14.0331}}"
twoddpcr_knn_k11_mah_rain,"control-geometry-cleaned kNN plus Mahalanobis rain, k=11",E200K,2021-05-10_SNV_E200K,ok,NA,0.9589999999999463,"{""k"":11,""training_source"":""control_geometry_cleaned_controls"",""max_training_per_class"":100,""random_seed"":20260606,""max_distances"":{""NN"":17.3618,""NP"":10.7847,""PN"":15.3778,""PP"":14.0331}}"
twoddpcr_knn_k11_mah_rain,"control-geometry-cleaned kNN plus Mahalanobis rain, k=11",E200K,2021-05-20_SNV_E200K,ok,NA,0.8979999999999109,"{""k"":11,""training_source"":""control_geometry_cleaned_controls"",""max_training_per_class"":100,""random_seed"":20260606,""max_distances"":{""NN"":17.3618,""NP"":10.7847,""PN"":15.3778,""PP"":14.0331}}"
twoddpcr_knn_k11_mah_rain,"control-geometry-cleaned kNN plus Mahalanobis rain, k=11",E200K,2021-10-25_SNV_E200K,ok,NA,0.0989999999999327,"{""k"":11,""training_source"":""control_geometry_cleaned_controls"",""max_training_per_class"":100,""random_seed"":20260606,""max_distances"":{""NN"":17.3618,""NP"":10.7847,""PN"":15.3778,""PP"":14.0331}}"
twoddpcr_knn_k11_mah_rain,"control-geometry-cleaned kNN plus Mahalanobis rain, k=11",P102L,2020-12-01_SNV_P102L,ok,NA,1.20900000000006,"{""k"":11,""training_source"":""control_geometry_cleaned_controls"",""max_training_per_class"":100,""random_seed"":20260606,""max_distances"":{""NN"":21.5632,""NP"":23.6878,""PN"":18.2528,""PP"":14.4042}}"
twoddpcr_knn_k11_mah_rain,"control-geometry-cleaned kNN plus Mahalanobis rain, k=11",P102L,2021-01-26_SNV_P102L,ok,NA,0.5950000000000273,"{""k"":11,""training_source"":""control_geometry_cleaned_controls"",""max_training_per_class"":100,""random_seed"":20260606,""max_distances"":{""NN"":21.5632,""NP"":23.6878,""PN"":18.2528,""PP"":14.4042}}"
twoddpcr_knn_k11_mah_rain,"control-geometry-cleaned kNN plus Mahalanobis rain, k=11",P102L,2021-01-28_SNV_P102L,ok,NA,0.5370000000000346,"{""k"":11,""training_source"":""control_geometry_cleaned_controls"",""max_training_per_class"":100,""random_seed"":20260606,""max_distances"":{""NN"":21.5632,""NP"":23.6878,""PN"":18.2528,""PP"":14.4042}}"
twoddpcr_knn_k11_mah_rain,"control-geometry-cleaned kNN plus Mahalanobis rain, k=11",P102L,2021-02-02_SNV_P102L,ok,NA,1.419999999999959,"{""k"":11,""training_source"":""control_geometry_cleaned_controls"",""max_training_per_class"":100,""random_seed"":20260606,""max_distances"":{""NN"":21.5632,""NP"":23.6878,""PN"":18.2528,""PP"":14.4042}}"
twoddpcr_knn_k11_mah_rain,"control-geometry-cleaned kNN plus Mahalanobis rain, k=11",P102L,2021-02-17_SNV_P102L,ok,NA,0.6860000000000355,"{""k"":11,""training_source"":""control_geometry_cleaned_controls"",""max_training_per_class"":100,""random_seed"":20260606,""max_distances"":{""NN"":21.5632,""NP"":23.6878,""PN"":18.2528,""PP"":14.4042}}"
twoddpcr_knn_k11_mah_rain,"control-geometry-cleaned kNN plus Mahalanobis rain, k=11",P102L,2021-02-18_SNV_P102L,ok,NA,0.035000000000081855,"{""k"":11,""training_source"":""control_geometry_cleaned_controls"",""max_training_per_class"":100,""random_seed"":20260606,""max_distances"":{""NN"":21.5632,""NP"":23.6878,""PN"":18.2528,""PP"":14.4042}}"
twoddpcr_knn_k11_mah_rain,"control-geometry-cleaned kNN plus Mahalanobis rain, k=11",P102L,2021-03-05_SNV_P102L,ok,NA,0.35000000000002274,"{""k"":11,""training_source"":""control_geometry_cleaned_controls"",""max_training_per_class"":100,""random_seed"":20260606,""max_distances"":{""NN"":21.5632,""NP"":23.6878,""PN"":18.2528,""PP"":14.4042}}"
twoddpcr_knn_k11_mah_rain,"control-geometry-cleaned kNN plus Mahalanobis rain, k=11",P102L,2021-03-29_SNV_P102L,ok,NA,0.6549999999999727,"{""k"":11,""training_source"":""control_geometry_cleaned_controls"",""max_training_per_class"":100,""random_seed"":20260606,""max_distances"":{""NN"":21.5632,""NP"":23.6878,""PN"":18.2528,""PP"":14.4042}}"
twoddpcr_knn_k11_mah_rain,"control-geometry-cleaned kNN plus Mahalanobis rain, k=11",P102L,2021-04-06_SNV_P102L,ok,NA,0.5860000000000127,"{""k"":11,""training_source"":""control_geometry_cleaned_controls"",""max_training_per_class"":100,""random_seed"":20260606,""max_distances"":{""NN"":21.5632,""NP"":23.6878,""PN"":18.2528,""PP"":14.4042}}"
twoddpcr_knn_k11_mah_rain,"control-geometry-cleaned kNN plus Mahalanobis rain, k=11",P102L,2021-05-10_SNV_P102L,ok,NA,0.5789999999999509,"{""k"":11,""training_source"":""control_geometry_cleaned_controls"",""max_training_per_class"":100,""random_seed"":20260606,""max_distances"":{""NN"":21.5632,""NP"":23.6878,""PN"":18.2528,""PP"":14.4042}}"
twoddpcr_knn_k11_mah_rain,"control-geometry-cleaned kNN plus Mahalanobis rain, k=11",P102L,2021-05-20_SNV_P102L,ok,NA,0.7840000000001055,"{""k"":11,""training_source"":""control_geometry_cleaned_controls"",""max_training_per_class"":100,""random_seed"":20260606,""max_distances"":{""NN"":21.5632,""NP"":23.6878,""PN"":18.2528,""PP"":14.4042}}"
twoddpcr_knn_k11_mah_rain,"control-geometry-cleaned kNN plus Mahalanobis rain, k=11",P102L,2021-10-14_SNV_P102L,ok,NA,0.16300000000001091,"{""k"":11,""training_source"":""control_geometry_cleaned_controls"",""max_training_per_class"":100,""random_seed"":20260606,""max_distances"":{""NN"":21.5632,""NP"":23.6878,""PN"":18.2528,""PP"":14.4042}}"
twoddpcr_knn_k21,"control-geometry-cleaned kNN, k=21",D178N,2020-10-12_SNV_D178N,ok,NA,0.3580000000000041,"{""k"":21,""training_source"":""control_geometry_cleaned_controls"",""max_training_per_class"":100,""random_seed"":20260606}"
twoddpcr_knn_k21,"control-geometry-cleaned kNN, k=21",D178N,2020-10-15_SNV_D178N,ok,NA,1.3009999999999877,"{""k"":21,""training_source"":""control_geometry_cleaned_controls"",""max_training_per_class"":100,""random_seed"":20260606}"
twoddpcr_knn_k21,"control-geometry-cleaned kNN, k=21",D178N,2020-10-22_SNV_D178N,ok,NA,1.25,"{""k"":21,""training_source"":""control_geometry_cleaned_controls"",""max_training_per_class"":100,""random_seed"":20260606}"
twoddpcr_knn_k21,"control-geometry-cleaned kNN, k=21",D178N,2020-10-29_SNV_D178N,ok,NA,1.5480000000000018,"{""k"":21,""training_source"":""control_geometry_cleaned_controls"",""max_training_per_class"":100,""random_seed"":20260606}"
twoddpcr_knn_k21,"control-geometry-cleaned kNN, k=21",D178N,2020-11-05_SNV_D178N,ok,NA,1.5060000000000002,"{""k"":21,""training_source"":""control_geometry_cleaned_controls"",""max_training_per_class"":100,""random_seed"":20260606}"
twoddpcr_knn_k21,"control-geometry-cleaned kNN, k=21",D178N,2020-11-24_SNV_D178N,ok,NA,0.7169999999999845,"{""k"":21,""training_source"":""control_geometry_cleaned_controls"",""max_training_per_class"":100,""random_seed"":20260606}"
twoddpcr_knn_k21,"control-geometry-cleaned kNN, k=21",D178N,2021-01-26_SNV_D178N,ok,NA,1.48599999999999,"{""k"":21,""training_source"":""control_geometry_cleaned_controls"",""max_training_per_class"":100,""random_seed"":20260606}"
twoddpcr_knn_k21,"control-geometry-cleaned kNN, k=21",D178N,2021-02-17_SNV_D178N,ok,NA,1.1030000000000086,"{""k"":21,""training_source"":""control_geometry_cleaned_controls"",""max_training_per_class"":100,""random_seed"":20260606}"
twoddpcr_knn_k21,"control-geometry-cleaned kNN, k=21",D178N,2021-03-29_SNV_D178N,ok,NA,1.5480000000000018,"{""k"":21,""training_source"":""control_geometry_cleaned_controls"",""max_training_per_class"":100,""random_seed"":20260606}"
twoddpcr_knn_k21,"control-geometry-cleaned kNN, k=21",D178N,2021-04-06_SNV_D178N,ok,NA,1.4089999999999918,"{""k"":21,""training_source"":""control_geometry_cleaned_controls"",""max_training_per_class"":100,""random_seed"":20260606}"
twoddpcr_knn_k21,"control-geometry-cleaned kNN, k=21",D178N,2021-05-10_SNV_D178N,ok,NA,0.9300000000000068,"{""k"":21,""training_source"":""control_geometry_cleaned_controls"",""max_training_per_class"":100,""random_seed"":20260606}"
twoddpcr_knn_k21,"control-geometry-cleaned kNN, k=21",D178N,2021-05-20_SNV_D178N,ok,NA,1.3500000000000227,"{""k"":21,""training_source"":""control_geometry_cleaned_controls"",""max_training_per_class"":100,""random_seed"":20260606}"
twoddpcr_knn_k21,"control-geometry-cleaned kNN, k=21",D178N,2021-10-14_SNV_D178N,ok,NA,0.28600000000000136,"{""k"":21,""training_source"":""control_geometry_cleaned_controls"",""max_training_per_class"":100,""random_seed"":20260606}"
twoddpcr_knn_k21,"control-geometry-cleaned kNN, k=21",E200K,2020-10-12_SNV_E200K,ok,NA,0.33899999999999864,"{""k"":21,""training_source"":""control_geometry_cleaned_controls"",""max_training_per_class"":100,""random_seed"":20260606}"
twoddpcr_knn_k21,"control-geometry-cleaned kNN, k=21",E200K,2020-10-15_SNV_E200K,ok,NA,1.2980000000000018,"{""k"":21,""training_source"":""control_geometry_cleaned_controls"",""max_training_per_class"":100,""random_seed"":20260606}"
twoddpcr_knn_k21,"control-geometry-cleaned kNN, k=21",E200K,2020-10-22_SNV_E200K,ok,NA,1.214999999999975,"{""k"":21,""training_source"":""control_geometry_cleaned_controls"",""max_training_per_class"":100,""random_seed"":20260606}"
twoddpcr_knn_k21,"control-geometry-cleaned kNN, k=21",E200K,2020-10-29_SNV_E200K,ok,NA,1.5849999999999227,"{""k"":21,""training_source"":""control_geometry_cleaned_controls"",""max_training_per_class"":100,""random_seed"":20260606}"
twoddpcr_knn_k21,"control-geometry-cleaned kNN, k=21",E200K,2020-11-05_SNV_E200K,ok,NA,1.5109999999999673,"{""k"":21,""training_source"":""control_geometry_cleaned_controls"",""max_training_per_class"":100,""random_seed"":20260606}"
twoddpcr_knn_k21,"control-geometry-cleaned kNN, k=21",E200K,2020-11-24_SNV_E200K,ok,NA,0.7520000000000664,"{""k"":21,""training_source"":""control_geometry_cleaned_controls"",""max_training_per_class"":100,""random_seed"":20260606}"
twoddpcr_knn_k21,"control-geometry-cleaned kNN, k=21",E200K,2021-01-26_SNV_E200K,ok,NA,1.2280000000000655,"{""k"":21,""training_source"":""control_geometry_cleaned_controls"",""max_training_per_class"":100,""random_seed"":20260606}"
twoddpcr_knn_k21,"control-geometry-cleaned kNN, k=21",E200K,2021-02-17_SNV_E200K,ok,NA,1.134999999999991,"{""k"":21,""training_source"":""control_geometry_cleaned_controls"",""max_training_per_class"":100,""random_seed"":20260606}"
twoddpcr_knn_k21,"control-geometry-cleaned kNN, k=21",E200K,2021-02-18_SNV_E200K,ok,NA,1.2299999999999045,"{""k"":21,""training_source"":""control_geometry_cleaned_controls"",""max_training_per_class"":100,""random_seed"":20260606}"
twoddpcr_knn_k21,"control-geometry-cleaned kNN, k=21",E200K,2021-03-29_SNV_E200K,ok,NA,2.2439999999999145,"{""k"":21,""training_source"":""control_geometry_cleaned_controls"",""max_training_per_class"":100,""random_seed"":20260606}"
twoddpcr_knn_k21,"control-geometry-cleaned kNN, k=21",E200K,2021-04-06_SNV_E200K,ok,NA,0.9850000000000136,"{""k"":21,""training_source"":""control_geometry_cleaned_controls"",""max_training_per_class"":100,""random_seed"":20260606}"
twoddpcr_knn_k21,"control-geometry-cleaned kNN, k=21",E200K,2021-05-10_SNV_E200K,ok,NA,1.997000000000071,"{""k"":21,""training_source"":""control_geometry_cleaned_controls"",""max_training_per_class"":100,""random_seed"":20260606}"
twoddpcr_knn_k21,"control-geometry-cleaned kNN, k=21",E200K,2021-05-20_SNV_E200K,ok,NA,2.325999999999908,"{""k"":21,""training_source"":""control_geometry_cleaned_controls"",""max_training_per_class"":100,""random_seed"":20260606}"
twoddpcr_knn_k21,"control-geometry-cleaned kNN, k=21",E200K,2021-10-25_SNV_E200K,ok,NA,0.14800000000002456,"{""k"":21,""training_source"":""control_geometry_cleaned_controls"",""max_training_per_class"":100,""random_seed"":20260606}"
twoddpcr_knn_k21,"control-geometry-cleaned kNN, k=21",P102L,2020-12-01_SNV_P102L,ok,NA,2.9020000000000437,"{""k"":21,""training_source"":""control_geometry_cleaned_controls"",""max_training_per_class"":100,""random_seed"":20260606}"
twoddpcr_knn_k21,"control-geometry-cleaned kNN, k=21",P102L,2021-01-26_SNV_P102L,ok,NA,1.3880000000000337,"{""k"":21,""training_source"":""control_geometry_cleaned_controls"",""max_training_per_class"":100,""random_seed"":20260606}"
twoddpcr_knn_k21,"control-geometry-cleaned kNN, k=21",P102L,2021-01-28_SNV_P102L,ok,NA,0.7200000000000273,"{""k"":21,""training_source"":""control_geometry_cleaned_controls"",""max_training_per_class"":100,""random_seed"":20260606}"
twoddpcr_knn_k21,"control-geometry-cleaned kNN, k=21",P102L,2021-02-02_SNV_P102L,ok,NA,3.3629999999999427,"{""k"":21,""training_source"":""control_geometry_cleaned_controls"",""max_training_per_class"":100,""random_seed"":20260606}"
twoddpcr_knn_k21,"control-geometry-cleaned kNN, k=21",P102L,2021-02-17_SNV_P102L,ok,NA,1.0209999999999582,"{""k"":21,""training_source"":""control_geometry_cleaned_controls"",""max_training_per_class"":100,""random_seed"":20260606}"
twoddpcr_knn_k21,"control-geometry-cleaned kNN, k=21",P102L,2021-02-18_SNV_P102L,ok,NA,1.044999999999959,"{""k"":21,""training_source"":""control_geometry_cleaned_controls"",""max_training_per_class"":100,""random_seed"":20260606}"
twoddpcr_knn_k21,"control-geometry-cleaned kNN, k=21",P102L,2021-03-05_SNV_P102L,ok,NA,0.3949999999999818,"{""k"":21,""training_source"":""control_geometry_cleaned_controls"",""max_training_per_class"":100,""random_seed"":20260606}"
twoddpcr_knn_k21,"control-geometry-cleaned kNN, k=21",P102L,2021-03-29_SNV_P102L,ok,NA,1.5499999999999545,"{""k"":21,""training_source"":""control_geometry_cleaned_controls"",""max_training_per_class"":100,""random_seed"":20260606}"
twoddpcr_knn_k21,"control-geometry-cleaned kNN, k=21",P102L,2021-04-06_SNV_P102L,ok,NA,1.2729999999999109,"{""k"":21,""training_source"":""control_geometry_cleaned_controls"",""max_training_per_class"":100,""random_seed"":20260606}"
twoddpcr_knn_k21,"control-geometry-cleaned kNN, k=21",P102L,2021-05-10_SNV_P102L,ok,NA,1.5299999999999727,"{""k"":21,""training_source"":""control_geometry_cleaned_controls"",""max_training_per_class"":100,""random_seed"":20260606}"
twoddpcr_knn_k21,"control-geometry-cleaned kNN, k=21",P102L,2021-05-20_SNV_P102L,ok,NA,1.9300000000000637,"{""k"":21,""training_source"":""control_geometry_cleaned_controls"",""max_training_per_class"":100,""random_seed"":20260606}"
twoddpcr_knn_k21,"control-geometry-cleaned kNN, k=21",P102L,2021-10-14_SNV_P102L,ok,NA,0.23099999999999454,"{""k"":21,""training_source"":""control_geometry_cleaned_controls"",""max_training_per_class"":100,""random_seed"":20260606}"
twoddpcr_knn_k21_mah_rain,"control-geometry-cleaned kNN plus Mahalanobis rain, k=21",D178N,2020-10-12_SNV_D178N,ok,NA,0.2879999999999967,"{""k"":21,""training_source"":""control_geometry_cleaned_controls"",""max_training_per_class"":100,""random_seed"":20260606,""max_distances"":{""NN"":33.4199,""NP"":52.7392,""PN"":13.3672,""PP"":13.1186}}"
twoddpcr_knn_k21_mah_rain,"control-geometry-cleaned kNN plus Mahalanobis rain, k=21",D178N,2020-10-15_SNV_D178N,ok,NA,0.6189999999999998,"{""k"":21,""training_source"":""control_geometry_cleaned_controls"",""max_training_per_class"":100,""random_seed"":20260606,""max_distances"":{""NN"":33.4199,""NP"":52.7392,""PN"":13.3672,""PP"":13.1186}}"
twoddpcr_knn_k21_mah_rain,"control-geometry-cleaned kNN plus Mahalanobis rain, k=21",D178N,2020-10-22_SNV_D178N,ok,NA,0.5580000000000211,"{""k"":21,""training_source"":""control_geometry_cleaned_controls"",""max_training_per_class"":100,""random_seed"":20260606,""max_distances"":{""NN"":33.4199,""NP"":52.7392,""PN"":13.3672,""PP"":13.1186}}"
twoddpcr_knn_k21_mah_rain,"control-geometry-cleaned kNN plus Mahalanobis rain, k=21",D178N,2020-10-29_SNV_D178N,ok,NA,0.7839999999999918,"{""k"":21,""training_source"":""control_geometry_cleaned_controls"",""max_training_per_class"":100,""random_seed"":20260606,""max_distances"":{""NN"":33.4199,""NP"":52.7392,""PN"":13.3672,""PP"":13.1186}}"
twoddpcr_knn_k21_mah_rain,"control-geometry-cleaned kNN plus Mahalanobis rain, k=21",D178N,2020-11-05_SNV_D178N,ok,NA,0.6680000000000064,"{""k"":21,""training_source"":""control_geometry_cleaned_controls"",""max_training_per_class"":100,""random_seed"":20260606,""max_distances"":{""NN"":33.4199,""NP"":52.7392,""PN"":13.3672,""PP"":13.1186}}"
twoddpcr_knn_k21_mah_rain,"control-geometry-cleaned kNN plus Mahalanobis rain, k=21",D178N,2020-11-24_SNV_D178N,ok,NA,0.47100000000000364,"{""k"":21,""training_source"":""control_geometry_cleaned_controls"",""max_training_per_class"":100,""random_seed"":20260606,""max_distances"":{""NN"":33.4199,""NP"":52.7392,""PN"":13.3672,""PP"":13.1186}}"
twoddpcr_knn_k21_mah_rain,"control-geometry-cleaned kNN plus Mahalanobis rain, k=21",D178N,2021-01-26_SNV_D178N,ok,NA,0.6220000000000141,"{""k"":21,""training_source"":""control_geometry_cleaned_controls"",""max_training_per_class"":100,""random_seed"":20260606,""max_distances"":{""NN"":33.4199,""NP"":52.7392,""PN"":13.3672,""PP"":13.1186}}"
twoddpcr_knn_k21_mah_rain,"control-geometry-cleaned kNN plus Mahalanobis rain, k=21",D178N,2021-02-17_SNV_D178N,ok,NA,0.8019999999999641,"{""k"":21,""training_source"":""control_geometry_cleaned_controls"",""max_training_per_class"":100,""random_seed"":20260606,""max_distances"":{""NN"":33.4199,""NP"":52.7392,""PN"":13.3672,""PP"":13.1186}}"
twoddpcr_knn_k21_mah_rain,"control-geometry-cleaned kNN plus Mahalanobis rain, k=21",D178N,2021-03-29_SNV_D178N,ok,NA,0.6329999999999814,"{""k"":21,""training_source"":""control_geometry_cleaned_controls"",""max_training_per_class"":100,""random_seed"":20260606,""max_distances"":{""NN"":33.4199,""NP"":52.7392,""PN"":13.3672,""PP"":13.1186}}"
twoddpcr_knn_k21_mah_rain,"control-geometry-cleaned kNN plus Mahalanobis rain, k=21",D178N,2021-04-06_SNV_D178N,ok,NA,0.54200000000003,"{""k"":21,""training_source"":""control_geometry_cleaned_controls"",""max_training_per_class"":100,""random_seed"":20260606,""max_distances"":{""NN"":33.4199,""NP"":52.7392,""PN"":13.3672,""PP"":13.1186}}"
twoddpcr_knn_k21_mah_rain,"control-geometry-cleaned kNN plus Mahalanobis rain, k=21",D178N,2021-05-10_SNV_D178N,ok,NA,0.6580000000000155,"{""k"":21,""training_source"":""control_geometry_cleaned_controls"",""max_training_per_class"":100,""random_seed"":20260606,""max_distances"":{""NN"":33.4199,""NP"":52.7392,""PN"":13.3672,""PP"":13.1186}}"
twoddpcr_knn_k21_mah_rain,"control-geometry-cleaned kNN plus Mahalanobis rain, k=21",D178N,2021-05-20_SNV_D178N,ok,NA,0.8100000000000023,"{""k"":21,""training_source"":""control_geometry_cleaned_controls"",""max_training_per_class"":100,""random_seed"":20260606,""max_distances"":{""NN"":33.4199,""NP"":52.7392,""PN"":13.3672,""PP"":13.1186}}"
twoddpcr_knn_k21_mah_rain,"control-geometry-cleaned kNN plus Mahalanobis rain, k=21",D178N,2021-10-14_SNV_D178N,ok,NA,0.19800000000003593,"{""k"":21,""training_source"":""control_geometry_cleaned_controls"",""max_training_per_class"":100,""random_seed"":20260606,""max_distances"":{""NN"":33.4199,""NP"":52.7392,""PN"":13.3672,""PP"":13.1186}}"
twoddpcr_knn_k21_mah_rain,"control-geometry-cleaned kNN plus Mahalanobis rain, k=21",E200K,2020-10-12_SNV_E200K,ok,NA,0.25799999999998136,"{""k"":21,""training_source"":""control_geometry_cleaned_controls"",""max_training_per_class"":100,""random_seed"":20260606,""max_distances"":{""NN"":17.3618,""NP"":10.7847,""PN"":15.3778,""PP"":14.0331}}"
twoddpcr_knn_k21_mah_rain,"control-geometry-cleaned kNN plus Mahalanobis rain, k=21",E200K,2020-10-15_SNV_E200K,ok,NA,0.5649999999999977,"{""k"":21,""training_source"":""control_geometry_cleaned_controls"",""max_training_per_class"":100,""random_seed"":20260606,""max_distances"":{""NN"":17.3618,""NP"":10.7847,""PN"":15.3778,""PP"":14.0331}}"
twoddpcr_knn_k21_mah_rain,"control-geometry-cleaned kNN plus Mahalanobis rain, k=21",E200K,2020-10-22_SNV_E200K,ok,NA,0.5660000000000309,"{""k"":21,""training_source"":""control_geometry_cleaned_controls"",""max_training_per_class"":100,""random_seed"":20260606,""max_distances"":{""NN"":17.3618,""NP"":10.7847,""PN"":15.3778,""PP"":14.0331}}"
twoddpcr_knn_k21_mah_rain,"control-geometry-cleaned kNN plus Mahalanobis rain, k=21",E200K,2020-10-29_SNV_E200K,ok,NA,0.6370000000000573,"{""k"":21,""training_source"":""control_geometry_cleaned_controls"",""max_training_per_class"":100,""random_seed"":20260606,""max_distances"":{""NN"":17.3618,""NP"":10.7847,""PN"":15.3778,""PP"":14.0331}}"
twoddpcr_knn_k21_mah_rain,"control-geometry-cleaned kNN plus Mahalanobis rain, k=21",E200K,2020-11-05_SNV_E200K,ok,NA,0.5949999999999136,"{""k"":21,""training_source"":""control_geometry_cleaned_controls"",""max_training_per_class"":100,""random_seed"":20260606,""max_distances"":{""NN"":17.3618,""NP"":10.7847,""PN"":15.3778,""PP"":14.0331}}"
twoddpcr_knn_k21_mah_rain,"control-geometry-cleaned kNN plus Mahalanobis rain, k=21",E200K,2020-11-24_SNV_E200K,ok,NA,0.5339999999999918,"{""k"":21,""training_source"":""control_geometry_cleaned_controls"",""max_training_per_class"":100,""random_seed"":20260606,""max_distances"":{""NN"":17.3618,""NP"":10.7847,""PN"":15.3778,""PP"":14.0331}}"
twoddpcr_knn_k21_mah_rain,"control-geometry-cleaned kNN plus Mahalanobis rain, k=21",E200K,2021-01-26_SNV_E200K,ok,NA,0.72300000000007,"{""k"":21,""training_source"":""control_geometry_cleaned_controls"",""max_training_per_class"":100,""random_seed"":20260606,""max_distances"":{""NN"":17.3618,""NP"":10.7847,""PN"":15.3778,""PP"":14.0331}}"
twoddpcr_knn_k21_mah_rain,"control-geometry-cleaned kNN plus Mahalanobis rain, k=21",E200K,2021-02-17_SNV_E200K,ok,NA,0.5040000000000191,"{""k"":21,""training_source"":""control_geometry_cleaned_controls"",""max_training_per_class"":100,""random_seed"":20260606,""max_distances"":{""NN"":17.3618,""NP"":10.7847,""PN"":15.3778,""PP"":14.0331}}"
twoddpcr_knn_k21_mah_rain,"control-geometry-cleaned kNN plus Mahalanobis rain, k=21",E200K,2021-02-18_SNV_E200K,ok,NA,0.5900000000000318,"{""k"":21,""training_source"":""control_geometry_cleaned_controls"",""max_training_per_class"":100,""random_seed"":20260606,""max_distances"":{""NN"":17.3618,""NP"":10.7847,""PN"":15.3778,""PP"":14.0331}}"
twoddpcr_knn_k21_mah_rain,"control-geometry-cleaned kNN plus Mahalanobis rain, k=21",E200K,2021-03-29_SNV_E200K,ok,NA,0.9729999999999563,"{""k"":21,""training_source"":""control_geometry_cleaned_controls"",""max_training_per_class"":100,""random_seed"":20260606,""max_distances"":{""NN"":17.3618,""NP"":10.7847,""PN"":15.3778,""PP"":14.0331}}"
twoddpcr_knn_k21_mah_rain,"control-geometry-cleaned kNN plus Mahalanobis rain, k=21",E200K,2021-04-06_SNV_E200K,ok,NA,0.6910000000000309,"{""k"":21,""training_source"":""control_geometry_cleaned_controls"",""max_training_per_class"":100,""random_seed"":20260606,""max_distances"":{""NN"":17.3618,""NP"":10.7847,""PN"":15.3778,""PP"":14.0331}}"
twoddpcr_knn_k21_mah_rain,"control-geometry-cleaned kNN plus Mahalanobis rain, k=21",E200K,2021-05-10_SNV_E200K,ok,NA,0.9600000000000364,"{""k"":21,""training_source"":""control_geometry_cleaned_controls"",""max_training_per_class"":100,""random_seed"":20260606,""max_distances"":{""NN"":17.3618,""NP"":10.7847,""PN"":15.3778,""PP"":14.0331}}"
twoddpcr_knn_k21_mah_rain,"control-geometry-cleaned kNN plus Mahalanobis rain, k=21",E200K,2021-05-20_SNV_E200K,ok,NA,0.9039999999999964,"{""k"":21,""training_source"":""control_geometry_cleaned_controls"",""max_training_per_class"":100,""random_seed"":20260606,""max_distances"":{""NN"":17.3618,""NP"":10.7847,""PN"":15.3778,""PP"":14.0331}}"
twoddpcr_knn_k21_mah_rain,"control-geometry-cleaned kNN plus Mahalanobis rain, k=21",E200K,2021-10-25_SNV_E200K,ok,NA,0.1069999999999709,"{""k"":21,""training_source"":""control_geometry_cleaned_controls"",""max_training_per_class"":100,""random_seed"":20260606,""max_distances"":{""NN"":17.3618,""NP"":10.7847,""PN"":15.3778,""PP"":14.0331}}"
twoddpcr_knn_k21_mah_rain,"control-geometry-cleaned kNN plus Mahalanobis rain, k=21",P102L,2020-12-01_SNV_P102L,ok,NA,1.2409999999999854,"{""k"":21,""training_source"":""control_geometry_cleaned_controls"",""max_training_per_class"":100,""random_seed"":20260606,""max_distances"":{""NN"":21.5632,""NP"":23.6878,""PN"":18.2528,""PP"":14.4042}}"
twoddpcr_knn_k21_mah_rain,"control-geometry-cleaned kNN plus Mahalanobis rain, k=21",P102L,2021-01-26_SNV_P102L,ok,NA,0.5850000000000364,"{""k"":21,""training_source"":""control_geometry_cleaned_controls"",""max_training_per_class"":100,""random_seed"":20260606,""max_distances"":{""NN"":21.5632,""NP"":23.6878,""PN"":18.2528,""PP"":14.4042}}"
twoddpcr_knn_k21_mah_rain,"control-geometry-cleaned kNN plus Mahalanobis rain, k=21",P102L,2021-01-28_SNV_P102L,ok,NA,0.5430000000000064,"{""k"":21,""training_source"":""control_geometry_cleaned_controls"",""max_training_per_class"":100,""random_seed"":20260606,""max_distances"":{""NN"":21.5632,""NP"":23.6878,""PN"":18.2528,""PP"":14.4042}}"
twoddpcr_knn_k21_mah_rain,"control-geometry-cleaned kNN plus Mahalanobis rain, k=21",P102L,2021-02-02_SNV_P102L,ok,NA,1.4420000000000073,"{""k"":21,""training_source"":""control_geometry_cleaned_controls"",""max_training_per_class"":100,""random_seed"":20260606,""max_distances"":{""NN"":21.5632,""NP"":23.6878,""PN"":18.2528,""PP"":14.4042}}"
twoddpcr_knn_k21_mah_rain,"control-geometry-cleaned kNN plus Mahalanobis rain, k=21",P102L,2021-02-17_SNV_P102L,ok,NA,0.69399999999996,"{""k"":21,""training_source"":""control_geometry_cleaned_controls"",""max_training_per_class"":100,""random_seed"":20260606,""max_distances"":{""NN"":21.5632,""NP"":23.6878,""PN"":18.2528,""PP"":14.4042}}"
twoddpcr_knn_k21_mah_rain,"control-geometry-cleaned kNN plus Mahalanobis rain, k=21",P102L,2021-02-18_SNV_P102L,ok,NA,0.7290000000000418,"{""k"":21,""training_source"":""control_geometry_cleaned_controls"",""max_training_per_class"":100,""random_seed"":20260606,""max_distances"":{""NN"":21.5632,""NP"":23.6878,""PN"":18.2528,""PP"":14.4042}}"
twoddpcr_knn_k21_mah_rain,"control-geometry-cleaned kNN plus Mahalanobis rain, k=21",P102L,2021-03-05_SNV_P102L,ok,NA,0.3389999999999418,"{""k"":21,""training_source"":""control_geometry_cleaned_controls"",""max_training_per_class"":100,""random_seed"":20260606,""max_distances"":{""NN"":21.5632,""NP"":23.6878,""PN"":18.2528,""PP"":14.4042}}"
twoddpcr_knn_k21_mah_rain,"control-geometry-cleaned kNN plus Mahalanobis rain, k=21",P102L,2021-03-29_SNV_P102L,ok,NA,0.6169999999999618,"{""k"":21,""training_source"":""control_geometry_cleaned_controls"",""max_training_per_class"":100,""random_seed"":20260606,""max_distances"":{""NN"":21.5632,""NP"":23.6878,""PN"":18.2528,""PP"":14.4042}}"
twoddpcr_knn_k21_mah_rain,"control-geometry-cleaned kNN plus Mahalanobis rain, k=21",P102L,2021-04-06_SNV_P102L,ok,NA,0.66599999999994,"{""k"":21,""training_source"":""control_geometry_cleaned_controls"",""max_training_per_class"":100,""random_seed"":20260606,""max_distances"":{""NN"":21.5632,""NP"":23.6878,""PN"":18.2528,""PP"":14.4042}}"
twoddpcr_knn_k21_mah_rain,"control-geometry-cleaned kNN plus Mahalanobis rain, k=21",P102L,2021-05-10_SNV_P102L,ok,NA,0.6220000000000709,"{""k"":21,""training_source"":""control_geometry_cleaned_controls"",""max_training_per_class"":100,""random_seed"":20260606,""max_distances"":{""NN"":21.5632,""NP"":23.6878,""PN"":18.2528,""PP"":14.4042}}"
twoddpcr_knn_k21_mah_rain,"control-geometry-cleaned kNN plus Mahalanobis rain, k=21",P102L,2021-05-20_SNV_P102L,ok,NA,0.7680000000000291,"{""k"":21,""training_source"":""control_geometry_cleaned_controls"",""max_training_per_class"":100,""random_seed"":20260606,""max_distances"":{""NN"":21.5632,""NP"":23.6878,""PN"":18.2528,""PP"":14.4042}}"
twoddpcr_knn_k21_mah_rain,"control-geometry-cleaned kNN plus Mahalanobis rain, k=21",P102L,2021-10-14_SNV_P102L,ok,NA,0.17699999999990723,"{""k"":21,""training_source"":""control_geometry_cleaned_controls"",""max_training_per_class"":100,""random_seed"":20260606,""max_distances"":{""NN"":21.5632,""NP"":23.6878,""PN"":18.2528,""PP"":14.4042}}"
twoddpcr_knn_k3,"control-geometry-cleaned kNN, k=3",D178N,2020-10-12_SNV_D178N,ok,NA,0.19499999999999318,"{""k"":3,""training_source"":""control_geometry_cleaned_controls"",""max_training_per_class"":100,""random_seed"":20260606}"
twoddpcr_knn_k3,"control-geometry-cleaned kNN, k=3",D178N,2020-10-15_SNV_D178N,ok,NA,0.6159999999999997,"{""k"":3,""training_source"":""control_geometry_cleaned_controls"",""max_training_per_class"":100,""random_seed"":20260606}"
twoddpcr_knn_k3,"control-geometry-cleaned kNN, k=3",D178N,2020-10-22_SNV_D178N,ok,NA,0.5689999999999884,"{""k"":3,""training_source"":""control_geometry_cleaned_controls"",""max_training_per_class"":100,""random_seed"":20260606}"
twoddpcr_knn_k3,"control-geometry-cleaned kNN, k=3",D178N,2020-10-29_SNV_D178N,ok,NA,0.7510000000000048,"{""k"":3,""training_source"":""control_geometry_cleaned_controls"",""max_training_per_class"":100,""random_seed"":20260606}"
twoddpcr_knn_k3,"control-geometry-cleaned kNN, k=3",D178N,2020-11-05_SNV_D178N,ok,NA,0.7390000000000043,"{""k"":3,""training_source"":""control_geometry_cleaned_controls"",""max_training_per_class"":100,""random_seed"":20260606}"
twoddpcr_knn_k3,"control-geometry-cleaned kNN, k=3",D178N,2020-11-24_SNV_D178N,ok,NA,0.3689999999999998,"{""k"":3,""training_source"":""control_geometry_cleaned_controls"",""max_training_per_class"":100,""random_seed"":20260606}"
twoddpcr_knn_k3,"control-geometry-cleaned kNN, k=3",D178N,2021-01-26_SNV_D178N,ok,NA,0.6920000000000073,"{""k"":3,""training_source"":""control_geometry_cleaned_controls"",""max_training_per_class"":100,""random_seed"":20260606}"
twoddpcr_knn_k3,"control-geometry-cleaned kNN, k=3",D178N,2021-02-17_SNV_D178N,ok,NA,0.563000000000045,"{""k"":3,""training_source"":""control_geometry_cleaned_controls"",""max_training_per_class"":100,""random_seed"":20260606}"
twoddpcr_knn_k3,"control-geometry-cleaned kNN, k=3",D178N,2021-03-29_SNV_D178N,ok,NA,0.75,"{""k"":3,""training_source"":""control_geometry_cleaned_controls"",""max_training_per_class"":100,""random_seed"":20260606}"
twoddpcr_knn_k3,"control-geometry-cleaned kNN, k=3",D178N,2021-04-06_SNV_D178N,ok,NA,0.6920000000000073,"{""k"":3,""training_source"":""control_geometry_cleaned_controls"",""max_training_per_class"":100,""random_seed"":20260606}"
twoddpcr_knn_k3,"control-geometry-cleaned kNN, k=3",D178N,2021-05-10_SNV_D178N,ok,NA,0.8149999999999977,"{""k"":3,""training_source"":""control_geometry_cleaned_controls"",""max_training_per_class"":100,""random_seed"":20260606}"
twoddpcr_knn_k3,"control-geometry-cleaned kNN, k=3",D178N,2021-05-20_SNV_D178N,ok,NA,0.9920000000000186,"{""k"":3,""training_source"":""control_geometry_cleaned_controls"",""max_training_per_class"":100,""random_seed"":20260606}"
twoddpcr_knn_k3,"control-geometry-cleaned kNN, k=3",D178N,2021-10-14_SNV_D178N,ok,NA,0.17500000000001137,"{""k"":3,""training_source"":""control_geometry_cleaned_controls"",""max_training_per_class"":100,""random_seed"":20260606}"
twoddpcr_knn_k3,"control-geometry-cleaned kNN, k=3",E200K,2020-10-12_SNV_E200K,ok,NA,0.18999999999999773,"{""k"":3,""training_source"":""control_geometry_cleaned_controls"",""max_training_per_class"":100,""random_seed"":20260606}"
twoddpcr_knn_k3,"control-geometry-cleaned kNN, k=3",E200K,2020-10-15_SNV_E200K,ok,NA,0.6019999999999754,"{""k"":3,""training_source"":""control_geometry_cleaned_controls"",""max_training_per_class"":100,""random_seed"":20260606}"
twoddpcr_knn_k3,"control-geometry-cleaned kNN, k=3",E200K,2020-10-22_SNV_E200K,ok,NA,0.5999999999999659,"{""k"":3,""training_source"":""control_geometry_cleaned_controls"",""max_training_per_class"":100,""random_seed"":20260606}"
twoddpcr_knn_k3,"control-geometry-cleaned kNN, k=3",E200K,2020-10-29_SNV_E200K,ok,NA,0.7230000000000132,"{""k"":3,""training_source"":""control_geometry_cleaned_controls"",""max_training_per_class"":100,""random_seed"":20260606}"
twoddpcr_knn_k3,"control-geometry-cleaned kNN, k=3",E200K,2020-11-05_SNV_E200K,ok,NA,0.7430000000000518,"{""k"":3,""training_source"":""control_geometry_cleaned_controls"",""max_training_per_class"":100,""random_seed"":20260606}"
twoddpcr_knn_k3,"control-geometry-cleaned kNN, k=3",E200K,2020-11-24_SNV_E200K,ok,NA,0.36800000000005184,"{""k"":3,""training_source"":""control_geometry_cleaned_controls"",""max_training_per_class"":100,""random_seed"":20260606}"
twoddpcr_knn_k3,"control-geometry-cleaned kNN, k=3",E200K,2021-01-26_SNV_E200K,ok,NA,0.6589999999999918,"{""k"":3,""training_source"":""control_geometry_cleaned_controls"",""max_training_per_class"":100,""random_seed"":20260606}"
twoddpcr_knn_k3,"control-geometry-cleaned kNN, k=3",E200K,2021-02-17_SNV_E200K,ok,NA,0.5679999999999836,"{""k"":3,""training_source"":""control_geometry_cleaned_controls"",""max_training_per_class"":100,""random_seed"":20260606}"
twoddpcr_knn_k3,"control-geometry-cleaned kNN, k=3",E200K,2021-02-18_SNV_E200K,ok,NA,0.6050000000000182,"{""k"":3,""training_source"":""control_geometry_cleaned_controls"",""max_training_per_class"":100,""random_seed"":20260606}"
twoddpcr_knn_k3,"control-geometry-cleaned kNN, k=3",E200K,2021-03-29_SNV_E200K,ok,NA,1.0559999999999263,"{""k"":3,""training_source"":""control_geometry_cleaned_controls"",""max_training_per_class"":100,""random_seed"":20260606}"
twoddpcr_knn_k3,"control-geometry-cleaned kNN, k=3",E200K,2021-04-06_SNV_E200K,ok,NA,0.49500000000000455,"{""k"":3,""training_source"":""control_geometry_cleaned_controls"",""max_training_per_class"":100,""random_seed"":20260606}"
twoddpcr_knn_k3,"control-geometry-cleaned kNN, k=3",E200K,2021-05-10_SNV_E200K,ok,NA,1.0289999999999964,"{""k"":3,""training_source"":""control_geometry_cleaned_controls"",""max_training_per_class"":100,""random_seed"":20260606}"
twoddpcr_knn_k3,"control-geometry-cleaned kNN, k=3",E200K,2021-05-20_SNV_E200K,ok,NA,1.1169999999999618,"{""k"":3,""training_source"":""control_geometry_cleaned_controls"",""max_training_per_class"":100,""random_seed"":20260606}"
twoddpcr_knn_k3,"control-geometry-cleaned kNN, k=3",E200K,2021-10-25_SNV_E200K,ok,NA,0.07500000000004547,"{""k"":3,""training_source"":""control_geometry_cleaned_controls"",""max_training_per_class"":100,""random_seed"":20260606}"
twoddpcr_knn_k3,"control-geometry-cleaned kNN, k=3",P102L,2020-12-01_SNV_P102L,ok,NA,1.3380000000000791,"{""k"":3,""training_source"":""control_geometry_cleaned_controls"",""max_training_per_class"":100,""random_seed"":20260606}"
twoddpcr_knn_k3,"control-geometry-cleaned kNN, k=3",P102L,2021-01-26_SNV_P102L,ok,NA,0.7259999999999991,"{""k"":3,""training_source"":""control_geometry_cleaned_controls"",""max_training_per_class"":100,""random_seed"":20260606}"
twoddpcr_knn_k3,"control-geometry-cleaned kNN, k=3",P102L,2021-01-28_SNV_P102L,ok,NA,0.6240000000000236,"{""k"":3,""training_source"":""control_geometry_cleaned_controls"",""max_training_per_class"":100,""random_seed"":20260606}"
twoddpcr_knn_k3,"control-geometry-cleaned kNN, k=3",P102L,2021-02-02_SNV_P102L,ok,NA,1.6280000000000427,"{""k"":3,""training_source"":""control_geometry_cleaned_controls"",""max_training_per_class"":100,""random_seed"":20260606}"
twoddpcr_knn_k3,"control-geometry-cleaned kNN, k=3",P102L,2021-02-17_SNV_P102L,ok,NA,0.4940000000000282,"{""k"":3,""training_source"":""control_geometry_cleaned_controls"",""max_training_per_class"":100,""random_seed"":20260606}"
twoddpcr_knn_k3,"control-geometry-cleaned kNN, k=3",P102L,2021-02-18_SNV_P102L,ok,NA,0.49900000000002365,"{""k"":3,""training_source"":""control_geometry_cleaned_controls"",""max_training_per_class"":100,""random_seed"":20260606}"
twoddpcr_knn_k3,"control-geometry-cleaned kNN, k=3",P102L,2021-03-05_SNV_P102L,ok,NA,0.19200000000000728,"{""k"":3,""training_source"":""control_geometry_cleaned_controls"",""max_training_per_class"":100,""random_seed"":20260606}"
twoddpcr_knn_k3,"control-geometry-cleaned kNN, k=3",P102L,2021-03-29_SNV_P102L,ok,NA,0.7329999999999472,"{""k"":3,""training_source"":""control_geometry_cleaned_controls"",""max_training_per_class"":100,""random_seed"":20260606}"
twoddpcr_knn_k3,"control-geometry-cleaned kNN, k=3",P102L,2021-04-06_SNV_P102L,ok,NA,0.5620000000001255,"{""k"":3,""training_source"":""control_geometry_cleaned_controls"",""max_training_per_class"":100,""random_seed"":20260606}"
twoddpcr_knn_k3,"control-geometry-cleaned kNN, k=3",P102L,2021-05-10_SNV_P102L,ok,NA,0.734000000000151,"{""k"":3,""training_source"":""control_geometry_cleaned_controls"",""max_training_per_class"":100,""random_seed"":20260606}"
twoddpcr_knn_k3,"control-geometry-cleaned kNN, k=3",P102L,2021-05-20_SNV_P102L,ok,NA,0.8980000000001382,"{""k"":3,""training_source"":""control_geometry_cleaned_controls"",""max_training_per_class"":100,""random_seed"":20260606}"
twoddpcr_knn_k3,"control-geometry-cleaned kNN, k=3",P102L,2021-10-14_SNV_P102L,ok,NA,0.11000000000012733,"{""k"":3,""training_source"":""control_geometry_cleaned_controls"",""max_training_per_class"":100,""random_seed"":20260606}"
twoddpcr_knn_k3_mah_rain,"control-geometry-cleaned kNN plus Mahalanobis rain, k=3",D178N,2020-10-12_SNV_D178N,ok,NA,0.29399999999999693,"{""k"":3,""training_source"":""control_geometry_cleaned_controls"",""max_training_per_class"":100,""random_seed"":20260606,""max_distances"":{""NN"":33.4199,""NP"":52.7392,""PN"":13.3672,""PP"":13.1186}}"
twoddpcr_knn_k3_mah_rain,"control-geometry-cleaned kNN plus Mahalanobis rain, k=3",D178N,2020-10-15_SNV_D178N,ok,NA,0.6159999999999997,"{""k"":3,""training_source"":""control_geometry_cleaned_controls"",""max_training_per_class"":100,""random_seed"":20260606,""max_distances"":{""NN"":33.4199,""NP"":52.7392,""PN"":13.3672,""PP"":13.1186}}"
twoddpcr_knn_k3_mah_rain,"control-geometry-cleaned kNN plus Mahalanobis rain, k=3",D178N,2020-10-22_SNV_D178N,ok,NA,0.4970000000000141,"{""k"":3,""training_source"":""control_geometry_cleaned_controls"",""max_training_per_class"":100,""random_seed"":20260606,""max_distances"":{""NN"":33.4199,""NP"":52.7392,""PN"":13.3672,""PP"":13.1186}}"
twoddpcr_knn_k3_mah_rain,"control-geometry-cleaned kNN plus Mahalanobis rain, k=3",D178N,2020-10-29_SNV_D178N,ok,NA,0.7439999999999998,"{""k"":3,""training_source"":""control_geometry_cleaned_controls"",""max_training_per_class"":100,""random_seed"":20260606,""max_distances"":{""NN"":33.4199,""NP"":52.7392,""PN"":13.3672,""PP"":13.1186}}"
twoddpcr_knn_k3_mah_rain,"control-geometry-cleaned kNN plus Mahalanobis rain, k=3",D178N,2020-11-05_SNV_D178N,ok,NA,0.5910000000000082,"{""k"":3,""training_source"":""control_geometry_cleaned_controls"",""max_training_per_class"":100,""random_seed"":20260606,""max_distances"":{""NN"":33.4199,""NP"":52.7392,""PN"":13.3672,""PP"":13.1186}}"
twoddpcr_knn_k3_mah_rain,"control-geometry-cleaned kNN plus Mahalanobis rain, k=3",D178N,2020-11-24_SNV_D178N,ok,NA,0.507000000000005,"{""k"":3,""training_source"":""control_geometry_cleaned_controls"",""max_training_per_class"":100,""random_seed"":20260606,""max_distances"":{""NN"":33.4199,""NP"":52.7392,""PN"":13.3672,""PP"":13.1186}}"
twoddpcr_knn_k3_mah_rain,"control-geometry-cleaned kNN plus Mahalanobis rain, k=3",D178N,2021-01-26_SNV_D178N,ok,NA,0.643999999999977,"{""k"":3,""training_source"":""control_geometry_cleaned_controls"",""max_training_per_class"":100,""random_seed"":20260606,""max_distances"":{""NN"":33.4199,""NP"":52.7392,""PN"":13.3672,""PP"":13.1186}}"
twoddpcr_knn_k3_mah_rain,"control-geometry-cleaned kNN plus Mahalanobis rain, k=3",D178N,2021-02-17_SNV_D178N,ok,NA,0.7819999999999823,"{""k"":3,""training_source"":""control_geometry_cleaned_controls"",""max_training_per_class"":100,""random_seed"":20260606,""max_distances"":{""NN"":33.4199,""NP"":52.7392,""PN"":13.3672,""PP"":13.1186}}"
twoddpcr_knn_k3_mah_rain,"control-geometry-cleaned kNN plus Mahalanobis rain, k=3",D178N,2021-03-29_SNV_D178N,ok,NA,0.6659999999999968,"{""k"":3,""training_source"":""control_geometry_cleaned_controls"",""max_training_per_class"":100,""random_seed"":20260606,""max_distances"":{""NN"":33.4199,""NP"":52.7392,""PN"":13.3672,""PP"":13.1186}}"
twoddpcr_knn_k3_mah_rain,"control-geometry-cleaned kNN plus Mahalanobis rain, k=3",D178N,2021-04-06_SNV_D178N,ok,NA,0.5790000000000077,"{""k"":3,""training_source"":""control_geometry_cleaned_controls"",""max_training_per_class"":100,""random_seed"":20260606,""max_distances"":{""NN"":33.4199,""NP"":52.7392,""PN"":13.3672,""PP"":13.1186}}"
twoddpcr_knn_k3_mah_rain,"control-geometry-cleaned kNN plus Mahalanobis rain, k=3",D178N,2021-05-10_SNV_D178N,ok,NA,0.6289999999999623,"{""k"":3,""training_source"":""control_geometry_cleaned_controls"",""max_training_per_class"":100,""random_seed"":20260606,""max_distances"":{""NN"":33.4199,""NP"":52.7392,""PN"":13.3672,""PP"":13.1186}}"
twoddpcr_knn_k3_mah_rain,"control-geometry-cleaned kNN plus Mahalanobis rain, k=3",D178N,2021-05-20_SNV_D178N,ok,NA,0.7789999999999964,"{""k"":3,""training_source"":""control_geometry_cleaned_controls"",""max_training_per_class"":100,""random_seed"":20260606,""max_distances"":{""NN"":33.4199,""NP"":52.7392,""PN"":13.3672,""PP"":13.1186}}"
twoddpcr_knn_k3_mah_rain,"control-geometry-cleaned kNN plus Mahalanobis rain, k=3",D178N,2021-10-14_SNV_D178N,ok,NA,0.19499999999999318,"{""k"":3,""training_source"":""control_geometry_cleaned_controls"",""max_training_per_class"":100,""random_seed"":20260606,""max_distances"":{""NN"":33.4199,""NP"":52.7392,""PN"":13.3672,""PP"":13.1186}}"
twoddpcr_knn_k3_mah_rain,"control-geometry-cleaned kNN plus Mahalanobis rain, k=3",E200K,2020-10-12_SNV_E200K,ok,NA,0.2769999999999868,"{""k"":3,""training_source"":""control_geometry_cleaned_controls"",""max_training_per_class"":100,""random_seed"":20260606,""max_distances"":{""NN"":17.3618,""NP"":10.7847,""PN"":15.3778,""PP"":14.0331}}"
twoddpcr_knn_k3_mah_rain,"control-geometry-cleaned kNN plus Mahalanobis rain, k=3",E200K,2020-10-15_SNV_E200K,ok,NA,0.5760000000000218,"{""k"":3,""training_source"":""control_geometry_cleaned_controls"",""max_training_per_class"":100,""random_seed"":20260606,""max_distances"":{""NN"":17.3618,""NP"":10.7847,""PN"":15.3778,""PP"":14.0331}}"
twoddpcr_knn_k3_mah_rain,"control-geometry-cleaned kNN plus Mahalanobis rain, k=3",E200K,2020-10-22_SNV_E200K,ok,NA,0.6999999999999886,"{""k"":3,""training_source"":""control_geometry_cleaned_controls"",""max_training_per_class"":100,""random_seed"":20260606,""max_distances"":{""NN"":17.3618,""NP"":10.7847,""PN"":15.3778,""PP"":14.0331}}"
twoddpcr_knn_k3_mah_rain,"control-geometry-cleaned kNN plus Mahalanobis rain, k=3",E200K,2020-10-29_SNV_E200K,ok,NA,0.646000000000015,"{""k"":3,""training_source"":""control_geometry_cleaned_controls"",""max_training_per_class"":100,""random_seed"":20260606,""max_distances"":{""NN"":17.3618,""NP"":10.7847,""PN"":15.3778,""PP"":14.0331}}"
twoddpcr_knn_k3_mah_rain,"control-geometry-cleaned kNN plus Mahalanobis rain, k=3",E200K,2020-11-05_SNV_E200K,ok,NA,0.5890000000000555,"{""k"":3,""training_source"":""control_geometry_cleaned_controls"",""max_training_per_class"":100,""random_seed"":20260606,""max_distances"":{""NN"":17.3618,""NP"":10.7847,""PN"":15.3778,""PP"":14.0331}}"
twoddpcr_knn_k3_mah_rain,"control-geometry-cleaned kNN plus Mahalanobis rain, k=3",E200K,2020-11-24_SNV_E200K,ok,NA,0.5220000000000482,"{""k"":3,""training_source"":""control_geometry_cleaned_controls"",""max_training_per_class"":100,""random_seed"":20260606,""max_distances"":{""NN"":17.3618,""NP"":10.7847,""PN"":15.3778,""PP"":14.0331}}"
twoddpcr_knn_k3_mah_rain,"control-geometry-cleaned kNN plus Mahalanobis rain, k=3",E200K,2021-01-26_SNV_E200K,ok,NA,0.6219999999999573,"{""k"":3,""training_source"":""control_geometry_cleaned_controls"",""max_training_per_class"":100,""random_seed"":20260606,""max_distances"":{""NN"":17.3618,""NP"":10.7847,""PN"":15.3778,""PP"":14.0331}}"
twoddpcr_knn_k3_mah_rain,"control-geometry-cleaned kNN plus Mahalanobis rain, k=3",E200K,2021-02-17_SNV_E200K,ok,NA,0.4980000000000473,"{""k"":3,""training_source"":""control_geometry_cleaned_controls"",""max_training_per_class"":100,""random_seed"":20260606,""max_distances"":{""NN"":17.3618,""NP"":10.7847,""PN"":15.3778,""PP"":14.0331}}"
twoddpcr_knn_k3_mah_rain,"control-geometry-cleaned kNN plus Mahalanobis rain, k=3",E200K,2021-02-18_SNV_E200K,ok,NA,0.57000000000005,"{""k"":3,""training_source"":""control_geometry_cleaned_controls"",""max_training_per_class"":100,""random_seed"":20260606,""max_distances"":{""NN"":17.3618,""NP"":10.7847,""PN"":15.3778,""PP"":14.0331}}"
twoddpcr_knn_k3_mah_rain,"control-geometry-cleaned kNN plus Mahalanobis rain, k=3",E200K,2021-03-29_SNV_E200K,ok,NA,0.8110000000000355,"{""k"":3,""training_source"":""control_geometry_cleaned_controls"",""max_training_per_class"":100,""random_seed"":20260606,""max_distances"":{""NN"":17.3618,""NP"":10.7847,""PN"":15.3778,""PP"":14.0331}}"
twoddpcr_knn_k3_mah_rain,"control-geometry-cleaned kNN plus Mahalanobis rain, k=3",E200K,2021-04-06_SNV_E200K,ok,NA,0.6700000000000728,"{""k"":3,""training_source"":""control_geometry_cleaned_controls"",""max_training_per_class"":100,""random_seed"":20260606,""max_distances"":{""NN"":17.3618,""NP"":10.7847,""PN"":15.3778,""PP"":14.0331}}"
twoddpcr_knn_k3_mah_rain,"control-geometry-cleaned kNN plus Mahalanobis rain, k=3",E200K,2021-05-10_SNV_E200K,ok,NA,0.9139999999999873,"{""k"":3,""training_source"":""control_geometry_cleaned_controls"",""max_training_per_class"":100,""random_seed"":20260606,""max_distances"":{""NN"":17.3618,""NP"":10.7847,""PN"":15.3778,""PP"":14.0331}}"
twoddpcr_knn_k3_mah_rain,"control-geometry-cleaned kNN plus Mahalanobis rain, k=3",E200K,2021-05-20_SNV_E200K,ok,NA,0.9180000000000064,"{""k"":3,""training_source"":""control_geometry_cleaned_controls"",""max_training_per_class"":100,""random_seed"":20260606,""max_distances"":{""NN"":17.3618,""NP"":10.7847,""PN"":15.3778,""PP"":14.0331}}"
twoddpcr_knn_k3_mah_rain,"control-geometry-cleaned kNN plus Mahalanobis rain, k=3",E200K,2021-10-25_SNV_E200K,ok,NA,0.10700000000008458,"{""k"":3,""training_source"":""control_geometry_cleaned_controls"",""max_training_per_class"":100,""random_seed"":20260606,""max_distances"":{""NN"":17.3618,""NP"":10.7847,""PN"":15.3778,""PP"":14.0331}}"
twoddpcr_knn_k3_mah_rain,"control-geometry-cleaned kNN plus Mahalanobis rain, k=3",P102L,2020-12-01_SNV_P102L,ok,NA,1.2570000000000618,"{""k"":3,""training_source"":""control_geometry_cleaned_controls"",""max_training_per_class"":100,""random_seed"":20260606,""max_distances"":{""NN"":21.5632,""NP"":23.6878,""PN"":18.2528,""PP"":14.4042}}"
twoddpcr_knn_k3_mah_rain,"control-geometry-cleaned kNN plus Mahalanobis rain, k=3",P102L,2021-01-26_SNV_P102L,ok,NA,0.5810000000000173,"{""k"":3,""training_source"":""control_geometry_cleaned_controls"",""max_training_per_class"":100,""random_seed"":20260606,""max_distances"":{""NN"":21.5632,""NP"":23.6878,""PN"":18.2528,""PP"":14.4042}}"
twoddpcr_knn_k3_mah_rain,"control-geometry-cleaned kNN plus Mahalanobis rain, k=3",P102L,2021-01-28_SNV_P102L,ok,NA,0.5900000000000318,"{""k"":3,""training_source"":""control_geometry_cleaned_controls"",""max_training_per_class"":100,""random_seed"":20260606,""max_distances"":{""NN"":21.5632,""NP"":23.6878,""PN"":18.2528,""PP"":14.4042}}"
twoddpcr_knn_k3_mah_rain,"control-geometry-cleaned kNN plus Mahalanobis rain, k=3",P102L,2021-02-02_SNV_P102L,ok,NA,1.4260000000000446,"{""k"":3,""training_source"":""control_geometry_cleaned_controls"",""max_training_per_class"":100,""random_seed"":20260606,""max_distances"":{""NN"":21.5632,""NP"":23.6878,""PN"":18.2528,""PP"":14.4042}}"
twoddpcr_knn_k3_mah_rain,"control-geometry-cleaned kNN plus Mahalanobis rain, k=3",P102L,2021-02-17_SNV_P102L,ok,NA,0.7350000000000136,"{""k"":3,""training_source"":""control_geometry_cleaned_controls"",""max_training_per_class"":100,""random_seed"":20260606,""max_distances"":{""NN"":21.5632,""NP"":23.6878,""PN"":18.2528,""PP"":14.4042}}"
twoddpcr_knn_k3_mah_rain,"control-geometry-cleaned kNN plus Mahalanobis rain, k=3",P102L,2021-02-18_SNV_P102L,ok,NA,0.7540000000000191,"{""k"":3,""training_source"":""control_geometry_cleaned_controls"",""max_training_per_class"":100,""random_seed"":20260606,""max_distances"":{""NN"":21.5632,""NP"":23.6878,""PN"":18.2528,""PP"":14.4042}}"
twoddpcr_knn_k3_mah_rain,"control-geometry-cleaned kNN plus Mahalanobis rain, k=3",P102L,2021-03-05_SNV_P102L,ok,NA,0.35199999999997544,"{""k"":3,""training_source"":""control_geometry_cleaned_controls"",""max_training_per_class"":100,""random_seed"":20260606,""max_distances"":{""NN"":21.5632,""NP"":23.6878,""PN"":18.2528,""PP"":14.4042}}"
twoddpcr_knn_k3_mah_rain,"control-geometry-cleaned kNN plus Mahalanobis rain, k=3",P102L,2021-03-29_SNV_P102L,ok,NA,0.6019999999999754,"{""k"":3,""training_source"":""control_geometry_cleaned_controls"",""max_training_per_class"":100,""random_seed"":20260606,""max_distances"":{""NN"":21.5632,""NP"":23.6878,""PN"":18.2528,""PP"":14.4042}}"
twoddpcr_knn_k3_mah_rain,"control-geometry-cleaned kNN plus Mahalanobis rain, k=3",P102L,2021-04-06_SNV_P102L,ok,NA,0.599999999999909,"{""k"":3,""training_source"":""control_geometry_cleaned_controls"",""max_training_per_class"":100,""random_seed"":20260606,""max_distances"":{""NN"":21.5632,""NP"":23.6878,""PN"":18.2528,""PP"":14.4042}}"
twoddpcr_knn_k3_mah_rain,"control-geometry-cleaned kNN plus Mahalanobis rain, k=3",P102L,2021-05-10_SNV_P102L,ok,NA,0.5789999999999509,"{""k"":3,""training_source"":""control_geometry_cleaned_controls"",""max_training_per_class"":100,""random_seed"":20260606,""max_distances"":{""NN"":21.5632,""NP"":23.6878,""PN"":18.2528,""PP"":14.4042}}"
twoddpcr_knn_k3_mah_rain,"control-geometry-cleaned kNN plus Mahalanobis rain, k=3",P102L,2021-05-20_SNV_P102L,ok,NA,0.7860000000000582,"{""k"":3,""training_source"":""control_geometry_cleaned_controls"",""max_training_per_class"":100,""random_seed"":20260606,""max_distances"":{""NN"":21.5632,""NP"":23.6878,""PN"":18.2528,""PP"":14.4042}}"
twoddpcr_knn_k3_mah_rain,"control-geometry-cleaned kNN plus Mahalanobis rain, k=3",P102L,2021-10-14_SNV_P102L,ok,NA,0.1590000000001055,"{""k"":3,""training_source"":""control_geometry_cleaned_controls"",""max_training_per_class"":100,""random_seed"":20260606,""max_distances"":{""NN"":21.5632,""NP"":23.6878,""PN"":18.2528,""PP"":14.4042}}"
twoddpcr_knn_k5,"control-geometry-cleaned kNN, k=5",D178N,2020-10-12_SNV_D178N,ok,NA,0.1799999999999926,"{""k"":5,""training_source"":""control_geometry_cleaned_controls"",""max_training_per_class"":100,""random_seed"":20260606}"
twoddpcr_knn_k5,"control-geometry-cleaned kNN, k=5",D178N,2020-10-15_SNV_D178N,ok,NA,0.7620000000000005,"{""k"":5,""training_source"":""control_geometry_cleaned_controls"",""max_training_per_class"":100,""random_seed"":20260606}"
twoddpcr_knn_k5,"control-geometry-cleaned kNN, k=5",D178N,2020-10-22_SNV_D178N,ok,NA,0.6080000000000041,"{""k"":5,""training_source"":""control_geometry_cleaned_controls"",""max_training_per_class"":100,""random_seed"":20260606}"
twoddpcr_knn_k5,"control-geometry-cleaned kNN, k=5",D178N,2020-10-29_SNV_D178N,ok,NA,0.7959999999999923,"{""k"":5,""training_source"":""control_geometry_cleaned_controls"",""max_training_per_class"":100,""random_seed"":20260606}"
twoddpcr_knn_k5,"control-geometry-cleaned kNN, k=5",D178N,2020-11-05_SNV_D178N,ok,NA,0.7470000000000141,"{""k"":5,""training_source"":""control_geometry_cleaned_controls"",""max_training_per_class"":100,""random_seed"":20260606}"
twoddpcr_knn_k5,"control-geometry-cleaned kNN, k=5",D178N,2020-11-24_SNV_D178N,ok,NA,0.40500000000000114,"{""k"":5,""training_source"":""control_geometry_cleaned_controls"",""max_training_per_class"":100,""random_seed"":20260606}"
twoddpcr_knn_k5,"control-geometry-cleaned kNN, k=5",D178N,2021-01-26_SNV_D178N,ok,NA,0.7079999999999984,"{""k"":5,""training_source"":""control_geometry_cleaned_controls"",""max_training_per_class"":100,""random_seed"":20260606}"
twoddpcr_knn_k5,"control-geometry-cleaned kNN, k=5",D178N,2021-02-17_SNV_D178N,ok,NA,0.5400000000000205,"{""k"":5,""training_source"":""control_geometry_cleaned_controls"",""max_training_per_class"":100,""random_seed"":20260606}"
twoddpcr_knn_k5,"control-geometry-cleaned kNN, k=5",D178N,2021-03-29_SNV_D178N,ok,NA,0.811999999999955,"{""k"":5,""training_source"":""control_geometry_cleaned_controls"",""max_training_per_class"":100,""random_seed"":20260606}"
twoddpcr_knn_k5,"control-geometry-cleaned kNN, k=5",D178N,2021-04-06_SNV_D178N,ok,NA,0.7069999999999936,"{""k"":5,""training_source"":""control_geometry_cleaned_controls"",""max_training_per_class"":100,""random_seed"":20260606}"
twoddpcr_knn_k5,"control-geometry-cleaned kNN, k=5",D178N,2021-05-10_SNV_D178N,ok,NA,0.8580000000000041,"{""k"":5,""training_source"":""control_geometry_cleaned_controls"",""max_training_per_class"":100,""random_seed"":20260606}"
twoddpcr_knn_k5,"control-geometry-cleaned kNN, k=5",D178N,2021-05-20_SNV_D178N,ok,NA,1.0639999999999645,"{""k"":5,""training_source"":""control_geometry_cleaned_controls"",""max_training_per_class"":100,""random_seed"":20260606}"
twoddpcr_knn_k5,"control-geometry-cleaned kNN, k=5",D178N,2021-10-14_SNV_D178N,ok,NA,0.13700000000000045,"{""k"":5,""training_source"":""control_geometry_cleaned_controls"",""max_training_per_class"":100,""random_seed"":20260606}"
twoddpcr_knn_k5,"control-geometry-cleaned kNN, k=5",E200K,2020-10-12_SNV_E200K,ok,NA,0.19999999999998863,"{""k"":5,""training_source"":""control_geometry_cleaned_controls"",""max_training_per_class"":100,""random_seed"":20260606}"
twoddpcr_knn_k5,"control-geometry-cleaned kNN, k=5",E200K,2020-10-15_SNV_E200K,ok,NA,0.7300000000000182,"{""k"":5,""training_source"":""control_geometry_cleaned_controls"",""max_training_per_class"":100,""random_seed"":20260606}"
twoddpcr_knn_k5,"control-geometry-cleaned kNN, k=5",E200K,2020-10-22_SNV_E200K,ok,NA,0.72199999999998,"{""k"":5,""training_source"":""control_geometry_cleaned_controls"",""max_training_per_class"":100,""random_seed"":20260606}"
twoddpcr_knn_k5,"control-geometry-cleaned kNN, k=5",E200K,2020-10-29_SNV_E200K,ok,NA,0.950999999999965,"{""k"":5,""training_source"":""control_geometry_cleaned_controls"",""max_training_per_class"":100,""random_seed"":20260606}"
twoddpcr_knn_k5,"control-geometry-cleaned kNN, k=5",E200K,2020-11-05_SNV_E200K,ok,NA,0.8619999999999663,"{""k"":5,""training_source"":""control_geometry_cleaned_controls"",""max_training_per_class"":100,""random_seed"":20260606}"
twoddpcr_knn_k5,"control-geometry-cleaned kNN, k=5",E200K,2020-11-24_SNV_E200K,ok,NA,0.38999999999998636,"{""k"":5,""training_source"":""control_geometry_cleaned_controls"",""max_training_per_class"":100,""random_seed"":20260606}"
twoddpcr_knn_k5,"control-geometry-cleaned kNN, k=5",E200K,2021-01-26_SNV_E200K,ok,NA,0.6929999999999836,"{""k"":5,""training_source"":""control_geometry_cleaned_controls"",""max_training_per_class"":100,""random_seed"":20260606}"
twoddpcr_knn_k5,"control-geometry-cleaned kNN, k=5",E200K,2021-02-17_SNV_E200K,ok,NA,0.6459999999999582,"{""k"":5,""training_source"":""control_geometry_cleaned_controls"",""max_training_per_class"":100,""random_seed"":20260606}"
twoddpcr_knn_k5,"control-geometry-cleaned kNN, k=5",E200K,2021-02-18_SNV_E200K,ok,NA,0.6889999999999645,"{""k"":5,""training_source"":""control_geometry_cleaned_controls"",""max_training_per_class"":100,""random_seed"":20260606}"
twoddpcr_knn_k5,"control-geometry-cleaned kNN, k=5",E200K,2021-03-29_SNV_E200K,ok,NA,1.143000000000029,"{""k"":5,""training_source"":""control_geometry_cleaned_controls"",""max_training_per_class"":100,""random_seed"":20260606}"
twoddpcr_knn_k5,"control-geometry-cleaned kNN, k=5",E200K,2021-04-06_SNV_E200K,ok,NA,0.5489999999999782,"{""k"":5,""training_source"":""control_geometry_cleaned_controls"",""max_training_per_class"":100,""random_seed"":20260606}"
twoddpcr_knn_k5,"control-geometry-cleaned kNN, k=5",E200K,2021-05-10_SNV_E200K,ok,NA,1.1619999999999209,"{""k"":5,""training_source"":""control_geometry_cleaned_controls"",""max_training_per_class"":100,""random_seed"":20260606}"
twoddpcr_knn_k5,"control-geometry-cleaned kNN, k=5",E200K,2021-05-20_SNV_E200K,ok,NA,1.2110000000000127,"{""k"":5,""training_source"":""control_geometry_cleaned_controls"",""max_training_per_class"":100,""random_seed"":20260606}"
twoddpcr_knn_k5,"control-geometry-cleaned kNN, k=5",E200K,2021-10-25_SNV_E200K,ok,NA,0.08900000000005548,"{""k"":5,""training_source"":""control_geometry_cleaned_controls"",""max_training_per_class"":100,""random_seed"":20260606}"
twoddpcr_knn_k5,"control-geometry-cleaned kNN, k=5",P102L,2020-12-01_SNV_P102L,ok,NA,1.5539999999999736,"{""k"":5,""training_source"":""control_geometry_cleaned_controls"",""max_training_per_class"":100,""random_seed"":20260606}"
twoddpcr_knn_k5,"control-geometry-cleaned kNN, k=5",P102L,2021-01-26_SNV_P102L,ok,NA,0.7229999999999563,"{""k"":5,""training_source"":""control_geometry_cleaned_controls"",""max_training_per_class"":100,""random_seed"":20260606}"
twoddpcr_knn_k5,"control-geometry-cleaned kNN, k=5",P102L,2021-01-28_SNV_P102L,ok,NA,0.7250000000000227,"{""k"":5,""training_source"":""control_geometry_cleaned_controls"",""max_training_per_class"":100,""random_seed"":20260606}"
twoddpcr_knn_k5,"control-geometry-cleaned kNN, k=5",P102L,2021-02-02_SNV_P102L,ok,NA,1.7549999999999955,"{""k"":5,""training_source"":""control_geometry_cleaned_controls"",""max_training_per_class"":100,""random_seed"":20260606}"
twoddpcr_knn_k5,"control-geometry-cleaned kNN, k=5",P102L,2021-02-17_SNV_P102L,ok,NA,0,"{""k"":5,""training_source"":""control_geometry_cleaned_controls"",""max_training_per_class"":100,""random_seed"":20260606}"
twoddpcr_knn_k5,"control-geometry-cleaned kNN, k=5",P102L,2021-02-18_SNV_P102L,ok,NA,0.5520000000000209,"{""k"":5,""training_source"":""control_geometry_cleaned_controls"",""max_training_per_class"":100,""random_seed"":20260606}"
twoddpcr_knn_k5,"control-geometry-cleaned kNN, k=5",P102L,2021-03-05_SNV_P102L,ok,NA,0.22299999999995634,"{""k"":5,""training_source"":""control_geometry_cleaned_controls"",""max_training_per_class"":100,""random_seed"":20260606}"
twoddpcr_knn_k5,"control-geometry-cleaned kNN, k=5",P102L,2021-03-29_SNV_P102L,ok,NA,0.8220000000000027,"{""k"":5,""training_source"":""control_geometry_cleaned_controls"",""max_training_per_class"":100,""random_seed"":20260606}"
twoddpcr_knn_k5,"control-geometry-cleaned kNN, k=5",P102L,2021-04-06_SNV_P102L,ok,NA,0.6420000000000528,"{""k"":5,""training_source"":""control_geometry_cleaned_controls"",""max_training_per_class"":100,""random_seed"":20260606}"
twoddpcr_knn_k5,"control-geometry-cleaned kNN, k=5",P102L,2021-05-10_SNV_P102L,ok,NA,0.7870000000000346,"{""k"":5,""training_source"":""control_geometry_cleaned_controls"",""max_training_per_class"":100,""random_seed"":20260606}"
twoddpcr_knn_k5,"control-geometry-cleaned kNN, k=5",P102L,2021-05-20_SNV_P102L,ok,NA,1.0150000000001,"{""k"":5,""training_source"":""control_geometry_cleaned_controls"",""max_training_per_class"":100,""random_seed"":20260606}"
twoddpcr_knn_k5,"control-geometry-cleaned kNN, k=5",P102L,2021-10-14_SNV_P102L,ok,NA,0.11799999999993815,"{""k"":5,""training_source"":""control_geometry_cleaned_controls"",""max_training_per_class"":100,""random_seed"":20260606}"
twoddpcr_knn_k5_mah_rain,"control-geometry-cleaned kNN plus Mahalanobis rain, k=5",D178N,2020-10-12_SNV_D178N,ok,NA,0.2909999999999968,"{""k"":5,""training_source"":""control_geometry_cleaned_controls"",""max_training_per_class"":100,""random_seed"":20260606,""max_distances"":{""NN"":33.4199,""NP"":52.7392,""PN"":13.3672,""PP"":13.1186}}"
twoddpcr_knn_k5_mah_rain,"control-geometry-cleaned kNN plus Mahalanobis rain, k=5",D178N,2020-10-15_SNV_D178N,ok,NA,0.5679999999999978,"{""k"":5,""training_source"":""control_geometry_cleaned_controls"",""max_training_per_class"":100,""random_seed"":20260606,""max_distances"":{""NN"":33.4199,""NP"":52.7392,""PN"":13.3672,""PP"":13.1186}}"
twoddpcr_knn_k5_mah_rain,"control-geometry-cleaned kNN plus Mahalanobis rain, k=5",D178N,2020-10-22_SNV_D178N,ok,NA,0.5389999999999873,"{""k"":5,""training_source"":""control_geometry_cleaned_controls"",""max_training_per_class"":100,""random_seed"":20260606,""max_distances"":{""NN"":33.4199,""NP"":52.7392,""PN"":13.3672,""PP"":13.1186}}"
twoddpcr_knn_k5_mah_rain,"control-geometry-cleaned kNN plus Mahalanobis rain, k=5",D178N,2020-10-29_SNV_D178N,ok,NA,0.6920000000000073,"{""k"":5,""training_source"":""control_geometry_cleaned_controls"",""max_training_per_class"":100,""random_seed"":20260606,""max_distances"":{""NN"":33.4199,""NP"":52.7392,""PN"":13.3672,""PP"":13.1186}}"
twoddpcr_knn_k5_mah_rain,"control-geometry-cleaned kNN plus Mahalanobis rain, k=5",D178N,2020-11-05_SNV_D178N,ok,NA,0.6680000000000064,"{""k"":5,""training_source"":""control_geometry_cleaned_controls"",""max_training_per_class"":100,""random_seed"":20260606,""max_distances"":{""NN"":33.4199,""NP"":52.7392,""PN"":13.3672,""PP"":13.1186}}"
twoddpcr_knn_k5_mah_rain,"control-geometry-cleaned kNN plus Mahalanobis rain, k=5",D178N,2020-11-24_SNV_D178N,ok,NA,0.47700000000000387,"{""k"":5,""training_source"":""control_geometry_cleaned_controls"",""max_training_per_class"":100,""random_seed"":20260606,""max_distances"":{""NN"":33.4199,""NP"":52.7392,""PN"":13.3672,""PP"":13.1186}}"
twoddpcr_knn_k5_mah_rain,"control-geometry-cleaned kNN plus Mahalanobis rain, k=5",D178N,2021-01-26_SNV_D178N,ok,NA,0.6610000000000014,"{""k"":5,""training_source"":""control_geometry_cleaned_controls"",""max_training_per_class"":100,""random_seed"":20260606,""max_distances"":{""NN"":33.4199,""NP"":52.7392,""PN"":13.3672,""PP"":13.1186}}"
twoddpcr_knn_k5_mah_rain,"control-geometry-cleaned kNN plus Mahalanobis rain, k=5",D178N,2021-02-17_SNV_D178N,ok,NA,0.8129999999999882,"{""k"":5,""training_source"":""control_geometry_cleaned_controls"",""max_training_per_class"":100,""random_seed"":20260606,""max_distances"":{""NN"":33.4199,""NP"":52.7392,""PN"":13.3672,""PP"":13.1186}}"
twoddpcr_knn_k5_mah_rain,"control-geometry-cleaned kNN plus Mahalanobis rain, k=5",D178N,2021-03-29_SNV_D178N,ok,NA,0.6470000000000482,"{""k"":5,""training_source"":""control_geometry_cleaned_controls"",""max_training_per_class"":100,""random_seed"":20260606,""max_distances"":{""NN"":33.4199,""NP"":52.7392,""PN"":13.3672,""PP"":13.1186}}"
twoddpcr_knn_k5_mah_rain,"control-geometry-cleaned kNN plus Mahalanobis rain, k=5",D178N,2021-04-06_SNV_D178N,ok,NA,0.5320000000000391,"{""k"":5,""training_source"":""control_geometry_cleaned_controls"",""max_training_per_class"":100,""random_seed"":20260606,""max_distances"":{""NN"":33.4199,""NP"":52.7392,""PN"":13.3672,""PP"":13.1186}}"
twoddpcr_knn_k5_mah_rain,"control-geometry-cleaned kNN plus Mahalanobis rain, k=5",D178N,2021-05-10_SNV_D178N,ok,NA,0.6800000000000068,"{""k"":5,""training_source"":""control_geometry_cleaned_controls"",""max_training_per_class"":100,""random_seed"":20260606,""max_distances"":{""NN"":33.4199,""NP"":52.7392,""PN"":13.3672,""PP"":13.1186}}"
twoddpcr_knn_k5_mah_rain,"control-geometry-cleaned kNN plus Mahalanobis rain, k=5",D178N,2021-05-20_SNV_D178N,ok,NA,0.7879999999999541,"{""k"":5,""training_source"":""control_geometry_cleaned_controls"",""max_training_per_class"":100,""random_seed"":20260606,""max_distances"":{""NN"":33.4199,""NP"":52.7392,""PN"":13.3672,""PP"":13.1186}}"
twoddpcr_knn_k5_mah_rain,"control-geometry-cleaned kNN plus Mahalanobis rain, k=5",D178N,2021-10-14_SNV_D178N,ok,NA,0.25200000000000955,"{""k"":5,""training_source"":""control_geometry_cleaned_controls"",""max_training_per_class"":100,""random_seed"":20260606,""max_distances"":{""NN"":33.4199,""NP"":52.7392,""PN"":13.3672,""PP"":13.1186}}"
twoddpcr_knn_k5_mah_rain,"control-geometry-cleaned kNN plus Mahalanobis rain, k=5",E200K,2020-10-12_SNV_E200K,ok,NA,0.27600000000001046,"{""k"":5,""training_source"":""control_geometry_cleaned_controls"",""max_training_per_class"":100,""random_seed"":20260606,""max_distances"":{""NN"":17.3618,""NP"":10.7847,""PN"":15.3778,""PP"":14.0331}}"
twoddpcr_knn_k5_mah_rain,"control-geometry-cleaned kNN plus Mahalanobis rain, k=5",E200K,2020-10-15_SNV_E200K,ok,NA,0.5439999999999827,"{""k"":5,""training_source"":""control_geometry_cleaned_controls"",""max_training_per_class"":100,""random_seed"":20260606,""max_distances"":{""NN"":17.3618,""NP"":10.7847,""PN"":15.3778,""PP"":14.0331}}"
twoddpcr_knn_k5_mah_rain,"control-geometry-cleaned kNN plus Mahalanobis rain, k=5",E200K,2020-10-22_SNV_E200K,ok,NA,0.5649999999999977,"{""k"":5,""training_source"":""control_geometry_cleaned_controls"",""max_training_per_class"":100,""random_seed"":20260606,""max_distances"":{""NN"":17.3618,""NP"":10.7847,""PN"":15.3778,""PP"":14.0331}}"
twoddpcr_knn_k5_mah_rain,"control-geometry-cleaned kNN plus Mahalanobis rain, k=5",E200K,2020-10-29_SNV_E200K,ok,NA,0.6240000000000236,"{""k"":5,""training_source"":""control_geometry_cleaned_controls"",""max_training_per_class"":100,""random_seed"":20260606,""max_distances"":{""NN"":17.3618,""NP"":10.7847,""PN"":15.3778,""PP"":14.0331}}"
twoddpcr_knn_k5_mah_rain,"control-geometry-cleaned kNN plus Mahalanobis rain, k=5",E200K,2020-11-05_SNV_E200K,ok,NA,0.6509999999999536,"{""k"":5,""training_source"":""control_geometry_cleaned_controls"",""max_training_per_class"":100,""random_seed"":20260606,""max_distances"":{""NN"":17.3618,""NP"":10.7847,""PN"":15.3778,""PP"":14.0331}}"
twoddpcr_knn_k5_mah_rain,"control-geometry-cleaned kNN plus Mahalanobis rain, k=5",E200K,2020-11-24_SNV_E200K,ok,NA,0.5299999999999727,"{""k"":5,""training_source"":""control_geometry_cleaned_controls"",""max_training_per_class"":100,""random_seed"":20260606,""max_distances"":{""NN"":17.3618,""NP"":10.7847,""PN"":15.3778,""PP"":14.0331}}"
twoddpcr_knn_k5_mah_rain,"control-geometry-cleaned kNN plus Mahalanobis rain, k=5",E200K,2021-01-26_SNV_E200K,ok,NA,0.6970000000000027,"{""k"":5,""training_source"":""control_geometry_cleaned_controls"",""max_training_per_class"":100,""random_seed"":20260606,""max_distances"":{""NN"":17.3618,""NP"":10.7847,""PN"":15.3778,""PP"":14.0331}}"
twoddpcr_knn_k5_mah_rain,"control-geometry-cleaned kNN plus Mahalanobis rain, k=5",E200K,2021-02-17_SNV_E200K,ok,NA,0.5349999999999682,"{""k"":5,""training_source"":""control_geometry_cleaned_controls"",""max_training_per_class"":100,""random_seed"":20260606,""max_distances"":{""NN"":17.3618,""NP"":10.7847,""PN"":15.3778,""PP"":14.0331}}"
twoddpcr_knn_k5_mah_rain,"control-geometry-cleaned kNN plus Mahalanobis rain, k=5",E200K,2021-02-18_SNV_E200K,ok,NA,0.6130000000000564,"{""k"":5,""training_source"":""control_geometry_cleaned_controls"",""max_training_per_class"":100,""random_seed"":20260606,""max_distances"":{""NN"":17.3618,""NP"":10.7847,""PN"":15.3778,""PP"":14.0331}}"
twoddpcr_knn_k5_mah_rain,"control-geometry-cleaned kNN plus Mahalanobis rain, k=5",E200K,2021-03-29_SNV_E200K,ok,NA,0.84699999999998,"{""k"":5,""training_source"":""control_geometry_cleaned_controls"",""max_training_per_class"":100,""random_seed"":20260606,""max_distances"":{""NN"":17.3618,""NP"":10.7847,""PN"":15.3778,""PP"":14.0331}}"
twoddpcr_knn_k5_mah_rain,"control-geometry-cleaned kNN plus Mahalanobis rain, k=5",E200K,2021-04-06_SNV_E200K,ok,NA,0.6840000000000828,"{""k"":5,""training_source"":""control_geometry_cleaned_controls"",""max_training_per_class"":100,""random_seed"":20260606,""max_distances"":{""NN"":17.3618,""NP"":10.7847,""PN"":15.3778,""PP"":14.0331}}"
twoddpcr_knn_k5_mah_rain,"control-geometry-cleaned kNN plus Mahalanobis rain, k=5",E200K,2021-05-10_SNV_E200K,ok,NA,0.9529999999999745,"{""k"":5,""training_source"":""control_geometry_cleaned_controls"",""max_training_per_class"":100,""random_seed"":20260606,""max_distances"":{""NN"":17.3618,""NP"":10.7847,""PN"":15.3778,""PP"":14.0331}}"
twoddpcr_knn_k5_mah_rain,"control-geometry-cleaned kNN plus Mahalanobis rain, k=5",E200K,2021-05-20_SNV_E200K,ok,NA,0.9189999999999827,"{""k"":5,""training_source"":""control_geometry_cleaned_controls"",""max_training_per_class"":100,""random_seed"":20260606,""max_distances"":{""NN"":17.3618,""NP"":10.7847,""PN"":15.3778,""PP"":14.0331}}"
twoddpcr_knn_k5_mah_rain,"control-geometry-cleaned kNN plus Mahalanobis rain, k=5",E200K,2021-10-25_SNV_E200K,ok,NA,0.09399999999993724,"{""k"":5,""training_source"":""control_geometry_cleaned_controls"",""max_training_per_class"":100,""random_seed"":20260606,""max_distances"":{""NN"":17.3618,""NP"":10.7847,""PN"":15.3778,""PP"":14.0331}}"
twoddpcr_knn_k5_mah_rain,"control-geometry-cleaned kNN plus Mahalanobis rain, k=5",P102L,2020-12-01_SNV_P102L,ok,NA,1.2429999999999382,"{""k"":5,""training_source"":""control_geometry_cleaned_controls"",""max_training_per_class"":100,""random_seed"":20260606,""max_distances"":{""NN"":21.5632,""NP"":23.6878,""PN"":18.2528,""PP"":14.4042}}"
twoddpcr_knn_k5_mah_rain,"control-geometry-cleaned kNN plus Mahalanobis rain, k=5",P102L,2021-01-26_SNV_P102L,ok,NA,0.6160000000000991,"{""k"":5,""training_source"":""control_geometry_cleaned_controls"",""max_training_per_class"":100,""random_seed"":20260606,""max_distances"":{""NN"":21.5632,""NP"":23.6878,""PN"":18.2528,""PP"":14.4042}}"
twoddpcr_knn_k5_mah_rain,"control-geometry-cleaned kNN plus Mahalanobis rain, k=5",P102L,2021-01-28_SNV_P102L,ok,NA,0.5739999999999554,"{""k"":5,""training_source"":""control_geometry_cleaned_controls"",""max_training_per_class"":100,""random_seed"":20260606,""max_distances"":{""NN"":21.5632,""NP"":23.6878,""PN"":18.2528,""PP"":14.4042}}"
twoddpcr_knn_k5_mah_rain,"control-geometry-cleaned kNN plus Mahalanobis rain, k=5",P102L,2021-02-02_SNV_P102L,ok,NA,1.3940000000000055,"{""k"":5,""training_source"":""control_geometry_cleaned_controls"",""max_training_per_class"":100,""random_seed"":20260606,""max_distances"":{""NN"":21.5632,""NP"":23.6878,""PN"":18.2528,""PP"":14.4042}}"
twoddpcr_knn_k5_mah_rain,"control-geometry-cleaned kNN plus Mahalanobis rain, k=5",P102L,2021-02-17_SNV_P102L,ok,NA,0.6940000000000737,"{""k"":5,""training_source"":""control_geometry_cleaned_controls"",""max_training_per_class"":100,""random_seed"":20260606,""max_distances"":{""NN"":21.5632,""NP"":23.6878,""PN"":18.2528,""PP"":14.4042}}"
twoddpcr_knn_k5_mah_rain,"control-geometry-cleaned kNN plus Mahalanobis rain, k=5",P102L,2021-02-18_SNV_P102L,ok,NA,0.7480000000000473,"{""k"":5,""training_source"":""control_geometry_cleaned_controls"",""max_training_per_class"":100,""random_seed"":20260606,""max_distances"":{""NN"":21.5632,""NP"":23.6878,""PN"":18.2528,""PP"":14.4042}}"
twoddpcr_knn_k5_mah_rain,"control-geometry-cleaned kNN plus Mahalanobis rain, k=5",P102L,2021-03-05_SNV_P102L,ok,NA,0.34800000000007003,"{""k"":5,""training_source"":""control_geometry_cleaned_controls"",""max_training_per_class"":100,""random_seed"":20260606,""max_distances"":{""NN"":21.5632,""NP"":23.6878,""PN"":18.2528,""PP"":14.4042}}"
twoddpcr_knn_k5_mah_rain,"control-geometry-cleaned kNN plus Mahalanobis rain, k=5",P102L,2021-03-29_SNV_P102L,ok,NA,0.6499999999999773,"{""k"":5,""training_source"":""control_geometry_cleaned_controls"",""max_training_per_class"":100,""random_seed"":20260606,""max_distances"":{""NN"":21.5632,""NP"":23.6878,""PN"":18.2528,""PP"":14.4042}}"
twoddpcr_knn_k5_mah_rain,"control-geometry-cleaned kNN plus Mahalanobis rain, k=5",P102L,2021-04-06_SNV_P102L,ok,NA,0.6010000000001128,"{""k"":5,""training_source"":""control_geometry_cleaned_controls"",""max_training_per_class"":100,""random_seed"":20260606,""max_distances"":{""NN"":21.5632,""NP"":23.6878,""PN"":18.2528,""PP"":14.4042}}"
twoddpcr_knn_k5_mah_rain,"control-geometry-cleaned kNN plus Mahalanobis rain, k=5",P102L,2021-05-10_SNV_P102L,ok,NA,0.6390000000001237,"{""k"":5,""training_source"":""control_geometry_cleaned_controls"",""max_training_per_class"":100,""random_seed"":20260606,""max_distances"":{""NN"":21.5632,""NP"":23.6878,""PN"":18.2528,""PP"":14.4042}}"
twoddpcr_knn_k5_mah_rain,"control-geometry-cleaned kNN plus Mahalanobis rain, k=5",P102L,2021-05-20_SNV_P102L,ok,NA,0.7849999999998545,"{""k"":5,""training_source"":""control_geometry_cleaned_controls"",""max_training_per_class"":100,""random_seed"":20260606,""max_distances"":{""NN"":21.5632,""NP"":23.6878,""PN"":18.2528,""PP"":14.4042}}"
twoddpcr_knn_k5_mah_rain,"control-geometry-cleaned kNN plus Mahalanobis rain, k=5",P102L,2021-10-14_SNV_P102L,ok,NA,0.17000000000007276,"{""k"":5,""training_source"":""control_geometry_cleaned_controls"",""max_training_per_class"":100,""random_seed"":20260606,""max_distances"":{""NN"":21.5632,""NP"":23.6878,""PN"":18.2528,""PP"":14.4042}}"
