participant,group,histotype,code,brain_region,sample_id,mutation,n_wells,n_accepted_droplets,n_double_positive_droplets,n_ref_only_droplets,n_mut_only_droplets,n_signal_positive_droplets,n_signal_negative_droplets,n_ref_positive_droplets,n_mut_positive_droplets,known_heterozygous_e200k,n_ref_negative_droplets,n_mut_negative_droplets,n_ref_genomes_poisson,n_ref_genomes_poisson_low,n_ref_genomes_poisson_high,n_mut_genomes_poisson,n_mut_genomes_poisson_low,n_mut_genomes_poisson_high,n_haploid_genomes_poisson,n_haploid_genomes_poisson_low,n_haploid_genomes_poisson_high,haploid_genomes_per_accepted_droplet
CJD24,prion,MM2T,03-112,bg,03-112_bg,D178N,1,14289,23,14019,0,14042,247,14042,23,FALSE,247,14266,57982.717999144945,56217.459852682354,59808.35174231024,23.018530630168748,14.59126225474656,34.53910013245848,57982.717999144945,56217.459852682354,59808.35174231024,4.057856952840993
CJD24,prion,MM2T,03-112,bg,03-112_bg,E200K,1,14338,14,14107,0,14121,217,14121,14,FALSE,217,14324,60087.27862514787,58195.499533555296,62048.01172772735,14.006839436458069,7.657402146181775,23.50109730099023,60087.27862514787,58195.499533555296,62048.01172772735,4.190771280872358
CJD24,prion,MM2T,03-112,bg,03-112_bg,P102L,1,11002,21,10471,0,10492,510,10492,21,FALSE,510,10981,33791.78074814279,32860.21232529741,34746.6866867149,21.020067350266398,13.011160299359045,32.13140886022566,33791.78074814279,32860.21232529741,34746.6866867149,3.071421627717032
CJD24,prion,MM2T,03-112,cb,03-112_cb,D178N,1,15203,9,15007,0,15016,187,15016,9,FALSE,187,15194,66864.91388999578,64701.070211258266,69113.56409771217,9.002664999723219,4.116456245395959,17.089862730818112,66864.91388999578,64701.070211258266,69113.56409771217,4.39813943892625
CJD24,prion,MM2T,03-112,cb,03-112_cb,E200K,1,15304,16,15263,0,15279,25,15279,16,FALSE,25,15288,98205.6713743989,92251.1865492335,104861.77479261521,16.00836966049193,9.149867149027843,25.99659028947511,98205.6713743989,92251.1865492335,104861.77479261521,6.416993686251888
CJD24,prion,MM2T,03-112,cb,03-112_cb,P102L,1,13584,15,13499,1,13515,69,13514,16,FALSE,70,13568,71562.58582176005,68395.36080491183,74938.3144794031,16.009430256130727,9.15043540410686,25.998312869585803,71758.04243130937,68567.93980047922,75159.80792499981,5.28254140395387
CJD24,prion,MM2T,03-112,fr,03-112_fr,D178N,1,15387,22,15294,0,15316,71,15316,22,FALSE,71,15365,82760.49356566016,79197.01815502554,86556.40730587298,22.015742569607717,13.796699537394383,33.332100546622264,82760.49356566016,79197.01815502554,86556.40730587298,5.378598399016063
CJD24,prion,MM2T,03-112,fr,03-112_fr,E200K,1,15738,19,15664,0,15683,55,15683,19,FALSE,55,15719,89022.00115266736,84881.4028295089,93473.38702824592,19.011478294979142,11.44578769173187,29.68877955486835,89022.00115266736,84881.4028295089,93473.38702824592,5.6565002638624575
CJD24,prion,MM2T,03-112,fr,03-112_fr,P102L,1,14405,23,14104,0,14127,278,14127,23,FALSE,278,14382,56866.755834792224,55190.986869503264,58596.622784752406,23.018381248409106,14.591171690850786,34.5388759512401,56866.755834792224,55190.986869503264,58596.622784752406,3.947709533827992
CJD24,prion,MM2T,03-112,hc,03-112_hc,D178N,1,15983,18,15747,0,15765,218,15765,18,FALSE,218,15965,68643.56261742218,66537.86560650963,70825.54377058586,18.010143385600838,10.673618049673502,28.463792231256054,68643.56261742218,66537.86560650963,70825.54377058586,4.294785873579564
CJD24,prion,MM2T,03-112,hc,03-112_hc,E200K,1,12847,16,12690,0,12706,141,12706,16,FALSE,141,12831,57967.02205191775,55860.445176244924,60169.39686266336,16.00997169578947,9.150725497729006,25.99919226679752,57967.02205191775,55860.445176244924,60169.39686266336,4.512105709653441
CJD24,prion,MM2T,03-112,hc,03-112_hc,P102L,1,11630,20,11379,0,11399,231,11399,20,FALSE,231,11610,45577.10397194436,44093.57980867933,47113.53673053189,20.01721664558901,12.226509224733498,30.914970074519367,45577.10397194436,44093.57980867933,47113.53673053189,3.9189255349909162
CJD24,prion,MM2T,03-112,sn,03-112_sn,D178N,1,16665,25,16604,0,16629,36,16629,25,FALSE,36,16640,102282.22162634169,96868.31355455043,108212.08594124619,25.018770650063146,16.19034252092461,36.93264280894748,102282.22162634169,96868.31355455043,108212.08594124619,6.13754705228573
CJD24,prion,MM2T,03-112,sn,03-112_sn,E200K,1,15126,19,15089,0,15108,18,15108,19,FALSE,18,15107,101855.43820625065,94937.5282190176,109765.11583990847,19.011943097651123,11.446052768784202,29.68950550129956,101855.43820625065,94937.5282190176,109765.11583990847,6.7337986385198105
CJD24,prion,MM2T,03-112,sn,03-112_sn,P102L,1,14262,31,14164,0,14195,67,14195,31,FALSE,67,14231,76453.75170586765,73054.34275368265,80082.230651637,31.033739827248844,21.08517911274716,44.04992070044585,76453.75170586765,73054.34275368265,80082.230651637,5.360661317197283
CJD24,prion,MM2T,03-112,th,03-112_th,D178N,1,14304,22,14226,0,14248,56,14248,22,FALSE,56,14282,79286.2539067242,75557.36074779391,83292.48595108477,22.016935711849552,13.797413179142449,33.333907248939376,79286.2539067242,75557.36074779391,83292.48595108477,5.5429428066781465
CJD24,prion,MM2T,03-112,th,03-112_th,E200K,1,14257,31,14192,0,14223,34,14223,31,FALSE,34,14226,86092.9299510434,81329.10864339823,91326.29373904594,31.0337516771547,21.08518690309866,44.04993752339815,86092.9299510434,81329.10864339823,91326.29373904594,6.038642768537799
CJD24,prion,MM2T,03-112,th,03-112_th,P102L,1,13984,21,13852,0,13873,111,13873,21,FALSE,111,13963,67628.56632981643,65040.80689986878,70349.34734594783,21.015783824457586,13.00863543957021,32.12485987324045,67628.56632981643,65040.80689986878,70349.34734594783,4.836138896582983
CJD25,prion,MM2T,03-132,bg,03-132_bg,D178N,1,14787,8,14235,0,14243,544,14243,8,FALSE,544,14779,48834.872630228936,47616.192247713494,50082.40853215967,8.002164843872551,3.4546499304224825,15.767455060448587,48834.872630228936,47616.192247713494,50082.40853215967,3.302554448517545
CJD25,prion,MM2T,03-132,bg,03-132_bg,E200K,1,15981,25,15432,0,15457,524,15457,25,FALSE,524,15956,54617.69016211105,53272.828862978764,55994.71162770896,25.019574888348576,16.19084209247925,36.93383019217505,54617.69016211105,53272.828862978764,55994.71162770896,3.4176641112640667
CJD25,prion,MM2T,03-132,bg,03-132_bg,P102L,1,12260,14,10668,1,10683,1577,10682,15,FALSE,1578,12245,25135.252261114532,24571.49345250818,25708.522142132468,15.009183674234068,8.400183117922445,24.755367155500593,25143.02405218303,24579.059778334733,25716.504250347585,2.050817622527164
CJD25,prion,MM2T,03-132,cb,03-132_cb,D178N,1,13960,17,13649,0,13666,294,13666,17,FALSE,294,13943,53890.78766132844,52313.03146706162,55518.20514263489,17.010359413941465,9.908805814725786,27.235234452174886,53890.78766132844,52313.03146706162,55518.20514263489,3.860371608977682
CJD25,prion,MM2T,03-132,cb,03-132_cb,E200K,1,13306,8,13053,1,13062,244,13061,9,FALSE,245,13297,53153.63959854805,51504.14476665745,54859.950478893705,9.00304511285971,4.11661072694509,17.090584389466454,53208.060942304845,51555.1279600891,54918.041756419465,3.998802115008631
CJD25,prion,MM2T,03-132,cb,03-132_cb,P102L,1,14167,17,13640,0,13657,510,13657,17,FALSE,510,14150,47094.78957348709,45888.44541800225,48330.61813739135,17.010207926972296,9.908722770887728,27.234991871700945,47094.78957348709,45888.44541800225,48330.61813739135,3.3242598696609793
CJD25,prion,MM2T,03-132,fr,03-132_fr,D178N,1,11686,17,11658,0,11675,11,11675,17,FALSE,11,11669,81430.98761699292,74636.2836691754,89547.64744095305,17.012377228502253,9.909911946352729,27.238465686535676,81430.98761699292,74636.2836691754,89547.64744095305,6.968251550316012
CJD25,prion,MM2T,03-132,fr,03-132_fr,E200K,1,13841,23,13810,0,13833,8,13833,23,FALSE,8,13818,103197.78926770065,93814.20832375209,114821.86280959396,23.019131087637916,14.591626285779919,34.54000125799099,103197.78926770065,93814.20832375209,114821.86280959396,7.455948939216866
CJD25,prion,MM2T,03-132,fr,03-132_fr,P102L,1,14851,25,14763,0,14788,63,14788,25,FALSE,63,14826,81126.37585900091,77475.63087464393,85031.46213048117,25.021065998874253,16.19176832306317,36.93603169729978,81126.37585900091,77475.63087464393,85031.46213048117,5.462687755639412
CJD25,prion,MM2T,03-132,hc,03-132_hc,D178N,1,14273,28,14198,0,14226,47,14226,28,FALSE,47,14245,81584.14425866802,77523.8158459903,85977.46032939533,28.027500415125875,18.623416362130982,40.50754506281854,81584.14425866802,77523.8158459903,85977.46032939533,5.71597731791971
CJD25,prion,MM2T,03-132,hc,03-132_hc,E200K,1,12382,13,12329,0,12342,40,12342,13,FALSE,40,12369,71012.25125822962,67196.60000085407,75170.99898121603,13.00682920300428,6.925308790992195,22.242074946723005,71012.25125822962,67196.60000085407,75170.99898121603,5.735119629965241
CJD25,prion,MM2T,03-132,hc,03-132_hc,P102L,1,14454,22,14213,0,14235,219,14235,22,FALSE,219,14432,60557.26964124995,58658.91471505264,62524.48363152102,22.016759778698134,13.797307950564061,33.333640842885885,60557.26964124995,58658.91471505264,62524.48363152102,4.189654742026425
CJD25,prion,MM2T,03-132,sn,03-132_sn,D178N,1,14279,17,14239,0,14256,23,14256,17,FALSE,23,14262,91828.97707908686,86040.42506085493,98334.2280787428,17.01012779557974,9.908678843484699,27.234863555188912,91828.97707908686,86040.42506085493,98334.2280787428,6.431050989501146
CJD25,prion,MM2T,03-132,sn,03-132_sn,E200K,1,14783,14,14575,0,14589,194,14589,14,FALSE,194,14769,64060.28250433763,61995.373326315545,66204.70432704067,14.006633424666939,7.6572975761123585,23.500751602700163,64060.28250433763,61995.373326315545,66204.70432704067,4.333374991837761
CJD25,prion,MM2T,03-132,sn,03-132_sn,P102L,1,15861,20,15574,0,15594,267,15594,20,FALSE,267,15841,64782.19076982901,62896.96468242846,66729.21904834034,20.012620155503797,12.223842375958833,30.907870030506192,64782.19076982901,62896.96468242846,66729.21904834034,4.0843698865033105
CJD25,prion,MM2T,03-132,th,03-132_th,D178N,1,13885,21,13834,0,13855,30,13855,21,FALSE,30,13864,85217.34104602337,80281.1385355292,90676.61402743559,21.01589647668389,13.008701842089874,32.12503210115482,85217.34104602337,80281.1385355292,90676.61402743559,6.137367018078745
CJD25,prion,MM2T,03-132,th,03-132_th,E200K,1,13460,18,13389,0,13407,53,13407,18,FALSE,53,13442,74530.5193826432,70924.435621532,78413.28918264226,18.012046402150524,10.674683089681817,28.466800245308075,74530.5193826432,70924.435621532,78413.28918264226,5.537185689646597
CJD25,prion,MM2T,03-132,th,03-132_th,P102L,1,15474,24,15324,1,15349,125,15348,25,FALSE,126,15449,74439.75930767569,71751.88149011217,77256.65643754961,25.02021694419561,16.19124091846405,36.93477813316265,74563.05876482704,71864.38680063588,77391.80949205832,4.818602737807098
CJD26,prion,MM2T,04-045,bg,04-045_bg,D178N,1,14517,27,14481,0,14508,9,14508,27,FALSE,9,14490,107220.40010114366,97919.55683053474,118577.93850229532,27.025139669646528,17.80912242946063,39.32016234833557,107220.40010114366,97919.55683053474,118577.93850229532,7.385851078125209
CJD26,prion,MM2T,04-045,bg,04-045_bg,E200K,1,13713,26,13674,0,13700,13,13700,26,FALSE,13,13687,95458.25282339894,88105.69096030384,104098.35157954441,26.024679343904353,16.999563207535104,38.132188142522,95458.25282339894,88105.69096030384,104098.35157954441,6.961150209538317
CJD26,prion,MM2T,04-045,bg,04-045_bg,P102L,1,15822,30,15745,0,15775,47,15775,30,FALSE,47,15792,92068.36125035143,87566.53704488269,96939.09220995066,30.028477413623524,20.259445713788622,42.86752185319808,92068.36125035143,87566.53704488269,96939.09220995066,5.819009053871283
CJD26,prion,MM2T,04-045,cb,04-045_cb,D178N,1,12571,21,12520,0,12541,30,12541,21,FALSE,30,12550,75903.07537411738,71434.6153972548,80845.2978047498,21.017559929462507,13.009682350828959,32.12757528679778,75903.07537411738,71434.6153972548,80845.2978047498,6.0379504712526755
CJD26,prion,MM2T,04-045,cb,04-045_cb,E200K,1,13607,33,13536,0,13569,38,13569,33,FALSE,38,13574,80019.41267671507,75717.28380635721,84719.54881686752,33.04008098479445,22.742432911489015,46.40056317408822,80019.41267671507,75717.28380635721,84719.54881686752,5.8807534854644725
CJD26,prion,MM2T,04-045,cb,04-045_cb,P102L,1,15140,13,15090,0,15103,37,15103,13,FALSE,37,15127,91054.64908121683,86203.22053523351,96361.47743377225,13.005584438701224,6.924697072837085,22.239946069134355,91054.64908121683,86203.22053523351,96361.47743377225,6.014177614347215
CJD26,prion,MM2T,04-045,fr,04-045_fr,D178N,1,13779,28,13745,0,13773,6,13773,28,FALSE,6,13751,106637.63078038962,95924.48311431434,120448.87235534748,28.028487688535968,18.624048859862206,40.50897219361032,106637.63078038962,95924.48311431434,120448.87235534748,7.739141503765848
CJD26,prion,MM2T,04-045,fr,04-045_fr,E200K,1,14290,34,14235,0,14269,21,14269,34,FALSE,21,14256,93210.709586435,87152.20917625139,100061.04250533089,34.040512138378936,23.573216587769785,47.56820887905888,93210.709586435,87152.20917625139,100061.04250533089,6.52279283320049
CJD26,prion,MM2T,04-045,fr,04-045_fr,P102L,1,16658,27,16569,0,16596,62,16596,27,FALSE,62,16631,93176.71415804933,89047.84527306314,97595.45841948775,27.021905051280246,17.807070058737835,39.31545542511954,93176.71415804933,89047.84527306314,97595.45841948775,5.593511475450194
CJD26,prion,MM2T,04-045,hc,04-045_hc,D178N,1,16459,34,16417,0,16451,8,16451,34,FALSE,8,16425,125568.77529323791,114409.57275234145,139391.8567054398,34.0351660023944,23.569623732162416,47.560736924791236,125568.77529323791,114409.57275234145,139391.8567054398,7.629186177364232
CJD26,prion,MM2T,04-045,hc,04-045_hc,E200K,1,15860,24,15828,0,15852,8,15852,24,FALSE,8,15836,120410.92730265278,109657.98806677923,133730.87437160691,24.018177230289357,15.388413278661973,35.737145822365996,120410.92730265278,109657.98806677923,133730.87437160691,7.592113953509003
CJD26,prion,MM2T,04-045,hc,04-045_hc,P102L,1,16195,20,16138,0,16158,37,16158,20,FALSE,37,16175,98490.53898757671,93300.56029991923,104167.50992927003,20.01235966733722,12.223691238782346,30.9074676736781,98490.53898757671,93300.56029991923,104167.50992927003,6.081539918961205
CJD26,prion,MM2T,04-045,sn,04-045_sn,D178N,1,16331,36,16285,0,16321,10,16321,36,FALSE,10,16295,120820.58114291853,110875.25696327703,132820.62559638647,36.03973754678416,25.241013820572494,49.89419245847906,120820.58114291853,110875.25696327703,132820.62559638647,7.398235328082698
CJD26,prion,MM2T,04-045,sn,04-045_sn,E200K,1,16701,24,16674,0,16698,3,16698,24,FALSE,3,16677,144039.63813425275,126132.14342263089,170406.3546923997,24.01726101486883,15.38785078061685,35.73578237472193,144039.63813425275,126132.14342263089,170406.3546923997,8.624611588183507
CJD26,prion,MM2T,04-045,sn,04-045_sn,P102L,1,15208,19,15163,0,15182,26,15182,19,FALSE,26,15189,96897.47310420028,91093.86361743591,103369.35033441985,19.01187864798539,11.446016013212857,29.689404841131356,96897.47310420028,91093.86361743591,103369.35033441985,6.371480346146783
CJD26,prion,MM2T,04-045,th,04-045_th,D178N,1,16845,36,16769,0,16805,40,16805,36,FALSE,40,16809,101793.15082558655,96599.56578271795,107452.7697853834,36.03852328427828,25.240187121200616,49.89251113921695,101793.15082558655,96599.56578271795,107452.7697853834,6.042929701726717
CJD26,prion,MM2T,04-045,th,04-045_th,E200K,1,17289,20,17219,0,17239,50,17239,20,FALSE,50,17269,101068.08347982426,96297.36522699558,106216.16765415526,20.01157697811344,12.223237114134632,30.906258718220943,101068.08347982426,96297.36522699558,106216.16765415526,5.84580273467663
CJD26,prion,MM2T,04-045,th,04-045_th,P102L,1,16825,13,16723,0,16736,89,16736,13,FALSE,89,16812,88196.39400393676,84715.6392222782,91877.81329741601,13.00502487677408,6.924422080263896,22.23898908874257,88196.39400393676,84715.6392222782,91877.81329741601,5.241984784780788
CJD23,prion,VV1,09-100,bg,09-100_bg,D178N,1,15009,19,14413,0,14432,577,14432,19,FALSE,577,14990,48907.77257202606,47707.72483023883,50135.48640806529,19.012036276607855,11.44610590858797,29.689651032199155,48907.77257202606,47707.72483023883,50135.48640806529,3.258563033648215
CJD23,prion,VV1,09-100,bg,09-100_bg,E200K,1,15148,14,14830,1,14845,303,14844,15,FALSE,304,15133,59207.41353519905,57522.83916390765,60943.9574947948,15.00743162941799,8.399268016225593,24.75247700635299,59257.324618244565,57569.916568678986,60996.87192428672,3.911890983512316
CJD23,prion,VV1,09-100,bg,09-100_bg,P102L,1,16417,26,15428,0,15454,963,15454,26,FALSE,963,16391,46558.92803539928,45553.72325832042,47582.78134606644,26.02061017788179,16.997007728490523,38.126224932637804,46558.92803539928,45553.72325832042,47582.78134606644,2.836019250496393
CJD23,prion,VV1,09-100,cb,09-100_cb,D178N,1,14858,10,13235,0,13245,1613,13245,10,FALSE,1613,14848,32991.336768692854,32307.589060117658,33685.99413910619,10.003366701166886,4.79684163059361,18.396547886347985,32991.336768692854,32307.589060117658,33685.99413910619,2.220442641586543
CJD23,prion,VV1,09-100,cb,09-100_cb,E200K,1,14491,23,12992,0,13015,1476,13015,23,FALSE,1476,14468,33100.22686447188,32400.46694705177,33811.49691855479,23.018272045300115,14.591105485510987,34.53871206738241,33100.22686447188,32400.46694705177,33811.49691855479,2.284192040885507
CJD23,prion,VV1,09-100,cb,09-100_cb,P102L,1,15357,9,12949,0,12958,2399,12958,9,FALSE,2399,15348,28510.56861447608,27946.956502373603,29082.33032827121,9.002638264658952,4.116445379923617,17.089811973752937,28510.56861447608,27946.956502373603,29082.33032827121,1.8565194122859985
CJD23,prion,VV1,09-100,fr,09-100_fr,D178N,1,14875,17,14624,1,14642,233,14641,18,FALSE,234,14857,61762.727211459925,59873.21493286071,63718.4965764356,18.010899550104146,10.674041246891585,28.464987458244103,61826.43180561593,59932.80718861242,63786.59819858806,4.15639877684813
CJD23,prion,VV1,09-100,fr,09-100_fr,E200K,1,14590,18,14346,0,14364,226,14364,18,FALSE,226,14572,60804.65141034792,58918.63637556116,62757.99670832303,18.011112636418463,10.674160502662723,28.46532427397021,60804.65141034792,58918.63637556116,62757.99670832303,4.167556642244546
CJD23,prion,VV1,09-100,fr,09-100_fr,P102L,1,15825,15,15578,0,15593,232,15593,15,FALSE,232,15810,66822.78545235151,64802.79600174053,68913.74551567908,15.007113500197544,8.399101852796376,24.751952234197077,66822.78545235151,64802.79600174053,68913.74551567908,4.222608875346067
CJD23,prion,VV1,09-100,hc,09-100_hc,D178N,1,14653,25,14335,0,14360,293,14360,25,FALSE,293,14628,57325.87340568489,55666.019992206384,59037.9310173778,25.02135097934172,16.191945342735387,36.93645245088231,57325.87340568489,55666.019992206384,59037.9310173778,3.9122277626209576
CJD23,prion,VV1,09-100,hc,09-100_hc,E200K,1,14618,21,14522,0,14543,75,14543,21,FALSE,75,14597,77073.70922256586,73780.33994127231,80575.71203133055,21.015098604856817,13.00823153732687,32.1238122820773,77073.70922256586,73780.33994127231,80575.71203133055,5.272520811504026
CJD23,prion,VV1,09-100,hc,09-100_hc,P102L,1,14766,26,14485,0,14511,255,14511,26,FALSE,255,14740,59932.52097688647,58137.11331039187,61788.302960677116,26.022917329815662,16.998456652991916,38.12960595637375,59932.52097688647,58137.11331039187,61788.302960677116,4.058818974460685
CJD23,prion,VV1,09-100,sn,09-100_sn,D178N,1,14149,28,13851,0,13879,270,13879,28,FALSE,270,14121,56015.56939602552,54345.21757461516,57740.65546363618,28.027741743683723,18.623570969873768,40.507893909065324,56015.56939602552,54345.21757461516,57740.65546363618,3.9589772701975776
CJD23,prion,VV1,09-100,sn,09-100_sn,E200K,1,15162,15,14930,0,14945,217,14945,15,FALSE,217,15147,64387.71068227512,62386.31838787141,66461.90591871763,15.00742476281262,8.399264429708344,24.752465679467026,64387.71068227512,62386.31838787141,66461.90591871763,4.24665022307579
CJD23,prion,VV1,09-100,sn,09-100_sn,P102L,1,16037,22,15730,0,15752,285,15752,22,FALSE,285,16015,64631.75051193843,62787.62434820376,66534.41328684721,22.01510391903024,13.796317544789023,33.33113348523945,64631.75051193843,62787.62434820376,66534.41328684721,4.030164651240159
CJD23,prion,VV1,09-100,th,09-100_th,D178N,1,14619,23,14376,1,14400,219,14399,24,FALSE,220,14595,61347.89940924314,59432.12771209555,63332.97609050138,24.019721977896022,15.38936164632294,35.739444630062074,61414.50089118089,59494.297014649725,63404.32728449986,4.201005601695115
CJD23,prion,VV1,09-100,th,09-100_th,E200K,1,14857,14,14665,0,14679,178,14679,14,FALSE,178,14843,65733.94762072065,63566.286884145775,67988.77228309773,14.006600364019148,7.657280794731361,23.500696125378095,65733.94762072065,63566.286884145775,67988.77228309773,4.424442863345268
CJD23,prion,VV1,09-100,th,09-100_th,P102L,1,9420,14,9005,0,9019,401,9019,14,FALSE,401,9406,29735.44461728537,28834.23376111635,30662.026338931693,14.010413716213561,7.6592163580873,23.507095346282878,29735.44461728537,28834.23376111635,30662.026338931693,3.1566289402638397
CJD1,prion,MM1+2C,13-21,bg,13-21_bg,D178N,1,12264,4,10779,0,10783,1481,10783,4,FALSE,1481,12260,25925.49023546515,25340.68601779801,26520.309592268328,4.000652457594454,1.0899986960093047,10.243259319558115,25925.49023546515,25340.68601779801,26520.309592268328,2.113950606283851
CJD1,prion,MM1+2C,13-21,bg,13-21_bg,E200K,1,13815,10,12401,0,12411,1404,12411,10,FALSE,1404,13805,31587.025653041866,30902.953032032336,32282.63649556558,10.003621001916,4.7969513699335575,18.39701561108271,31587.025653041866,30902.953032032336,32282.63649556558,2.2864296527717602
CJD1,prion,MM1+2C,13-21,bg,13-21_bg,P102L,1,13301,7,12235,0,12242,1059,12242,7,FALSE,1059,13294,33658.36875905388,32890.668324230945,34440.306536480195,7.0018426132807905,2.814998008766692,14.426472073519932,33658.36875905388,32890.668324230945,34440.306536480195,2.5305141537518896
CJD1,prion,MM1+2C,13-21,cb,13-21_cb,D178N,1,14662,2,13183,0,13185,1477,13185,2,FALSE,1477,14660,33652.89845385506,32944.667934041056,34372.74515143014,2.0001364194443028,0.24221753873970486,7.225180481900894,33652.89845385506,32944.667934041056,34372.74515143014,2.2952461092521523
CJD1,prion,MM1+2C,13-21,cb,13-21_cb,E200K,1,11502,8,10881,0,10889,613,10889,8,FALSE,613,11494,33722.84350043379,32837.77915216468,34628.38959343529,8.002783415557024,3.4548835751059634,15.768674046626801,33722.84350043379,32837.77915216468,34628.38959343529,2.931911276337488
CJD1,prion,MM1+2C,13-21,cb,13-21_cb,P102L,1,13600,5,13083,1,13089,511,13088,6,FALSE,512,13594,44601.206074911046,43446.43662886157,45784.25325580306,6.001323918814553,2.202299110716336,13.062355796434042,44627.79454867797,43471.8510227989,45812.0684399217,3.2814554815204393
CJD1,prion,MM1+2C,13-21,fr,13-21_fr,D178N,1,12251,4,10757,0,10761,1490,10761,4,FALSE,1490,12247,25810.79204929101,25228.664975699547,26402.876462584176,4.000653150091923,1.08999883750574,10.243261092828654,25810.79204929101,25228.664975699547,26402.876462584176,2.106831446354666
CJD1,prion,MM1+2C,13-21,fr,13-21_fr,E200K,1,12242,3,10554,0,10557,1685,10557,3,FALSE,1685,12239,24277.197101361777,23735.269019088264,24828.14029916015,3.0003676470602088,0.6187226654642392,8.768347547285325,24277.197101361777,23735.269019088264,24828.14029916015,1.983107098624553
CJD1,prion,MM1+2C,13-21,fr,13-21_fr,P102L,1,14833,9,12551,0,12560,2273,12560,9,FALSE,2273,14824,27823.05735352637,27262.811260215076,28391.577130108835,9.00273150339523,4.116483273284417,17.08998898964127,27823.05735352637,27262.811260215076,28391.577130108835,1.8757538834710692
CJD1,prion,MM1+2C,13-21,sn,13-21_sn,D178N,1,14375,2,12252,1,12255,2120,12254,3,FALSE,2121,14372,27508.04184707499,26944.083233126366,28080.5229898712,3.000313087039665,0.6187151651036353,8.768188084137103,27514.820908742713,26950.706012064704,28087.46146633721,1.914074497999493
CJD1,prion,MM1+2C,13-21,sn,13-21_sn,E200K,1,12635,1,10882,0,10883,1752,10883,1,FALSE,1752,12634,24963.13057509848,24414.918071890286,25520.302656396354,1.0000395747034125,0.02531780798417919,5.571863896633887,24963.13057509848,24414.918071890286,25520.302656396354,1.975712748325958
CJD1,prion,MM1+2C,13-21,sn,13-21_sn,P102L,1,14187,9,13054,0,13063,1124,13063,9,FALSE,1124,14178,35970.1780522774,35175.163705378865,36779.47864401085,9.002855934059431,4.116533843201844,17.09022522519617,35970.1780522774,35175.163705378865,36779.47864401085,2.535432300858349
CJD1,prion,MM1+2C,13-21,th,13-21_th,D178N,1,14479,0,6012,0,6012,8467,6012,0,FALSE,8467,14479,7768.317518065672,7570.528688721985,7969.701377487229,-0,-0,3.6888794541141086,7768.317518065672,7570.528688721985,7969.701377487229,0.5365230691391444
CJD1,prion,MM1+2C,13-21,th,13-21_th,E200K,1,15751,2,6733,2,6737,9014,6735,4,FALSE,9016,15747,8787.531390747024,8575.870447812913,9002.821681208092,4.000507990264515,1.0899691769692526,10.242889388966196,8791.025788986535,8579.309687512448,9006.37161020961,0.5581249310511418
CJD1,prion,MM1+2C,13-21,th,13-21_th,P102L,1,17514,10,15977,0,15987,1527,15987,10,FALSE,1527,17504,42728.82759759999,41890.37656275136,43580.39008314331,10.002855946130975,4.796621219720834,18.395608488419484,42728.82759759999,41890.37656275136,43580.39008314331,2.4396955348635374
CJD2,prion,MM1,14-24,bg,14-24_bg,D178N,1,12544,12,9501,0,9513,3031,9513,12,FALSE,3031,12532,17816.86871323825,17428.88182164054,18210.807115569314,12.005743459130944,6.2032953317898745,20.971618446601546,17816.86871323825,17428.88182164054,18210.807115569314,1.420349865532386
CJD2,prion,MM1,14-24,bg,14-24_bg,E200K,1,12838,4,8996,0,9000,3838,9000,4,FALSE,3838,12834,15501.347412653755,15162.19689054888,15845.67640168816,4.000623279492833,1.089992734099067,10.243184603846665,15501.347412653755,15162.19689054888,15845.67640168816,1.2074581253040781
CJD2,prion,MM1,14-24,bg,14-24_bg,P102L,1,21407,3,12555,1,12559,8848,12558,4,FALSE,8849,21403,18911.233074072687,18570.542033759488,19256.195426325685,4.000373756092844,1.089941748240253,10.242545670154318,18913.652354179234,18572.92840284622,19258.647880681732,0.8835265265651064
CJD2,prion,MM1,14-24,cb,14-24_cb,D178N,1,12304,3,8190,0,8193,4111,8193,3,FALSE,4111,12301,13488.359722044215,13182.366786796661,13799.190565698198,3.0003657941805386,0.6187224107501185,8.768342131814473,13488.359722044215,13182.366786796661,13799.190565698198,1.0962581048475468
CJD2,prion,MM1,14-24,cb,14-24_cb,E200K,1,12273,3,8001,0,8004,4269,8004,3,FALSE,4269,12270,12960.559476790751,12664.170799222007,13261.67160390714,3.0003667182802385,0.6187225377855768,8.768344832708864,12960.559476790751,12664.170799222007,13261.67160390714,1.0560221198395463
CJD2,prion,MM1,14-24,cb,14-24_cb,P102L,1,15571,0,10641,0,10641,4930,10641,0,FALSE,4930,15571,17907.75899472081,17549.362129143272,18271.147777974107,-0,-0,3.6888794541134624,17907.75899472081,17549.362129143272,18271.147777974107,1.150071221804689
CJD2,prion,MM1,14-24,fr,14-24_fr,D178N,1,13971,5,10674,0,10679,3292,10679,5,FALSE,3292,13966,20194.91941232362,19778.572670079244,20617.315778752163,5.000894923997564,1.623718842009701,11.670420641414863,20194.91941232362,19778.572670079244,20617.315778752163,1.4454884698535266
CJD2,prion,MM1,14-24,fr,14-24_fr,E200K,1,13570,5,10691,2,10698,2872,10696,7,FALSE,2874,13563,21062.76623159755,20623.20634171763,21508.842517212517,7.001806074333401,2.814985418301364,14.426396780520511,21072.212803507056,20632.458346401945,21518.4868630617,1.5528528226608
CJD2,prion,MM1,14-24,fr,14-24_fr,P102L,1,17355,9,12657,1,12667,4688,12666,10,FALSE,4689,17345,22711.81702127534,22288.359091299237,23140.789662167215,10.002882121295197,4.796632515425799,18.395656630261552,22715.518631612507,22291.99867802943,23144.55406128161,1.308874597039038
CJD2,prion,MM1,14-24,hc,14-24_hc,D178N,1,10276,0,8816,0,8816,1460,8816,0,FALSE,1460,10276,20052.32583688748,19564.98937254104,20548.470571785263,-0,-0,3.6888794541141867,20052.32583688748,19564.98937254104,20548.470571785263,1.9513746435273922
CJD2,prion,MM1,14-24,hc,14-24_hc,E200K,1,15429,4,11366,0,11370,4059,11370,4,FALSE,4059,15425,20602.532205414092,20195.977711694984,21014.702192690103,4.000518593748212,1.0899713436049354,10.242916540487297,20602.532205414092,20195.977711694984,21014.702192690103,1.335312217604128
CJD2,prion,MM1,14-24,hc,14-24_hc,P102L,1,16280,2,10034,0,10036,6244,10036,2,FALSE,6244,16278,15601.390306957277,15285.267951585945,15921.970454988446,2.00012286018437,0.2422167177557171,7.225131497371611,15601.390306957277,15285.267951585945,15921.970454988446,0.9583163579212086
CJD2,prion,MM1,14-24,sn,14-24_sn,D178N,1,13886,3,13307,0,13310,576,13310,3,FALSE,576,13883,44192.59431438821,43083.20394809324,45327.77019104018,3.0003241140887282,0.6187166809988195,8.768220312809705,44192.59431438821,43083.20394809324,45327.77019104018,3.1825287566173275
CJD2,prion,MM1,14-24,sn,14-24_sn,E200K,1,13643,8,12822,1,12831,812,12830,9,FALSE,813,13634,38476.68083238251,37568.079224047484,39403.7181689073,9.002969861478453,4.116580144267306,17.090441521072655,38493.47221911752,37584.275316672414,39421.12549894391,2.821481508401196
CJD2,prion,MM1,14-24,sn,14-24_sn,P102L,1,15625,1,12565,4,12570,3055,12566,5,FALSE,3059,15620,25481.002038339044,24985.338307069156,25983.551700202515,5.000800170707434,1.6236942314305034,11.670199497182074,25501.446921857914,25005.379061474338,26004.407229391236,1.6320926029989065
CJD2,prion,MM1,14-24,th,14-24_th,D178N,1,12777,2,12657,0,12659,118,12659,2,FALSE,118,12775,59856.633378123544,57564.847647903516,62262.72532041562,2.000156547603166,0.24221875744619856,7.225253198145893,59856.633378123544,57564.847647903516,62262.72532041562,4.684717334125659
CJD2,prion,MM1,14-24,th,14-24_th,E200K,1,14783,14,14727,0,14741,42,14741,14,FALSE,42,14769,86681.05970268778,82233.296054346,91517.3536288682,14.006633424666939,7.6572975761123585,23.500751602700163,86681.05970268778,82233.296054346,91517.3536288682,5.863563532617722
CJD2,prion,MM1,14-24,th,14-24_th,P102L,2,27842,25,22007,1,22033,5809,22032,26,FALSE,5810,27816,43627.442344897354,42991.475048355824,44269.96484326291,26.012147495617572,16.991692844739383,38.11382373025594,43632.234839960394,42996.198262783306,44274.82741661413,1.56713723295598
CJD30,prion,VV2,14-2,bg,14-2_bg,D178N,1,14658,19,14421,0,14440,218,14440,19,FALSE,218,14639,61684.47687007832,59754.63444516655,63684.44363405867,19.012324746235407,11.446270421974772,29.690101577475954,61684.47687007832,59754.63444516655,63684.44363405867,4.208246477696706
CJD30,prion,VV2,14-2,bg,14-2_bg,E200K,1,14851,10514,2015,1932,14461,390,12529,12446,TRUE,2322,2405,27558.08468695043,27004.141214173542,28120.174597845256,27036.502414742085,26494.02791480762,27586.90747347289,54052.824457915616,52599.31926217327,55546.25734777564,3.639675742907253
CJD30,prion,VV2,14-2,bg,14-2_bg,P102L,1,15364,33,14873,0,14906,458,14906,33,FALSE,458,15331,53972.39848702215,52587.31603084195,55392.75953269093,33.035490818662055,22.739369541456703,46.39411572954623,53972.39848702215,52587.31603084195,55392.75953269093,3.5129132053516106
CJD30,prion,VV2,14-2,cb,14-2_cb,D178N,1,12684,11,12134,0,12145,539,12145,11,FALSE,539,12673,40060.90542527937,39013.96344535045,41133.09777992108,11.004772548188207,5.493326071113238,19.690578520057272,40060.90542527937,39013.96344535045,41133.09777992108,3.158381064749241
CJD30,prion,VV2,14-2,cb,14-2_cb,E200K,1,14565,8481,2701,2596,13778,787,11182,11077,TRUE,3383,3488,21262.83906142582,20833.698300783537,21698.087507638127,20817.65086077134,20397.027210898388,21244.256105957647,42502.831751517355,41513.940861433664,43511.8630080105,2.9181484209761313
CJD30,prion,VV2,14-2,cb,14-2_cb,P102L,1,13530,23,12602,0,12625,905,12625,23,FALSE,905,13507,36594.9938891002,35744.32170357031,37462.277255209956,23.019571333061727,14.591893186099373,34.54066195116184,36594.9938891002,35744.32170357031,37462.277255209956,2.704729777464908
CJD30,prion,VV2,14-2,fr,14-2_fr,D178N,1,16424,17,16043,1,16061,363,16060,18,FALSE,364,16406,62564.68377560277,60897.19809975487,64279.19487943819,18.009870826884786,10.673465507675154,28.46336141575729,62609.86674770268,60940.03396709707,64326.85229626118,3.8120961244339187
CJD30,prion,VV2,14-2,fr,14-2_fr,E200K,1,14952,10552,2043,2018,14613,339,12595,12570,TRUE,2357,2382,27623.153831571453,27070.022579339628,28184.380061112086,27465.397567539734,26915.72916504989,28023.09583360431,56617.24681471999,55044.735698952456,58235.85308791972,3.7866002417549485
CJD30,prion,VV2,14-2,fr,14-2_fr,P102L,1,14339,22,13844,0,13866,473,13866,22,FALSE,473,14317,48919.54880813112,47649.6908239463,50221.45495135511,22.01689433121129,13.797388428700472,33.33384458843739,48919.54880813112,47649.6908239463,50221.45495135511,3.411642988223106
CJD30,prion,VV2,14-2,hc,14-2_hc,D178N,1,13249,16,13146,0,13162,87,13162,16,FALSE,87,13233,66586.41663709118,63816.250687601525,69518.79977128717,16.00966889163249,9.150563261011738,25.99870045644866,66586.41663709118,63816.250687601525,69518.79977128717,5.025769238213539
CJD30,prion,VV2,14-2,hc,14-2_hc,E200K,1,14995,12341,1338,1198,14877,118,13679,13539,TRUE,1316,1456,36484.63408957121,35711.686188276115,37270.643428872456,34968.69781708504,34237.6721110049,35711.70335586443,72647.58806342808,69955.93272448475,75473.046574783,4.844787466717444
CJD30,prion,VV2,14-2,hc,14-2_hc,P102L,1,14947,30,14789,0,14819,128,14819,30,FALSE,128,14917,71151.24189982204,68575.80637241963,73849.37316025929,30.030146720770666,20.260534271313166,42.869905276721745,71151.24189982204,68575.80637241963,73849.37316025929,4.760235625866197
CJD30,prion,VV2,14-2,sn,14-2_sn,D178N,1,12722,10,12389,0,12399,323,12399,10,FALSE,323,12712,46733.44940815273,45364.790767220526,48143.53432853267,10.003932260398303,4.797085687160928,18.397588101399794,46733.44940815273,45364.790767220526,48143.53432853267,3.673435734016093
CJD30,prion,VV2,14-2,sn,14-2_sn,E200K,1,16377,12367,1943,1853,16163,214,14310,14220,TRUE,2067,2157,33896.78101308916,33237.6836366496,34565.512486528816,33198.791853082264,32555.64738321689,33851.246535605904,71037.81156198462,68859.4960627481,73295.7134358678,4.337657175428016
CJD30,prion,VV2,14-2,sn,14-2_sn,P102L,1,15758,31,15554,0,15585,173,15585,31,FALSE,173,15727,71097.13124745718,68763.8236422657,73525.47597479826,31.030532498320408,21.083070537190746,44.04536739135809,71097.13124745718,68763.8236422657,73525.47597479826,4.511811857307855
CJD30,prion,VV2,14-2,th,14-2_th,D178N,1,14914,25,14710,1,14736,178,14735,26,FALSE,179,14888,65959.69802751017,63789.81952624662,68216.57237496613,26.022689643578676,16.998313663798946,38.12927229038273,66043.25006676302,63867.21862325981,68306.77223508143,4.428272097811655
CJD30,prion,VV2,14-2,th,14-2_th,E200K,1,17378,15501,944,882,17327,51,16445,16383,TRUE,933,995,50822.91881543731,49738.97602784988,51927.0642927042,49704.86110942043,48657.24246294989,50771.52774726778,101333.45855027912,96585.19854194773,106453.1542529327,5.831134684674826
CJD30,prion,VV2,14-2,th,14-2_th,P102L,1,16883,34,16756,0,16790,93,16790,34,FALSE,93,16849,87816.29956434104,84399.59676380981,91425.36737445876,34.034281655001486,23.569029400732198,47.55950094591747,87816.29956434104,84399.59676380981,91425.36737445876,5.201462984323937
CJD3,prion,atypical,15-1,bg,15-1_bg,D178N,1,14079,14,12837,2,12853,1226,12851,16,FALSE,1228,14063,34342.86944274083,33591.39069149108,35107.48980747032,16.009098448704133,9.150257626462963,25.99777395720243,34365.818103078534,33613.6672832519,35131.129045907044,2.4409274879663707
CJD3,prion,atypical,15-1,bg,15-1_bg,E200K,1,15109,18,14084,0,14102,1007,14102,18,FALSE,1007,15091,40919.9310180325,40019.19880243603,41837.30074618636,18.01073060957803,10.673946697499577,28.46472042238788,40919.9310180325,40019.19880243603,41837.30074618636,2.7083149790212784
CJD3,prion,atypical,15-1,bg,15-1_bg,P102L,1,15760,8,14642,0,14650,1110,14650,8,FALSE,1110,15752,41813.093489102524,40920.02400713631,42721.99088030345,8.002031144240881,3.4545994289309614,15.767191590763579,41813.093489102524,40920.02400713631,42721.99088030345,2.6531150691054903
CJD3,prion,atypical,15-1,cb,15-1_cb,D178N,1,14641,7,13057,2,13066,1575,13064,9,FALSE,1577,14632,32624.562323437927,31942.831876435386,33317.27574983748,9.002767338629889,4.116497837124182,17.09005702384562,32643.142275170016,31960.92621278361,33336.35292651815,2.2295705399337487
CJD3,prion,atypical,15-1,cb,15-1_cb,E200K,1,13694,14,12608,0,12622,1072,12622,14,FALSE,1072,13680,34884.52994698028,34098.35990039378,35685.14430338387,14.007161300168628,7.657565521000069,23.50163740749179,34884.52994698028,34098.35990039378,35685.14430338387,2.5474317180502615
CJD3,prion,atypical,15-1,cb,15-1_cb,P102L,1,15354,7,14043,1,14051,1303,14050,8,FALSE,1304,15346,37862.036048785725,37065.68612904534,38671.81923750381,8.002084871682396,3.4546197230879057,15.7672974663214,37873.81510575008,37077.13091121325,38683.94150068928,2.4667067282629986
CJD3,prion,atypical,15-1,fr,15-1_fr,D178N,1,15580,2,11571,0,11573,4007,11573,2,FALSE,4007,15578,21156.786352926305,20741.930709149965,21577.341636115758,2.0001283806923005,0.2422170520112852,7.225151440847364,21156.786352926305,20741.930709149965,21577.341636115758,1.3579452087885946
CJD3,prion,atypical,15-1,fr,15-1_fr,E200K,1,15545,10,11992,0,12002,3543,12002,10,FALSE,3543,15535,22987.405308017656,22538.541307305026,23442.454250820076,10.00321784840622,4.796777395172838,18.396274109602285,22987.405308017656,22538.541307305026,23442.454250820076,1.4787652176273822
CJD3,prion,atypical,15-1,fr,15-1_fr,P102L,1,14966,6,8764,1,8771,6195,8770,7,FALSE,6196,14959,13198.171767223648,12913.837900332446,13486.779788609721,7.001637554605176,2.814927349973571,14.426049527145318,13200.587391472294,12916.21423136253,13489.235082642148,0.882038446577061
CJD3,prion,atypical,15-1,hc,15-1_hc,D178N,1,11622,17,11523,0,11540,82,11540,17,FALSE,82,11605,57574.64285977941,55072.68788817182,60228.157397495794,17.01244545394003,9.909949345832251,27.238574941184595,57574.64285977941,55072.68788817182,60228.157397495794,4.9539358853707975
CJD3,prion,atypical,15-1,hc,15-1_hc,E200K,1,14951,12,14774,0,14786,165,14786,12,FALSE,165,14939,67377.99707307685,65111.34244982496,69739.36628614197,12.004818309749083,6.202857187975641,20.97000218022025,67377.99707307685,65111.34244982496,69739.36628614197,4.506587992313348
CJD3,prion,atypical,15-1,hc,15-1_hc,P102L,1,12201,20,11995,0,12015,186,12015,20,FALSE,186,12181,51043.20708103888,49304.77899122251,52850.45738165118,20.016410034453745,12.226041244508824,30.91372410398982,51043.20708103888,49304.77899122251,52850.45738165118,4.183526520862133
CJD3,prion,atypical,15-1,sn,15-1_sn,D178N,1,11715,21,11619,1,11641,74,11640,22,FALSE,75,11693,59174.072736206435,56536.62895592435,61979.115146706696,22.020683175480638,13.799654560126157,33.33958193246488,59331.323419397464,56676.08157144892,62156.522380433904,5.0645602577377264
CJD3,prion,atypical,15-1,sn,15-1_sn,E200K,1,16472,23,16313,0,16336,136,16336,23,FALSE,136,16449,79012.26964286774,76258.10976099691,81893.3019023916,23.016072515416095,14.589771988277963,34.53541120990012,79012.26964286774,76258.10976099691,81893.3019023916,4.796762362971573
CJD3,prion,atypical,15-1,sn,15-1_sn,P102L,1,12490,35,12383,0,12418,72,12418,35,FALSE,72,12455,64398.65837645357,61528.01950677782,67455.61193792272,35.04913103754929,24.412022738626547,48.74486391247295,64398.65837645357,61528.01950677782,67455.61193792272,5.156017484103568
CJD3,prion,atypical,15-1,th,15-1_th,D178N,1,14102,11,12450,2,12463,1639,12461,13,FALSE,1641,14089,30333.554572201796,29693.04196866652,30984.374727332663,13.00599574295074,6.924899203125699,22.240649502154554,30350.752135308772,29709.79675157907,31002.025389712584,2.152230331535156
CJD3,prion,atypical,15-1,th,15-1_th,E200K,1,14383,10,11334,0,11344,3039,11344,10,FALSE,3039,14373,22358.638718019505,21905.395233857627,22818.406695074613,10.003477938371514,4.796889633311299,18.39675247978159,22358.638718019505,21905.395233857627,22818.406695074613,1.5545184396870961
CJD3,prion,atypical,15-1,th,15-1_th,P102L,1,15058,3,11613,0,11616,3442,11616,3,FALSE,3442,15055,22223.45039396978,21782.521835490963,22670.552813965656,3.00029888416633,0.6187132126167496,8.7681465736626,22223.45039396978,21782.521835490963,22670.552813965656,1.4758567136385827
CJD4,prion,VV2,15-27,bg,15-27_bg,D178N,1,9808,10,9558,0,9568,240,9568,10,FALSE,240,9798,36390.76691925188,35166.37464076108,37658.428112731046,10.00510134705076,4.797590169875223,18.39973842979369,36390.76691925188,35166.37464076108,37658.428112731046,3.710314734834001
CJD4,prion,VV2,15-27,bg,15-27_bg,E200K,2,28515,22,27229,1,27252,1263,27251,23,FALSE,1264,28492,88856.9878477226,87320.94106700545,90416.98469874023,23.009280810637083,14.585654261078838,34.52521921786544,88879.55611166282,87342.87277388078,90440.20718101112,3.116940421240148
CJD4,prion,VV2,15-27,bg,15-27_bg,P102L,1,11303,18,10852,0,10870,433,10870,18,FALSE,433,11285,36871.35498571169,35828.231570938566,37942.4025658091,18.0143477125915,10.675971004010785,28.47043792287086,36871.35498571169,35828.231570938566,37942.4025658091,3.262085728188241
CJD4,prion,VV2,15-27,cb,15-27_cb,D178N,2,25938,15,19171,1,19187,6751,19186,16,FALSE,6752,25922,34909.1842984248,34377.98486082098,35446.0226312133,16.004936874959423,9.148027837776196,25.99101508201182,34913.026111362284,34381.773389146896,35449.91827816635,1.346018432853816
CJD4,prion,VV2,15-27,cb,15-27_cb,E200K,3,45458,41,38270,0,38311,7147,38311,41,FALSE,7147,45417,84101.6700820158,83135.01249562686,85076.37940031276,41.018500719883576,29.435260095026994,55.64622864659915,84101.6700820158,83135.01249562686,85076.37940031276,1.8500961344981257
CJD4,prion,VV2,15-27,cb,15-27_cb,P102L,1,13651,16,13093,0,13109,542,13109,16,FALSE,542,13635,44042.249374146035,42916.90244342937,45194.47988131045,16.009383935616206,9.1504105862971,25.99823763692798,44042.249374146035,42916.90244342937,45194.47988131045,3.2263020565633314
CJD4,prion,VV2,15-27,fr,15-27_fr,D178N,1,11027,4,8998,0,9002,2025,9002,4,FALSE,2025,11023,18688.307194374316,18255.260508134354,19128.589812885883,4.0007256674679175,1.0900136547302959,10.243446788092253,18688.307194374316,18255.260508134354,19128.589812885883,1.6947771102180391
CJD4,prion,VV2,15-27,fr,15-27_fr,E200K,2,33901,10,24771,3,24784,9117,24781,13,FALSE,9120,33888,44511.155589135,43917.19168491336,45110.632000746846,13.002493189238908,6.923177859100812,22.23465946541892,44522.309068426264,43928.21126690185,45121.9205551866,1.3133037098736398
CJD4,prion,VV2,15-27,fr,15-27_fr,P102L,2,28557,24,20177,1,20202,8355,20201,25,FALSE,8356,28532,35094.33258596017,34580.25662040822,35613.63616651396,25.010949417081935,16.18548402327946,36.92109585345027,35097.75033475247,34583.63079714697,35617.097881525646,1.2290419278899207
CJD4,prion,VV2,15-27,ps,15-27_ps,D178N,1,10976,19,10869,1,10889,87,10888,20,FALSE,88,10956,52971.597781510354,50691.55594244002,55384.78671519351,20.018243739689243,12.227105119098894,30.91655664025846,53097.03914687045,50803.87139139949,55524.93708428459,4.837558231311083
CJD4,prion,VV2,15-27,ps,15-27_ps,E200K,3,43094,60,39611,316,39987,3107,39671,376,FALSE,3423,42718,109151.3453627347,107766.97218701478,110549.80961426128,377.6499253587303,340.43399569819644,417.8193083999331,113325.41853017051,111866.51714205326,114799.6571069183,2.629726145871131
CJD4,prion,VV2,15-27,ps,15-27_ps,P102L,1,12089,30,12044,0,12074,15,12074,30,FALSE,15,12059,80899.60040452027,74855.3776215749,87912.86481817503,30.03728562054948,20.26518944565577,42.880098388022446,80899.60040452027,74855.3776215749,87912.86481817503,6.692001026099782
CJD4,prion,VV2,15-27,th,15-27_th,D178N,1,12387,25,12203,0,12228,159,12228,25,FALSE,159,12362,53951.56131098086,52040.48675943784,55944.45871179155,25.025262057413347,16.194374726920017,36.94222697200929,53951.56131098086,52040.48675943784,55944.45871179155,4.355498612333968
CJD4,prion,VV2,15-27,th,15-27_th,E200K,2,30531,36,30205,0,30241,290,30241,36,FALSE,290,30495,142171.17108924867,138675.20123813776,145774.88615679627,36.02124102829117,25.22842049984702,49.86858229834458,142171.17108924867,138675.20123813776,145774.88615679627,4.656616916879521
CJD4,prion,VV2,15-27,th,15-27_th,P102L,1,11891,21,11719,0,11740,151,11740,21,FALSE,151,11870,51919.16500282699,50036.626160420776,53884.55097585176,21.01856529749038,13.010274949076239,32.12911237361874,51919.16500282699,50036.626160420776,53884.55097585176,4.3662572536226545
CJD31,prion,VV2,15-6,bg,15-6_bg,D178N,1,13563,12,13435,0,13447,116,13447,12,FALSE,116,13551,64580.36806240668,62125.85826535991,67158.23956877388,12.005311693333818,6.203090852005079,20.97086413283661,64580.36806240668,62125.85826535991,67158.23956877388,4.76151058485635
CJD31,prion,VV2,15-6,bg,15-6_bg,E200K,1,16249,27,16128,0,16155,94,16155,27,FALSE,94,16222,83722.84031654241,80452.41661163257,87176.43737724308,27.022457030128948,17.807420293287333,39.316258641754146,83722.84031654241,80452.41661163257,87176.43737724308,5.152491865132772
CJD31,prion,VV2,15-6,bg,15-6_bg,P102L,1,15505,29,15297,0,15326,179,15326,29,FALSE,179,15476,69176.05405838229,66919.62695673652,71522.8457897292,29.02715414782999,19.439312230478343,41.68783839957237,69176.05405838229,66919.62695673652,71522.8457897292,4.461532025693795
CJD31,prion,VV2,15-6,cb,15-6_cb,D178N,1,12595,10,12509,0,12519,76,12519,10,FALSE,76,12585,64364.503681862276,61546.98051018947,67359.5981819025,10.003971931821523,4.797102806450179,18.39766106854949,64364.503681862276,61546.98051018947,67359.5981819025,5.110321848500379
CJD31,prion,VV2,15-6,cb,15-6_cb,E200K,1,17263,19,17075,0,17094,169,17094,19,FALSE,169,17244,79865.92379552207,77278.08579656293,82560.18867474316,19.0104635666257,11.445208986991926,29.68719472739316,79865.92379552207,77278.08579656293,82560.18867474316,4.626422046893476
CJD31,prion,VV2,15-6,cb,15-6_cb,P102L,1,15361,19,14981,0,15000,361,15000,19,FALSE,361,15342,57614.64325954424,56049.75189566752,59224.003500346764,19.01176023555356,11.445948482666978,29.68921989987487,57614.64325954424,56049.75189566752,59224.003500346764,3.7507091504162644
CJD31,prion,VV2,15-6,fr,15-6_fr,D178N,1,13657,12,13269,0,13281,376,13281,12,FALSE,376,13645,49061.657355262454,47701.322453290966,50460.20168326267,12.005275111956264,6.203073527345291,20.970800223947982,49061.657355262454,47701.322453290966,50460.20168326267,3.59241834628853
CJD31,prion,VV2,15-6,fr,15-6_fr,E200K,1,14768,26,14135,1,14162,606,14161,27,FALSE,607,14741,47134.86559880854,45985.26118157384,48310.44849209663,27.02471186900655,17.808850991720526,39.31953981948944,47159.215150903576,46008.6214091388,48335.82780499677,3.193337970673319
CJD31,prion,VV2,15-6,fr,15-6_fr,P102L,1,15473,26,14806,0,14832,641,14832,26,FALSE,641,15447,49263.28386474718,48091.34920147847,50460.98253422352,26.021869005097717,16.99779829290107,38.12806967858564,49263.28386474718,48091.34920147847,50460.98253422352,3.1838223915690027
CJD31,prion,VV2,15-6,hc,15-6_hc,D178N,1,12105,18,12060,0,12078,27,12078,18,FALSE,27,12087,73907.52542576757,69374.66031575398,78951.47291653958,18.01339618125717,10.675438489875289,28.468933825875002,73907.52542576757,69374.66031575398,78951.47291653958,6.105537003367829
CJD31,prion,VV2,15-6,hc,15-6_hc,E200K,1,17113,29,17064,0,17093,20,17093,29,FALSE,20,17084,115544.60437818349,108111.9233410667,123976.94801696483,29.024599758227854,19.4376607528895,41.68416931858714,115544.60437818349,108111.9233410667,123976.94801696483,6.751861414023461
CJD31,prion,VV2,15-6,hc,15-6_hc,P102L,1,14985,28,14938,0,14966,19,14966,28,FALSE,19,14957,99955.43451875608,93281.56375521673,107555.38200181443,28.02619212518431,18.62257819893164,40.505653907187984,99955.43451875608,93281.56375521673,107555.38200181443,6.670366000584323
CJD31,prion,VV2,15-6,sn,15-6_sn,D178N,1,13587,26,13547,0,13573,14,13573,26,FALSE,14,13561,93448.82352724936,86422.27849754872,101650.49729909006,26.024908501971392,16.999707119070862,38.132523970077635,93448.82352724936,86422.27849754872,101650.49729909006,6.877811402609065
CJD31,prion,VV2,15-6,sn,15-6_sn,E200K,1,17582,30,17546,0,17576,6,17576,30,FALSE,6,17552,140354.8460305207,126683.89841506335,157978.37249804244,30.025623509448746,20.257584655859148,42.86344712206444,140354.8460305207,126683.89841506335,157978.37249804244,7.982871461183069
CJD31,prion,VV2,15-6,sn,15-6_sn,P102L,1,14731,42,14679,0,14721,10,14721,42,FALSE,10,14689,107464.47610485456,98493.9380596539,118288.63199672195,42.05998778478418,30.31210626874599,56.85289254837031,107464.47610485456,98493.9380596539,118288.63199672195,7.295124302820892
CJD31,prion,VV2,15-6,th,15-6_th,D178N,1,12815,20,12766,0,12786,29,12786,20,FALSE,29,12795,78057.1364899219,73424.72050916425,83190.4036452697,20.015622967877302,12.225584599780797,30.91250833431011,78057.1364899219,73424.72050916425,83190.4036452697,6.091075808811698
CJD31,prion,VV2,15-6,th,15-6_th,E200K,1,11805,43,11750,0,11793,12,11793,43,FALSE,12,11762,81352.6440958317,74772.47574903401,89144.6672983743,43.078504969100806,31.174799749180732,58.026476157929274,81352.6440958317,74772.47574903401,89144.6672983743,6.891371799731614
CJD31,prion,VV2,15-6,th,15-6_th,P102L,1,13166,44,12957,0,13001,165,13001,44,FALSE,165,13122,57659.80649763926,55665.39952319018,59737.85712865511,44.073686927406975,32.02278589557357,59.1668782573376,57659.80649763926,55665.39952319018,59737.85712865511,4.379447554127242
Control1,control,control,17-11,bg,17-11_bg,D178N,1,15385,6,14881,0,14887,498,14887,6,FALSE,498,15379,52778.98422210396,51450.648109176655,54139.906600486494,6.001170275025029,2.2022521283543677,13.062021343599366,52778.98422210396,51450.648109176655,54139.906600486494,3.430548210731489
Control1,control,control,17-11,bg,17-11_bg,E200K,1,15056,9,14502,0,14511,545,14511,9,FALSE,545,15047,49967.04078718982,48726.9315755612,51236.44331184996,9.002691029954587,4.1164668244022256,17.08991214979774,49967.04078718982,48726.9315755612,51236.44331184996,3.318746067161917
Control1,control,control,17-11,bg,17-11_bg,P102L,1,13171,5,12673,0,12678,493,12678,5,FALSE,493,13166,43270.20619013317,42130.40981095173,44438.45483424648,5.000949294998186,1.6237329638472577,11.670547538716232,43270.20619013317,42130.40981095173,44438.45483424648,3.2852635479563563
Control1,control,control,17-11,cb,17-11_cb,D178N,1,12260,7,7351,0,7358,4902,7358,7,FALSE,4902,12253,11238.725392630291,10973.77447093329,11508.037425439206,7.001999129667418,2.8150519403245577,14.426794596807534,11238.725392630291,10973.77447093329,11508.037425439206,0.9166986454021444
Control1,control,control,17-11,cb,17-11_cb,E200K,1,16392,12,12377,0,12389,4003,12389,12,FALSE,4003,16380,23108.611032541652,22668.055920710944,23555.064708578404,12.004394531380273,6.202656486332225,20.969261838154367,23108.611032541652,22668.055920710944,23555.064708578404,1.4097493309261622
Control1,control,control,17-11,cb,17-11_cb,P102L,1,16368,5,8222,0,8227,8141,8227,5,FALSE,8141,16363,11431.659774554093,11180.520649494429,11686.681108914187,5.000763840800075,1.6236847952771012,11.670114707630438,11431.659774554093,11180.520649494429,11686.681108914187,0.69841518661743
Control1,control,control,17-11,fr,17-11_fr,D178N,1,16710,3,16674,0,16677,33,16677,3,FALSE,33,16707,104057.43205465465,98389.55659834784,110293.17117344665,3.000269332056585,0.6187091500283662,8.768060202798566,104057.43205465465,98389.55659834784,110293.17117344665,6.2272550601229595
Control1,control,control,17-11,fr,17-11_fr,E200K,1,15160,5,15152,0,15157,3,15157,5,FALSE,3,15155,129281.49909720833,113026.59363992451,153215.2969891706,5.000824719601025,1.6237006076198321,11.670256791487876,129281.49909720833,113026.59363992451,153215.2969891706,8.527803370528254
Control1,control,control,17-11,fr,17-11_fr,P102L,1,13687,3,13533,0,13536,151,13536,3,FALSE,151,13684,61686.240310777735,59517.38380433627,63950.15692494399,3.0003288271834894,0.6187173289100358,8.76823408776688,61686.240310777735,59517.38380433627,63950.15692494399,4.506921919396342
Control1,control,control,17-11,hc,17-11_hc,D178N,1,16927,4,16720,0,16724,203,16724,4,FALSE,203,16923,74875.89523505351,72562.99355818379,77275.48598209428,4.000472692180663,1.0899619643960474,10.242799004239657,74875.89523505351,72562.99355818379,77275.48598209428,4.42345928014731
Control1,control,control,17-11,hc,17-11_hc,E200K,1,16723,8,16504,0,16512,211,16512,8,FALSE,211,16715,73124.36381026126,70883.75215623529,75447.36591141691,8.001914142747895,3.454555234443634,15.766961028052707,73124.36381026126,70883.75215623529,75447.36591141691,4.372682162905057
Control1,control,control,17-11,hc,17-11_hc,P102L,1,14966,2,14685,0,14687,279,14687,2,FALSE,279,14964,59599.46785068423,57860.93725981876,61393.92647849647,2.0001336481496117,0.24221737094548115,7.22517047021542,59599.46785068423,57860.93725981876,61393.92647849647,3.9823244588189386
Control1,control,control,17-11,sn,17-11_sn,D178N,1,15577,19,15522,0,15541,36,15541,19,FALSE,36,15558,94552.88547119872,89492.8848363563,100095.28967737986,19.011597028351375,11.445855405533177,29.68896499677586,94552.88547119872,89492.8848363563,100095.28967737986,6.070031807870496
Control1,control,control,17-11,sn,17-11_sn,E200K,1,13585,16,13525,0,13541,44,13541,16,FALSE,44,13569,77876.44569769461,73883.21889748289,82209.66317811985,16.009429561417935,9.150435031891785,25.998311741249452,77876.44569769461,73883.21889748289,82209.66317811985,5.732531887942187
Control1,control,control,17-11,sn,17-11_sn,P102L,1,14238,26,14181,0,14207,31,14207,26,FALSE,31,14212,87274.41973654194,82294.08600533278,92772.50047870183,26.023768229062096,16.99899102408449,38.13085292329703,87274.41973654194,82294.08600533278,92772.50047870183,6.1296825211786725
Control1,control,control,17-11,th,17-11_th,D178N,1,14403,19,14167,0,14186,217,14186,19,FALSE,217,14384,60424.82587201468,58524.40009530631,62394.50927676514,19.01254314360209,11.446394972988713,29.690442681647703,60424.82587201468,58524.40009530631,62394.50927676514,4.19529444365859
Control1,control,control,17-11,th,17-11_th,E200K,1,14916,11,14627,0,14638,278,14638,11,FALSE,278,14905,59403.99364940204,57668.15822612396,61195.77598459228,11.004058042424475,5.493001859198011,19.68929990573823,59403.99364940204,57668.15822612396,61195.77598459228,3.9825686276080745
Control1,control,control,17-11,th,17-11_th,P102L,1,13475,28,13217,0,13245,230,13245,28,FALSE,230,13447,54850.15037035768,53124.93332807915,56636.62022689307,28.029131271094727,18.624461169634717,40.50990251452076,54850.15037035768,53124.93332807915,56636.62022689307,4.070512086854002
CJD5,prion,MV2K+C,17-12,bg,17-12_bg,D178N,1,15852,3,15799,0,15802,50,15802,3,FALSE,50,15849,91292.11104568031,86918.58028356452,96011.80990852494,3.000283911671695,0.6187111543218009,8.768102814012844,91292.11104568031,86918.58028356452,96011.80990852494,5.75902794888218
CJD5,prion,MV2K+C,17-12,bg,17-12_bg,E200K,1,15775,6,15726,0,15732,43,15732,6,FALSE,43,15769,93151.08429381756,88459.57040104737,98246.82497523056,6.0011413353723615,2.2022432789020274,13.061958348051055,93151.08429381756,88459.57040104737,98246.82497523056,5.904981571715852
CJD5,prion,MV2K+C,17-12,bg,17-12_bg,P102L,1,15655,6,15477,0,15483,172,15483,6,FALSE,172,15649,70620.50586200612,68295.74630349313,73040.2515380078,6.001150086266425,2.2022459548399267,13.061977396895115,70620.50586200612,68295.74630349313,73040.2515380078,4.511051156947053
CJD5,prion,MV2K+C,17-12,cb,17-12_cb,D178N,1,11528,11,11413,0,11424,104,11424,11,FALSE,104,11517,54275.475253865894,52073.15827391426,56595.413803005256,11.005251432475221,5.493543364403837,19.691435502732702,54275.475253865894,52073.15827391426,56595.413803005256,4.7081432385379856
CJD5,prion,MV2K+C,17-12,cb,17-12_cb,E200K,1,15243,9,15107,0,15116,127,15116,9,FALSE,127,15234,72978.73693048295,70341.67295609074,75741.89719058764,9.002658003594869,4.1164534020811825,17.089849448522692,72978.73693048295,70341.67295609074,75741.89719058764,4.78768857380325
CJD5,prion,MV2K+C,17-12,cb,17-12_cb,P102L,1,13601,27,13449,0,13476,125,13476,27,FALSE,125,13574,63783.04369623528,61412.47779620333,66268.18437649684,27.0268350202452,17.810198114991845,39.32262941330494,63783.04369623528,61412.47779620333,66268.18437649684,4.689584861130452
CJD5,prion,MV2K+C,17-12,fr,17-12_fr,D178N,1,15797,2,15508,0,15510,287,15510,2,FALSE,287,15795,63315.846887254294,61506.03743804918,65182.94702220312,2.0001266170049905,0.24221694522461287,7.225145069313659,63315.846887254294,61506.03743804918,65182.94702220312,4.008093111809476
CJD5,prion,MV2K+C,17-12,fr,17-12_fr,E200K,1,16123,9,15826,0,15835,288,15835,9,FALSE,288,16114,64895.746084852515,63051.48895425908,66798.23371474424,9.002512874648788,4.116394419666587,17.089573919008004,64895.746084852515,63051.48895425908,66798.23371474424,4.025041622827794
CJD5,prion,MV2K+C,17-12,fr,17-12_fr,P102L,1,14442,1,14396,0,14397,45,14397,1,FALSE,45,14441,83348.15301179173,79149.75234874342,87899.3515176204,1.0000346228411456,0.02531780798474153,5.571836304382992,83348.15301179173,79149.75234874342,87899.3515176204,5.771233417240807
CJD5,prion,MV2K+C,17-12,hc,17-12_hc,D178N,1,16235,21,15744,0,15765,470,15765,21,FALSE,470,16214,57507.48695493619,56061.99602071422,58989.22551142872,21.013593491185127,13.00734433950768,32.121511229000184,57507.48695493619,56061.99602071422,58989.22551142872,3.5421919898328422
CJD5,prion,MV2K+C,17-12,hc,17-12_hc,E200K,1,14544,10,14134,0,14144,400,14144,10,FALSE,400,14534,52263.41705283414,50858.78413180341,53706.24082434568,10.00343942043362,4.796873011504161,18.396681635433996,52263.41705283414,50858.78413180341,53706.24082434568,3.5934692693092782
CJD5,prion,MV2K+C,17-12,hc,17-12_hc,P102L,1,14400,20,13888,1,13909,491,13908,21,FALSE,492,14379,48621.668674633685,47372.04305874387,49902.27780351188,21.015327403454705,13.008366402812731,32.1241620777451,48650.966751881824,47400.02376940009,49932.9536775395,3.3785393577695713
CJD5,prion,MV2K+C,17-12,sn,17-12_sn,D178N,1,16596,2,16590,0,16592,4,16592,2,FALSE,4,16594,138255.01300704427,122655.1988381395,159832.84394843507,2.0001205206484474,0.24221657610065306,7.22512304554398,138255.01300704427,122655.1988381395,159832.84394843507,8.330622620332868
CJD5,prion,MV2K+C,17-12,sn,17-12_sn,E200K,1,17518,4,17508,0,17512,6,17512,4,FALSE,6,17514,139780.05888136505,126158.8875467852,157339.42909524767,4.00045674266513,1.0899587053657922,10.24275816388724,139780.05888136505,126158.8875467852,157339.42909524767,7.97922473349498
CJD5,prion,MV2K+C,17-12,sn,17-12_sn,P102L,2,25846,35,25806,0,25841,5,25841,35,FALSE,5,25811,220995.5307575627,199095.91525318706,250067.52524431876,35.02371947368648,24.394831033439694,48.70951708433932,220995.5307575627,199095.91525318706,250067.52524431876,8.550473216651037
CJD5,prion,MV2K+C,17-12,th,17-12_th,D178N,1,15563,31,15402,0,15433,130,15433,31,FALSE,130,15532,74470.77790585335,71809.54210110921,77257.6702185187,31.030915570773836,21.083322380124773,44.04591121910379,74470.77790585335,71809.54210110921,77257.6702185187,4.785117130749428
CJD5,prion,MV2K+C,17-12,th,17-12_th,E200K,1,12731,20,12701,0,12721,10,12721,20,FALSE,10,12711,91016.5944205106,83264.53905918001,100370.8895957481,20.015726157376893,12.225644469066207,30.91266772896363,91016.5944205106,83264.53905918001,100370.8895957481,7.149210150067599
CJD5,prion,MV2K+C,17-12,th,17-12_th,P102L,1,15223,7,15107,0,15114,109,15114,7,FALSE,109,15216,75189.66749151076,72345.76609396374,78180.93572179117,7.001609900358884,2.814917820848411,14.425992542898088,75189.66749151076,72345.76609396374,78180.93572179117,4.939214838830109
CJD6,prion,MV2C,17-13,bg,17-13_bg,D178N,2,33447,39,33220,0,33259,188,33259,39,FALSE,188,33408,173298.11872542393,168533.02667130763,178246.40449298173,39.02275515566738,27.748578088940604,53.345392178361095,173298.11872542393,168533.02667130763,178246.40449298173,5.181275412605732
CJD6,prion,MV2C,17-13,bg,17-13_bg,E200K,1,15736,26,15237,0,15263,473,15263,26,FALSE,473,15710,55148.55824873508,53752.775735476134,56579.31927937877,26.021503099373515,16.997568498735774,38.12753346107385,55148.55824873508,53752.775735476134,56579.31927937877,3.504610971576962
CJD6,prion,MV2C,17-13,bg,17-13_bg,P102L,1,13049,4,12978,0,12982,67,12982,4,FALSE,67,13045,68791.38104086815,65681.86669258014,72110.65333875734,4.000613199114774,1.0899906743859313,10.243158791335542,68791.38104086815,65681.86669258014,72110.65333875734,5.271774162071281
CJD6,prion,MV2C,17-13,cb,17-13_cb,D178N,1,16582,8,16572,0,16580,2,16580,8,FALSE,2,16574,149618.15674510313,128323.56424803448,184624.0433392708,8.001930424316017,3.454561384427876,15.766993112368784,149618.15674510313,128323.56424803448,184624.0433392708,9.022925868116218
CJD6,prion,MV2C,17-13,cb,17-13_cb,E200K,1,16294,15,16273,0,16288,6,16288,15,FALSE,6,16279,128833.28109526342,116164.08113332055,145165.66295751507,15.006908622285945,8.398994841659972,24.751614278022927,128833.28109526342,116164.08113332055,145165.66295751507,7.9067927516425325
CJD6,prion,MV2C,17-13,cb,17-13_cb,P102L,1,13973,11,13960,0,13971,2,13971,11,FALSE,2,13962,123685.29307843497,105741.58753291966,153183.31893616082,11.00433205256288,5.493126193979427,19.689790246101804,123685.29307843497,105741.58753291966,153183.31893616082,8.851734994520502
CJD6,prion,MV2C,17-13,fr,17-13_fr,D178N,1,13975,13,13699,0,13712,263,13712,13,FALSE,263,13962,55520.875940191356,53849.051273138706,57248.21519341447,13.00605026402028,6.924925996681921,22.24074274728502,55520.875940191356,53849.051273138706,57248.21519341447,3.9728712658455354
CJD6,prion,MV2C,17-13,fr,17-13_fr,E200K,1,15002,40,14738,1,14779,223,14778,41,FALSE,224,14961,63072.79987562348,61124.31349873975,65091.08142516553,41.05612815087103,29.461600368795892,55.69728078640719,63139.923030108075,61187.00998839756,65162.945268396354,4.208767033069463
CJD6,prion,MV2C,17-13,fr,17-13_fr,P102L,1,13399,28,13095,1,13124,275,13123,29,FALSE,276,13370,52022.079639166965,50458.81312180797,53636.16590197544,29.031428294904316,19.44207552027407,41.693977832207615,52070.71490127667,50504.54991374329,53687.88250943798,3.8861642586220366
CJD6,prion,MV2C,17-13,hc,17-13_hc,D178N,1,17509,5,17418,3,17426,83,17423,8,FALSE,86,17501,93079.99790767871,89394.58733108215,96981.72717675584,8.001828188401316,3.454522767101345,15.766791647605833,93701.68451587076,89950.19166107198,97677.64179309085,5.351629705629719
CJD6,prion,MV2C,17-13,hc,17-13_hc,E200K,1,17828,7,17785,0,17792,36,17792,7,FALSE,36,17821,110622.85758654107,104830.64591410989,116966.8910887123,7.001374602591921,2.8148367410620847,14.42550769319179,110622.85758654107,104830.64591410989,116966.8910887123,6.205006595610336
CJD6,prion,MV2C,17-13,hc,17-13_hc,P102L,1,14207,1,14114,0,14115,92,14115,1,FALSE,92,14206,71599.03925060687,68709.93132280553,74652.16479770209,1.0000351955700209,0.025317807984123242,5.571839495664042,71599.03925060687,68709.93132280553,74652.16479770209,5.0397015028230365
CJD6,prion,MV2C,17-13,sn,17-13_sn,D178N,1,18145,2,18136,0,18138,7,18138,2,FALSE,7,18143,142624.05789538924,129510.9032208235,159155.72043597043,2.0001102313028767,0.24221595309714622,7.225085874301626,142624.05789538924,129510.9032208235,159155.72043597043,7.860240170591856
CJD6,prion,MV2C,17-13,sn,17-13_sn,E200K,1,17488,3,17472,0,17475,13,17475,3,FALSE,13,17485,125989.16307647325,116611.27134389378,137008.46130625822,3.0002573487358064,0.6187075026492991,8.768025179798471,125989.16307647325,116611.27134389378,137008.46130625822,7.204320852954783
CJD6,prion,MV2C,17-13,sn,17-13_sn,P102L,1,11101,1,10835,0,10836,265,10836,1,FALSE,265,11100,41462.90824619266,40143.53612160675,42826.45437194183,1.000045043692842,0.025317807984703865,5.57189437071193,41462.90824619266,40143.53612160675,42826.45437194183,3.7350606473464247
CJD6,prion,MV2C,17-13,th,17-13_th,D178N,2,32348,22,31624,0,31646,702,31646,22,FALSE,702,32326,123904.94042250293,121538.75641039539,126318.4383550422,22.007484536274596,13.791760033375793,33.31959645370985,123904.94042250293,121538.75641039539,126318.4383550422,3.8303740701899014
CJD6,prion,MV2C,17-13,th,17-13_th,E200K,2,31192,23,30444,1,30468,724,30467,24,FALSE,725,31168,117336.35864299559,115093.02999969844,119623.96771753741,24.009237875594074,15.382924909269455,35.72384332416374,117379.41178992736,115134.4971833564,119668.66636734124,3.763125538276717
CJD6,prion,MV2C,17-13,th,17-13_th,P102L,2,27145,26,25998,0,26024,1121,26024,26,FALSE,1121,27119,86510.34742809334,84955.16416020083,88091.1366417511,26.0124596052211,16.991888866871754,38.11428108225802,86510.34742809334,84955.16416020083,88091.1366417511,3.1869717232673915
Control2,control,control,17-15,cb,17-15_cb,D178N,1,14913,0,14911,0,14911,2,14911,0,FALSE,2,14913,132976.85601000692,113825.8550507458,164459.31616918716,-0,-0,3.6888794541136063,132976.85601000692,113825.8550507458,164459.31616918716,8.916841414202837
Control2,control,control,17-15,cb,17-15_cb,E200K,1,16578,3,16542,0,16545,33,16545,3,FALSE,33,16575,103103.9571294518,97480.90758546688,109290.40055596126,3.0002714768344725,0.6187094448767159,8.768066471237308,103103.9571294518,97480.90758546688,109290.40055596126,6.219324232684992
Control2,control,control,17-15,cb,17-15_cb,P102L,1,13201,0,12777,0,12777,424,12777,0,FALSE,424,13201,45389.188500652235,44153.910591130225,46657.40759899609,-0,-0,3.6888794541144088,45389.188500652235,44153.910591130225,46657.40759899609,3.438314408048802
Control2,control,control,17-15,fr,17-15_fr,E200K,1,15330,12,14693,0,14705,625,14705,12,FALSE,625,15318,49053.168888244596,47876.89416927144,50255.60356050025,12.004699125601338,6.2028007425185905,20.969793964354267,49053.168888244596,47876.89416927144,50255.60356050025,3.1998153221294583
Control2,control,control,17-15,th,17-15_th,D178N,2,30244,6,29435,1,29442,802,29441,7,FALSE,803,30237,109746.35388732843,107683.10902261696,111848.53868741555,7.000810203048611,2.8146422532918933,14.424344732988905,109784.04111961942,107719.47484851266,111887.59425237436,3.629944488811646
Control2,control,control,17-15,th,17-15_th,E200K,1,16937,3,16222,0,16225,712,16225,3,FALSE,712,16934,53676.36686258029,52459.523492199136,54918.58022017319,3.000265721877641,0.6187086537274492,8.768049651512051,53676.36686258029,52459.523492199136,54918.58022017319,3.1691779454791456
Control3,control,control,17-20,bg,17-20_bg,D178N,1,13855,1,11889,0,11890,1965,11890,1,FALSE,1965,13854,27060.94774162795,26494.328157534615,27636.360887657553,1.0000360897911342,0.025317807984389963,5.571844478335136,27060.94774162795,26494.328157534615,27636.360887657553,1.953153932993717
Control3,control,control,17-20,bg,17-20_bg,E200K,1,12131,3,11165,0,11168,963,11168,3,FALSE,963,12128,30733.47637320696,29999.187156113025,31482.058427449894,3.0003710116267874,0.6187231279865174,8.768357381020344,30733.47637320696,29999.187156113025,31482.058427449894,2.5334660269727935
Control3,control,control,17-20,bg,17-20_bg,P102L,2,32310,26,29702,0,29728,2582,29728,26,FALSE,2582,32284,81641.3114682803,80446.66143519568,82850.01239345703,26.01046677301823,16.99063725051813,38.11136088864219,81641.3114682803,80446.66143519568,82850.01239345703,2.526812487411956
Control3,control,control,17-20,cb,17-20_cb,D178N,1,14753,1,13330,0,13331,1422,13331,1,FALSE,1422,14752,34512.90442453878,33784.84620797694,35253.019786449324,1.0000338929438233,0.025317807984772667,5.571832237344433,34512.90442453878,33784.84620797694,35253.019786449324,2.3393821205543808
Control3,control,control,17-20,cb,17-20_cb,E200K,1,13993,2,13178,0,13180,813,13180,2,FALSE,813,13991,39818.22016649259,38885.54490383158,40769.75367993134,2.0001429422273147,0.24221793367968494,7.225204046417186,39818.22016649259,38885.54490383158,40769.75367993134,2.845581374007903
Control3,control,control,17-20,cb,17-20_cb,P102L,2,29769,17,28960,0,28977,792,28977,17,FALSE,792,29752,107962.08532329038,105917.25833509183,110045.7861166975,17.00485589156602,9.905788718972111,27.22642183475733,107962.08532329038,105917.25833509183,110045.7861166975,3.6266614707679254
Control3,control,control,17-20,fr,17-20_fr,D178N,1,15258,2,14227,0,14229,1029,14229,2,FALSE,1029,15256,41143.44873893644,40243.99202446081,42059.36576982898,2.000131090234713,0.24221721606879973,7.2251612294090926,41143.44873893644,40243.99202446081,42059.36576982898,2.696516498816125
Control3,control,control,17-20,fr,17-20_fr,E200K,1,13521,1,12540,0,12541,980,12541,1,FALSE,980,13520,35485.14436740447,34670.70434889002,36315.04751085183,1.000036981336041,0.02531780798382991,5.571849446104833,35485.14436740447,34670.70434889002,36315.04751085183,2.6244467396941404
Control3,control,control,17-20,fr,17-20_fr,P102L,2,30686,31,29306,0,29337,1349,29337,31,FALSE,1349,30655,95876.65628076786,94276.23808636368,97501.18716232535,31.015669160419538,21.073298561794683,44.02426753259475,95876.65628076786,94276.23808636368,97501.18716232535,3.124442947297395
Control3,control,control,17-20,hc,17-20_hc,D178N,1,14367,26,14331,0,14357,10,14357,26,FALSE,10,14341,104449.58554747155,95700.8113492479,115006.22679028772,26.023554558408424,16.99885683760998,38.13053979476803,104449.58554747155,95700.8113492479,115006.22679028772,7.270104096016674
Control3,control,control,17-20,hc,17-20_hc,E200K,1,12541,18,12502,0,12520,21,12520,18,FALSE,21,12523,80165.03315709996,74848.73223195587,86176.50254060782,18.012930003876242,10.675177596439424,28.468196940392215,80165.03315709996,74848.73223195587,86176.50254060782,6.392236118100627
Control3,control,control,17-20,hc,17-20_hc,P102L,1,11215,32,11178,0,11210,5,11210,32,FALSE,5,11183,86530.11232964414,77029.4003376124,99144.25105502905,32.045740171440265,21.918281448452216,45.23903085193949,86530.11232964414,77029.4003376124,99144.25105502905,7.715569534520208
Control3,control,control,17-20,sn,17-20_sn,D178N,1,16105,2,12952,0,12954,3151,12954,2,FALSE,3151,16103,26273.856761729236,25770.42667119209,26784.17438431413,2.0001241953182536,0.24221679859473474,7.22513632068875,26273.856761729236,25770.42667119209,26784.17438431413,1.6314099200080245
Control3,control,control,17-20,sn,17-20_sn,E200K,1,12527,11,11661,0,11672,855,11672,11,FALSE,855,12516,33629.234144715396,32819.56415225625,34455.23681549833,11.004832397236159,5.49335322772603,19.690685621674007,33629.234144715396,32819.56415225625,34455.23681549833,2.6845401249074317
Control3,control,control,17-20,sn,17-20_sn,P102L,2,30037,34,27935,0,27969,2068,27969,34,FALSE,2068,30003,80374.44632849703,79125.98032756834,81638.94078093345,34.01925746725057,23.558931939216205,47.53850363463251,80374.44632849703,79125.98032756834,81638.94078093345,2.675847998418518
Control3,control,control,17-20,th,17-20_th,D178N,1,11134,1,4003,0,4004,7130,4004,1,FALSE,7130,11133,4962.33757090113,4808.302021680403,5119.829451998309,1.0000449101790903,0.025317807984704732,5.571893626752875,4962.33757090113,4808.302021680403,5119.829451998309,0.44569225533511136
Control3,control,control,17-20,th,17-20_th,E200K,1,10087,1,8892,0,8893,1194,8893,1,FALSE,1194,10086,21525.03715626878,20988.69989562219,22071.578145110467,1.0000495720286802,0.025317807984374316,5.571919603598056,21525.03715626878,20988.69989562219,22071.578145110467,2.133938451102288
Control3,control,control,17-20,th,17-20_th,P102L,2,31425,24,25791,1,25816,5609,25815,25,FALSE,5610,31400,54146.941623043116,53402.49321264735,54898.723580145816,25.00994958910102,16.184862916618314,36.91961979571684,54152.54372663225,53408.014427080925,54904.407538847336,1.7232313039501113
Control4,control,control,17-30,bg,17-30_bg,D178N,1,14680,2,14474,1,14477,203,14476,3,FALSE,204,14677,62773.46080620059,60774.56914551881,64847.424621944796,3.0003065812794705,0.6187142707486506,8.768169069850641,62845.59854350024,60841.724956270045,64924.91660459306,4.281035323126719
Control4,control,control,17-30,bg,17-30_bg,E200K,1,14645,12,14581,0,14593,52,14593,12,FALSE,52,14633,82606.74136826456,78645.02186824911,86875.43841427892,12.00491904097128,6.202904894018698,20.970178159134388,82606.74136826456,78645.02186824911,86875.43841427892,5.640610540680407
Control4,control,control,17-30,bg,17-30_bg,P102L,1,14695,6,14633,0,14639,56,14639,6,FALSE,56,14689,81849.84050089207,78018.78909508148,85965.75686865898,6.00122523995376,2.202268936014826,13.062140991132146,81849.84050089207,78018.78909508148,85965.75686865898,5.569910888117867
Control4,control,control,17-30,cb,17-30_cb,D178N,1,15020,1,12881,3,12885,2135,12882,4,FALSE,2138,15016,29281.66774267169,28692.920496100433,29879.176793597668,4.000532717750423,1.0899742295903345,10.242952706806772,29302.75831482412,28713.528164992862,29900.759938951232,1.9509159996554009
Control4,control,control,17-30,cb,17-30_cb,E200K,1,15881,0,13494,0,13494,2387,13494,0,FALSE,2387,15881,30095.862016975218,29509.473570798156,30690.64380673762,-0,-0,3.6888794541135153,30095.862016975218,29509.473570798156,30690.64380673762,1.8950860787718165
Control4,control,control,17-30,cb,17-30_cb,P102L,1,14631,4,11527,0,11531,3100,11531,4,FALSE,3100,14627,22703.514581082953,22247.17854147737,23166.36151762254,4.000546883903361,1.0899771241830678,10.242988981146144,22703.514581082953,22247.17854147737,23166.36151762254,1.5517404539049247
Control4,control,control,17-30,fr,17-30_fr,D178N,1,14770,6,14499,0,14505,265,14505,6,FALSE,265,14764,59384.60982669403,57623.512655783845,61203.82728093409,6.001219016671606,2.202267033007523,13.062127444277404,59384.60982669403,57623.512655783845,61203.82728093409,4.020623549539203
Control4,control,control,17-30,fr,17-30_fr,E200K,1,15271,7,15102,0,15109,162,15109,7,FALSE,162,15264,69423.7152735153,67086.71258656663,71859.23771762509,7.001604838552544,2.8149160766451464,14.425982112567878,69423.7152735153,67086.71258656663,71859.23771762509,4.546114548720798
Control4,control,control,17-30,fr,17-30_fr,P102L,1,14416,0,13946,0,13946,470,13946,0,FALSE,470,14416,49351.17628663612,48070.16985248455,50664.589881621556,-0,-0,3.688879454113343,49351.17628663612,48070.16985248455,50664.589881621556,3.423361285144015
Control4,control,control,17-30,hc,17-30_hc,D178N,1,15000,4,11370,0,11374,3626,11374,4,FALSE,3626,14996,21298.80133154326,20874.560987672336,21728.984237758366,4.0005334281666745,1.0899743747514121,10.242954525921837,21298.80133154326,20874.560987672336,21728.984237758366,1.419920088769551
Control4,control,control,17-30,hc,17-30_hc,E200K,1,15845,8,12357,0,12365,3480,12365,8,FALSE,3480,15837,24018.19482630376,23554.0401029262,24488.69478801388,8.002020244562102,3.4545953118518486,15.76717011184055,24018.19482630376,23554.0401029262,24488.69478801388,1.515821699356501
Control4,control,control,17-30,hc,17-30_hc,P102L,1,14618,13,12738,0,12751,1867,12751,13,FALSE,1867,14605,30082.685983946747,29464.263555575497,30710.661463267923,13.005783973969624,6.92479513215667,22.240287323491557,30082.685983946747,29464.263555575497,30710.661463267923,2.0579207814986145
Control4,control,control,17-30,sn,17-30_sn,D178N,1,15018,4,14046,0,14050,968,14050,4,FALSE,968,15014,41175.942008869686,40261.69216228835,42107.33847931157,4.000532788707449,1.0899742440904479,10.242952888498994,41175.942008869686,40261.69216228835,42107.33847931157,2.7417726733832524
Control4,control,control,17-30,sn,17-30_sn,E200K,1,16087,3,15162,0,15165,922,15165,3,FALSE,922,16084,45996.29704000096,44988.916634444766,47022.730083359325,3.0002797637550795,0.6187105840994014,8.76809069105729,45996.29704000096,44988.916634444766,47022.730083359325,2.859221547833714
Control4,control,control,17-30,sn,17-30_sn,P102L,1,13465,20,13372,0,13392,73,13392,20,FALSE,73,13445,70252.15048057026,67177.98615418925,73524.14890076067,20.014868047916476,12.225146602457173,30.91134223067633,70252.15048057026,67177.98615418925,73524.14890076067,5.217389564097308
Control4,control,control,17-30,th,17-30_th,D178N,1,14247,3,13244,0,13247,1000,13247,3,FALSE,1000,14244,37847.81596577539,36997.177986356146,38714.352758472225,3.0003159003170836,0.6187155518463735,8.76819630647272,37847.81596577539,36997.177986356146,38714.352758472225,2.6565463582350946
Control4,control,control,17-30,th,17-30_th,E200K,1,12687,8,12135,0,12143,544,12143,8,FALSE,544,12679,39956.233276484425,38914.079099782626,41023.42467656548,8.002523327694075,3.454785336524044,15.768161500693624,39956.233276484425,38914.079099782626,41023.42467656548,3.1493838792846556
Control4,control,control,17-30,th,17-30_th,P102L,1,15022,8,14148,1,14157,865,14156,9,FALSE,866,15013,42863.56695085386,41893.15168519567,43852.9537605361,9.002697123122877,4.116469300739926,17.089923717824306,42880.92339414807,41909.91253724405,43870.92579940716,2.8545415653140775
Control5,control,control,17-31,bg,17-31_bg,D178N,1,12458,1,11413,0,11414,1044,11414,1,FALSE,1044,12457,30887.162970254234,30164.67701911605,31623.27624908385,1.000040137001132,0.025317807984710426,5.571867029826811,30887.162970254234,30164.67701911605,31623.27624908385,2.479303497371507
Control5,control,control,17-31,bg,17-31_bg,E200K,1,13165,3,12969,0,12972,193,12972,3,FALSE,193,13162,55590.88291503102,53748.77228731641,57504.39074918993,3.0003418673559508,0.6187191215444198,8.768272200362103,55590.88291503102,53748.77228731641,57504.39074918993,4.222626883025524
Control5,control,control,17-31,bg,17-31_bg,P102L,1,12075,4,11748,0,11752,323,11752,4,FALSE,323,12071,43726.47487522476,42428.38004650756,45063.989628136245,4.000662672229335,1.0900007831414515,10.243285476035503,43726.47487522476,42428.38004650756,45063.989628136245,3.621240155298117
Control5,control,control,17-31,cb,17-31_cb,D178N,1,14943,2,12857,1,12860,2083,12859,3,FALSE,2084,14940,29437.02021420655,28842.746389001,30040.19841587279,3.0003011846604783,0.6187135288695998,8.76815329726184,29444.192280578933,28849.75243589115,30047.539875115795,1.9704338004804212
Control5,control,control,17-31,cb,17-31_cb,E200K,1,15436,2,12704,0,12706,2730,12706,2,FALSE,2730,15434,26741.339281010187,26216.886142200077,27273.211771850005,2.0001295784382846,0.24221712453334762,7.225155767855973,26741.339281010187,26216.886142200077,27273.211771850005,1.732400834478504
Control5,control,control,17-31,cb,17-31_cb,P102L,1,15549,7,12713,0,12720,2829,12720,7,FALSE,2829,15542,26496.631629864114,25979.283230508583,27021.2448814545,7.001576137087888,2.8149061866466796,14.425922970551689,26496.631629864114,25979.283230508583,27021.2448814545,1.704073035556249
Control5,control,control,17-31,fr,17-31_fr,D178N,1,14119,11,13167,0,13178,941,13178,11,FALSE,941,14108,38238.96135608151,37368.26576442789,39126.31124592079,11.004287232930805,5.4931058566998185,19.68971004122606,38238.96135608151,37368.26576442789,39126.31124592079,2.7083335474241457
Control5,control,control,17-31,fr,17-31_fr,E200K,1,14930,28,13953,1,13982,948,13981,29,FALSE,949,14901,41142.88604241499,40224.4986363155,42078.6383877412,29.0282012935931,19.439989229692333,41.689342517350134,41158.62668699374,40239.721666861224,42094.91316411838,2.7567733882782144
Control5,control,control,17-31,fr,17-31_fr,P102L,1,15533,27,14452,1,14480,1053,14479,28,FALSE,1054,15505,41789.58466805755,40885.03650565049,42710.498824475,28.025266962007944,18.62198548396494,40.50431657708777,41804.32885521112,40899.319568977764,42725.71803142937,2.6913235598539313
Control5,control,control,17-31,hc,17-31_hc,D178N,1,12127,4,11308,0,11312,815,11312,4,FALSE,815,12123,32742.91864424297,31939.657614696232,33562.74871527714,4.000659830098073,1.0900002024155175,10.24327819822234,32742.91864424297,31939.657614696232,33562.74871527714,2.700001537415929
Control5,control,control,17-31,hc,17-31_hc,E200K,1,15587,16,12945,1,12962,2625,12961,17,FALSE,2626,15570,27760.064458021287,27217.31822426472,28310.504190883443,17.009277292116142,9.90821260110815,27.233501630498246,27766.001232040875,27223.130459316468,28316.567711872638,1.7813563374633268
Control5,control,control,17-31,hc,17-31_hc,P102L,1,14478,15,14392,0,14407,71,14407,15,FALSE,71,14463,76989.74251379883,73637.33169635353,80560.97859088483,15.007775781498848,8.399447770739007,24.75304470796037,76989.74251379883,73637.33169635353,80560.97859088483,5.317705657811771
Control5,control,control,17-31,sn,17-31_sn,D178N,1,11707,0,7718,1,7719,3988,7718,1,FALSE,3989,11706,12604.29917738293,12310.244226662953,12903.13700459912,1.0000427119225523,0.02531780798458581,5.571881377672146,12607.234366065722,12313.123312870517,12906.129010234072,1.0768971013979434
Control5,control,control,17-31,sn,17-31_sn,E200K,1,12428,6,12232,0,12238,190,12238,6,FALSE,190,12422,51957.53078912427,50205.498937017284,53778.14505615554,6.001448808776058,2.2023373000822475,13.062627660918547,51957.53078912427,50205.498937017284,53778.14505615554,4.180683198352452
Control5,control,control,17-31,sn,17-31_sn,P102L,1,11306,0,10343,0,10343,963,10343,0,FALSE,963,11306,27847.07851999197,27164.952455900846,28542.65903027552,-0,-0,3.6888794541144745,27847.07851999197,27164.952455900846,28542.65903027552,2.4630354254371105
Control5,control,control,17-31,th,17-31_th,D178N,1,13511,2,10543,0,10545,2966,10545,2,FALSE,2966,13509,20486.593173460486,20057.928538508113,20921.612213160064,2.0001480421427464,0.24221824246541457,7.225222470678162,20486.593173460486,20057.928538508113,20921.612213160064,1.5162899247620816
Control5,control,control,17-31,th,17-31_th,E200K,1,12309,4,10605,0,10609,1700,10609,4,FALSE,1700,12305,24368.157470171252,23825.819646775068,24919.485614333676,4.000650071782618,1.0899982085218343,10.243253210249902,24368.157470171252,23825.819646775068,24919.485614333676,1.9797024510659884
Control5,control,control,17-31,th,17-31_th,P102L,1,13811,7,13533,0,13540,271,13540,7,FALSE,271,13804,54292.44743211172,52665.479453227665,55972.69368901574,7.00177454793748,2.8149745550195453,14.426331816641234,54292.44743211172,52665.479453227665,55972.69368901574,3.931101834198228
CJD7,prion,atypical,17-32,bg,17-32_bg,D178N,2,23524,4,19448,1,19453,4071,19452,5,FALSE,4072,23519,41258.435373249355,40602.2817618373,41922.105355248656,5.000531447523947,1.6236244336732184,11.669572338648528,41264.21309647624,40607.96188383298,41927.98205720751,1.7541325070768679
CJD7,prion,atypical,17-32,bg,17-32_bg,E200K,1,12223,6,11555,0,11561,662,11561,6,FALSE,662,12217,35639.93518960543,34735.251027958955,36564.77707629756,6.00147311565959,2.2023447326953556,13.062680573255287,35639.93518960543,34735.251027958955,36564.77707629756,2.9158091458402544
CJD7,prion,atypical,17-32,bg,17-32_bg,P102L,1,14309,19,12863,0,12882,1427,12882,19,FALSE,1427,14290,32986.74334079042,32283.1714981622,33702.033727525275,19.01262561619835,11.446442006649386,29.690571491791374,32986.74334079042,32283.1714981622,33702.033727525275,2.3053143714298985
CJD7,prion,atypical,17-32,cb,17-32_cb,D178N,1,12057,1,6786,1,6788,5269,6787,2,FALSE,5270,12055,9978.554556353001,9735.256149898356,10226.00815196494,2.0001658970893597,0.24221932352869094,7.225286974977592,9980.842629232056,9737.503047618955,10228.337819950963,0.8278048129080249
CJD7,prion,atypical,17-32,cb,17-32_cb,E200K,2,29150,9,22700,0,22709,6441,22709,9,FALSE,6441,29141,44009.827717505446,43382.38126745322,44643.57041430386,9.00138965139199,4.115937914398866,17.08744151870625,44009.827717505446,43382.38126745322,44643.57041430386,1.5097711052317477
CJD7,prion,atypical,17-32,cb,17-32_cb,P102L,1,14901,6,11430,0,11436,3465,11436,6,FALSE,3465,14895,21736.322528748853,21302.57297862022,22176.174044067484,6.0012082969834015,2.2022637550514945,13.06210410965318,21736.322528748853,21302.57297862022,22176.174044067484,1.4587156921514566
CJD7,prion,atypical,17-32,fr,17-32_fr,D178N,1,13361,1,7044,0,7045,6316,7045,1,FALSE,6316,13360,10010.781614609721,9772.446877644055,10253.102985344463,1.000037424215478,0.025317807984792117,5.571851913871302,10010.781614609721,9772.446877644055,10253.102985344463,0.7492539192133614
CJD7,prion,atypical,17-32,fr,17-32_fr,E200K,1,13533,4,13012,0,13016,517,13016,4,FALSE,517,13529,44183.12778337078,43039.95531575371,45354.189611142196,4.000591264076065,1.089986192410116,10.243102623118117,44183.12778337078,43039.95531575371,45354.189611142196,3.2648435515680765
CJD7,prion,atypical,17-32,fr,17-32_fr,P102L,1,15851,13,14549,0,14562,1289,14562,13,FALSE,1289,15838,39775.958339726334,38947.39291671155,40618.46815770366,13.005333810454786,6.924573903853204,22.239517435363673,39775.958339726334,38947.39291671155,40618.46815770366,2.509365865858705
CJD7,prion,atypical,17-32,hc,17-32_hc,D178N,1,13153,0,5516,0,5516,7637,5516,0,FALSE,7637,13153,7150.562863622929,6960.46956260345,7344.264324924439,-0,-0,3.6888794541138625,7150.562863622929,6960.46956260345,7344.264324924439,0.5436450135803945
CJD7,prion,atypical,17-32,hc,17-32_hc,E200K,1,13493,8,12668,0,12676,817,12676,8,FALSE,817,13485,37838.247413189594,36942.30850243074,38752.359788607064,8.002372537920836,3.454728380675968,15.767864347737813,37838.247413189594,36942.30850243074,38752.359788607064,2.8042872165707844
CJD7,prion,atypical,17-32,hc,17-32_hc,P102L,2,28232,20,27545,1,27566,666,27565,21,FALSE,667,28211,105740.73469041547,103624.33785136881,107900.7931217001,21.007814161414633,13.003937558692723,32.112675972918204,105783.09328800908,103665.06935071627,107944.842642719,3.746921694814717
CJD7,prion,atypical,17-32,sn,17-32_sn,D178N,1,12502,2,10887,0,10889,1613,10889,2,FALSE,1613,12500,25601.505990246595,25032.982799745147,26179.51999469312,2.0001599914670387,0.24221896596165632,7.2252656397497725,25601.505990246595,25032.982799745147,26179.51999469312,2.047792832366549
CJD7,prion,atypical,17-32,sn,17-32_sn,E200K,1,13726,2,13587,0,13589,137,13589,2,FALSE,137,13724,63236.59062881288,60952.102537057624,65626.34170392086,2.00014572302891,0.24221810204910552,7.22521409250301,63236.59062881288,60952.102537057624,65626.34170392086,4.607066197640455
CJD7,prion,atypical,17-32,sn,17-32_sn,P102L,2,27904,7,27119,0,27126,778,27126,7,FALSE,778,27897,99890.7057858059,97958.14175860291,101860.46521679635,7.000878157187603,2.8146656701329533,14.424484752060867,99890.7057858059,97958.14175860291,101860.46521679635,3.5797988025303145
CJD7,prion,atypical,17-32,th,17-32_th,D178N,2,22639,7,19871,0,19878,2761,19878,7,FALSE,2761,22632,47634.293150325626,46843.85491440352,48434.60788951972,7.001082426408973,2.8147360602390954,14.424905651175079,47634.293150325626,46843.85491440352,48434.60788951972,2.1040811498001513
CJD7,prion,atypical,17-32,th,17-32_th,E200K,1,12547,5,11524,0,11529,1018,11529,5,FALSE,1018,12542,31513.568096842708,30775.595423251452,32265.55636740009,5.000996518836184,1.6237452292765735,11.670657755795949,31513.568096842708,30775.595423251452,32265.55636740009,2.5116416750492316
CJD7,prion,atypical,17-32,th,17-32_th,P102L,2,29455,31,27655,0,27686,1769,27686,31,FALSE,1769,29424,82840.69294729126,81510.68911503683,84188.8146225174,31.01632447469399,21.07372941729065,44.02519777634491,82840.69294729126,81510.68911503683,84188.8146225174,2.812449259796003
CJD8,prion,MM1,17-34,bg,17-34_bg,D178N,2,30392,13,30018,1,30032,360,30031,14,FALSE,361,30378,134729.46033675896,131613.94014064234,137931.0319748544,14.00322552336315,7.655567690147031,23.495033172517488,134813.76552257876,131693.87071755988,138019.95139095592,4.435830663417306
CJD8,prion,MM1,17-34,bg,17-34_bg,E200K,2,31198,14,30829,0,30843,355,30843,14,FALSE,355,31184,139641.98218378663,136416.09282075855,142957.64979069174,14.003142167061823,7.6555253761997895,23.494893306106395,139641.98218378663,136416.09282075855,142957.64979069174,4.475991479703398
CJD8,prion,MM1,17-34,bg,17-34_bg,P102L,2,27270,30,26112,0,26142,1128,26142,30,FALSE,1128,27240,86864.25026392505,85306.81385128612,88447.25185543434,30.016513762579024,20.2516439092871,42.85044088682231,86864.25026392505,85306.81385128612,88447.25185543434,3.1853410437816296
CJD8,prion,MM1,17-34,cb,17-34_cb,D178N,1,15455,27,15259,9,15295,160,15286,36,FALSE,169,15419,69791.52115318477,67476.16071786644,72202.36998431523,36.04199340262386,25.24254965112368,49.89731603405588,70637.29447788208,68257.09930509084,73118.44024206168,4.57051403933239
CJD8,prion,MM1,17-34,cb,17-34_cb,E200K,1,12545,4,8599,0,8603,3942,8603,4,FALSE,3942,12541,14522.518167297168,14199.13567173986,14850.921931683402,4.00063783985262,1.0899957091956607,10.243221888188806,14522.518167297168,14199.13567173986,14850.921931683402,1.1576339710878571
CJD8,prion,MM1,17-34,cb,17-34_cb,P102L,1,14125,16,6897,0,6913,7212,6913,16,FALSE,7212,14109,9494.824600141501,9267.701957500069,9725.781674087038,16.00906879596192,9.150241738905578,25.997725796178322,9494.824600141501,9267.701957500069,9725.781674087038,0.6721999716914336
CJD8,prion,MM1,17-34,fr,17-34_fr,D178N,1,15767,0,15723,0,15723,44,15723,0,FALSE,44,15767,92733.37073626414,88097.54688705746,97763.46963895626,-0,-0,3.6888794541146557,92733.37073626414,88097.54688705746,97763.46963895626,5.8814847933192205
CJD8,prion,MM1,17-34,fr,17-34_fr,E200K,1,13488,1,13486,0,13487,1,13487,1,FALSE,1,13487,128264.88701509919,105098.96936439801,177850.12268928712,1.0000370718211367,0.02531780798415986,5.571849950289987,128264.88701509919,105098.96936439801,177850.12268928712,9.509555680241636
CJD8,prion,MM1,17-34,fr,17-34_fr,P102L,1,12727,3,12487,0,12490,237,12490,3,FALSE,237,12724,50696.99727067197,49093.101286785444,52357.15030488713,3.0003536345791173,0.618720739180224,8.768306592619746,50696.99727067197,49093.101286785444,52357.15030488713,3.983420858856916
CJD8,prion,MM1,17-34,hc,17-34_hc,D178N,1,15846,12,15651,0,15663,183,15663,12,FALSE,183,15834,70691.95697972296,68411.19808730241,73062.97997989277,12.004546028684686,6.20272823577397,20.96952650347727,70691.95697972296,68411.19808730241,73062.97997989277,4.461186228683767
CJD8,prion,MM1,17-34,hc,17-34_hc,E200K,1,15668,15,15452,1,15468,200,15467,16,FALSE,201,15652,68250.9170864331,66100.4166746429,70482.61308719343,16.008175083502707,9.149762895880416,25.996274267840423,68329.06188682804,66173.12760861675,70566.60140383655,4.361058328237685
CJD8,prion,MM1,17-34,hc,17-34_hc,P102L,1,10313,20,10043,0,10063,250,10063,20,FALSE,250,10293,38361.26193822827,37099.63113594763,39666.49770284494,20.019418108211863,12.227786450412095,30.918370724192652,38361.26193822827,37099.63113594763,39666.49770284494,3.7196995964538226
CJD8,prion,MM1,17-34,sn,17-34_sn,D178N,1,15748,19,15726,0,15745,3,15745,19,FALSE,3,15729,134895.1060107526,118009.62139599644,159757.23367289317,19.011471000377732,11.445783531608022,29.688768161916204,134895.1060107526,118009.62139599644,159757.23367289317,8.565856363395518
CJD8,prion,MM1,17-34,sn,17-34_sn,E200K,1,16856,11,16810,0,16821,35,16821,11,FALSE,35,16845,104121.43179717317,98568.34045594688,110212.33591947767,11.003590788673005,5.492789835959832,19.68846376560402,104121.43179717317,98568.34045594688,110212.33591947767,6.177113893994611
CJD8,prion,MM1,17-34,sn,17-34_sn,P102L,1,13474,1,13436,0,13437,37,13437,1,FALSE,37,13473,79464.25254884035,75147.44448984401,84186.5713005403,1.000037110340943,0.02531780798379857,5.57185016493223,79464.25254884035,75147.44448984401,84186.5713005403,5.89759926887638
CJD8,prion,MM1,17-34,th,17-34_th,D178N,1,14456,16,14422,0,14438,18,14438,16,FALSE,18,14440,96688.855883178,90077.60339133062,104248.03723525377,16.008860993773528,9.150130400969061,25.997388291227573,96688.855883178,90077.60339133062,104248.03723525377,6.688493074375899
CJD8,prion,MM1,17-34,th,17-34_th,E200K,1,15136,33,15013,1,15047,89,15046,34,FALSE,90,15102,77572.32725487166,74459.50706789613,80863.78542907968,34.038244386576686,23.571692562032993,47.56503936474521,77741.4463327249,74611.14439361323,81052.46944126903,5.13619492155952
CJD8,prion,MM1,17-34,th,17-34_th,P102L,1,11701,9,11668,0,11677,24,11677,9,FALSE,24,11692,72421.88573114772,67778.00367464864,77626.94192913345,9.00346301849752,4.116780564965928,17.09137781169892,72421.88573114772,67778.00367464864,77626.94192913345,6.189375756871013
CJD9,prion,atypical,17-5,bg,17-5_bg,D178N,1,13928,15,13361,0,13376,552,13376,15,FALSE,552,13913,44961.09428506071,43823.303073142386,46125.80427105431,15.008083058431419,8.399608264050629,24.753551584447937,44961.09428506071,43823.303073142386,46125.80427105431,3.2281084351709297
CJD9,prion,atypical,17-5,bg,17-5_bg,E200K,1,16119,9,15268,0,15277,842,15277,9,FALSE,842,16110,47582.86834432707,46523.73571024107,48662.74383586412,9.002513498461227,4.1163946731937475,17.08957510332244,47582.86834432707,46523.73571024107,48662.74383586412,2.9519739651546044
CJD9,prion,atypical,17-5,bg,17-5_bg,P102L,1,15538,12,14794,1,14807,731,14806,13,FALSE,732,15525,47472.68273326921,46374.71842432165,48593.48631830002,13.005441315572003,6.924626736351976,22.23970129433177,47493.924021608014,46395.1713090661,48615.54510260064,3.0566304557605877
CJD9,prion,atypical,17-5,cb,17-5_cb,D178N,1,15774,4,15763,0,15767,7,15767,4,FALSE,7,15770,121778.56327769397,110379.38437228701,136149.83180409958,4.000507249441098,1.0899690255936627,10.242887491998134,121778.56327769397,110379.38437228701,136149.83180409958,7.720208144902623
CJD9,prion,atypical,17-5,cb,17-5_cb,E200K,1,16209,2,16203,0,16205,4,16205,2,FALSE,4,16207,134648.60974260754,119412.63842051735,155723.2477315908,2.0001233983912106,0.24221675034253393,7.225133441703056,134648.60974260754,119412.63842051735,155723.2477315908,8.307027561392285
CJD9,prion,atypical,17-5,cb,17-5_cb,P102L,1,14062,4,13982,0,13986,76,13986,4,FALSE,76,14058,73410.64375449216,70263.83352985204,76755.47462263293,4.000569017026076,1.0899816466650734,10.243045656158198,73410.64375449216,70263.83352985204,76755.47462263293,5.2204980624727755
CJD9,prion,atypical,17-5,fr,17-5_fr,D178N,1,15525,1,15523,0,15524,1,15524,1,FALSE,1,15524,149819.4622280961,123154.6099417736,206893.21356673693,1.0000322075027643,0.025317807985040047,5.571822845985853,149819.4622280961,123154.6099417736,206893.21356673693,9.65020690680168
CJD9,prion,atypical,17-5,fr,17-5_fr,E200K,1,15925,4,15920,0,15924,1,15924,4,FALSE,1,15921,154084.6542760128,126732.72596883788,212628.90451783538,4.000502438924622,1.0899680426474319,10.24287517409381,154084.6542760128,126732.72596883788,212628.90451783538,9.675645480440364
CJD9,prion,atypical,17-5,fr,17-5_fr,P102L,1,13632,10,13430,0,13440,192,13440,10,FALSE,192,13622,58108.85208382721,56195.84620533627,60096.10494874027,10.003669635103492,4.796972356684581,18.397105060538944,58108.85208382721,56195.84620533627,60096.10494874027,4.2626798770413155
CJD9,prion,atypical,17-5,hc,17-5_hc,D178N,1,15997,16,15828,0,15844,153,15844,16,FALSE,153,15981,74381.54784029981,71861.20207747426,77011.18515055953,16.008006839620673,9.149672751595414,25.996001015816223,74381.54784029981,71861.20207747426,77011.18515055953,4.64971856224916
CJD9,prion,atypical,17-5,hc,17-5_hc,E200K,1,15255,13,15029,0,15042,213,15042,13,FALSE,213,15242,65159.755931637716,63126.91729898355,67267.21482402441,13.005542316409404,6.924676372265389,22.239874029853272,65159.755931637716,63126.91729898355,67267.21482402441,4.271370431441345
CJD9,prion,atypical,17-5,hc,17-5_hc,P102L,1,15779,26,15556,0,15582,197,15582,26,FALSE,197,15753,69163.0097169651,66975.0317131753,71434.42046169653,26.02144443593713,16.997531657181973,38.127447492711575,69163.0097169651,66975.0317131753,71434.42046169653,4.38323149229768
CJD9,prion,atypical,17-5,sn,17-5_sn,D178N,1,15868,17,15239,0,15256,612,15256,17,FALSE,612,15851,51655.53675606623,50423.6634376606,52914.96189874946,17.009112886854712,9.908122474205964,27.23323836763012,51655.53675606623,50423.6634376606,52914.96189874946,3.255327499121895
CJD9,prion,atypical,17-5,sn,17-5_sn,E200K,1,17084,16,16340,0,16356,728,16356,16,FALSE,728,17068,53910.212037035635,52696.73451335703,55148.73412566096,16.00749707182146,9.149399618965795,25.99517308469638,53910.212037035635,52696.73451335703,55148.73412566096,3.155596583764671
CJD9,prion,atypical,17-5,sn,17-5_sn,P102L,1,14560,22,13949,0,13971,589,13971,22,FALSE,589,14538,46702.75993072276,45551.77334664397,47880.12544636095,22.01663764076103,13.797234897712116,33.333455896268596,46702.75993072276,45551.77334664397,47880.12544636095,3.2076071380990903
CJD9,prion,atypical,17-5,th,17-5_th,D178N,1,16376,1,16369,0,16370,6,16370,1,FALSE,6,16375,129563.84408925964,116830.86826733073,145978.42615158882,1.0000305337295428,0.025317807984078823,5.571813519680718,129563.84408925964,116830.86826733073,145978.42615158882,7.91181265811307
CJD9,prion,atypical,17-5,th,17-5_th,E200K,1,16877,3,16866,0,16869,8,16869,3,FALSE,8,16874,129181.03859973956,117738.3334524419,143355.22210749084,3.0002666666674833,0.618708783611797,8.768052412798928,129181.03859973956,117738.3334524419,143355.22210749084,7.654265485556649
CJD9,prion,atypical,17-5,th,17-5_th,P102L,1,13268,7,13081,0,13088,180,13088,7,FALSE,180,13261,57054.43729047688,55131.03943947927,59055.01330650168,7.001847197817103,2.8149995884892842,14.426481520535276,57054.43729047688,55131.03943947927,59055.01330650168,4.300153549176732
CJD10,prion,MM1+2C,17-8,bg,17-8_bg,D178N,1,15956,4,15895,0,15899,57,15899,4,FALSE,57,15952,89904.70340946356,85780.7503627308,94332.0826107547,4.000501462601865,1.089967843152886,10.242872674103646,89904.70340946356,85780.7503627308,94332.0826107547,5.634538945190747
CJD10,prion,MM1+2C,17-8,bg,17-8_bg,E200K,1,15897,1,15818,0,15819,78,15819,1,FALSE,78,15896,84527.16061449994,81014.41094334847,88257.53242241291,1.0000314537952584,0.025317807984618253,5.571818646302088,84527.16061449994,81014.41094334847,88257.53242241291,5.31717686447128
CJD10,prion,MM1+2C,17-8,bg,17-8_bg,P102L,2,31703,6,31365,1,31372,331,31371,7,FALSE,332,31696,144534.9795660038,141143.70029382684,148023.80950206541,7.000772911299664,2.8146294025992207,14.42426789383529,144630.6146309842,141234.16459257575,148124.9118885126,4.562048217234464
CJD10,prion,MM1+2C,17-8,cb,17-8_cb,D178N,1,17466,35,17428,0,17463,3,17463,35,FALSE,3,17431,151419.72510512106,132691.83404097185,178994.21763943127,35.035115051423226,24.402540722444986,48.72536756399353,151419.72510512106,132691.83404097185,178994.21763943127,8.669399124305569
CJD10,prion,MM1+2C,17-8,cb,17-8_cb,E200K,1,14482,17,14462,0,14479,3,14479,17,FALSE,3,14465,122837.04070376247,107309.23162206242,145700.4175340458,17.00998571900071,9.908600958093535,27.23463604457272,122837.04070376247,107309.23162206242,145700.4175340458,8.482049489280657
CJD10,prion,MM1+2C,17-8,cb,17-8_cb,P102L,2,31611,4,31598,0,31602,9,31602,4,FALSE,9,31607,258073.337663125,237815.84182334118,282806.84714915516,4.000253097810257,1.089917093025167,10.242236720405847,258073.337663125,237815.84182334118,282806.84714915516,8.164035862931417
CJD10,prion,MM1+2C,17-8,fr,17-8_fr,D178N,1,17620,27,17477,0,17504,116,17504,27,FALSE,116,17593,88508.77886172266,85316.59827352359,91860.62545270547,27.020707876811795,17.80631043860658,39.31371335663979,88508.77886172266,85316.59827352359,91860.62545270547,5.023199708383806
CJD10,prion,MM1+2C,17-8,fr,17-8_fr,E200K,1,15669,24,15523,0,15547,122,15547,24,FALSE,122,15645,76079.55204358358,73313.13388164151,78980.99029856903,24.018399031343062,15.388549449803435,35.73747589265525,76079.55204358358,73313.13388164151,78980.99029856903,4.855418472371152
CJD10,prion,MM1+2C,17-8,fr,17-8_fr,P102L,1,13677,5,13664,0,13669,8,13669,5,FALSE,8,13672,101811.98910813786,92539.63885313467,113298.30967358126,5.00091416592108,1.6237238397453444,11.670465550342275,101811.98910813786,92539.63885313467,113298.30967358126,7.444029327201715
CJD10,prion,MM1+2C,17-8,hc,17-8_hc,D178N,1,15677,17,15617,0,15634,43,15634,17,FALSE,43,15660,92474.70113781939,87812.37902430177,97538.75138758983,17.00922399362437,9.908183382916933,27.23341628332225,92474.70113781939,87812.37902430177,97538.75138758983,5.898749833374969
CJD10,prion,MM1+2C,17-8,hc,17-8_hc,E200K,1,16354,22,16242,0,16264,90,16264,22,FALSE,90,16332,85080.34600630117,81716.2039398862,88637.34032477281,22.014810887288128,13.796142274558147,33.33068977081909,85080.34600630117,81716.2039398862,88637.34032477281,5.202418124391658
CJD10,prion,MM1+2C,17-8,hc,17-8_hc,P102L,1,15242,23,15101,0,15124,118,15124,23,FALSE,118,15219,74093.27380040799,71357.0884129771,76965.43357341657,23.017370842831255,14.59055912130711,34.53735961594155,74093.27380040799,71357.0884129771,76965.43357341657,4.861125429760398
CJD10,prion,MM1+2C,17-8,sn,17-8_sn,D178N,1,14269,13,14004,0,14017,252,14017,13,FALSE,252,14256,57595.61338904788,55850.7264184314,59399.601721386294,13.005925527961054,6.9248646969831755,22.240529416527078,57595.61338904788,55850.7264184314,59399.601721386294,4.036415543419152
CJD10,prion,MM1+2C,17-8,sn,17-8_sn,E200K,1,14955,7,14689,0,14696,259,14696,7,FALSE,259,14948,60657.07485954626,58852.80805991911,62521.52235274657,7.001638759467613,2.814927765146745,14.42605200988461,60657.07485954626,58852.80805991911,62521.52235274657,4.0559729093645105
CJD10,prion,MM1+2C,17-8,sn,17-8_sn,P102L,1,14008,42,13567,1,13610,398,13609,43,FALSE,399,13965,49846.38177871815,48492.540670836155,51237.16856553778,43.0661333744405,31.166056509044136,58.009808021759234,49881.53361648695,48525.942668419746,51274.160311731786,3.56093186868125
CJD10,prion,MM1+2C,17-8,th,17-8_th,D178N,1,14437,29,14279,0,14308,129,14308,29,FALSE,129,14408,68109.97239338118,65632.55156013156,70705.02892034105,29.02916561356347,19.44061267686226,41.69072767244246,68109.97239338118,65632.55156013156,70705.02892034105,4.717737230268143
CJD10,prion,MM1+2C,17-8,th,17-8_th,E200K,1,15631,10,15546,0,15556,75,15556,10,FALSE,75,15621,83462.08850471105,79939.83467234565,87207.29496965236,10.003200136611856,4.796769751861827,18.396241533361394,83462.08850471105,79939.83467234565,87207.29496965236,5.339523287359161
CJD10,prion,MM1+2C,17-8,th,17-8_th,P102L,1,13492,39,13250,0,13289,203,13289,39,FALSE,203,13453,56621.15076164956,54780.662728262076,58531.138201128146,39.05647559440433,27.771938482091045,53.39149566080088,56621.15076164956,54780.662728262076,58531.138201128146,4.196646217139754
CJD11,prion,MM1,18-17,bg,18-17_bg,D178N,1,10268,4,9252,0,9256,1012,9256,4,FALSE,1012,10264,23792.02071093069,23192.25721564085,24403.670347368858,4.000779321996799,1.0900246176612365,10.243584182745469,23792.02071093069,23192.25721564085,24403.670347368858,2.31710369214362
CJD11,prion,MM1,18-17,bg,18-17_bg,E200K,1,12362,2,9606,0,9608,2754,9608,2,FALSE,2754,12360,18562.443583204305,18156.31698232315,18974.863845292854,2.000161803571325,0.24221907567917597,7.225272186324171,18562.443583204305,18156.31698232315,18974.863845292854,1.5015728509306185
CJD11,prion,MM1,18-17,bg,18-17_bg,P102L,1,16687,14,14260,0,14274,2413,14274,14,FALSE,2413,16673,32268.639545490463,31653.719160136676,32892.20614473492,14.005876121989587,7.656913171271078,23.49948082215857,32268.639545490463,31653.719160136676,32892.20614473492,1.933759186521871
CJD11,prion,MM1,18-17,cb,18-17_cb,D178N,1,10313,3,8016,0,8019,2294,8019,3,FALSE,2294,10310,15501.555038071705,15130.325517367557,15879.093967599583,3.000436427118528,0.6187321204921924,8.768548575053018,15501.555038071705,15130.325517367557,15879.093967599583,1.503108216626753
CJD11,prion,MM1,18-17,cb,18-17_cb,E200K,1,12125,4,10064,0,10068,2057,10068,4,FALSE,2057,12121,21510.002517101813,21033.425410340074,21994.249423884627,4.000659938959947,1.090000224660054,10.243278476983617,21510.002517101813,21033.425410340074,21994.249423884627,1.7740208261527268
CJD11,prion,MM1,18-17,cb,18-17_cb,P102L,1,13473,11,12312,0,12323,1150,12323,11,FALSE,1150,13462,33156.05250038969,32412.18351859122,33913.3189145167,11.004492908055369,5.493199183274432,19.690078098390053,33156.05250038969,32412.18351859122,33913.3189145167,2.460925740398552
CJD11,prion,MM1,18-17,fr,18-17_fr,D178N,1,12483,6,10526,0,10532,1951,10532,6,FALSE,1951,12477,23168.768276679773,22660.867453844003,23684.830796850867,6.001442423289619,2.2023353475112275,13.062613760717708,23168.768276679773,22660.867453844003,23684.830796850867,1.8560256570279399
CJD11,prion,MM1,18-17,fr,18-17_fr,E200K,1,13876,2,10060,0,10062,3814,10062,2,FALSE,3814,13874,17920.607311490632,17546.518734672445,18300.156667403433,2.0001441476068744,0.24221800666159413,7.225208401040661,17920.607311490632,17546.518734672445,18300.156667403433,1.2914822219292759
CJD11,prion,MM1,18-17,fr,18-17_fr,P102L,1,14122,11,13383,0,13394,728,13394,11,FALSE,728,14111,41874.386290011804,40876.16731161937,42893.64859053784,11.00428632170112,5.4931054432222,19.689708410580128,41874.386290011804,40876.16731161937,42893.64859053784,2.9651880958796064
CJD11,prion,MM1,18-17,hc,18-17_hc,D178N,1,12076,5,9828,0,9833,2243,9833,5,FALSE,2243,12071,20328.807913157547,19878.74293794513,20786.042723144186,5.001035396774044,1.6237553269783485,11.6707484945872,20328.807913157547,19878.74293794513,20786.042723144186,1.683405756306521
CJD11,prion,MM1,18-17,hc,18-17_hc,E200K,1,11519,3,9519,0,9522,1997,9522,3,FALSE,1997,11516,20185.34028641165,19726.897181353026,20651.33286552184,3.000390726753445,0.6187258381928048,8.768415003300216,20185.34028641165,19726.897181353026,20651.33286552184,1.752351791510691
CJD11,prion,MM1,18-17,hc,18-17_hc,P102L,1,13687,6,12140,0,12146,1541,12146,6,FALSE,1541,13681,29892.61222223718,29249.721678038608,30546.097640892713,6.001315501001326,2.2022965366691194,13.062337472369443,29892.61222223718,29249.721678038608,30546.097640892713,2.184014920891151
CJD11,prion,MM1,18-17,sn,18-17_sn,D178N,1,12418,3,9018,0,9021,3397,9021,3,FALSE,3397,12415,16096.886440864508,15741.87938343381,16457.375070916034,3.000362435567844,0.6187219490459259,8.768332315494957,16096.886440864508,15741.87938343381,16457.375070916034,1.2962543437642542
CJD11,prion,MM1,18-17,sn,18-17_sn,E200K,1,12204,6,10950,0,10956,1248,10956,6,FALSE,1248,12198,27827.823148255316,27187.153789197167,28479.987815072443,6.001475409855749,2.2023454342191164,13.062685567372604,27827.823148255316,27187.153789197167,28479.987815072443,2.2802214969071875
CJD11,prion,MM1,18-17,sn,18-17_sn,P102L,1,14091,12,13029,0,13041,1050,13041,12,FALSE,1050,14079,36590.74973957996,35771.64828079556,37424.93074826133,12.005112547249173,6.202996537749623,20.970516218688594,36590.74973957996,35771.64828079556,37424.93074826133,2.5967461315435356
CJD11,prion,MM1,18-17,th,18-17_th,D178N,1,11937,6,9739,1,9746,2191,9745,7,FALSE,2192,11930,20231.167219910876,19780.5530863767,20689.01246728326,7.0020532447239345,2.815070586872831,14.426906108993022,20236.61417414639,19785.87381995768,20694.588076172913,1.695284759499572
CJD11,prion,MM1,18-17,th,18-17_th,E200K,1,8274,2,7006,0,7008,1266,7008,2,FALSE,1266,8272,15532.414028480805,15113.859925401915,15959.300834904348,2.0002417600132474,0.2422239166771682,7.225561051578964,15532.414028480805,15113.859925401915,15959.300834904348,1.8772557443172353
CJD11,prion,MM1,18-17,th,18-17_th,P102L,1,14933,18,13883,0,13901,1032,13901,18,FALSE,1032,14915,39902.09391448135,39023.88611378824,40796.41134693176,18.010857182030932,10.67401753516121,28.46492048909272,39902.09391448135,39023.88611378824,40796.41134693176,2.6720748620157604
Control6,control,control,18-1,bg,18-1_bg,D178N,1,12422,1,5764,1,5766,6656,5765,2,FALSE,6657,12420,7748.845606383364,7546.500170176135,7954.938412421258,2.0001610219525614,0.2422190283545049,7.225269362578168,7750.711752259327,7548.333409990547,7956.8377344549335,0.6239503906182038
Control6,control,control,18-1,bg,18-1_bg,E200K,1,12767,10,12237,0,12247,520,12247,10,FALSE,520,12757,40864.48828225435,39790.60985522333,41964.64477316832,10.0039183930704,4.797079703030557,18.397562595422464,40864.48828225435,39790.60985522333,41964.64477316832,3.2007901842448776
Control6,control,control,18-1,bg,18-1_bg,P102L,2,28658,22,26656,0,26678,1980,26678,22,FALSE,1980,28636,76583.79911532797,75366.64970805687,77816.9347454607,22.008448737621332,13.792336785050207,33.321056372746064,76583.79911532797,75366.64970805687,77816.9347454607,2.6723357915879675
Control6,control,control,18-1,cb,18-1_cb,D178N,1,13223,1,7636,1,7638,5585,7637,2,FALSE,5586,13221,11394.183332893641,11131.58781449884,11661.008844661905,2.000151266860072,0.2422184377129884,7.225234120515524,11396.55071272272,11133.914342415255,11663.417486141918,0.8618733050535219
Control6,control,control,18-1,cb,18-1_cb,E200K,1,12464,9,10094,0,10103,2361,10103,9,FALSE,2361,12455,20737.095055495807,20285.349064762842,21195.90648193809,9.003250923196498,4.116694369202188,17.09097513264527,20737.095055495807,20285.349064762842,21195.90648193809,1.6637592310250167
Control6,control,control,18-1,cb,18-1_cb,P102L,2,30406,20,24410,1,24431,5975,24430,21,FALSE,5976,30385,49467.17202071226,48777.03865872159,50164.143582141725,21.007255198927965,13.003608053010424,32.111821475621454,49472.26046520578,48782.05512301861,50169.30482996804,1.62705585954107
Control6,control,control,18-1,fr,18-1_fr,D178N,1,12148,5,10500,1,10506,1642,10505,6,FALSE,1643,12142,24303.783322343454,23758.425303778266,24858.283622628278,6.0014822134592345,2.2023475146371103,13.062700377788556,24311.179365189873,23765.628999548597,24865.87644388162,2.001249536153266
Control6,control,control,18-1,fr,18-1_fr,E200K,1,10303,3,10151,0,10154,149,10154,3,FALSE,149,10300,43646.02283865997,42005.59957514522,45359.47218372458,3.0004368507931733,0.6187321787326944,8.76854981336471,43646.02283865997,42005.59957514522,45359.47218372458,4.236244087999609
Control6,control,control,18-1,fr,18-1_fr,P102L,2,28811,21,27745,0,27766,1045,27766,21,FALSE,1045,28790,95558.60689362965,93844.43439003605,97301.69082244055,21.007657047834524,13.003844941178809,32.112435789721886,95558.60689362965,93844.43439003605,97301.69082244055,3.3167403732473586
Control6,control,control,18-1,hc,18-1_hc,D178N,1,11883,1,7776,0,7777,4106,7777,1,FALSE,4106,11882,12627.582704354563,12334.466331404243,12925.441973248573,1.0000420792778868,0.02531780798399471,5.571877852472178,12627.582704354563,12334.466331404243,12925.441973248573,1.0626594887111473
Control6,control,control,18-1,hc,18-1_hc,E200K,1,12140,2,11819,0,11821,319,11821,2,FALSE,319,12138,44178.30933659975,42864.74574323432,45531.97959459138,2.0001647627413273,0.24221925484740317,7.225282876919153,44178.30933659975,42864.74574323432,45531.97959459138,3.639069961828645
Control6,control,control,18-1,hc,18-1_hc,P102L,2,26718,23,25673,0,25696,1022,25696,23,FALSE,1022,26695,87196.22366915722,85590.50663157231,88829.46589207303,23.009905378148865,14.586032938569005,34.526156452350165,87196.22366915722,85590.50663157231,88829.46589207303,3.2635760037861075
Control6,control,control,18-1,sn,18-1_sn,D178N,1,14599,16,14533,0,14549,50,14549,16,FALSE,50,14583,82873.928793562,78846.72790547094,87220.0946738107,16.008774135168487,9.150083863056485,25.99724721888439,82873.928793562,78846.72790547094,87220.0946738107,5.676685306771834
Control6,control,control,18-1,sn,18-1_sn,E200K,1,13593,25,13505,0,13530,63,13530,25,FALSE,63,13568,73051.16766588592,69710.41741345558,76624.88452980579,25.023018001339853,16.192980829710933,36.93891370923965,73051.16766588592,69710.41741345558,76624.88452980579,5.374175506943716
Control6,control,control,18-1,sn,18-1_sn,P102L,1,14161,24,14037,0,14061,100,14061,24,FALSE,100,14137,70140.52056812738,67378.80998663818,73052.21311541535,24.020360554687507,15.38975368471225,35.740394932855224,70140.52056812738,67378.80998663818,73052.21311541535,4.953076800234967
Control6,control,control,18-1,th,18-1_th,D178N,1,13924,20,13898,0,13918,6,13918,20,FALSE,6,13904,107905.5665725884,97079.64451937482,121862.16216040784,20.014377457799753,12.224861964885598,30.910584434991108,107905.5665725884,97079.64451937482,121862.16216040784,7.749609779703275
Control6,control,control,18-1,th,18-1_th,E200K,1,15254,40,15194,0,15234,20,15234,40,FALSE,20,15214,101238.73518892212,94614.06441017718,108754.69732860342,40.05253712446295,28.613178111139796,54.540194066645114,101238.73518892212,94614.06441017718,108754.69732860342,6.6368647691701925
Control6,control,control,18-1,th,18-1_th,P102L,1,15679,35,15629,0,15664,15,15664,35,FALSE,15,15644,109000.83627593395,101160.24899978496,118097.62174115892,35.039123225031304,24.40525236727425,48.73094284631961,109000.83627593395,101160.24899978496,118097.62174115892,6.95202731525824
CJD12,prion,MM1,18-24,bg,18-24_bg,D178N,1,12348,6,8676,0,8682,3666,8682,6,FALSE,3666,12342,14995.324235782191,14661.075781082636,15334.775020959814,6.001458198334312,2.2023401712435993,13.062648100525156,14995.324235782191,14661.075781082636,15334.775020959814,1.2143929572223997
CJD12,prion,MM1,18-24,bg,18-24_bg,E200K,1,11062,10,9616,1,9627,1435,9626,11,FALSE,1436,11051,22584.78031954967,22051.94374721336,23127.073670190548,11.005472802134443,5.493643809657963,19.69183165671781,22592.4863456363,22059.4360764126,23134.998689689637,2.042350962360902
CJD12,prion,MM1,18-24,bg,18-24_bg,P102L,1,14733,19,13940,1,13960,773,13959,20,FALSE,774,14713,43407.444250706,42397.963982281355,44437.58900003228,20.013587265598442,12.224403496773986,30.909363863888654,43426.49144146497,42416.321685899886,44457.35031271805,2.9475661061199325
CJD12,prion,MM1,18-24,cb,18-24_cb,D178N,1,12461,3,9398,0,9401,3060,9401,3,FALSE,3060,12458,17497.597272266652,17115.01872086649,17886.06295930404,3.0003611846867693,0.6187217770881872,8.768328659507628,17497.597272266652,17115.01872086649,17886.06295930404,1.404188850996441
CJD12,prion,MM1,18-24,cb,18-24_cb,E200K,1,12977,3,11126,0,11129,1848,11129,3,FALSE,1848,12974,25293.140909472495,24746.10416054597,25848.948621569118,3.0003468208097286,0.618719802493996,8.768286677890623,25293.140909472495,24746.10416054597,25848.948621569118,1.949074586535601
CJD12,prion,MM1,18-24,cb,18-24_cb,P102L,1,14876,11,13096,0,13107,1769,13107,11,FALSE,1769,14865,31675.98390292787,31026.14558925691,32335.9428308887,11.004068959456482,5.493006812925685,19.689319441661414,31675.98390292787,31026.14558925691,32335.9428308887,2.1293347608851754
CJD12,prion,MM1,18-24,fr,18-24_fr,D178N,1,13337,6,11644,0,11650,1687,11650,6,FALSE,1687,13331,27575.452152207297,26981.50484318102,28179.0362415905,6.00135003376655,2.2023070962859403,13.062412644065382,27575.452152207297,26981.50484318102,28179.0362415905,2.067590324076426
CJD12,prion,MM1,18-24,fr,18-24_fr,E200K,1,12578,8,9912,2,9922,2656,9920,10,FALSE,2658,12568,19550.932470952983,19127.182143941904,19981.21318648978,10.00397730299844,4.797105124255631,18.39767094769339,19560.400292250608,19136.447250300007,19990.887201917627,1.5551280245071242
CJD12,prion,MM1,18-24,fr,18-24_fr,P102L,1,14484,12,13719,0,13731,753,13731,12,FALSE,753,14472,42825.344570452384,41818.897245475564,43852.66263791808,12.004973749844348,6.202930803948106,20.970273736523055,42825.344570452384,41818.897245475564,43852.66263791808,2.956734643085638
CJD12,prion,MM1,18-24,hc,18-24_hc,D178N,1,11132,6,9725,0,9731,1401,9731,6,FALSE,1401,11126,23072.601499469274,22528.482267130523,23626.41605403719,6.001617541363593,2.2023888952079935,13.062994967963654,23072.601499469274,22528.482267130523,23626.41605403719,2.0726375763087743
CJD12,prion,MM1,18-24,hc,18-24_hc,E200K,1,8863,7,7379,0,7386,1477,7386,7,FALSE,1477,8856,15881.364232186801,15469.64313370732,16300.883486133462,7.002765757386702,2.8153160930818117,14.428374384172342,15881.364232186801,15469.64313370732,16300.883486133462,1.7918723042070182
CJD12,prion,MM1,18-24,hc,18-24_hc,P102L,1,13415,12,12807,0,12819,596,12819,12,FALSE,596,13403,41772.80880508154,40720.850468153,42848.9568117405,12.005370329172058,6.203118621457521,20.970966571730926,41772.80880508154,40720.850468153,42848.9568117405,3.1138880957943753
CJD12,prion,MM1,18-24,sn,18-24_sn,D178N,1,10094,3,7776,0,7779,2315,7779,3,FALSE,2315,10091,14863.732964834442,14503.677480116492,15229.966480058076,3.0004458977432926,0.618733422382425,8.768576255748082,14863.732964834442,14503.677480116492,15229.966480058076,1.4725315003798733
CJD12,prion,MM1,18-24,sn,18-24_sn,E200K,1,13172,2,11316,0,11318,1854,11318,2,FALSE,1854,13170,25826.971304163624,25272.065800774377,26390.727444731074,2.0001518526023756,0.24221847317781772,7.22523623661059,25826.971304163624,25272.065800774377,26390.727444731074,1.9607478973704544
CJD12,prion,MM1,18-24,sn,18-24_sn,P102L,1,13587,11,12675,1,12687,900,12686,12,FALSE,901,13575,36866.4695296074,36010.04931047573,37739.62905277142,12.005302305260024,6.203086405887116,20.970847731553697,36881.557815444474,36024.62764382903,37755.243989805036,2.7144739689000126
CJD12,prion,MM1,18-24,th,18-24_th,D178N,1,16233,2,15741,0,15743,490,15743,2,FALSE,490,16231,56821.9298134818,55407.3297713597,58271.34305254661,2.0001232159353717,0.2422167392959545,7.22513278256116,56821.9298134818,55407.3297713597,58271.34305254661,3.5003960952061726
CJD12,prion,MM1,18-24,th,18-24_th,E200K,1,16787,1,15929,0,15930,857,15930,1,FALSE,857,16786,49940.01792598343,48845.971610124325,51055.23703093075,1.0000297861361294,0.025317807985166446,5.5718093540790194,49940.01792598343,48845.971610124325,51055.23703093075,2.974922137724634
CJD12,prion,MM1,18-24,th,18-24_th,P102L,1,14347,11,13981,0,13992,355,13992,11,FALSE,355,14336,53072.111796387806,51599.2261894498,54587.34966453611,11.004219066131672,5.493074925400156,19.689588056725054,53072.111796387806,51599.2261894498,54587.34966453611,3.699178350622974
CJD13,prion,MM1,18-31,bg,18-31_bg,D178N,1,11589,3,9235,0,9238,2351,9238,3,FALSE,2351,11586,18486.95362078339,18069.60661479143,18911.028144036256,3.0003883662740587,0.6187255137033038,8.768408104205001,18486.95362078339,18069.60661479143,18911.028144036256,1.5952156027943214
CJD13,prion,MM1,18-31,bg,18-31_bg,E200K,1,14156,4,9657,1,9662,4494,9661,5,FALSE,4495,14151,16239.379495386169,15898.425229693425,16585.319411012493,5.000883225782337,1.6237158036089214,11.670393338876382,16242.529122721447,15901.519117619926,16588.525457205462,1.1473953887200796
CJD13,prion,MM1,18-31,bg,18-31_bg,P102L,1,14820,9,14142,1,14152,668,14151,10,FALSE,669,14810,45911.60178985781,44815.055039975596,47031.93581550304,10.003375337618472,4.796845357529056,18.396563770946862,45933.77082914506,44836.36427094383,47054.9979705326,3.099444725313432
CJD13,prion,MM1,18-31,cb,18-31_cb,D178N,1,13896,2,11069,0,11071,2825,11071,2,FALSE,2825,13894,22137.61566367419,21681.131675972854,22600.807306696945,2.0001439401203966,0.24221799409828385,7.225207651462895,22137.61566367419,21681.131675972854,22600.807306696945,1.5930926643403995
CJD13,prion,MM1,18-31,cb,18-31_cb,E200K,1,11388,13,8722,0,8735,2653,8735,13,FALSE,2653,11375,16590.825245435026,16212.213366322185,16975.543077386166,13.00742574311307,6.925601944539058,22.243095209570164,16590.825245435026,16212.213366322185,16975.543077386166,1.4568690942601885
CJD13,prion,MM1,18-31,cb,18-31_cb,P102L,1,13633,0,13321,0,13321,312,13321,0,FALSE,312,13633,51495.18674782983,50000.90423052506,53035.253130822726,-0,-0,3.688879454113874,51495.18674782983,50000.90423052506,53035.253130822726,3.777245415376647
CJD13,prion,MM1,18-31,fr,18-31_fr,D178N,1,12357,2,8250,0,8252,4105,8252,2,FALSE,4105,12355,13617.623589766647,13309.639054166366,13930.462689980352,2.0001618690485876,0.24221907964334155,7.2252724228752,13617.623589766647,13309.639054166366,13930.462689980352,1.1020169612176618
CJD13,prion,MM1,18-31,fr,18-31_fr,E200K,1,12572,3,11164,0,11167,1405,11167,3,FALSE,1405,12569,27550.718508632923,26932.027462777423,28180.079912801553,3.000357995227411,0.6187213386349063,8.768319337590961,27550.718508632923,26932.027462777423,28180.079912801553,2.191434816149612
CJD13,prion,MM1,18-31,fr,18-31_fr,P102L,1,14795,4,13093,1,13098,1697,13097,5,FALSE,1698,14790,32028.781138862843,31367.539241434708,32700.443005449244,5.000845070427467,1.6237058934138657,11.670304288113794,32037.496897583238,31376.03462517712,32709.38418845838,2.1654272996000836
CJD13,prion,MM1,18-31,hc,18-31_hc,D178N,1,9109,1,6120,0,6121,2988,6121,1,FALSE,2988,9108,10153.425811294555,9886.617889682462,10425.13486927454,1.0000548947848358,0.025317807984418253,5.571949263494654,10153.425811294555,9886.617889682462,10425.13486927454,1.1146586684921018
CJD13,prion,MM1,18-31,hc,18-31_hc,E200K,1,15118,2,11897,1,11900,3218,11899,3,FALSE,3219,15115,23384.754227776997,22922.321321738596,23853.67393504778,3.0002976978050997,0.6187130495264952,8.768143106311264,23389.45144701628,22926.927066085012,23858.464050259565,1.5471260382997936
CJD13,prion,MM1,18-31,hc,18-31_hc,P102L,1,16065,13,14800,1,14814,1251,14813,14,FALSE,1252,16051,40996.28506503149,40142.61716757448,41864.42334451235,14.006103764246133,7.657028722470048,23.499862811897966,41009.12166179916,40155.08340200217,41877.64044961886,2.5526997610830477
CJD13,prion,MM1,18-31,sn,18-31_sn,D178N,1,10324,12,8220,0,8232,2092,8232,12,FALSE,2092,10312,16480.724994888707,16086.586594685421,16881.603024608958,12.006979449923374,6.203880671948759,20.973777822371932,16480.724994888707,16086.586594685421,16881.603024608958,1.5963507356536912
CJD13,prion,MM1,18-31,sn,18-31_sn,E200K,1,9518,5,8302,0,8307,1211,8307,5,FALSE,1211,9513,19623.624931221955,19123.704917749725,20133.17306964479,5.00131376123066,1.6238276248380985,11.67139819257039,19623.624931221955,19123.704917749725,20133.17306964479,2.0617382781279634
CJD13,prion,MM1,18-31,sn,18-31_sn,P102L,2,31582,29,30975,0,31004,578,31004,29,FALSE,578,31553,126352.2786105227,123801.9208175188,128958.5826454851,29.013322702550703,19.430369559156752,41.66797180192184,126352.2786105227,123801.9208175188,128958.5826454851,4.000768748354211
CJD13,prion,MM1,18-31,th,18-31_th,D178N,1,15196,0,12242,1,12243,2953,12242,1,FALSE,2954,15195,24889.10369028124,24398.143580334578,25386.986560357323,1.0000329048397238,0.025317807984942264,5.571826731576396,24894.24877243637,24403.185277014516,25392.236726207244,1.6382106325635937
CJD13,prion,MM1,18-31,th,18-31_th,E200K,1,14945,0,12190,0,12190,2755,12190,0,FALSE,2755,14945,25271.387532543144,24768.268085640084,25781.704187437826,-0,-0,3.6888794541134216,25271.387532543144,24768.268085640084,25781.704187437826,1.6909593531310234
CJD13,prion,MM1,18-31,th,18-31_th,P102L,2,29950,20,27407,0,27427,2523,27427,20,FALSE,2523,29930,74098.71561433101,72981.15168869779,75229.71205427282,20.006680770682426,12.220396196317903,30.898696181362222,74098.71561433101,72981.15168869779,75229.71205427282,2.474080654902538
CJD14,prion,atypical,18-5,bg,18-5_bg,D178N,1,12341,0,9243,0,9243,3098,9243,0,FALSE,3098,12341,17057.36380158888,16682.18608525919,17438.342641588897,-0,-0,3.688879454114316,17057.36380158888,16682.18608525919,17438.342641588897,1.3821703104763698
CJD14,prion,atypical,18-5,bg,18-5_bg,E200K,2,23180,9,22605,0,22614,566,22614,9,FALSE,566,23171,86054.61507684717,84169.17432615535,87982.4995931112,9.001747648239908,4.116083415294198,17.088121152483293,86054.61507684717,84169.17432615535,87982.4995931112,3.7124510386905594
CJD14,prion,atypical,18-5,bg,18-5_bg,P102L,2,28182,8,22948,0,22956,5226,22956,8,FALSE,5226,28174,47487.72144715554,46798.99423951373,48183.584422860455,8.001135691475863,3.45426118673376,15.76542704976352,47487.72144715554,46798.99423951373,48183.584422860455,1.6850373091744923
CJD14,prion,atypical,18-5,cb,18-5_cb,D178N,2,24554,4,23044,0,23048,1506,23048,4,FALSE,1506,24550,68540.46884012976,67339.75729363994,69758.99477825523,4.000325847884826,1.0899319587738883,10.242422998741775,68540.46884012976,67339.75729363994,69758.99477825523,2.7914176443809464
CJD14,prion,atypical,18-5,cb,18-5_cb,E200K,1,12220,1,11425,0,11426,794,11426,1,FALSE,794,12219,33406.37332746667,32585.31858718603,34244.50545445397,1.0000409187621375,0.02531780798369236,5.571871385909526,33406.37332746667,32585.31858718603,34244.50545445397,2.7337457714784508
CJD14,prion,atypical,18-5,cb,18-5_cb,P102L,2,28429,24,27825,0,27849,580,27849,24,FALSE,580,28405,110649.56067988937,108360.33285431533,112989.17477982547,24.010136205660952,15.3834764617887,35.72518007084958,110649.56067988937,108360.33285431533,112989.17477982547,3.892136926374103
CJD14,prion,atypical,18-5,fr,18-5_fr,D178N,1,11962,3,10394,0,10397,1565,10397,3,FALSE,1565,11959,24328.903348447035,23777.261011530634,24889.93528873761,3.0003762541824432,0.6187238486738548,8.768372703638482,24328.903348447035,23777.261011530634,24889.93528873761,2.0338491346302487
CJD14,prion,atypical,18-5,fr,18-5_fr,E200K,1,11032,6,10675,0,10681,351,10681,6,FALSE,351,11026,38035.789770352225,36901.16238490332,39203.8029193939,6.001632208949206,2.2023933802363267,13.063026897476462,38035.789770352225,36901.16238490332,39203.8029193939,3.447769196007272
CJD14,prion,atypical,18-5,fr,18-5_fr,P102L,2,30330,5,26530,1,26536,3794,26535,6,FALSE,3795,30324,63039.47678616836,62137.72477958402,63950.88154074793,6.000593550089633,2.2020757677887164,13.060765963346611,63047.46993419195,62145.581947538114,63959.01271518882,2.078716450187667
CJD14,prion,atypical,18-5,hc,18-5_hc,D178N,1,10563,3,8978,0,8981,1582,8981,3,FALSE,1582,10560,20055.624374651634,19576.558110818944,20543.140177610636,3.0004260960155835,0.6187307003117407,8.768518379438715,20055.624374651634,19576.558110818944,20543.140177610636,1.8986674594955633
CJD14,prion,atypical,18-5,hc,18-5_hc,E200K,1,11689,12,11060,0,11072,617,11072,12,FALSE,617,11677,34383.596579997145,33486.80760429613,35301.043820302846,12.00616385619609,6.203494425339417,20.97235290663432,34383.596579997145,33486.80760429613,35301.043820302846,2.941534483702382
CJD14,prion,atypical,18-5,hc,18-5_hc,P102L,2,28144,21,27508,0,27529,615,27529,21,FALSE,615,28123,107607.6608534636,105408.46467885401,109853.97572800038,21.0078386067124,13.003951969036335,32.11271334304933,107607.6608534636,105408.46467885401,109853.97572800038,3.8234671991708216
CJD14,prion,atypical,18-5,sn,18-5_sn,D178N,1,12365,5,10151,2,10158,2207,10156,7,FALSE,2209,12358,21296.610159860214,20830.188468549262,21770.409411216588,7.001982147226241,2.815046088633862,14.42675960202574,21307.810341785418,20841.130874470018,21781.872335935863,1.7232357736987802
CJD14,prion,atypical,18-5,sn,18-5_sn,E200K,1,12649,2,12590,0,12592,57,12592,2,FALSE,57,12647,68333.46719126253,65065.98337457018,71841.90662049163,2.000158131934967,0.24221885337260377,7.225258921836783,68333.46719126253,65065.98337457018,71841.90662049163,5.402282171812992
CJD14,prion,atypical,18-5,sn,18-5_sn,P102L,2,31087,6,30726,0,30732,355,30732,6,FALSE,355,31081,139034.34482872585,135820.0025341108,142338.15296445802,6.000579094683977,2.2020713472667244,13.060734498460977,139034.34482872585,135820.0025341108,142338.15296445802,4.472427214872
CJD14,prion,atypical,18-5,th,18-5_th,D178N,1,14004,2,12838,0,12840,1164,12840,2,FALSE,1164,14002,34834.67907557956,34065.183350885105,35617.87774013055,2.000142829937941,0.2422179268807179,7.225203640751064,34834.67907557956,34065.183350885105,35617.87774013055,2.4874806537831735
CJD14,prion,atypical,18-5,th,18-5_th,E200K,1,15078,12,13954,4,13970,1108,13966,16,FALSE,1112,15062,39309.49994890975,38457.41582335356,40176.78778276642,16.00849519985902,9.149934412079286,25.996794184373595,39363.835142844495,38510.09030798907,40232.83223295056,2.610680139464418
CJD14,prion,atypical,18-5,th,18-5_th,P102L,3,42567,34,40615,0,40649,1918,40649,34,FALSE,1918,42533,131949.03032513673,130088.08111648845,133833.45525242126,34.013585828600185,23.555119966385504,47.53057750582684,131949.03032513673,130088.08111648845,133833.45525242126,3.09979632873204
CJD15,prion,MM1+2C,18-6,bg,18-6_bg,D178N,1,12762,6,10661,0,10667,2095,10667,6,FALSE,2095,12756,23059.893285343554,22561.163243285293,23566.482739875555,6.001410879465515,2.202325701943572,13.062545094874435,23059.893285343554,22561.163243285293,23566.482739875555,1.806918452072054
CJD15,prion,MM1+2C,18-6,bg,18-6_bg,E200K,1,12442,2,10812,0,10814,1628,10814,2,FALSE,1628,12440,25303.61364785227,24741.03291127774,25875.579108455666,2.0001607630887803,0.24221901268191584,7.225268427382331,25303.61364785227,24741.03291127774,25875.579108455666,2.0337255785124797
CJD15,prion,MM1+2C,18-6,bg,18-6_bg,P102L,1,13821,14,13226,0,13240,581,13240,14,FALSE,581,13807,43801.42608281099,42702.317327289165,44926.000584947986,14.007095451111146,7.65753209675634,23.501526908570522,43801.42608281099,42702.317327289165,44926.000584947986,3.1691936967521155
CJD15,prion,MM1+2C,18-6,cb,18-6_cb,D178N,1,13227,5,10541,0,10546,2681,10546,5,FALSE,2681,13222,21111.222331495494,20665.050821649755,21564.118349780078,5.0009452748933745,1.6237319197049453,11.670538156106364,21111.222331495494,20665.050821649755,21564.118349780078,1.596070335790088
CJD15,prion,MM1+2C,18-6,cb,18-6_cb,E200K,1,13150,2,10915,0,10917,2233,10917,2,FALSE,2233,13148,23315.946582819648,22819.877390433594,23819.67457629359,2.0001521066783963,0.24221848856140563,7.225237154503238,23315.946582819648,22819.877390433594,23819.67457629359,1.7730757857657526
CJD15,prion,MM1+2C,18-6,cb,18-6_cb,P102L,1,14491,4,13936,0,13940,551,13940,4,FALSE,551,14487,47379.0235008166,46193.13323544695,48592.889185652384,4.000552168414403,1.0899782039738495,10.243002512867363,47379.0235008166,46193.13323544695,48592.889185652384,3.2695482368930096
CJD15,prion,MM1+2C,18-6,fr,18-6_fr,D178N,1,14251,4,10491,0,10495,3756,10495,4,FALSE,3756,14247,19003.31685893543,18613.116157238914,19399.12901804934,4.000561469180502,1.0899801044090267,10.243026328800816,19003.31685893543,18613.116157238914,19399.12901804934,1.3334725183450586
CJD15,prion,MM1+2C,18-6,fr,18-6_fr,E200K,1,12387,10,10585,0,10595,1792,10595,10,FALSE,1792,12377,23947.975642766367,23418.444646297034,24486.173766627224,10.004038663617733,4.79713160296768,18.397783807726245,23947.975642766367,23418.444646297034,24486.173766627224,1.933315221019324
CJD15,prion,MM1+2C,18-6,fr,18-6_fr,P102L,1,14764,10,13063,2,13075,1689,13073,12,FALSE,1691,14752,31991.694003970322,31330.38608348244,32663.439567586924,12.004879371282748,6.202886106572401,20.970108855555498,32009.1661953586,31347.415584246293,32681.364617526135,2.168055147342089
CJD15,prion,MM1+2C,18-6,hc,18-6_hc,D178N,1,11985,4,10162,0,10166,1819,10166,4,FALSE,1819,11981,22596.147085679095,22089.776956593127,23110.869197552696,4.000667649599611,1.0900018001541902,10.243298221534287,22596.147085679095,22089.776956593127,23110.869197552696,1.8853689683503625
CJD15,prion,MM1+2C,18-6,hc,18-6_hc,E200K,1,9069,1,8005,0,8006,1063,8006,1,FALSE,1063,9068,19441.822062402865,18930.4755908735,19963.469024988663,1.0000551369237847,0.025317807984302703,5.571950612765867,19441.822062402865,18930.4755908735,19963.469024988663,2.1437669051056196
CJD15,prion,MM1+2C,18-6,hc,18-6_hc,P102L,1,15828,10,15288,0,15298,530,15298,10,FALSE,530,15818,53762.31542244139,52438.37986726635,55117.776221025604,10.003160289974568,4.796752556512889,18.39616824590271,53762.31542244139,52438.37986726635,55117.776221025604,3.3966587959591474
CJD15,prion,MM1+2C,18-6,sn,18-6_sn,D178N,1,12158,4,10154,0,10158,2000,10158,4,FALSE,2000,12154,21943.247258184143,21457.091337286565,22437.25368282145,4.000658147318873,1.0899998585786153,10.243273889153782,21943.247258184143,21457.091337286565,22437.25368282145,1.8048402087665851
CJD15,prion,MM1+2C,18-6,sn,18-6_sn,E200K,1,13255,2,11148,0,11150,2105,11150,2,FALSE,2105,13253,24389.986983901068,23871.532783726285,24916.49900289136,2.000150901637065,0.24221841559959123,7.225232801085471,24389.986983901068,23871.532783726285,24916.49900289136,1.840059372606644
CJD15,prion,MM1+2C,18-6,sn,18-6_sn,P102L,1,12091,11,6035,0,6046,6045,6046,11,FALSE,6045,12080,8381.84260150565,8167.24611759236,8600.316275927442,11.005006758664663,5.493432344270932,19.690997647608288,8381.84260150565,8167.24611759236,8600.316275927442,0.6932298901253536
CJD15,prion,MM1+2C,18-6,th,18-6_th,D178N,1,9520,7,8336,0,8343,1177,8343,7,FALSE,1177,9513,19900.85571539928,19392.599731630587,20418.96635263888,7.002574791641874,2.8152502942337323,14.427980854392523,19900.85571539928,19392.599731630587,20418.96635263888,2.0904260205251344
CJD15,prion,MM1+2C,18-6,th,18-6_th,E200K,1,8621,3,7716,0,7719,902,7719,3,FALSE,902,8618,19460.544055635884,18929.075299928347,20003.3418138682,3.0005221023357866,0.6187438978090715,8.768798988916407,19460.544055635884,18929.075299928347,20003.3418138682,2.2573418461473014
CJD15,prion,MM1+2C,18-6,th,18-6_th,P102L,1,17481,17,12600,0,12617,4864,12617,17,FALSE,4864,17464,22362.629247679528,21946.176641056416,22784.49241438222,17.008271480523483,9.907661212332277,27.231891029516298,22362.629247679528,21946.176641056416,22784.49241438222,1.279253432165181
CJD29,prion,MV2K,19-082,bg,19-082_bg,D178N,1,14745,29,14561,0,14590,155,14590,29,FALSE,155,14716,67166.92834284776,64860.032625896005,69573.39228591499,29.028555589373134,19.44021828757426,41.689851429069236,67166.92834284776,64860.032625896005,69573.39228591499,4.55523420433013
CJD29,prion,MV2K,19-082,bg,19-082_bg,E200K,1,12884,21,12783,0,12804,80,12804,21,FALSE,80,12863,65472.814459513545,62663.54843994399,68454.2418264735,21.017132869666188,13.009430625429367,32.126922368357356,65472.814459513545,62663.54843994399,68454.2418264735,5.081714875777208
CJD29,prion,MV2K,19-082,bg,19-082_bg,P102L,1,15002,18,14786,0,14804,198,14804,18,FALSE,198,14984,64923.731951073365,62849.54950803774,67076.93175003056,18.01080720566813,10.67398956535541,28.464841493933648,64923.731951073365,62849.54950803774,67076.93175003056,4.327671773835046
CJD29,prion,MV2K,19-082,cb,19-082_cb,D178N,1,15057,33,15012,0,15045,12,15045,33,FALSE,12,15024,107427.05185085213,99032.9670724808,117366.25569614625,33.03621550686306,22.73985318587106,46.39513363268879,107427.05185085213,99032.9670724808,117366.25569614625,7.134691628535043
CJD29,prion,MV2K,19-082,cb,19-082_cb,E200K,1,16158,18,16130,0,16148,10,16148,18,FALSE,10,16140,119368.60600883893,109528.68057955653,131241.507511979,18.010033445508228,10.673556519942869,28.463618456058104,119368.60600883893,109528.68057955653,131241.507511979,7.387585469045608
CJD29,prion,MV2K,19-082,cb,19-082_cb,P102L,1,15395,11,15362,0,15373,22,15373,11,FALSE,22,15384,100848.8825697694,94469.26044688091,108039.29382954756,11.003931720319807,5.492944538974994,19.68907385402525,100848.8825697694,94469.26044688091,108039.29382954756,6.550755607000285
CJD29,prion,MV2K,19-082,fr,19-082_fr,D178N,1,15844,27,15625,0,15652,192,15652,27,FALSE,192,15817,69920.37666469702,67694.57580861155,72232.1504816426,27.023031723678095,17.80778493914225,39.31709491495386,69920.37666469702,67694.57580861155,72232.1504816426,4.413050786714026
CJD29,prion,MV2K,19-082,fr,19-082_fr,E200K,1,16612,12,16380,0,16392,220,16392,12,FALSE,220,16600,71834.49180611226,69655.41190152403,74092.05500512982,12.004336304631464,6.202628909947668,20.969160116470505,71834.49180611226,69655.41190152403,74092.05500512982,4.324253058398282
CJD29,prion,MV2K,19-082,fr,19-082_fr,P102L,1,15876,16,15568,0,15584,292,15584,16,FALSE,292,15860,63437.47974471209,61634.4549985936,65297.092654031745,16.008067905321248,9.149705470339365,25.996100195127973,63437.47974471209,61634.4549985936,65297.092654031745,3.995810011634674
CJD29,prion,MV2K,19-082,hc,19-082_hc,D178N,1,16330,16,14732,0,14748,1582,14748,16,FALSE,1582,16314,38119.34823461077,37355.462814453815,38895.225131420346,16.00784345807566,9.149585212305567,25.995735661607593,38119.34823461077,37355.462814453815,38895.225131420346,2.334314037636912
CJD29,prion,MV2K,19-082,hc,19-082_hc,E200K,1,15835,4,14327,0,14331,1504,14331,4,FALSE,1504,15831,37277.0856864209,36516.59715657018,38049.77304065997,4.000505295072934,1.089968626252453,10.242882487602477,37277.0856864209,36516.59715657018,38049.77304065997,2.354094454462955
CJD29,prion,MV2K,19-082,hc,19-082_hc,P102L,1,16646,17,14468,0,14485,2161,14485,17,FALSE,2161,16629,33984.454786676724,33330.625827418975,34647.70069863034,17.008686678927024,9.907888826215421,27.232555881837847,33984.454786676724,33330.625827418975,34647.70069863034,2.0415988697991545
CJD29,prion,MV2K,19-082,sn,19-082_sn,D178N,1,15850,27,15756,0,15783,67,15783,27,FALSE,67,15823,86639.77973464421,82860.85521170468,90673.05663391497,27.023022995128247,17.807779400846794,39.3170822134635,86639.77973464421,82860.85521170468,90673.05663391497,5.466232159914461
CJD29,prion,MV2K,19-082,sn,19-082_sn,E200K,1,16606,17,16509,1,16527,79,16526,18,FALSE,80,16588,88601.19211077926,84977.53682353238,92446.16549232093,18.00976256542027,10.673404917207913,28.463190294453657,88810.07536810637,85163.54097050778,92680.84930880395,5.348071502354954
CJD29,prion,MV2K,19-082,sn,19-082_sn,P102L,1,15824,17,15671,0,15688,136,15688,17,FALSE,136,15807,75268.88413243281,72623.56261570219,78036.16518215199,17.009138244189135,9.908136375099994,27.233278972402026,75268.88413243281,72623.56261570219,78036.16518215199,4.756628168126442
CJD29,prion,MV2K,19-082,th,19-082_th,D178N,1,16813,21,16740,0,16761,52,16761,21,FALSE,52,16792,97156.67711068028,92607.27690075591,102058.20073923339,21.013125782436724,13.007068643250719,32.120796191883194,97156.67711068028,92607.27690075591,102058.20073923339,5.778663957097501
CJD29,prion,MV2K,19-082,th,19-082_th,E200K,1,17176,29,17110,0,17139,37,17139,29,FALSE,37,17147,105466.6589326816,99961.87677382023,111487.80983067017,29.024509426855,19.4376023509222,41.684039569163225,105466.6589326816,99961.87677382023,111487.80983067017,6.1403504269143925
CJD29,prion,MV2K,19-082,th,19-082_th,P102L,1,14714,16,14614,1,14631,83,14630,17,FALSE,84,14697,76008.66748486186,72876.47290804652,79327.47591283728,17.009828149819015,9.908514579586782,27.234383725814688,76184.88515992323,73033.84261071021,79524.87970565798,5.177714092695612
CJD16,prion,MM1,19-29,fr,19-29_fr,D178N,1,14236,7,8539,0,8546,5690,8546,7,FALSE,5690,14229,13055.319110940183,12769.652943482743,13345.34402996363,7.001721553402289,2.8149562942564446,14.426222615407537,13055.319110940183,12769.652943482743,13345.34402996363,0.9170637195097066
CJD16,prion,MM1,19-29,fr,19-29_fr,E200K,1,15246,3,9797,1,9801,5445,9800,4,FALSE,5446,15242,15694.777891429083,15371.061959270104,16023.138822409011,4.000524819595958,1.0899726157459304,10.24293248255527,15697.577634343937,15373.815320727774,16025.985444153825,1.0296194171811581
CJD16,prion,MM1,19-29,fr,19-29_fr,P102L,1,14766,19,7742,0,7761,7005,7761,19,FALSE,7005,14747,11011.05139648162,10761.29684653516,11264.783605907536,19.01223452439851,11.446218968783786,29.689960664653327,11011.05139648162,10761.29684653516,11264.783605907536,0.7457030608480035
CJD17,prion,MM1+2C,20-08,bg,20-08_bg,D178N,1,14007,2,10279,0,10281,3726,10281,2,FALSE,3726,14005,18548.376608212522,18163.97104362752,18938.36028654021,2.000142799343485,0.24221792502848025,7.225203530226702,18548.376608212522,18163.97104362752,18938.36028654021,1.3242219324775129
CJD17,prion,MM1+2C,20-08,bg,20-08_bg,E200K,1,13807,3,10163,0,10166,3641,10166,3,FALSE,3641,13804,18403.589723607107,18019.675585368263,18793.114397295525,3.0003259688526613,0.6187169359748951,8.768225733724613,18403.589723607107,18019.675585368263,18793.114397295525,1.3329173407407189
CJD17,prion,MM1+2C,20-08,bg,20-08_bg,P102L,1,15883,7,14913,1,14921,962,14920,8,FALSE,963,15875,44519.27425961414,43547.818175953034,45508.83618509523,8.002015409514089,3.454593485532461,15.76716058388901,44535.77607928035,43563.78214989944,45525.89290875325,2.8039901831694487
CJD17,prion,MM1+2C,20-08,cb,20-08_cb,D178N,1,12623,8,10247,0,10255,2368,10255,8,FALSE,2368,12615,21124.27277592119,20666.912867935265,21588.747779672784,8.002536126652313,3.454790170886861,15.76818672298745,21124.27277592119,20666.912867935265,21588.747779672784,1.6734748297489652
CJD17,prion,MM1+2C,20-08,cb,20-08_cb,E200K,1,13482,7,10298,0,10305,3177,10305,7,FALSE,3177,13475,19487.12692051363,19078.166959989307,19902.137701543008,7.001817867063005,2.8149894818023635,14.426421080873363,19487.12692051363,19078.166959989307,19902.137701543008,1.445418107143868
CJD17,prion,MM1+2C,20-08,cb,20-08_cb,P102L,1,14172,8,12012,0,12020,2152,12020,8,FALSE,2152,14164,26712.385359540658,26161.82735251089,27271.278940276243,8.002258823570193,3.4546854285608317,15.767640258745358,26712.385359540658,26161.82735251089,27271.278940276243,1.8848705447036873
CJD17,prion,MM1+2C,20-08,fr,20-08_fr,D178N,1,15057,4,11427,0,11431,3626,11431,4,FALSE,3626,15053,21436.844939683175,21010.731325909128,21868.916251983333,4.000531408455599,1.089973962060499,10.242949354185154,21436.844939683175,21010.731325909128,21868.916251983333,1.423712887008247
CJD17,prion,MM1+2C,20-08,fr,20-08_fr,E200K,1,15619,4,11812,0,11816,3803,11816,4,FALSE,3803,15615,22064.928389665278,21634.067676907325,22501.70119514845,4.000512284148403,1.0899700543492832,10.242900383976899,22064.928389665278,21634.067676907325,22501.70119514845,1.4126978929294627
CJD17,prion,MM1+2C,20-08,fr,20-08_fr,P102L,1,14241,12,12605,0,12617,1624,12617,12,FALSE,1624,14229,30920.52753661523,30269.452324466165,31582.08196660982,12.005058666679842,6.202971020192222,20.970422088028197,30920.52753661523,30269.452324466165,31582.08196660982,2.1712328864978043
CJD17,prion,MM1+2C,20-08,hc,20-08_hc,D178N,1,11515,27,11472,0,11499,16,11499,27,FALSE,16,11488,75755.07879152277,70176.98161567425,82192.94602272689,27.031703932473825,17.813287332444133,39.32971477990339,75755.07879152277,70176.98161567425,82192.94602272689,6.578817090015004
CJD17,prion,MM1+2C,20-08,hc,20-08_hc,E200K,1,11440,17,11414,0,11431,9,11431,17,FALSE,9,11423,81769.07810611618,74440.4836416727,90718.87905109167,17.012643646190355,9.910057989669841,27.238892322297666,81769.07810611618,74440.4836416727,90718.87905109167,7.147646687597568
CJD17,prion,MM1+2C,20-08,hc,20-08_hc,P102L,1,11073,28,11002,0,11030,43,11030,28,FALSE,43,11045,61466.941371998335,58176.03766763984,65042.1875574167,28.035461219401554,18.62851635068804,40.51905287077916,61466.941371998335,58176.03766763984,65042.1875574167,5.551064876004546
CJD17,prion,MM1+2C,20-08,sn,20-08_sn,D178N,1,13650,4,10516,0,10520,3130,10520,4,FALSE,3130,13646,20102.443958127078,19683.53967400748,20527.51287762757,4.000586195108661,1.0899851566682002,10.243089643234168,20102.443958127078,19683.53967400748,20527.51287762757,1.4727065170789069
CJD17,prion,MM1+2C,20-08,sn,20-08_sn,E200K,1,13344,9,9429,0,9438,3906,9438,9,FALSE,3906,13335,16393.811407632445,16042.790099388598,16750.079227991857,9.003036437323336,4.116607201152163,17.090567918519415,16393.811407632445,16042.790099388598,16750.079227991857,1.2285530131619038
CJD17,prion,MM1+2C,20-08,sn,20-08_sn,P102L,1,15864,6,10333,1,10340,5524,10339,7,FALSE,5525,15857,16732.857697460193,16396.081608166092,17074.347341788587,7.001544831661666,2.8148953993529475,14.425858462956862,16735.729269556003,16398.906274994304,17077.26632193344,1.054950155670449
CJD17,prion,MM1+2C,20-08,th,20-08_th,D178N,2,23490,20,18392,0,18412,5078,18412,20,FALSE,5078,23470,35978.63033847199,35407.521825609576,36556.13918104476,20.008519097318178,12.221462862726028,30.901535559550457,35978.63033847199,35407.521825609576,36556.13918104476,1.5316573153883348
CJD17,prion,MM1+2C,20-08,th,20-08_th,E200K,2,25064,13,18829,1,18843,6221,18842,14,FALSE,6222,25050,34922.702713292296,34383.626886277634,35467.5987727632,14.003911447037087,7.6559158812472665,23.496184116151152,34926.73132376468,34387.59775883203,35471.68574684599,1.3935018881170078
CJD17,prion,MM1+2C,20-08,th,20-08_th,P102L,1,10780,35,10624,0,10659,121,10659,35,FALSE,121,10745,48398.50568177815,46491.060924839774,50400.252362579675,35.05694146514776,24.417306359800858,48.75572878590777,48398.50568177815,46491.060924839774,50400.252362579675,4.4896572988662475
CJD28,prion,MV2K,20-169,bg,20-169_bg,D178N,1,14663,18,14442,0,14460,203,14460,18,FALSE,203,14645,62755.83079013318,60754.2952067308,64832.725774846665,18.01105726664214,10.674129514475025,28.46523675342691,62755.83079013318,60754.2952067308,64832.725774846665,4.279876613935292
CJD28,prion,MV2K,20-169,bg,20-169_bg,E200K,1,14590,18,14339,0,14357,233,14357,18,FALSE,233,14572,60359.606012207,58502.57065324849,62281.9461581665,18.011112636418463,10.674160502662723,28.46532427397021,60359.606012207,58502.57065324849,62281.9461581665,4.137053187951131
CJD28,prion,MV2K,20-169,bg,20-169_bg,P102L,1,14987,20,14657,0,14677,310,14677,20,FALSE,310,14967,58125.0733426649,56475.13702183153,59825.463900190145,20.013356783229654,12.224269770584888,30.909007851040958,58125.0733426649,56475.13702183153,59825.463900190145,3.878366140165804
CJD28,prion,MV2K,20-169,cb,20-169_cb,D178N,1,14628,23,14564,0,14587,41,14587,23,FALSE,41,14605,85970.5217834003,81516.42696226976,90819.07577092212,23.018100737014116,14.59100162824219,34.53845498102429,85970.5217834003,81516.42696226976,90819.07577092212,5.877120712564964
CJD28,prion,MV2K,20-169,cb,20-169_cb,E200K,1,15225,16,15122,0,15138,87,15138,16,FALSE,87,15209,78633.8664529855,75449.02970699039,82004.81582678076,16.008413119724995,9.149890434173642,25.996660873788546,78633.8664529855,75449.02970699039,82004.81582678076,5.1647859739235145
CJD28,prion,MV2K,20-169,cb,20-169_cb,P102L,1,15700,16,15476,0,15492,208,15492,16,FALSE,208,15684,67884.88321267079,65766.97474250104,70081.38880242023,16.008158409581178,9.149753962082258,25.996247186985602,67884.88321267079,65766.97474250104,70081.38880242023,4.323877911635082
CJD28,prion,MV2K,20-169,fr,20-169_fr,D178N,1,13951,14,13775,0,13789,162,13789,14,FALSE,162,13937,62161.61207993238,60027.787080306356,64385.61259737853,14.007029289097419,7.6574985136155975,23.501415884630177,62161.61207993238,60027.787080306356,64385.61259737853,4.455710134035724
CJD28,prion,MV2K,20-169,fr,20-169_fr,E200K,1,12661,15,12416,1,12432,229,12431,16,FALSE,230,12645,50747.85023945135,49127.81657816001,52425.55614845927,16.01011831135213,9.150804051289802,25.99943039861435,50803.0180827277,49179.38795416942,52484.57150541303,4.0125596779660135
CJD28,prion,MV2K,20-169,fr,20-169_fr,P102L,1,15013,18,14769,0,14787,226,14787,18,FALSE,226,14995,62996.6013601381,61055.44669546017,65006.98095002547,18.010799280911257,10.673985130177828,28.464828967667582,62996.6013601381,61055.44669546017,65006.98095002547,4.196136772140019
CJD28,prion,MV2K,20-169,hc,20-169_hc,D178N,1,13736,12,13607,0,13619,117,13619,12,FALSE,117,13724,65460.30176141998,62985.0475973471,68059.36932083638,12.005244755466661,6.203059150732026,20.970747190192533,65460.30176141998,62985.0475973471,68059.36932083638,4.765601467779556
CJD28,prion,MV2K,20-169,hc,20-169_hc,E200K,1,13243,18,13132,0,13150,93,13150,18,FALSE,93,13225,65667.06950797421,62989.27568258109,68496.18483253114,18.012243973747534,10.67479366089583,28.467112542192787,65667.06950797421,62989.27568258109,68496.18483253114,4.958624896773708
CJD28,prion,MV2K,20-169,hc,20-169_hc,P102L,1,13814,16,13658,0,13674,140,13674,16,FALSE,140,13798,63431.06202912523,61156.81854209935,65808.91415637532,16.009273123125865,9.150351214618087,25.99805765818597,63431.06202912523,61156.81854209935,65808.91415637532,4.591795427039614
CJD28,prion,MV2K,20-169,sn,20-169_sn,D178N,1,15022,20,14769,0,14789,233,14789,20,FALSE,233,15002,62585.14639781481,60672.6494439717,64564.823153616744,20.01332563539206,12.224251698542123,30.90895973883877,62585.14639781481,60672.6494439717,64564.823153616744,4.166232618680256
CJD28,prion,MV2K,20-169,sn,20-169_sn,E200K,1,12363,18,12115,0,12133,230,12133,18,FALSE,230,12345,49258.940765328174,47677.41417942828,50896.8287781064,18.013116348401244,10.675281883245534,28.468491494215385,49258.940765328174,47677.41417942828,50896.8287781064,3.9843841110837315
CJD28,prion,MV2K,20-169,sn,20-169_sn,P102L,1,14722,22,14499,0,14521,201,14521,22,FALSE,201,14700,63213.22561860607,61193.472719085774,65309.39135955902,22.016454378546335,13.797125285197527,33.33317839298005,63213.22561860607,61193.472719085774,65309.39135955902,4.2937933445595755
CJD28,prion,MV2K,20-169,th,20-169_th,D178N,1,14209,18,13155,0,13173,1036,13173,18,FALSE,1036,14191,37206.38617983016,36374.12780562674,38054.015554779624,18.011410862469106,10.674327407150503,28.465795667698853,37206.38617983016,36374.12780562674,38054.015554779624,2.618508422818647
CJD28,prion,MV2K,20-169,th,20-169_th,E200K,1,12171,11,11314,0,11325,846,11325,11,FALSE,846,12160,32451.439837897888,31661.163942987998,33257.79126469283,11.004973829389531,5.493417402634096,19.69093871938386,32451.439837897888,31661.163942987998,33257.79126469283,2.6662919922683335
CJD28,prion,MV2K,20-169,th,20-169_th,P102L,1,13989,11,12884,0,12895,1094,12895,11,FALSE,1094,13978,35649.99569829562,34854.96054156361,36459.483614404104,11.004327095153743,5.493123944515672,19.6897813747966,35649.99569829562,34854.96054156361,36459.483614404104,2.5484306024945043
CJD27,prion,MV2K,20-357,bg,20-357_bg,D178N,1,15631,14,12699,1,12714,2917,12713,15,FALSE,2918,15616,26234.408768104942,25723.82331277605,26752.12270796151,15.007201844041537,8.399147996136769,24.752097962075645,26239.766437394755,25729.073177294886,26757.589972517537,1.6787004310277498
CJD27,prion,MV2K,20-357,bg,20-357_bg,E200K,1,16948,10,14011,0,14021,2927,14021,10,FALSE,2927,16938,29763.600091024753,29206.028792210407,30328.717999779677,10.002951361618521,4.7966623955455985,18.395783978547,29763.600091024753,29206.028792210407,30328.717999779677,1.7561718250545642
CJD27,prion,MV2K,20-357,bg,20-357_bg,P102L,1,16984,10,13997,0,14007,2977,14007,10,FALSE,2977,16974,29575.184229966486,29022.012493153736,30135.819443479228,10.00294510333158,4.796659694833028,18.3957724681593,29575.184229966486,29022.012493153736,30135.819443479228,1.7413556423673155
CJD27,prion,MV2K,20-357,cb,20-357_cb,D178N,1,16224,27,15582,0,15609,615,15609,27,FALSE,615,16197,53095.06213639318,51838.17441365665,54379.94546225247,27.02249167321889,17.8074422745356,39.31630905303421,53095.06213639318,51838.17441365665,54379.94546225247,3.272624638584392
CJD27,prion,MV2K,20-357,cb,20-357_cb,E200K,1,16673,14,15829,0,15843,830,15843,14,FALSE,830,16659,50021.004474241134,48916.109370122635,51147.57363092142,14.005881058821966,7.656915677211494,23.499489106274616,50021.004474241134,48916.109370122635,51147.57363092142,3.0001202227698154
CJD27,prion,MV2K,20-357,cb,20-357_cb,P102L,1,15803,11,15142,0,15153,650,15153,11,FALSE,650,15792,50427.099790141416,49238.28650447161,51641.84141604239,11.003830164493502,5.492898456605534,19.688892121842272,50427.099790141416,49238.28650447161,51641.84141604239,3.190982711519421
CJD27,prion,MV2K,20-357,fr,20-357_fr,D178N,1,15835,21,15657,0,15678,157,15678,21,FALSE,157,15814,73058.44865264288,70596.00714863517,75626.28610108317,21.013937173477615,13.007546926146757,32.122036655523765,73058.44865264288,70596.00714863517,75626.28610108317,4.613732153624432
CJD27,prion,MV2K,20-357,fr,20-357_fr,E200K,1,17512,16,17291,0,17307,205,17307,16,FALSE,205,17496,77886.92563104586,75505.39895765547,80357.18505439878,16.007313728818342,9.14930138360263,25.994875312732347,77886.92563104586,75505.39895765547,80357.18505439878,4.447631660064291
CJD27,prion,MV2K,20-357,fr,20-357_fr,P102L,1,16054,15,15980,0,15995,59,15995,15,FALSE,59,16039,90001.54749381127,85922.9877196936,94374.50113930138,15.007011967431787,8.399048820593876,24.75178475076261,90001.54749381127,85922.9877196936,94374.50113930138,5.606175874785802
CJD27,prion,MV2K,20-357,hc,20-357_hc,D178N,1,16539,20,16267,0,16287,252,16287,20,FALSE,252,16519,69199.9602751852,67174.83168913462,71293.27768961892,20.01210238717192,12.223541962499954,30.90707027311429,69199.9602751852,67174.83168913462,71293.27768961892,4.18404741974637
CJD27,prion,MV2K,20-357,hc,20-357_hc,E200K,1,17724,14,17364,0,17378,346,17378,14,FALSE,346,17710,69765.84965130559,67917.59802486174,71667.29008294058,14.005532139286196,7.656738564701915,23.498903613289933,69765.84965130559,67917.59802486174,71667.29008294058,3.9362361572616558
CJD27,prion,MV2K,20-357,hc,20-357_hc,P102L,1,15501,15,15255,0,15270,231,15270,15,FALSE,231,15486,65200.95889182569,63218.31563614652,67253.46217923991,15.00726228170336,8.399179563611767,24.75219765734988,65200.95889182569,63218.31563614652,67253.46217923991,4.206242106433501
CJD27,prion,MV2K,20-357,sn,20-357_sn,D178N,1,16860,27,16821,0,16848,12,16848,27,FALSE,12,16833,122197.78292860588,112798.01203829063,133327.44391256955,27.021642325853207,17.80690335712252,39.3150731190368,122197.78292860588,112798.01203829063,133327.44391256955,7.247792581767846
CJD27,prion,MV2K,20-357,sn,20-357_sn,E200K,1,18272,29,18223,0,18252,20,18252,29,FALSE,20,18243,124567.4019524127,116630.96413138138,133571.0668018849,29.023037732877413,19.436650851911168,41.68192567925696,124567.4019524127,116630.96413138138,133571.0668018849,6.817392838901746
CJD27,prion,MV2K,20-357,sn,20-357_sn,P102L,1,16055,22,16017,0,16039,16,16039,22,FALSE,16,16033,110959.10542717694,103179.7722638337,119936.37486985145,22.015086969843093,13.796307407033876,33.33110782041608,110959.10542717694,103179.7722638337,119936.37486985145,6.911186884283833
CJD27,prion,MV2K,20-357,th,20-357_th,D178N,1,14662,19,14395,0,14414,248,14414,19,FALSE,248,14643,59814.884736059175,58006.83183057971,61684.58852098452,19.012321380963932,11.446268502773174,29.690096321428488,59814.884736059175,58006.83183057971,61684.58852098452,4.0795856456185495
CJD27,prion,MV2K,20-357,th,20-357_th,E200K,1,16167,20,15956,0,15976,191,15976,20,FALSE,191,16147,71756.4854712983,69479.0067363559,74122.11383227444,20.012381091002293,12.223703668968568,30.907500765188374,71756.4854712983,69479.0067363559,74122.11383227444,4.438453978554977
CJD27,prion,MV2K,20-357,th,20-357_th,P102L,1,15202,9,14946,0,14955,247,14955,9,FALSE,247,15193,62629.10748345073,60750.00137668665,64572.32047107418,9.002665175098427,4.11645631666964,17.08986306377117,62629.10748345073,60750.00137668665,64572.32047107418,4.119793940498009
CJD18,prion,MV2K+C,238501,bg,238501_bg,D178N,1,14415,9,14378,1,14388,27,14387,10,FALSE,28,14405,90004.66674001956,84701.829932086,95892.32943071683,10.003470214088757,4.796886300020672,18.396738272840523,90528.90633074273,85129.86050880181,96536.17548356071,6.280187744068174
CJD18,prion,MV2K+C,238501,bg,238501_bg,E200K,1,15635,18,15463,0,15481,154,15481,18,FALSE,154,15617,72238.61982602341,69783.68204403084,74799.71368123569,18.01036932803921,10.673744501698536,28.464149364631485,72238.61982602341,69783.68204403084,74799.71368123569,4.620314667478312
CJD18,prion,MV2K+C,238501,bg,238501_bg,P102L,1,14708,1,14679,0,14680,28,14680,1,FALSE,28,14707,92130.06382267356,86719.31448469449,98137.48483942162,1.0000339966456082,0.02531780798510213,5.571832815178408,92130.06382267356,86719.31448469449,98137.48483942162,6.263942332245959
CJD18,prion,MV2K+C,238501,cb,238501_cb,D178N,1,14773,7,10615,0,10622,4151,10622,7,FALSE,4151,14766,18753.613232900574,18373.451453174126,19139.15675677957,7.001658954991789,2.81493472412767,14.426093624780439,18753.613232900574,18373.451453174126,19139.15675677957,1.2694519212685693
CJD18,prion,MV2K+C,238501,cb,238501_cb,E200K,1,15281,6,10813,0,10819,4462,10819,6,FALSE,4462,15275,18811.111648893882,18434.75472832672,19192.71907757636,6.001178241811513,2.202254564513794,13.062038685648227,18811.111648893882,18434.75472832672,19192.71907757636,1.2310131306127794
CJD18,prion,MV2K+C,238501,cb,238501_cb,P102L,1,14748,5,10391,0,10396,4352,10396,5,FALSE,4352,14743,17999.520625627647,17632.5575708392,18371.700420559646,5.000847764169345,1.6237065930668628,11.670310575021363,17999.520625627647,17632.5575708392,18371.700420559646,1.2204719708182565
CJD18,prion,MV2K+C,238501,fr,238501_fr,D178N,1,15204,9,14734,3,14746,458,14743,12,FALSE,461,15192,53151.90362725831,51786.08402812611,54552.43546427002,12.004738089135364,6.202819195617457,20.969862033957085,53251.16839770729,51880.742210132186,54656.52630980194,3.5024446459949545
CJD18,prion,MV2K+C,238501,fr,238501_fr,E200K,1,14579,9,14027,0,14036,543,14036,9,FALSE,543,14570,47968.23541407535,46765.89010561352,49199.107922171155,9.002779112114798,4.116502621995364,17.09007937616033,47968.23541407535,46765.89010561352,49199.107922171155,3.2902280961708863
CJD18,prion,MV2K+C,238501,fr,238501_fr,P102L,1,14313,1,13698,0,13699,614,13699,1,FALSE,614,14312,45070.614565688644,43963.87139212354,46202.32575075358,1.0000349349045297,0.0253178079842417,5.571838043216634,45070.614565688644,43963.87139212354,46202.32575075358,3.1489285660370743
CJD18,prion,MV2K+C,238501,hc,238501_hc,D178N,1,14233,9,13417,1,13427,806,13426,10,FALSE,807,14223,40848.63631292203,39895.71545677612,41820.8352119816,10.00351460915529,4.796905457988517,18.39681992682447,40866.28417631137,39912.736303262995,41839.13195991518,2.871234748563997
CJD18,prion,MV2K+C,238501,hc,238501_hc,E200K,1,13914,6,13067,1,13074,840,13073,7,FALSE,841,13907,39043.50696454902,38132.821608983126,39972.38613002274,7.001761407233637,2.8149700270239033,14.426304738697677,39060.0613983876,38148.79873792601,39989.5375312926,2.807248914646227
CJD18,prion,MV2K+C,238501,hc,238501_hc,P102L,1,14509,5,13588,0,13593,916,13593,5,FALSE,916,14504,40081.22945475012,39172.60836997039,41007.3296695011,5.000861732202701,1.6237102210275083,11.670343174972972,40081.22945475012,39172.60836997039,41007.3296695011,2.762508060841555
CJD18,prion,MV2K+C,238501,sn,238501_sn,D178N,1,11568,12,11349,0,11361,207,11361,12,FALSE,207,11556,46541.29322030859,44980.97748177807,48160.323955202286,12.00622837407519,6.203524979824826,20.97246562411015,46541.29322030859,44980.97748177807,48160.323955202286,4.023279151133177
CJD18,prion,MV2K+C,238501,sn,238501_sn,E200K,1,14794,2,7578,3,7583,7211,7580,5,FALSE,7214,14789,10625.022849463958,10381.593525849468,10872.374678437753,5.000845127563059,1.6237059082533778,11.670304421462538,10631.176333088206,10387.647807099318,10878.628186605381,0.7186140552310535
CJD18,prion,MV2K+C,238501,sn,238501_sn,P102L,1,16754,16,16181,0,16197,557,16197,16,FALSE,557,16738,57027.71881097253,55660.50200750781,58426.641574345434,16.007644834152646,9.149478789965656,25.995413069814532,57027.71881097253,55660.50200750781,58426.641574345434,3.403827074786471
CJD18,prion,MV2K+C,238501,th,238501_th,D178N,1,14850,6,13868,0,13874,976,13874,6,FALSE,976,14844,40426.044483593636,39526.360108090004,41342.58056029488,6.0012124478084266,2.2022650243273727,13.06211314516978,40426.044483593636,39526.360108090004,41342.58056029488,2.7222925578177533
CJD18,prion,MV2K+C,238501,th,238501_th,E200K,1,15173,7,14411,3,14421,752,14418,10,FALSE,755,15163,45527.42195991703,44473.21162825872,46603.348879214514,10.00329677583235,4.7968114552894106,18.396419276329365,45587.832125981564,44531.40951939636,46666.05158048327,3.0045364875754013
CJD18,prion,MV2K+C,238501,th,238501_th,P102L,1,13175,4,12520,0,12524,651,12524,4,FALSE,651,13171,39624.691683573095,38638.7897943174,40632.50599676983,4.000607333555046,1.0899894758811093,10.243143771602819,39624.691683573095,38638.7897943174,40632.50599676983,3.007566731200994
Control7,control,control,924486,bg,924486_bg,D178N,1,13047,4,12030,1,12035,1012,12034,5,FALSE,1013,13042,33343.46113508164,32572.68473180392,34128.79624572701,5.0009583194991185,1.6237353077822458,11.67056860121208,33356.34706205504,32585.15740551097,34142.10807484035,2.556629651418337
Control7,control,control,924486,bg,924486_bg,E200K,1,11520,10,11054,1,11065,455,11064,11,FALSE,456,11509,37202.07887695292,36166.769009411284,38264.446061645955,11.005255081625956,5.493545020191467,19.691442033082122,37227.36977624369,36190.875401610785,38290.977902261955,3.2315425152989317
Control7,control,control,924486,bg,924486_bg,P102L,1,14435,5,13897,0,13902,533,13902,5,FALSE,533,14430,47619.47235658674,46417.69116358227,48850.02260365596,5.000866150831829,1.623711368690135,11.670353487608853,47619.47235658674,46417.69116358227,48850.02260365596,3.2988896679311908
Control7,control,control,924486,cb,924486_cb,D178N,1,12368,2,11251,0,11253,1115,11253,2,FALSE,1115,12366,29760.600019187146,29068.99535439411,30464.999058815396,2.000161725067647,0.24221907092643113,7.22527190271655,29760.600019187146,29068.99535439411,30464.999058815396,2.406258086932984
Control7,control,control,924486,cb,924486_cb,E200K,1,10905,8,10136,0,10144,761,10144,8,FALSE,761,10897,29032.853913040948,28286.454682511907,29795.300247240044,8.002935869686727,3.454941158429826,15.768974485725527,29032.853913040948,28286.454682511907,29795.300247240044,2.6623433207740437
Control7,control,control,924486,cb,924486_cb,P102L,1,13647,4,12172,0,12176,1471,12176,4,FALSE,1471,13643,30399.74708061372,29741.866519474126,31068.61265910633,4.000586323995405,1.08998518300432,10.243089973271347,30399.74708061372,29741.866519474126,31068.61265910633,2.2275772756366763
Control7,control,control,924486,fr,924486_fr,D178N,1,13360,1,12640,0,12641,719,12641,1,FALSE,719,13359,39040.04543397772,38090.98238925489,40009.35268355329,1.0000374270179104,0.025317807983835667,5.571851929480665,39040.04543397772,38090.98238925489,40009.35268355329,2.9221590893695897
Control7,control,control,924486,fr,924486_fr,E200K,1,12475,5,11810,0,11815,660,11815,5,FALSE,660,12470,36667.04501785062,35741.67604020065,37613.00411973377,5.001002271825348,1.6237467234930234,11.670671182902284,36667.04501785062,35741.67604020065,37613.00411973377,2.9392420855992483
Control7,control,control,924486,fr,924486_fr,P102L,1,14811,4,13681,0,13685,1126,13685,4,FALSE,1126,14807,38163.48323456509,37332.753517122226,39009.017994171976,4.000540236355824,1.0899757658808613,10.24297195919419,38163.48323456509,37332.753517122226,39009.017994171976,2.576698618227337
Control7,control,control,924486,hc,924486_hc,D178N,1,13678,10,12004,0,12014,1664,12014,10,FALSE,1664,13668,28813.587319867267,28198.528991148043,29438.58890774634,10.003657287863476,4.796967028464147,18.39708235064517,28813.587319867267,28198.528991148043,29438.58890774634,2.1065643602768875
Control7,control,control,924486,hc,924486_hc,E200K,1,12328,5,11347,1,11353,975,11352,6,FALSE,976,12322,31265.8518663548,30524.528498294825,32021.498625512126,6.001460564770983,2.2023408948584375,13.062653251892703,31278.489489193948,30536.752879745025,32034.56237688855,2.5371909060021047
Control7,control,control,924486,hc,924486_hc,P102L,1,14861,8,13140,0,13148,1713,13148,8,FALSE,1713,14853,32107.103004888355,31446.012640986108,32778.57571134549,8.002154060213744,3.4546458571935825,15.767433810006695,32107.103004888355,31446.012640986108,32778.57571134549,2.1604941124344497
Control7,control,control,924486,sn,924486_sn,D178N,1,14065,14,12964,0,12978,1087,12978,14,FALSE,1087,14051,36010.16708243565,35207.83395614908,36827.1029634126,14.00697227728394,7.657469574985982,23.501320215405638,36010.16708243565,35207.83395614908,36827.1029634126,2.560267833802748
Control7,control,control,924486,sn,924486_sn,E200K,1,13307,28,12429,9,12466,841,12457,37,FALSE,850,13270,36605.01725338417,35740.317081876805,37487.036045541245,37.05153464212934,26.086715497547306,51.07066699145436,36746.66613671256,35877.03258020652,37633.78554417765,2.7614538315707944
Control7,control,control,924486,sn,924486_sn,P102L,1,14150,9,13338,0,13347,803,13347,9,FALSE,803,14141,40597.9799261134,39648.28824583237,41566.93598247321,9.002863405042222,4.116536879479594,17.090239409129367,40597.9799261134,39648.28824583237,41566.93598247321,2.869115189124622
Control7,control,control,924486,th,924486_th,D178N,1,12055,2,10715,2,10719,1336,10717,4,FALSE,1338,12051,26500.549294371165,25892.384085983507,27119.451047546034,4.00066377188772,1.0900010078326619,10.24328829191751,26518.582207232692,25909.90436168576,27138.00992318211,2.1997994365186804
Control7,control,control,924486,th,924486_th,E200K,1,12128,11,11279,0,11290,838,11290,11,FALSE,838,12117,32409.09660174805,31617.686309826204,33216.66920287109,11.00499147484425,5.493425409249169,19.69097029660823,32409.09660174805,31617.686309826204,33216.66920287109,2.67225400740007
Control7,control,control,924486,th,924486_th,P102L,1,13926,7,12425,0,12432,1494,12432,7,FALSE,1494,13919,31087.01689961029,30420.671992878655,31764.387596395798,7.001759888923641,2.8149695038490887,14.426301610047721,31087.01689961029,30420.671992878655,31764.387596395798,2.2323005098097295
CJD19,prion,atypical,929474,bg,929474_bg,D178N,1,16164,10,15977,0,15987,177,15987,10,FALSE,177,16154,72970.633801347,70604.31288232347,75432.15465884464,10.003094570127537,4.796724195830702,18.396047371671354,72970.633801347,70604.31288232347,75432.15465884464,4.514392093624536
CJD19,prion,atypical,929474,bg,929474_bg,E200K,1,13223,12,13064,0,13076,147,13076,12,FALSE,147,13211,59493.98512295564,57370.51056608925,61711.908560753465,12.005448354392142,6.203155573498553,20.971102884800988,59493.98512295564,57370.51056608925,61711.908560753465,4.499280429778087
CJD19,prion,atypical,929474,bg,929474_bg,P102L,1,13414,16,13204,0,13220,194,13220,16,FALSE,194,13398,56824.33391659749,54952.0141154357,58768.98658675552,16.00954986397414,9.150499488045453,25.99850713399826,56824.33391659749,54952.0141154357,58768.98658675552,4.236196057596354
CJD19,prion,atypical,929474,cb,929474_cb,D178N,1,14092,4,13959,0,13963,129,13963,4,FALSE,129,14088,66141.50850382153,63723.58172027305,68674.30740907404,4.000567805433771,1.0899813991005003,10.24304255370156,66141.50850382153,63723.58172027305,68674.30740907404,4.693550135099456
CJD19,prion,atypical,929474,cb,929474_cb,E200K,1,12334,9,12240,0,12249,85,12249,9,FALSE,85,12325,61392.03726421988,58783.62931121561,64155.28542731216,9.003285204510203,4.116708301215836,17.091040218086476,61392.03726421988,58783.62931121561,64155.28542731216,4.977463699061122
CJD19,prion,atypical,929474,cb,929474_cb,P102L,1,14157,9,14016,0,14025,132,14025,9,FALSE,132,14148,66186.27633088964,63785.102889711954,68700.15921605637,9.00286198861705,4.116536303829981,17.090236719992987,66186.27633088964,63785.102889711954,68700.15921605637,4.675162557808126
CJD19,prion,atypical,929474,fr,929474_fr,D178N,1,14862,9,13036,1,13046,1816,13045,10,FALSE,1817,14852,31234.288780234318,30594.926570602787,31883.545877098553,10.00336579463596,4.79684123939402,18.39654621901336,31242.470448483884,30602.907406529517,31891.932801754258,2.102171339556176
CJD19,prion,atypical,929474,fr,929474_fr,E200K,1,15566,6,13915,0,13921,1645,13921,6,FALSE,1645,15560,34982.229308802955,34271.718052746146,35703.89187142184,6.001156663677968,2.202247966146262,13.06199171453619,34982.229308802955,34271.718052746146,35703.89187142184,2.247348664319861
CJD19,prion,atypical,929474,fr,929474_fr,P102L,1,13902,8,13210,0,13218,684,13218,8,FALSE,684,13894,41870.461717078615,40855.41537415849,42907.48617316791,8.002302710524088,3.4547020055427984,15.76772674357266,41870.461717078615,40855.41537415849,42907.48617316791,3.0118300760378807
CJD19,prion,atypical,929474,hc,929474_hc,D178N,1,14507,9,13319,1,13329,1178,13328,10,FALSE,1179,14497,36412.05746771221,35619.182068771406,37218.90039959084,10.003448196684406,4.79687679875724,18.39669777719755,36424.36718419116,35631.12513166746,37231.587115476745,2.51081320632737
CJD19,prion,atypical,929474,hc,929474_hc,E200K,1,17532,9,16263,2,16274,1258,16272,11,FALSE,1260,17521,46160.284391851565,45228.48619409649,47107.60720329188,11.003452276865909,5.492726983645759,19.68821590403123,46188.135072847406,45255.53835294171,47136.27828483096,2.634504624278314
CJD19,prion,atypical,929474,hc,929474_hc,P102L,1,14550,6,13871,0,13877,673,13877,6,FALSE,673,14544,44720.893719993954,43648.174755048756,45816.87261239414,6.0012374536068425,2.2022726708033318,13.062167577860015,44720.893719993954,43648.174755048756,45816.87261239414,3.073600942954911
CJD19,prion,atypical,929474,sn,929474_sn,D178N,1,16765,21,16355,0,16376,389,16376,21,FALSE,389,16744,63094.56307070076,61448.914705514304,64785.14370491332,21.013163394379244,13.00709081408628,32.1208536932198,63094.56307070076,61448.914705514304,64785.14370491332,3.7634693152818826
CJD19,prion,atypical,929474,sn,929474_sn,E200K,1,15663,18,15172,0,15190,473,15190,18,FALSE,473,15645,54819.89123536894,53430.6888150658,56243.91904745487,18.010350777068176,10.673734119387976,28.464120042211615,54819.89123536894,53430.6888150658,56243.91904745487,3.499961133586729
CJD19,prion,atypical,929474,sn,929474_sn,P102L,1,15881,14,15081,0,15095,786,15095,14,FALSE,786,15867,47737.04589529395,46655.44130869051,48840.45864849961,14.006174525100677,7.6570646405743314,23.499981550834796,47737.04589529395,46655.44130869051,48840.45864849961,3.00592191268144
CJD19,prion,atypical,929474,th,929474_th,D178N,1,15254,15,15117,0,15132,122,15132,15,FALSE,122,15239,73655.09827335361,70962.26440958728,76479.42890838732,15.007379953165561,8.399241025042105,24.752391763250973,73655.09827335361,70962.26440958728,76479.42890838732,4.828575997990927
CJD19,prion,atypical,929474,th,929474_th,E200K,1,15815,26,15684,0,15710,105,15710,26,FALSE,105,15789,79308.3311189829,76297.41082514677,82478.29200950413,26.0213955679652,16.997500967321155,38.12737587914559,79308.3311189829,76297.41082514677,82478.29200950413,5.014753785582226
CJD19,prion,atypical,929474,th,929474_th,P102L,1,13078,27,12885,0,12912,166,12912,27,FALSE,166,13051,57107.688472682465,55132.74749040311,59165.2204799328,27.02790965440515,17.81087995508187,39.32419322924543,57107.688472682465,55132.74749040311,59165.2204799328,4.366698919764678
CJD20,prion,MM1,933892,bg,933892_bg,D178N,1,14788,27,14657,0,14684,104,14684,27,FALSE,104,14761,73306.78406449324,70478.55057741537,76285.33713810312,27.02467840674743,17.80882976002346,39.319491125803175,73306.78406449324,70478.55057741537,76285.33713810312,4.95718042091515
CJD20,prion,MM1,933892,bg,933892_bg,E200K,1,16833,8,15698,2,15708,1125,15706,10,FALSE,1127,16823,45512.76258071484,44564.27990922724,46477.79029620561,10.00297153277425,4.796671100236025,18.395821077827698,45542.661345236185,44593.27463009007,46508.61942889398,2.7055582097805613
CJD20,prion,MM1,933892,bg,933892_bg,P102L,1,15211,7,13426,0,13433,1778,13433,7,FALSE,1778,15204,32650.863468061587,31987.29239755424,33324.69613186084,7.00161117080282,2.8149182586192762,14.425995160768279,32650.863468061587,31987.29239755424,33324.69613186084,2.146529713237893
CJD20,prion,MM1,933892,cb,933892_cb,D178N,1,11261,2,10572,0,10574,687,10574,2,FALSE,687,11259,31494.38660466033,30679.27094484501,32327.606713000616,2.0001776251517023,0.2422200336211492,7.225329345156101,31494.38660466033,30679.27094484501,32327.606713000616,2.7967664154746763
CJD20,prion,MM1,933892,cb,933892_cb,E200K,1,13394,0,12581,0,12581,813,12581,0,FALSE,813,13394,37527.724613867744,36636.25005383494,38437.334308124635,-0,-0,3.688879454114076,37527.724613867744,36636.25005383494,38437.334308124635,2.801831014922185
CJD20,prion,MM1,933892,cb,933892_cb,P102L,1,15111,3,14574,0,14577,534,14577,3,FALSE,534,15108,50512.78477769883,49254.82111479813,51800.71885979116,3.000297835727739,0.6187130684859734,8.768143509416584,50512.78477769883,49254.82111479813,51800.71885979116,3.3427823954535656
CJD20,prion,MM1,933892,fr,933892_fr,D178N,1,10586,3,10359,0,10362,224,10362,3,FALSE,224,10583,40815.82198355879,39445.544724182444,42235.932399915444,3.0004251700701863,0.6187305730256475,8.768515673102256,40815.82198355879,39445.544724182444,42235.932399915444,3.855641600562893
CJD20,prion,MM1,933892,fr,933892_fr,E200K,1,14666,1,14278,0,14279,387,14279,1,FALSE,387,14665,53308.89306750104,51868.047191677884,54789.49175024037,1.0000340940088848,0.02531780798464944,5.571833357690537,53308.89306750104,51868.047191677884,54789.49175024037,3.634862475623963
CJD20,prion,MM1,933892,fr,933892_fr,P102L,1,14683,1,14522,0,14523,160,14523,1,FALSE,160,14682,66356.46821718053,64095.8400008816,68713.10359633052,1.0000340545332362,0.025317807984148,5.571833137728144,66356.46821718053,64095.8400008816,68713.10359633052,4.519271825729111
CJD20,prion,MM1,933892,hc,933892_hc,D178N,1,15525,1,14939,2,14942,583,14940,3,FALSE,585,15522,50900.1882998215,49666.88182580737,52161.67327005817,3.0002898924182486,0.6187119765065554,8.76812029373321,50953.35616000468,49717.85225482368,52217.13035818166,3.282019720451187
CJD20,prion,MM1,933892,hc,933892_hc,E200K,1,14929,0,14297,0,14297,632,14297,0,FALSE,632,14929,47208.05854604261,46069.873312750766,48371.504729846034,-0,-0,3.688879454113716,47208.05854604261,46069.873312750766,48371.504729846034,3.162171514906732
CJD20,prion,MM1,933892,hc,933892_hc,P102L,1,13812,4,13142,0,13146,666,13146,4,FALSE,666,13808,41878.03079463465,40855.486572240276,42922.97159435615,4.000579318337926,1.0899837515379651,10.243072034210066,41878.03079463465,40855.486572240276,42922.97159435615,3.032003387969494
CJD20,prion,MM1,933892,sn,933892_sn,D178N,1,15242,2,13015,0,13017,2225,13017,2,FALSE,2225,15240,29330.147976415257,28745.7456655259,29923.139648086144,2.0001312278555887,0.2422172244005663,7.225161726584278,29330.147976415257,28745.7456655259,29923.139648086144,1.924297859625722
CJD20,prion,MM1,933892,sn,933892_sn,E200K,1,15480,2,12800,0,12802,2678,12802,2,FALSE,2678,15478,27159.32905141745,26627.040260745944,27699.16022485124,2.000129210095968,0.24221710222965492,7.225154437170916,27159.32905141745,26627.040260745944,27699.16022485124,1.7544786208926002
CJD20,prion,MM1,933892,sn,933892_sn,P102L,1,14214,3,11448,0,11451,2763,11451,3,FALSE,2763,14211,23281.257693059106,22806.44573411807,23762.996108372405,3.0003166338314853,0.6187156526831509,8.768198450308258,23281.257693059106,22806.44573411807,23762.996108372405,1.6379103484634239
CJD20,prion,MM1,933892,th,933892_th,D178N,1,13925,5,13405,0,13410,515,13410,5,FALSE,515,13920,45914.542735534604,44735.198000954406,47122.63349834974,5.00089788100661,1.623719610039208,11.67042754280353,45914.542735534604,44735.198000954406,47122.63349834974,3.297274164131749
CJD20,prion,MM1,933892,th,933892_th,E200K,1,14928,0,14607,0,14607,321,14607,0,FALSE,321,14928,57316.844197759725,55702.48124389938,58979.77066759294,-0,-0,3.688879454113545,57316.844197759725,55702.48124389938,58979.77066759294,3.8395527999571093
CJD20,prion,MM1,933892,th,933892_th,P102L,1,13746,6,13488,0,13494,252,13494,6,FALSE,252,13740,54971.27208608257,53290.9522471952,56708.59956886384,6.001309853019867,2.2022948095953288,13.062325177737826,54971.27208608257,53290.9522471952,56708.59956886384,3.9990740641701277
CJD21,prion,MM1,943497,bg,943497_bg,D178N,1,16158,11,13680,3,13694,2464,13691,14,FALSE,2467,16144,30367.54629455538,29781.504741157387,30961.878812095598,14.006068612729523,7.6570108795938605,23.49980382660964,30387.207217686926,29800.74405379968,30981.96913965361,1.8806292373862437
CJD21,prion,MM1,943497,bg,943497_bg,E200K,2,27447,20,24237,1,24258,3189,24257,21,FALSE,3190,27426,59072.42027249562,58177.84508486341,59977.25071071624,21.008037764997184,13.004069371416346,32.11301780157829,59081.02569661376,58186.291636531656,59986.017634145945,2.1525494843375874
CJD21,prion,MM1,943497,bg,943497_bg,P102L,1,13882,7,12158,0,12165,1717,12165,7,FALSE,1717,13875,29013.580664338504,28399.77153959189,29637.198817458688,7.001765468894435,2.8149714265827335,14.426313108219318,29013.580664338504,28399.77153959189,29637.198817458688,2.0900144550020534
CJD21,prion,MM1,943497,cb,943497_cb,D178N,1,13822,7,13130,0,13137,685,13137,7,FALSE,685,13815,41529.55309143034,40521.280616228614,42559.658915038475,7.001773135217749,2.8149740682280386,14.426328905566233,41529.55309143034,40521.280616228614,42559.658915038475,3.0045979663891145
CJD21,prion,MM1,943497,cb,943497_cb,E200K,2,28361,21,26748,1,26770,1591,26769,22,FALSE,1592,28339,81680.35710614012,80327.60475803156,83052.38000985506,22.00853725966156,13.792389735596556,33.32119040661077,81698.1774020453,80344.974389431,83070.66199174454,2.8806522126175134
CJD21,prion,MM1,943497,cb,943497_cb,P102L,1,13765,2,13342,0,13344,421,13344,2,FALSE,421,13763,48002.0180523054,46708.31463825755,49330.22151512176,2.000145310116549,0.24221807704917253,7.225212600787825,48002.0180523054,46708.31463825755,49330.22151512176,3.4872515838943263
CJD21,prion,MM1,943497,fr,943497_fr,D178N,1,15006,4,13681,1,13686,1320,13685,5,FALSE,1321,15001,36465.49680032373,35693.5621684577,37250.458363853955,5.000833185217355,1.6237028064263774,11.670276549305513,36476.860678186014,35704.605091409256,37262.151700170885,2.4308183845252573
CJD21,prion,MM1,943497,fr,943497_fr,E200K,2,28954,20,23321,1,23342,5612,23341,21,FALSE,5613,28933,47502.599146104396,46823.388153761836,48188.71817218691,21.00761921238653,13.003822637389186,32.11237794984293,47507.757987988865,46828.47182180637,48193.953076976795,1.6408012014916373
CJD21,prion,MM1,943497,fr,943497_fr,P102L,1,14479,3,12546,0,12549,1930,12549,3,FALSE,1930,14476,29177.78138705758,28577.27730788228,29787.51785607513,3.000310837880871,0.6187148559095553,8.768181510554292,29177.78138705758,28577.27730788228,29787.51785607513,2.0151793208824906
CJD21,prion,MM1,943497,hc,943497_hc,D178N,1,12691,2,12293,1,12296,395,12295,3,FALSE,396,12688,44002.66857932018,42773.29345348891,45265.947358811325,3.0003546378767942,0.6187208771023444,8.768309524979914,44034.75709199066,42803.77633927541,45299.72436643991,3.4697625949090423
CJD21,prion,MM1,943497,hc,943497_hc,E200K,2,29704,10,24073,0,24083,5621,24083,10,FALSE,5621,29694,49450.3914343202,48752.06085402677,50155.751034329594,10.001683652863818,4.796115314618054,18.39345242985957,49450.3914343202,48752.06085402677,50155.751034329594,1.664772132854841
CJD21,prion,MM1,943497,hc,943497_hc,P102L,1,14460,4,13642,0,13646,814,13646,4,FALSE,814,14456,41604.03913560971,40639.87227755661,42587.60618115313,4.000553352395588,1.0899784458981896,10.243005544619995,41604.03913560971,40639.87227755661,42587.60618115313,2.8771811297102152
CJD21,prion,MM1,943497,sn,943497_sn,D178N,1,11770,4,11644,3,11651,119,11648,7,FALSE,122,11763,53780.521590482946,51705.44281036601,55957.518235857446,7.002082388979932,2.8150806291474586,14.426966165258275,54073.56577307067,51972.28140489839,56279.39738874315,4.594185707142793
CJD21,prion,MM1,943497,sn,943497_sn,E200K,2,30327,11,28531,1,28543,1784,28542,12,FALSE,1785,30315,85904.86642485479,84540.74538413099,87287.43270514248,12.002374748529457,6.201699886949156,20.965733380935152,85921.86110167946,84557.33358951216,87304.84320793537,2.8331803706822125
CJD21,prion,MM1,943497,sn,943497_sn,P102L,1,14318,5,14220,0,14225,93,14225,5,FALSE,93,14313,72115.08791999155,69219.07216156911,75174.54654141315,5.000873230259855,1.6237132074478415,11.670370010292405,72115.08791999155,69219.07216156911,75174.54654141315,5.036673272802874
CJD21,prion,MM1,943497,th,943497_th,D178N,1,11877,1,10415,0,10416,1461,10416,1,FALSE,1461,11876,24888.047125527595,24318.589559929413,25467.37398416984,1.0000421005367026,0.02531780798402303,5.571877970929758,24888.047125527595,24318.589559929413,25467.37398416984,2.095482624023541
CJD21,prion,MM1,943497,th,943497_th,E200K,2,30815,28,28054,70,28152,2663,28082,98,FALSE,2733,30717,74652.4706911849,73550.3926006038,75767.39653745704,98.15616438254932,79.68661720191497,119.62093674658186,75452.015173702,74334.14088533317,76583.02643233998,2.4485482775824114
CJD21,prion,MM1,943497,th,943497_th,P102L,1,14545,5,12862,0,12867,1678,12867,5,FALSE,1678,14540,31412.03192735678,30758.332674167636,32076.1086339127,5.000859598859172,1.6237096669276636,11.670338195966682,31412.03192735678,30758.332674167636,32076.1086339127,2.1596446839021506
CJD22,prion,MM1,953891,bg,953891_bg,D178N,1,11821,3,11424,0,11427,394,11427,3,FALSE,394,11818,40206.55429092833,39059.88274735493,41385.09532092553,3.0003807428724794,0.6187244657274977,8.768385822927527,40206.55429092833,39059.88274735493,41385.09532092553,3.4012819804524432
CJD22,prion,MM1,953891,bg,953891_bg,E200K,1,11371,6,11110,0,11116,255,11116,6,FALSE,255,11365,43182.03188685026,41803.28828086525,44607.723413968684,6.0015835312990315,2.202378495652303,13.062920932432773,43182.03188685026,41803.28828086525,44607.723413968684,3.7975579884662967
CJD22,prion,MM1,953891,bg,953891_bg,P102L,1,14692,7,14153,0,14160,532,14160,7,FALSE,532,14685,48754.151969348546,47529.35304696619,50008.249478186954,7.001668104055988,2.8149378767135302,14.426112477360968,48754.151969348546,47529.35304696619,50008.249478186954,3.3184149175979134
CJD22,prion,MM1,953891,cb,953891_cb,D178N,1,12109,2,11746,0,11748,361,11748,2,FALSE,361,12107,42536.81364758577,41307.42350246463,43801.67623340279,2.000165184593929,0.24221928038882362,7.225284400945358,42536.81364758577,41307.42350246463,43801.67623340279,3.5128262984214853
CJD22,prion,MM1,953891,cb,953891_cb,E200K,1,13666,8,13472,0,13480,186,13480,8,FALSE,186,13658,58721.70327584171,56772.80157213262,60747.452670803505,8.002342491869808,3.4547170317246203,15.767805137942126,58721.70327584171,56772.80157213262,60747.452670803505,4.296919601627522
CJD22,prion,MM1,953891,cb,953891_cb,P102L,1,14577,3,14040,0,14043,534,14043,3,FALSE,534,14574,48203.28750722712,46990.6284520443,49444.92746554951,3.000308747857251,0.6187145685920067,8.768175402071192,48203.28750722712,46990.6284520443,49444.92746554951,3.3068043841138177
CJD22,prion,MM1,953891,fr,953891_fr,D178N,1,14371,1,13825,0,13826,545,13826,1,FALSE,545,14370,47024.52423694752,45841.94179944028,48235.15682520151,1.0000347939034633,0.025317807983775947,5.571837257552952,47024.52423694752,45841.94179944028,48235.15682520151,3.272181771411003
CJD22,prion,MM1,953891,fr,953891_fr,E200K,1,14268,10,13965,0,13975,293,13975,10,FALSE,293,14258,55439.768443703746,53823.99828161267,57106.42309295502,10.003505983641364,4.796901735791393,18.39680406226848,55439.768443703746,53823.99828161267,57106.42309295502,3.885601937461715
CJD22,prion,MM1,953891,fr,953891_fr,P102L,1,13580,5,13090,0,13095,485,13095,5,FALSE,485,13575,45251.33724817927,44065.40220565624,46467.00760612272,5.000920697281655,1.623725536143191,11.670480793974304,45251.33724817927,44065.40220565624,46467.00760612272,3.332204510175204
CJD22,prion,MM1,953891,hc,953891_hc,D178N,1,12471,8,10358,0,10366,2105,10366,8,FALSE,2105,12463,22187.037398580993,21702.2146911572,22679.557312474088,8.002567050891383,3.454801851435419,15.768247663974877,22187.037398580993,21702.2146911572,22679.557312474088,1.7790904818042654
CJD22,prion,MM1,953891,hc,953891_hc,E200K,1,16662,3,12289,2,12294,4368,12292,5,FALSE,4370,16657,22299.882091634234,21876.479693182635,22728.908702912126,5.000750360175978,1.6236812938764302,11.670083245602923,22307.509466452713,21883.975388209834,22736.66945088602,1.3388254391101135
CJD22,prion,MM1,953891,hc,953891_hc,P102L,1,15238,7,12288,0,12295,2943,12295,7,FALSE,2943,15231,25056.80093762651,24563.174501000845,25557.382648369286,7.0016083151177435,2.814917274603972,14.42598927635722,25056.80093762651,24563.174501000845,25557.382648369286,1.6443628387994822
CJD22,prion,MM1,953891,sn,953891_sn,D178N,1,12442,2,12148,0,12150,292,12150,2,FALSE,292,12440,46683.370934360755,45274.21908061713,48137.29835725257,2.0001607630887803,0.24221901268191584,7.225268427382331,46683.370934360755,45274.21908061713,48137.29835725257,3.7520793228066833
CJD22,prion,MM1,953891,sn,953891_sn,E200K,1,13149,13,12878,0,12891,258,12891,13,FALSE,258,13136,51690.57832336955,50103.11414890706,53331.39891829665,13.00643058303414,6.925112897828422,22.24139319430153,51690.57832336955,50103.11414890706,53331.39891829665,3.9311414041653014
CJD22,prion,MM1,953891,sn,953891_sn,P102L,1,14122,6,13691,0,13697,425,13697,6,FALSE,425,14116,49475.01444909478,48153.660845473314,50831.39005320867,6.001274968138729,2.202284142271918,13.062249239805956,49475.01444909478,48153.660845473314,50831.39005320867,3.503399975151875
CJD22,prion,MM1,953891,th,953891_th,D178N,1,12817,1,12351,0,12352,465,12352,1,FALSE,465,12816,42507.45602312201,41364.71774523653,43679.523268887126,1.0000390127178231,0.025317807983654926,5.571860765179785,42507.45602312201,41364.71774523653,43679.523268887126,3.3164902881424676
CJD22,prion,MM1,953891,th,953891_th,E200K,1,14070,12,13641,0,13653,417,13653,12,FALSE,417,14058,49508.30497131654,48178.93603860268,50873.221449888566,12.00512018225772,6.203000153647798,20.970529557244763,49508.30497131654,48178.93603860268,50873.221449888566,3.518713928309633
CJD22,prion,MM1,953891,th,953891_th,P102L,1,13207,8,12364,0,12372,835,12372,8,FALSE,835,13199,36465.45870357027,35599.280470952195,37349.118817395974,8.002423936420872,3.454747794808111,15.767965635626522,36465.45870357027,35599.280470952195,37349.118817395974,2.7610705461929483
Control8,control,control,955427,bg,955427_bg,D178N,1,16065,1,13173,1,13175,2890,13174,2,FALSE,2891,16063,27552.126106957487,27022.708683487668,28088.865672650867,2.000124504576238,0.24221681732104922,7.225137437916461,27557.68396897452,27028.154652799778,28094.537302344484,1.715386490443481
Control8,control,control,955427,bg,955427_bg,E200K,1,15138,1,12156,0,12157,2981,12157,1,FALSE,2981,15137,24598.482869603984,24112.39093517596,25091.43337550123,1.000033030916607,0.02531780798419616,5.571827434087519,24598.482869603984,24112.39093517596,25091.43337550123,1.6249493241910413
Control8,control,control,955427,bg,955427_bg,P102L,1,13821,9,13224,1,13234,587,13233,10,FALSE,588,13811,43635.903146354336,42543.649262656225,44753.33722668058,10.003619429201148,4.796950691256029,18.397012718440255,43659.42825841714,42566.20250592662,44777.87457721332,3.158919633775931
Control8,control,control,955427,cb,955427_cb,D178N,1,15624,2,15344,0,15346,278,15346,2,FALSE,278,15622,62948.19541492048,61129.13709666205,64825.76236964888,2.000128019117967,0.24221703011977336,7.225150134616798,62948.19541492048,61129.13709666205,64825.76236964888,4.028942358865878
Control8,control,control,955427,cb,955427_cb,E200K,1,12679,9,12514,0,12523,156,12523,9,FALSE,156,12670,55760.29391321698,53784.921204968654,57821.003673614,9.003195770625156,4.116671955015671,17.09087042187915,55760.29391321698,53784.921204968654,57821.003673614,4.397846353278411
Control8,control,control,955427,cb,955427_cb,P102L,1,12605,2,12286,0,12288,317,12288,2,FALSE,317,12603,46423.54776371244,45054.54408848622,47834.37539094366,2.0001586839814625,0.24221888679806852,7.225260916207659,46423.54776371244,45054.54408848622,47834.37539094366,3.6829470657447394
Control8,control,control,955427,fr,955427_fr,D178N,1,15278,3,14490,0,14493,785,14493,3,FALSE,785,15275,45352.520648860096,44312.394255112864,46413.72656046528,3.0002945797329534,0.6187126208807255,8.768133993208592,45352.520648860096,44312.394255112864,46413.72656046528,2.9684854463188963
Control8,control,control,955427,fr,955427_fr,E200K,1,12316,6,11941,0,11947,369,11947,6,FALSE,369,12310,43202.77746538758,41966.07984339337,44474.76248555647,6.0014619883237845,2.2023413301561394,13.06265635074672,43202.77746538758,41966.07984339337,44474.76248555647,3.5078578650038637
Control8,control,control,955427,fr,955427_fr,P102L,1,14013,7,13415,1,13423,590,13422,8,FALSE,591,14005,44364.10326621061,43259.26525308262,45494.321983193135,8.002284463311984,3.454695113209568,15.767690785095395,44387.83400854585,43282.01830966032,45519.07092057389,3.1676182122704524
Control8,control,control,955427,hc,955427_hc,D178N,1,14731,1,14677,0,14678,53,14678,1,FALSE,53,14730,82897.48693121356,78950.11609881457,87147.48058530579,1.000033943562822,0.025317807984519852,5.571832519399318,82897.48693121356,78950.11609881457,87147.48058530579,5.627417482262817
Control8,control,control,955427,hc,955427_hc,E200K,1,12844,12,12813,0,12825,19,12825,12,FALSE,19,12832,83693.98386869584,77974.41316164326,90207.610601102,12.005609224330321,6.203231759823654,20.971383931637206,83693.98386869584,77974.41316164326,90207.610601102,6.516193076042965
Control8,control,control,955427,hc,955427_hc,P102L,1,13945,8,13853,0,13861,84,13861,8,FALSE,84,13937,71287.66974448884,68319.69746291384,74432.60738039919,8.002295607301324,3.454699322515668,15.76771274575654,71287.66974448884,68319.69746291384,74432.60738039919,5.112059501218274
Control8,control,control,955427,sn,955427_sn,D178N,1,14933,8,14881,0,14889,44,14889,8,FALSE,44,14925,87016.66928741781,82626.45766787452,91780.40748716025,8.002143670624239,3.454641932811568,15.767413336135029,87016.66928741781,82626.45766787452,91780.40748716025,5.827139174139008
Control8,control,control,955427,sn,955427_sn,E200K,1,13347,9,13256,0,13265,82,13265,9,FALSE,82,13338,67967.29744098551,65092.51629224079,71015.83648035288,9.003035754518626,4.116606923655604,17.09056662217776,67967.29744098551,65092.51629224079,71015.83648035288,5.092327672209898
Control8,control,control,955427,sn,955427_sn,P102L,1,13468,19,13337,0,13356,112,13356,19,FALSE,112,13449,64505.9679382217,62025.32843290797,67113.61731932592,19.013414756477715,11.446892046662356,29.69180401988066,64505.9679382217,62025.32843290797,67113.61731932592,4.78957290898587
Control8,control,control,955427,th,955427_th,D178N,1,16190,4,15908,0,15912,278,15912,4,FALSE,278,16186,65804.70723496309,63919.1178415289,67750.85319831847,4.000494213584013,1.089966361939578,10.242854112156223,65804.70723496309,63919.1178415289,67750.85319831847,4.0645279329810435
Control8,control,control,955427,th,955427_th,E200K,1,13387,6,13250,0,13256,131,13256,6,FALSE,131,13381,61939.534424082,59660.915321195505,64325.67343478981,6.001344989927595,2.202305553956011,13.062401664510645,61939.534424082,59660.915321195505,64325.67343478981,4.626842042584746
Control8,control,control,955427,th,955427_th,P102L,1,14310,8,14045,0,14053,257,14053,8,FALSE,257,14302,57521.016741347004,55788.47426721403,59311.67633226498,8.002237032242101,3.454677197524881,15.76759731623563,57521.016741347004,55788.47426721403,59311.67633226498,4.0196377876552765
