"sample","REF","ALT","read_count","REF_count","ALT_count","AAF"
"20210203.0-o23928_1_1-NA100_undil_D01","CA","TG,TA",4129,4129,0,0
"20210203.0-o23928_1_2-NA99A1_undil_D02","CA","TG,TA",3129,3105,24,0.00767018216682646
"20210203.0-o23928_1_3-NA99A1_1to5_E01","CA","TG,TA",1546,1540,6,0.00388098318240621
"20210203.0-o23928_1_4-NA100_1to10_B02","CA","TG,TA",6097,6096,0,0
"20210203.0-o23928_1_5-A100_1to2_F01","CA","TG,TA",3494,1864,1626,0.465369204350315
"20210203.0-o23928_1_7-NA995A05_undil_G01","CA","TG,TA",4622,4562,60,0.0129813933362181
