"sample","REF","ALT","read_count","REF_count","ALT_count","AAF"
"20210203.0-o23928_1_1-NA100_undil_D01","C",TRUE,4688,4676,12,0.00255972696245734
"20210203.0-o23928_1_2-NA99A1_undil_D02","C",TRUE,3708,3697,11,0.00296655879180151
"20210203.0-o23928_1_3-NA99A1_1to5_E01","C",TRUE,1546,1542,4,0.00258732212160414
"20210203.0-o23928_1_4-NA100_1to10_B02","C",TRUE,6212,6201,11,0.00177076625885383
"20210203.0-o23928_1_5-A100_1to2_F01","C",TRUE,4065,4057,8,0.0019680196801968
"20210203.0-o23928_1_7-NA995A05_undil_G01","C",TRUE,5220,5211,9,0.00172413793103448
