"sample","REF","ALT","read_count","REF_count","ALT_count","AAF"
"20210203.0-o23928_1_1-NA100_undil_D01","G","A",5348,5348,0,0
"20210203.0-o23928_1_2-NA99A1_undil_D02","G","A",4210,4207,3,0.000712589073634204
"20210203.0-o23928_1_3-NA99A1_1to5_E01","G","A",1820,1820,0,0
"20210203.0-o23928_1_4-NA100_1to10_B02","G","A",6746,6745,1,0.000148235991698784
"20210203.0-o23928_1_5-A100_1to2_F01","G","A",4458,4458,0,0
"20210203.0-o23928_1_7-NA995A05_undil_G01","G","A",5402,5402,0,0
