"sample","REF","ALT","read_count","REF_count","ALT_count","AAF"
"20210203.0-o23928_1_1-NA100_undil_D01","G","A",5119,5119,0,0
"20210203.0-o23928_1_2-NA99A1_undil_D02","G","A",3617,3614,3,0.000829416643627315
"20210203.0-o23928_1_3-NA99A1_1to5_E01","G","A",1746,1746,0,0
"20210203.0-o23928_1_4-NA100_1to10_B02","G","A",6887,6886,1,0.000145201103528387
"20210203.0-o23928_1_5-A100_1to2_F01","G","A",4391,4389,2,0.000455477112275108
"20210203.0-o23928_1_7-NA995A05_undil_G01","G","A",5096,5096,0,0
