"sample","REF","ALT","read_count","REF_count","ALT_count","AAF"
"20210203.0-o23928_1_1-NA100_undil_D01",TRUE,"C",4858,4858,0,0
"20210203.0-o23928_1_2-NA99A1_undil_D02",TRUE,"C",3526,3526,0,0
"20210203.0-o23928_1_3-NA99A1_1to5_E01",TRUE,"C",1786,1786,0,0
"20210203.0-o23928_1_4-NA100_1to10_B02",TRUE,"C",6802,6801,1,0.000147015583651867
"20210203.0-o23928_1_5-A100_1to2_F01",TRUE,"C",4469,4468,1,0.000223763705526964
"20210203.0-o23928_1_7-NA995A05_undil_G01",TRUE,"C",5108,5108,0,0
