"sample","REF","ALT","read_count","REF_count","ALT_count","AAF"
"20210203.0-o23928_1_1-NA100_undil_D01","A","G",6006,6005,1,0.000166500166500167
"20210203.0-o23928_1_2-NA99A1_undil_D02","A","G",4587,4584,3,0.00065402223675605
"20210203.0-o23928_1_3-NA99A1_1to5_E01","A","G",2159,2159,0,0
"20210203.0-o23928_1_4-NA100_1to10_B02","A","G",6994,6994,0,0
"20210203.0-o23928_1_5-A100_1to2_F01","A","G",4661,4661,0,0
"20210203.0-o23928_1_7-NA995A05_undil_G01","A","G",5670,5670,0,0
