"sample","REF","ALT","read_count","REF_count","ALT_count","AAF"
"20210203.0-o23928_1_1-NA100_undil_D01","C",TRUE,4510,4508,2,0.000443458980044346
"20210203.0-o23928_1_2-NA99A1_undil_D02","C",TRUE,3431,3431,0,0
"20210203.0-o23928_1_3-NA99A1_1to5_E01","C",TRUE,1665,1665,0,0
"20210203.0-o23928_1_4-NA100_1to10_B02","C",TRUE,5688,5687,1,0.000175808720112518
"20210203.0-o23928_1_5-A100_1to2_F01","C",TRUE,3995,3993,2,0.000500625782227785
"20210203.0-o23928_1_7-NA995A05_undil_G01","C",TRUE,4980,4980,0,0
