"sample","REF","ALT","read_count","REF_count","ALT_count","AAF"
"20210203.0-o23928_1_1-NA100_undil_D01","C","A",4892,4892,0,0
"20210203.0-o23928_1_2-NA99A1_undil_D02","C","A",3761,3760,1,0.000265886732252061
"20210203.0-o23928_1_3-NA99A1_1to5_E01","C","A",1815,1815,0,0
"20210203.0-o23928_1_4-NA100_1to10_B02","C","A",5815,5815,0,0
"20210203.0-o23928_1_5-A100_1to2_F01","C","A",3973,3972,1,0.000251698968034231
"20210203.0-o23928_1_7-NA995A05_undil_G01","C","A",5289,5289,0,0
