"sample","REF","ALT","read_count","REF_count","ALT_count","AAF"
"20210203.0-o23928_1_1-NA100_undil_D01","C",TRUE,5137,5135,2,0.00038933229511388
"20210203.0-o23928_1_2-NA99A1_undil_D02","C",TRUE,3956,3954,2,0.000505561172901921
"20210203.0-o23928_1_3-NA99A1_1to5_E01","C",TRUE,1751,1751,0,0
"20210203.0-o23928_1_4-NA100_1to10_B02","C",TRUE,6892,6890,2,0.000290191526407429
"20210203.0-o23928_1_5-A100_1to2_F01","C",TRUE,4341,4339,2,0.00046072333563695
"20210203.0-o23928_1_7-NA995A05_undil_G01","C",TRUE,5129,5126,3,0.000584909339052447
