"sample","REF","ALT","read_count","REF_count","ALT_count","AAF"
"20210203.0-o23928_1_1-NA100_undil_D01","G","A",5210,5209,1,0.000191938579654511
"20210203.0-o23928_1_2-NA99A1_undil_D02","G","A",3997,3997,0,0
"20210203.0-o23928_1_3-NA99A1_1to5_E01","G","A",1762,1762,0,0
"20210203.0-o23928_1_4-NA100_1to10_B02","G","A",6882,6882,0,0
"20210203.0-o23928_1_5-A100_1to2_F01","G","A",4362,4362,0,0
"20210203.0-o23928_1_7-NA995A05_undil_G01","G","A",5082,5080,2,0.000393545848091303
