"sample","REF","ALT","read_count","REF_count","ALT_count","AAF"
"20210203.0-o23928_1_1-NA100_undil_D01","A","G",5116,5115,1,0.00019546520719312
"20210203.0-o23928_1_2-NA99A1_undil_D02","A","G",4026,4023,3,0.000745156482861401
"20210203.0-o23928_1_3-NA99A1_1to5_E01","A","G",2041,2041,0,0
"20210203.0-o23928_1_4-NA100_1to10_B02","A","G",6830,6829,1,0.000146412884333821
"20210203.0-o23928_1_5-A100_1to2_F01","A","G",4451,4451,0,0
"20210203.0-o23928_1_7-NA995A05_undil_G01","A","G",5527,5526,1,0.000180929980097702
