"sample","REF","ALT","read_count","REF_count","ALT_count","AAF"
"20210203.0-o23928_1_1-NA100_undil_D01","G","A",5400,5398,2,0.00037037037037037
"20210203.0-o23928_1_2-NA99A1_undil_D02","G","A",4193,4193,0,0
"20210203.0-o23928_1_3-NA99A1_1to5_E01","G","A",1906,1905,1,0.000524658971668416
"20210203.0-o23928_1_4-NA100_1to10_B02","G","A",6804,6804,0,0
"20210203.0-o23928_1_5-A100_1to2_F01","G","A",4544,4542,2,0.000440140845070423
"20210203.0-o23928_1_7-NA995A05_undil_G01","G","A",5529,5528,1,0.000180864532465184
